question_id,subset,fold,baseline_correct,selected_alpha,selected_score,selected_utility,post_correct,score_alpha_0p0,score_alpha_1p5,score_alpha_2p0,score_alpha_4p0
30126858,simple,2,1,1.0,0.004459815068286983,0,1,-0.000653154551429079,0.004459815068286983,-0.03057744725991826,-0.17887217713888734
30110081,simple,0,1,1.0,0.0035908876659294826,0,1,0.0035908876659294826,-0.0021033562307271533,0.0013326169158846823,-0.032924005031532526
30115178,simple,3,0,0.0,0.2895979034694237,1,1,0.2895979034694237,-0.021802403558377433,-0.009417148428936671,0.06157618516638161
30147082,simple,4,1,1.0,0.0005899815917188578,0,1,0.0005899815917188578,-0.02614913943721575,-0.031031864515286788,-0.03946700595662541
30096474,simple,0,1,1.0,0.006041342296909509,0,1,0.0029260476213012164,0.006041342296909509,0.005343820163550485,-0.05131475866463148
30107040,simple,2,1,1.0,0.0021900374276625396,0,1,0.0021900374276625396,-0.03069233853407734,-0.036585523300141864,-0.053245419508294506
30165648,simple,0,1,1.0,0.0034528381711821862,0,1,0.0013752651211466592,0.0003232502770179266,0.0034528381711821862,-0.03457920396651849
30127877,simple,0,1,1.0,-0.003456594186116029,0,1,-0.003456594186116029,-0.02360024058002047,-0.03136330625688026,-0.06596167398555056
30111369,simple,4,1,1.0,0.02411413267979383,0,1,0.002207699096791884,0.0007392174142670099,0.008884014231814247,0.02411413267979383
30155572,simple,2,1,1.0,0.005370057086154387,0,1,0.005370057086154387,-0.0064242506345861365,0.0007843614341260415,-0.003663529843421942
30122512,simple,3,1,4.0,0.11277511016155861,0,1,-0.00843172298649144,0.01184240704141032,0.03829421831874192,0.11277511016155861
30137175,simple,1,1,1.0,-0.004891322970065556,0,1,-0.004891322970065556,-0.1621512966476095,-0.21940833478712926,-0.21269282853504579
30142713,simple,4,1,1.0,0.006434008038882465,0,1,0.006434008038882465,-0.001740157956007314,0.0022644803178426265,-0.020621430856581184
30146672,simple,3,1,1.0,0.0038490570035541564,0,1,-0.011609375017746552,0.002065898235346317,0.0038490570035541564,-0.0413967509228827
30152678,simple,2,1,1.0,0.018872108088377318,0,1,0.001154465755657856,-0.007076898670910412,0.003741194459059901,0.018872108088377318
30145122,simple,3,1,1.0,0.0015435980392819806,0,1,0.0015435980392819806,-0.02263895394716036,-0.02645490997041814,-0.02674500548239215
30134003,simple,1,1,1.0,0.004097290461726695,0,1,0.004097290461726695,-0.0002318768961128738,0.0005237039876217139,-0.037891302130537374
30106573,simple,2,1,1.0,0.008421911738315867,0,1,0.008421911738315867,0.0007684331054740624,-0.0011119177691376221,-0.05102675068429253
30159291,simple,1,1,1.0,0.0017739813628589937,0,1,0.0017739813628589937,-0.0024196576084363867,0.0017046443074671298,-0.011789647232234683
30139298,simple,0,1,1.0,0.002301132111502662,0,1,0.002301132111502662,0.0006204899906718173,0.0021619544172684774,-0.051405993930383746
30144738,simple,4,1,1.0,0.004994511600343591,0,1,0.00026470021026052046,-0.0014706302003259716,0.004994511600343591,-0.006265027318232044
30110955,simple,4,1,1.0,0.004411764511631347,0,1,-0.004772116229250688,0.004411764511631347,-0.01798932275716271,-0.15281666934031285
30157935,simple,4,0,0.0,0.28412549411566435,1,1,0.28412549411566435,-0.004354730693866327,-0.0038087963587230163,-0.018108965722592255
30140612,simple,2,1,1.0,0.006220936718534728,0,1,0.004066367890164409,-0.007544750689065748,0.0013752466888150051,0.006220936718534728
30107283,simple,4,1,1.0,0.0035521018335449746,0,1,0.0035521018335449746,-0.003057538947405656,-0.0009711970352955616,-0.049911692807132535
30108986,simple,4,1,1.0,0.00028138270350494543,0,1,0.00028138270350494543,-9.454421291920853e-05,-0.00047045908520890536,-0.06472491279730602
30108806,simple,0,1,1.0,0.0021321847265427067,0,1,0.0021321847265427067,-0.003794043711191082,0.0019219301774466985,-0.01501812688023619
30166516,simple,2,0,1.0,-0.0004859622151081773,0,0,-0.0004859622151081773,-0.011488116865810864,-0.03413349379102813,-0.12652012550247496
30137107,simple,4,1,1.0,0.013061875318607807,0,1,0.004450733229379444,0.00040909199484533143,0.007186276880536264,0.013061875318607807
30110754,simple,1,1,1.0,0.010288181723530604,0,1,0.0002053763384743286,0.010288181723530604,0.004218529619917335,-0.07558097590088664
30107825,simple,3,1,1.0,0.057683546932048024,0,1,0.057683546932048024,-0.03195609540777009,-0.04125998778102221,-0.15598962824699208
30154316,simple,4,1,1.0,0.009135177272561953,0,1,0.009135177272561953,-0.0019120383256413659,-0.0004070473403597827,-0.041772665808554814
30127340,simple,1,1,1.0,0.024436880992959917,0,1,-0.0018921640458652786,-0.004036622644245525,0.00496695965642931,0.024436880992959917
30129228,simple,4,1,1.0,0.005940540436239115,0,1,-0.0008074163508989055,0.005940540436239115,-0.013201290000941796,-0.140100114335617
30126430,simple,0,0,4.0,0.3232201691603145,0,0,0.01461993278981514,0.058842397690942905,0.28100605811929097,0.3232201691603145
30112290,simple,1,1,1.0,0.013587558621720869,0,1,-0.0009485850502163051,-0.003283336020850052,0.004198589207107747,0.013587558621720869
30137874,simple,1,1,1.0,0.007940440451140042,0,1,0.002814680699307112,0.007940440451140042,0.002993828847408009,-0.0747072599231646
30132277,simple,4,1,1.0,0.013176914065407566,0,1,0.004325748656342349,0.00038725272255529103,0.007204792396996177,0.013176914065407566
30097771,simple,1,0,1.0,0.030660021842724584,0,0,-0.025638471331405628,0.030660021842724584,0.02285809191787964,-0.08975073775975426
30147477,simple,2,0,0.0,0.24475217993372317,0,0,0.24475217993372317,-0.0004419030926338073,0.004938717329197987,0.012021956483680665
30150686,simple,1,1,1.0,-0.01706712360270672,0,1,-0.01706712360270672,-0.08589698123073779,-0.14970593628187867,-0.30049481551629986
30130098,simple,2,1,1.0,0.005243445527027508,0,1,0.005243445527027508,-0.004721714503030976,0.0003524842188617171,-0.01377095990121862
30124653,simple,4,1,1.0,0.04057724470555049,0,1,-0.005635820259843667,-0.013480801098929712,-0.01240848163844227,0.04057724470555049
30143761,simple,4,1,1.0,-0.014195643786812463,0,1,-0.014195643786812463,-0.1521279331752775,-0.2365805307921137,-0.3973361891998953
30157728,simple,1,1,1.0,0.006748364687070182,0,1,-0.0032377540409794375,0.0032007546916704814,0.006748364687070182,-0.001221755346304032
30098237,simple,2,1,1.0,0.0041883731661410475,0,1,0.0041883731661410475,-0.0003610366038015421,0.002575224995153922,-0.023002097233909974
30121647,simple,2,0,1.0,0.04300805098495162,0,0,0.04300805098495162,-0.10445165019137027,-0.19103333803002912,-0.3848314967175767
30136744,simple,3,1,1.0,-0.012523874332270812,0,1,-0.012523874332270812,-0.020534920010483737,-0.06909802571152814,-0.25247713671681454
30097344,simple,3,1,1.0,0.003924393620071336,0,1,0.003924393620071336,-0.0018835527862193658,0.0026616845796483164,-0.013089793220347298
30157360,simple,0,1,1.0,0.003565290320006003,0,1,0.003565290320006003,-0.0022514105887842806,0.0017478013315754617,-0.02765098130371859
30154587,simple,1,1,1.0,0.0027636313643450913,0,1,-0.015583067710662576,0.0027636313643450913,-0.02104494612055408,-0.1517333228545807
30144226,simple,0,0,1.0,0.0846444687114183,0,0,0.0846444687114183,0.07169555527677858,2.0287657406616033e-05,0.027481037198763644
30133801,simple,1,1,1.0,0.009931132019600313,0,1,-0.0038476291847918814,0.008738855927032142,0.009931132019600313,-0.025154883330239547
30164391,simple,1,1,1.0,0.010772093514835199,0,1,0.00020753202327841724,-0.004524458064016152,0.0031341676993010305,0.010772093514835199
30126319,simple,3,1,1.0,0.047470985283672995,0,1,-0.02223885989149351,0.024631774292754427,0.03469326059113782,0.047470985283672995
30139917,simple,4,1,1.0,0.00460401249177006,0,1,0.00460401249177006,0.0022689313722299084,-0.0023626529073800147,-0.08245860692655627
30153920,simple,3,0,1.0,0.04133872112236656,0,0,0.04133872112236656,-0.12843188082226648,-0.18711691164746241,-0.23946201269780887
30130439,simple,4,1,1.0,0.007014248005442061,0,1,0.007014248005442061,-0.0006744823069852884,0.00290459965408962,-0.020096524604740575
30158354,simple,3,1,1.0,-0.00761409262837788,0,1,-0.00761409262837788,-0.011647893004597799,-0.03935276235371098,-0.18402108854493082
30111312,simple,0,1,1.0,0.004973545303576521,0,1,-5.234549652907358e-05,0.002949351475369087,0.004973545303576521,-0.03171719122554938
30113070,simple,4,1,1.0,0.053535640913636606,0,1,0.053535640913636606,-0.03159563241488451,-0.03725807020265147,-0.1360669975334305
30146831,simple,1,1,1.0,0.00334517505366861,0,1,-0.0017937385845077577,0.0010861815824259637,0.00334517505366861,-0.007084417635309925
30133870,simple,3,1,1.0,0.003346774887487426,0,1,-0.006271283305621888,0.003346774887487426,-0.02285711260450879,-0.12181688956903253
30114502,simple,2,1,1.0,0.008782686046115078,0,1,0.008782686046115078,-0.0009827296343718865,-0.00016442775255428102,-0.03880695937108482
30112163,simple,0,1,1.0,0.004269837825811279,0,1,-0.0010593813023152786,0.00022645706083849332,0.004269837825811279,-0.03173471811058594
30101254,simple,3,1,1.0,0.0033257433816431745,0,1,0.0033257433816431745,-0.024945562943642433,-0.02852351225401218,-0.02521466759909216
30160318,simple,1,1,1.0,0.0028766041624500582,0,1,0.002256681072696748,0.0022077864590694697,0.0028766041624500582,-0.03503784258167125
30136658,simple,2,1,1.0,0.017944191108198046,0,1,-0.0013088698169021439,-0.0048427076516364236,0.005149415172633207,0.017944191108198046
30110132,simple,1,1,1.0,0.0021194224599229324,0,1,0.00206249573566214,-0.0006228783288273858,0.0021194224599229324,-0.021065735585705722
30135307,simple,3,1,1.0,0.06877389999548743,0,1,0.06877389999548743,-0.006121307717917584,-0.00783589191265097,-0.07182061847096537
30153586,simple,0,1,1.0,-0.002550729959521998,0,1,-0.002550729959521998,-0.023181329222645812,-0.02903463772799541,-0.04075763213458925
30150733,simple,3,1,1.0,0.009152095245463591,0,1,-0.009593659581269523,0.009152095245463591,0.0008326580366649246,-0.09264989857497126
30116511,simple,0,1,1.0,0.006693016045975761,0,1,0.0013322429050579114,-0.005113775167341947,0.002766603649544723,0.006693016045975761
30132120,simple,3,1,1.0,0.006417230193433272,0,1,0.006417230193433272,-0.0033831039889127817,5.9675711814862614e-05,-0.02603807738137305
30158759,simple,4,0,1.0,-0.003858917606330961,0,0,-0.003858917606330961,-0.17735675258858152,-0.2711107685645475,-0.4498213200944449
30150916,simple,0,1,1.0,-0.005415302431803073,0,1,-0.005415302431803073,-0.05149510634112922,-0.11131880487566156,-0.2963356635186013
30144457,simple,2,1,1.0,0.007753513433723037,0,1,-0.0023003844746756347,0.0035110676288342274,0.007753513433723037,-0.00822731817055096
30103235,simple,4,1,1.0,0.007474416397082118,0,1,-0.006240459867033067,-0.0011310578063578464,0.007474416397082118,0.0031282514806692113
30097673,simple,1,1,1.0,0.025989512244349533,0,1,0.025989512244349533,-0.006404227808245389,-0.028348238820023665,-0.1702264862324191
30165390,simple,4,1,1.0,-0.008861520401394152,0,1,-0.009436242673024918,-0.008861520401394152,-0.028107388163155,-0.10836620370034941
30131483,simple,0,1,1.0,0.0047512574376894975,0,1,-0.002080883561640306,-0.0020372750134348624,0.0047512574376894975,-0.00899562246763045
30117331,simple,0,1,1.0,0.00717665683182632,0,1,-0.0025858669331309675,0.002866606247643143,0.00717665683182632,-0.027400900163277175
30100762,simple,2,0,1.0,0.0898355740042467,0,0,-0.035628186496028696,0.07931011908507228,0.0898355740042467,0.017984986949081183
30109796,simple,1,0,1.0,0.0005386945109910474,0,0,0.0005386945109910474,-0.010947061419519826,-0.028665882724158476,-0.13983288309897215
30136291,simple,1,1,0.0,0.26956853473603415,0,1,0.26956853473603415,-0.008576579680836086,-0.004362505802986808,0.014651064303744604
30144189,simple,2,1,1.0,0.0040052221506826115,0,1,0.0040052221506826115,-0.004797260135529297,0.001122539577839709,-0.00818525528117546
30101142,simple,0,1,1.0,0.00036568358419431304,0,1,0.00036568358419431304,-0.023365291403875783,-0.03387762691447036,-0.08891481783191371
30136593,simple,4,1,4.0,0.13543259900406346,0,1,0.006541902623638161,0.010967056092573702,0.03417613417715652,0.13543259900406346
30151604,simple,4,0,0.0,0.1837093192569971,0,0,0.1837093192569971,-0.008565305665900018,0.002423771345645965,0.012038101205452331
30111965,simple,1,1,1.0,0.006880994457454489,0,1,-0.0005137148601074004,0.0030133035694187953,0.006880994457454489,-0.014935829707482723
30142939,simple,3,1,1.0,-0.0018194160426543773,0,1,-0.0018194160426543773,-0.0217783224409522,-0.030695832995664606,-0.07707622549664336
30102766,simple,1,1,1.0,0.0029009123529499976,0,1,0.0029009123529499976,-0.025701503685278567,-0.03936101258087517,-0.10757446290711331
30119634,simple,0,1,1.0,0.003451755321680558,0,1,7.228005941302754e-05,-0.004211907170968664,0.003451755321680558,0.0026334076609238616
30126833,simple,3,1,1.0,0.0036278712069909083,0,1,0.0036278712069909083,-0.0022285531767111,0.0018873867981293174,-0.018382363871442403
30158955,simple,3,1,1.0,-0.03757706257879177,0,1,-0.03757706257879177,-0.23396590774089784,-0.30388884327999377,-0.43262957520686196
30124704,simple,2,1,1.0,0.02212726719051558,0,1,-0.005113820404655071,-0.0032951842422642187,0.0065937766353410705,0.02212726719051558
30161025,simple,0,1,1.0,0.0004657807698964858,0,1,0.0004657807698964858,-0.02411133371001685,-0.03385860726719841,-0.08083757689039277
30150893,simple,4,1,1.0,0.0028717743382281648,0,1,0.0028717743382281648,0.0005846551258547293,0.0004753042897232898,-0.05766820250005733
30154080,simple,2,1,1.0,0.002773920517996069,0,1,0.002773920517996069,-0.01870982065092674,-0.03350298162276488,-0.09613741751424952
30116666,simple,3,1,1.0,0.00592545900420649,0,1,0.00592545900420649,-0.001136156782154651,0.0011397055695271108,-0.035082040875218455
30120796,simple,2,1,1.0,-0.007869149230250536,0,1,-0.007869149230250536,-0.06757168372323714,-0.13791584400228057,-0.2998708783370203
30165510,simple,3,1,1.0,0.027143408835360927,0,1,-0.00238494008459705,0.001168897359027003,0.009636675196911089,0.027143408835360927
30130739,simple,4,1,1.0,0.014316206680104429,0,1,0.0008271954589171258,0.0007834795412911544,0.008374039226495284,0.014316206680104429
30112469,simple,1,1,1.0,0.00320605798321745,0,1,1.1137270236764862e-05,-0.002945451140547211,0.00293541875339582,0.00320605798321745
30129053,simple,2,1,1.0,0.009066024120646547,0,1,0.009066024120646547,0.00017732070563270322,-0.0005457607073039751,-0.04646704324546314
30117390,simple,0,0,1.0,-0.005998525381296579,0,0,-0.005998525381296579,-0.006697675975621601,-0.03348530163084193,-0.14622710628790606
30134365,simple,1,1,1.0,0.016917685402723842,0,1,-0.0032983093878973593,-0.0011365071445893112,0.005085179936889821,0.016917685402723842
30149538,simple,0,1,1.0,-0.001105916008884069,0,1,-0.001105916008884069,-0.010025776980977022,-0.04865827376432051,-0.20935438749474342
30125420,simple,2,1,1.0,0.005150098026166033,0,1,0.005150098026166033,-0.0020478317516015275,0.00043298591094982283,-0.026135022520753143
30114576,simple,1,1,1.0,-0.014082338144284057,0,1,-0.014082338144284057,-0.1937426551603501,-0.2931418566571951,-0.445651459829477
30099194,simple,0,0,1.0,0.0996755645800951,0,0,0.04263884554898374,0.08523411978123933,0.0996755645800951,-0.014846273495805418
30115354,simple,3,1,1.0,0.008636287135755212,0,1,0.008636287135755212,-0.0038324097886823453,0.0028679015858176816,0.00713183753028572
30143136,simple,3,0,1.0,0.006562779994489409,0,0,0.006562779994489409,-0.14772208617243052,-0.25476653287231477,-0.4204927482786025
30120720,simple,4,1,1.0,-0.0014759495882123302,0,1,-0.0036873157148309514,-0.0014759495882123302,-0.011696302895729496,-0.05394461552884662
30131129,simple,4,0,0.0,0.13508060758336413,0,0,0.13508060758336413,0.05125815400301107,0.04592576432736248,-0.061802516430797455
30111205,simple,0,1,1.0,0.0035205291978102488,0,1,-0.0005416692188022001,-0.0016307586894131754,0.0035205291978102488,-0.02394834579656957
30160910,simple,1,1,1.0,0.005237609729202682,0,1,0.005237609729202682,0.004987527362587552,0.0035149665002672907,-0.06304619263066769
30124607,simple,1,1,1.0,-0.0020110637481061885,0,1,-0.0020110637481061885,-0.01290421278396785,-0.03249855297656,-0.13630098002059626
30142514,simple,4,1,1.0,0.004765311996481506,0,1,0.004765311996481506,-0.0010724835943596543,0.0022817497334087222,-0.02767546531789882
30165986,simple,4,0,1.0,0.08074580272144202,0,0,0.08074580272144202,-0.024621397700220447,-0.022103228333673404,-0.07191989309613304
30114780,simple,4,1,1.0,0.004317883752465335,0,1,0.004317883752465335,-0.0029677395794389175,0.0004407512380808949,-0.03580252421960475
30101495,simple,4,0,1.0,0.08993842098745997,0,0,-0.024573919849547453,0.07068551558328484,0.08993842098745997,0.021068350541143824
30096870,simple,4,1,1.0,-0.00017089384656326229,0,1,-0.00017089384656326229,-0.024636845181138525,-0.02874116599749976,-0.028361423653399283
30126831,simple,3,1,1.0,-0.021596095250972322,0,1,-0.021596095250972322,-0.11998666327495587,-0.19819036715214897,-0.2838488195212062
30166312,simple,3,1,1.0,0.005872435578654156,0,1,-0.003668708122933649,0.005872435578654156,0.002232130107703543,-0.07326188986060977
30142289,simple,1,0,1.0,0.02749476437553052,0,0,0.02749476437553052,-0.0230618300233951,-0.04660961430675384,0.0036295249815373465
30108014,simple,4,1,1.0,0.00817556904199027,0,1,0.0008685181069211546,0.0015550520179818117,0.00817556904199027,0.007711443334554383
30151531,simple,1,1,1.0,0.001921761628155827,0,1,0.001921761628155827,-0.003553561169662562,0.001816895595988615,-0.006466081787242103
30128546,simple,1,1,1.0,0.04032792491313654,0,1,0.04032792491313654,-0.05169435045905754,-0.08166226188901066,-0.2053679822747884
30130909,simple,2,1,1.0,0.02079138936199897,0,1,-0.0047876884267534885,0.02079138936199897,0.004074143661024359,-0.10567139782162398
30131194,simple,2,0,1.0,-0.1216720726406407,0,0,-0.1216720726406407,-0.18100083346651186,-0.35695617272166674,-0.39020078259136626
30102838,simple,0,0,1.0,-0.001781595099685316,0,0,-0.001781595099685316,-0.021195927276263536,-0.029817944539463542,-0.06627428529435264
30146964,simple,0,1,4.0,0.13729853985465632,0,1,-0.02090209101586628,3.492956737476821e-05,0.029491697326496612,0.13729853985465632
30147058,simple,3,1,1.0,0.008353287737622424,0,1,-0.0032316730893404907,0.008353287737622424,-0.005650601640259826,-0.10956123540078737
30113327,simple,0,1,1.0,0.001546349292717273,0,1,0.001546349292717273,-0.011852569033803322,-0.03241446776980782,-0.14646133324502467
30138606,simple,1,0,1.0,0.08944934205269156,0,0,0.08944934205269156,0.016962535932206656,0.03140026065874335,-0.00730680101467393
30151595,simple,2,1,1.0,0.007392217735468221,0,1,0.0004649644179387652,-0.004214397543232298,0.004032170439804073,0.007392217735468221
30163956,simple,2,1,1.0,0.004445149170482977,0,1,0.004445149170482977,-0.023395201105965806,-0.03684436278965948,-0.09227290678701228
30156205,simple,1,1,1.0,0.003299615124993431,0,1,0.0005367340155606679,-0.001016406716875664,0.003299615124993431,-0.007892851858382621
30151705,simple,2,1,1.0,0.009364828823856076,0,1,0.009364828823856076,-0.022111091309908643,-0.04052743145626764,-0.12220728161404609
30125770,simple,1,1,1.0,0.0029653598004829515,0,1,0.0029653598004829515,-0.004634559769614566,0.001469576076935264,-0.007143765662422336
30100332,simple,4,1,1.0,0.05851522892041967,0,1,0.05851522892041967,0.031277721757580826,0.027587049019208946,-0.06971649133284616
30128718,simple,3,0,0.0,0.24788695562755791,1,1,0.24788695562755791,0.07090903735411364,-0.032250672507403634,-0.19621552838164458
30123184,simple,4,1,1.0,0.006274518996741883,0,1,0.006274518996741883,-0.002366836047080316,0.0011247025119684104,-0.02852071251857028
30131939,simple,4,1,1.0,0.008242695283564375,0,1,0.008242695283564375,-0.0008817204542783119,0.002929654449043067,-0.015420374338431207
30110882,simple,4,0,2.0,0.20008804522449733,0,0,-0.032924417281854114,0.1032363074571351,0.20008804522449733,-0.11720148190567257
30133759,simple,2,1,1.0,0.005949617244144726,0,1,0.005949617244144726,-0.025876803518297572,-0.038329402924055136,-0.08958819288578967
30114134,simple,1,1,1.0,0.0020111810638295674,0,1,0.0020111810638295674,-0.002188583173217278,0.0015653005873746371,-0.014534760342970049
30139557,simple,3,0,1.0,0.09666261987123452,0,0,0.09666261987123452,-0.015096598798026937,0.039751860869411286,0.035078573094299126
30149760,simple,0,1,1.0,-0.008773293176004514,0,1,-0.008773293176004514,-0.1828884671023484,-0.27418955036003545,-0.4413359460013271
30104384,simple,1,1,1.0,0.007706239351843771,0,1,0.007706239351843771,-0.01911107490740317,-0.0407175015863914,-0.16959161989040625
30149959,simple,1,1,1.0,0.0019192800125627206,0,1,0.001755810994481334,-0.003207158008410812,0.0019192800125627206,-0.007076334451679461
30121800,simple,0,1,1.0,0.0024510569043538627,0,1,0.0010505558283975848,-0.0030340934420670027,0.0024510569043538627,-0.019176272101928286
30135273,simple,0,1,1.0,-0.0007782111951159278,0,1,-0.0007782111951159278,-0.024704814003084143,-0.03294452282372265,-0.06695636528489125
30143491,simple,3,1,1.0,0.009919715068466775,0,1,-0.0070970939163202545,0.009919715068466775,-0.006074240228045067,-0.13110542500955502
30131628,simple,4,1,1.0,-0.006556507863830392,0,1,-0.006556507863830392,-0.1317013722455736,-0.21540704744261188,-0.3974240152410593
30148182,simple,3,1,1.0,0.007967041745467189,0,1,0.007967041745467189,-0.003917058469858159,0.00043959580016003294,-0.01692309565706085
30106339,simple,3,0,1.0,0.08975019596637915,0,0,0.08975019596637915,-0.06177523959592898,-0.05242456001300103,-0.058484046834485395
30159201,simple,4,1,1.0,0.00963973063943321,0,1,0.00963973063943321,-0.031252459966224305,-0.0447839780445167,-0.1314405952512463
30136623,simple,3,1,1.0,0.03454372909806622,0,1,-0.0012038436017067847,-9.360014700567944e-05,0.00920649482310968,0.03454372909806622
30114059,simple,0,1,1.0,0.001946987440905646,0,1,0.001946987440905646,-0.017346856403887584,-0.033191770259644794,-0.12280345048852426
30148853,simple,0,1,0.0,0.1598913750335458,0,1,0.1598913750335458,0.02727764342522103,0.020168001049088675,-0.028330188650824054
30094201,simple,1,0,1.0,0.028828280701197993,0,0,0.028828280701197993,-0.028106522741116767,-0.06156898992203358,-0.19947807563357142
30098554,simple,4,1,1.0,0.0006955394699693987,0,1,0.0006955394699693987,-0.025981119114508053,-0.030792625895176052,-0.0378249763019741
30147979,simple,3,1,1.0,0.0017536982172052552,0,1,0.0017536982172052552,-0.0014296513037627082,0.0014808864060556204,-0.02956436777240108
30148110,simple,2,0,1.0,0.04870035715127474,0,0,-0.006424936563685046,-0.007048415821244495,0.008000037765866556,0.04870035715127474
30152773,simple,3,1,1.0,-0.0011004061767103043,0,1,-0.0011004061767103043,-0.015620403790640466,-0.024149321521705566,-0.06683530214753108
30137666,simple,2,0,0.0,0.19292483617498304,0,0,0.19292483617498304,0.03319174706060686,0.027654257342177375,-0.04165895943382073
30158058,simple,2,1,1.0,0.010404754623064161,0,1,0.010404754623064161,-0.004313884535312739,-0.0024477416774835066,-0.03558255849907892
30156974,simple,2,1,1.0,0.00316311884198954,0,1,0.00316311884198954,-0.026954997308283216,-0.036341777580958926,-0.07128103879733375
30146005,simple,3,1,1.0,0.0037316172830380683,0,1,0.00010997944458871617,0.0007035625430133249,0.0037316172830380683,-0.023315661178574476
30100268,simple,3,1,1.0,-0.00482460379979005,0,1,-0.00482460379979005,-0.018879940661683775,-0.0350768316095863,-0.13979049146105696
30138879,simple,3,1,1.0,0.021672259542953917,0,1,0.011228111599852424,-0.00467055160545495,0.0034820883920333133,0.021672259542953917
30121173,simple,4,0,4.0,0.14364489607219127,0,0,0.05288586730256241,0.029851682335836953,0.10553044155103948,0.14364489607219127
30113384,simple,2,1,1.0,0.02749201435217083,0,1,-0.0002769724986874597,-0.007816724164657615,0.004410571028519324,0.02749201435217083
30141545,simple,4,1,1.0,-0.000818622797896483,0,1,-0.000818622797896483,-0.02348591697765702,-0.02817222222912757,-0.035137670637139254
30110928,simple,0,1,1.0,0.011943347169012991,0,1,-0.0015748390874670455,-0.004251501507387331,0.004551780087293088,0.011943347169012991
30121697,simple,3,1,1.0,0.009210980636278445,0,1,0.009210980636278445,-0.003817674897371377,0.0024666051705050027,0.0032406361324809896
30117846,simple,0,1,1.0,0.0545011985259249,0,1,-0.00292176750777038,-0.004074544178823775,0.008597568035403388,0.0545011985259249
30119120,simple,2,0,0.0,0.1008873208732619,0,0,0.1008873208732619,0.022203387775614872,0.032143176152882647,0.05722759775476233
30113330,simple,0,1,1.0,0.004009449882303499,0,1,-0.0010453280776481083,-0.0023391954966423822,0.004009449882303499,-0.012176337377554712
30147685,simple,4,0,1.0,0.006366772204037627,0,0,-0.13874241592750947,0.006366772204037627,-0.00962838399074823,-0.14993776980466061
30108459,simple,0,1,1.0,-0.01032842066450734,0,1,-0.01032842066450734,-0.05463678183764363,-0.11678830526449888,-0.2901375498705039
30160082,simple,2,1,1.0,0.002306668371741972,0,1,0.0022174824935670343,-0.004157255479653305,0.002306668371741972,-0.0033854272195726343
30118997,simple,4,1,1.0,0.004726689558328324,0,1,0.0007381784590503142,-0.002295849271624073,0.004726689558328324,-0.0022399430876721554
30147579,simple,0,1,1.0,0.0035441600262624134,0,1,0.00293862897198131,0.0008790889131319868,0.0035441600262624134,-0.03511142356443837
30115405,simple,1,1,1.0,-0.016001196662474307,0,1,-0.016001196662474307,-0.24220009157948247,-0.35065842891742616,-0.5128789284805293
30160442,simple,3,1,1.0,0.00859612879124841,0,1,-0.00486507188627908,0.00859612879124841,-0.00512927159405855,-0.11693627804411115
30106397,simple,4,1,1.0,-0.006585575610765053,0,1,-0.006585575610765053,-0.00749791553155648,-0.01743970024573309,-0.07438434799838556
30154211,simple,4,1,1.0,0.004818185424725469,0,1,0.004689193679088394,-0.0005526556835463714,0.004818185424725469,-0.005134525454830091
30153750,simple,2,1,1.0,0.003733046013504746,0,1,0.003733046013504746,-0.006214770348491733,0.0013598637115598312,0.0001444417721862129
30107303,simple,3,1,0.0,0.13225614367326588,-1,0,0.13225614367326588,0.013394077650237425,0.015758014971795485,-0.01695642527174049
30122616,simple,0,1,1.0,-0.01454438181975978,0,1,-0.01454438181975978,-0.047637033188805314,-0.10241232340333453,-0.2570091003742978
30127656,simple,0,1,1.0,0.022191898959982054,0,1,-0.009691754653995636,-0.0008329902195230443,0.00993616957128527,0.022191898959982054
30159082,simple,4,1,1.0,-0.008168258165476573,0,1,-0.033613890384771146,-0.008168258165476573,-0.04681539322511653,-0.2282112282677708
30165490,simple,2,1,1.0,0.005565448966972423,0,1,0.005565448966972423,-0.02118550710215489,-0.03770190517860518,-0.10824119956716133
30157708,simple,3,0,1.0,-0.036762407360540705,0,0,-0.036762407360540705,-0.10785209590782117,-0.08620397017709103,-0.20035836436277638
30141388,simple,4,1,1.0,0.0042725831394937915,0,1,0.0038813475949518,-0.0006742631321146261,0.0042725831394937915,-0.01187874647124535
30165609,simple,0,0,0.0,0.14233130857305734,0,0,0.14233130857305734,0.025500076886660283,0.020096689759262487,0.0043848314685681344
30116020,simple,3,1,1.0,0.03306976973015671,0,1,0.009263681015978152,-0.0037856303214892587,0.005449435536071585,0.03306976973015671
30154251,simple,3,1,1.0,0.048927090502252926,0,1,0.02496534743220768,0.0013625523285765908,0.004006872249883775,0.048927090502252926
30106344,simple,4,1,1.0,0.07647285901026055,0,1,-0.06631510509026764,0.07647285901026055,0.06756724980256047,-0.013801232037823727
30136357,simple,0,1,1.0,0.003685324115411545,0,1,0.00022328089783699503,-0.002189024840808594,0.003685324115411545,-0.012615156841561344
30136289,simple,3,1,1.0,0.003324458182381404,0,1,0.00042918680387114133,-0.001641902141197837,0.003324458182381404,-0.01030192038952768
30135059,simple,1,1,1.0,0.08458306855297507,0,1,0.08458306855297507,-0.045144983958109064,-0.035407562246144234,0.019861435376199277
30157329,simple,2,1,1.0,-0.0001235471102724213,0,1,-0.0001235471102724213,-0.026045033497444834,-0.0357019040597253,-0.06856858011044353
30119633,simple,3,1,1.0,0.000654152128267714,0,1,0.000654152128267714,-0.02482541352352651,-0.03396424936244044,-0.0823700881761679
30138004,simple,3,1,1.0,0.00401421447403091,0,1,0.003295543815160659,-9.624781488464483e-05,0.00401421447403091,-0.01541416498993678
30116669,simple,1,0,1.0,0.034632636747687795,0,0,-0.006921456055261392,0.034632636747687795,0.02984737441285967,-0.04488380506231245
30119246,simple,0,0,1.0,0.02496547175450911,0,0,0.02496547175450911,-0.015218767288048156,-0.021444821093736004,-0.0685364015475862
30112859,simple,2,1,1.0,0.010997783133487288,0,1,0.00034933588893006767,-0.005438911731934188,0.0035286553135476413,0.010997783133487288
30111898,simple,1,1,1.0,-0.00035244236911178076,0,1,-0.00035244236911178076,-0.010050737780268746,-0.03668649645860793,-0.18148248712445272
30117999,simple,3,1,1.0,0.039945843557725756,0,1,-0.02516289748270225,0.035495252925658444,0.039945843557725756,0.006666992530444338
30093784,simple,0,1,0.0,0.10150638643876803,0,1,0.10150638643876803,0.060554223994741765,0.060926921794799825,-0.015141349336000517
30124874,simple,0,1,1.0,0.005339599740316295,0,1,0.000961387203617721,-0.00494377651204559,0.002889294235687942,0.005339599740316295
30156542,simple,2,1,1.0,-0.0025226326929675726,0,1,-0.0025226326929675726,-0.03252853453411192,-0.03321988920115425,-0.022326060478608793
30138598,simple,0,1,1.0,0.019717133995706418,0,1,-0.001012450464439773,-0.005174895844505832,0.004301739388927417,0.019717133995706418
30109214,simple,0,0,1.0,0.020208768017469382,0,0,0.020208768017469382,-0.02202824944129432,-0.05704973206470584,-0.16815988670406018
30156128,simple,4,1,1.0,0.08498102120531777,0,1,0.08498102120531777,-0.008381330656178555,0.018574950343393574,-0.03192885519824873
30143565,simple,1,1,1.0,0.05819936446115841,0,1,-0.0033599989417193096,0.05819936446115841,0.03388281578849582,-0.08529446891917508
30141372,simple,2,1,1.0,0.006494445249333472,0,1,0.006494445249333472,-0.0032836307183796327,-4.845060970481638e-05,-0.024167464194477614
30139165,simple,4,0,1.0,0.07538008740731184,0,0,0.07538008740731184,0.038974955267281355,0.03298990840903793,0.016686112295338895
30129471,simple,2,1,1.0,0.016320191781933932,0,1,0.0012435898662889362,-0.005086101270549318,0.00526581269289093,0.016320191781933932
30132839,simple,0,1,1.0,0.0029478269525660857,0,1,0.0029478269525660857,-0.0027193014350417183,0.0014702124513797515,-0.028735386125272815
30134128,simple,2,1,1.0,0.012022075098119978,0,1,0.0015352762683643086,-0.0064922443751187185,0.002989618991009583,0.012022075098119978
30164800,simple,4,0,1.0,-0.018070145216761514,0,0,-0.018070145216761514,-0.04900952132986871,-0.1044148492382441,-0.2621831522245612
30122104,simple,3,1,1.0,0.004120117252550813,0,1,0.004120117252550813,-0.02534921971731613,-0.029466377030125876,-0.030885245239923725
30102541,simple,2,1,1.0,0.002628430082317789,0,1,0.002628430082317789,-0.005137561245452418,0.0019122314511154127,-0.0010367349250367391
30093720,simple,1,1,1.0,-0.013329411779857546,0,1,-0.013329411779857546,-0.04471488643938962,-0.0928528446945711,-0.25994734204832004
30154023,simple,4,1,1.0,0.00605581461590397,0,1,0.0015666930677966824,0.00605581461590397,0.002527992975585227,-0.057114994505586825
30113788,simple,1,1,1.0,0.003372871525790966,0,1,0.0007910761643112399,0.0015265122488097409,0.003372871525790966,-0.022418794267615144
30156409,simple,4,1,1.0,0.01991307170496244,0,1,-7.913252409419425e-05,0.004731476989317033,0.011804844534665248,0.01991307170496244
30111598,simple,4,1,1.0,0.0062930691661925026,0,1,0.0026725708513779117,-0.0010031690222206749,0.005973089556838371,0.0062930691661925026
30135715,simple,3,1,1.0,-0.002744678423614852,0,1,-0.002744678423614852,-0.024293750773314256,-0.03608412368191799,-0.10969745092589214
30122095,simple,4,1,1.0,0.04747581152992471,0,1,0.04747581152992471,-0.02848470126230323,-0.048181235677866016,-0.217292560474796
30159612,simple,2,1,1.0,-0.09344090156175582,0,1,-0.09344090156175582,-0.15002577917056717,-0.16945765551539382,-0.24245866264931026
30144117,simple,1,0,0.0,0.3581613133800351,1,1,0.3581613133800351,-0.03956020657414622,-0.03154425451959421,-0.03454255664714738
30158714,simple,3,1,1.0,3.544836154670966e-05,0,1,3.544836154670966e-05,-0.024860785745708214,-0.03358999399637122,-0.07849766068924
30109248,simple,0,1,1.0,0.010800252097184673,0,1,-0.0037301921680672166,0.010800252097184673,-0.008239434121107433,-0.12636974708238452
30115602,simple,4,0,0.0,0.16432640631664053,1,1,0.16432640631664053,0.038352615977249274,0.030985361198555755,-0.06673092729002165
30126676,simple,4,1,1.0,0.02286647510725337,0,1,0.0017468105245640117,0.00042159823042531297,0.008646388317203591,0.02286647510725337
30149837,simple,1,1,1.0,-0.0177611575466102,0,1,-0.0177611575466102,-0.2286374146529736,-0.3341812592407174,-0.47708651413919634
30100938,simple,2,1,1.0,0.031018484761794068,0,1,0.031018484761794068,0.009716709595669611,0.007996074172870345,-0.04109088484656554
30132201,simple,3,1,1.0,0.005113079619957633,0,1,0.005113079619957633,-0.00020161524214093972,0.001120603363724989,-0.03795518178481444
30100601,simple,1,1,1.0,-0.0020382234739574068,0,1,-0.0020382234739574068,-0.027218847042107048,-0.03613756154880145,-0.06617190576654763
30107336,simple,1,1,1.0,0.0023964265250342245,0,1,0.0023964265250342245,-0.0020072439247678063,0.001886226840516935,-0.01617309131868805
30099377,simple,3,0,1.0,-0.006428694530001109,0,0,-0.011738293302669234,-0.006428694530001109,-0.03671565456897561,-0.15512334958893062
30123573,simple,4,0,4.0,0.10935768277736758,0,0,0.02552702776649115,0.05368030635608511,0.08585421061706092,0.10935768277736758
30120136,simple,0,1,1.0,0.0029929764126022593,0,1,0.0011152464884844823,0.00019067690394495435,0.0029929764126022593,-0.04002079992239306
30106525,simple,1,1,1.0,0.03397461924647158,0,1,-0.0019264075271288802,-0.005869449966007658,0.005076444308819577,0.03397461924647158
30111340,simple,2,1,1.0,0.004599472194793407,0,1,0.004599472194793407,-0.006894578369477874,0.0011647682746107092,0.0014063779073711646
30124431,simple,4,0,1.0,0.07719599377019985,0,0,0.019440771623604948,0.020773301193203496,0.051429754323537066,0.07719599377019985
30125426,simple,1,1,1.0,-0.023096116373673446,0,1,-0.023096116373673446,-0.16697586583190402,-0.2508989104739131,-0.34660637495917085
30147004,simple,0,1,1.0,0.012739205490096533,0,1,-0.003426206511381275,0.012739205490096533,0.003760618014448991,-0.08825636881033602
30120429,simple,1,1,1.0,0.035096235525656105,0,1,-0.007539412082447031,0.03390363677681556,0.035096235525656105,-0.03594424558559617
30121849,simple,1,1,1.0,-0.005269548933462962,0,1,-0.005269548933462962,-0.02669136612955315,-0.032125367029328625,-0.03821390462822359
30117430,simple,1,1,1.0,0.003593024455665901,0,1,0.003593024455665901,-0.0012387153269247213,0.001119379715170097,-0.028388275348369768
30145613,simple,4,1,1.0,0.005376219867448136,0,1,0.005376219867448136,-0.0009276936919908503,0.0027963689567786186,-0.022446550253755575
30152697,simple,1,1,1.0,-0.03571388571425392,0,1,-0.03571388571425392,-0.07659498287980608,-0.13419440526681975,-0.2291921851770423
30131558,simple,4,0,1.0,0.08597820794017791,0,0,0.08597820794017791,0.05542413783694116,0.04880614086429612,-0.021597996681219957
30128516,simple,1,0,0.0,0.14349655935771277,0,0,0.14349655935771277,0.006536287503415252,0.021992320262883242,-0.012136406221467319
30131526,simple,0,1,0.0,0.1398857517933059,-1,0,0.1398857517933059,0.02678955249570169,0.02147210092924253,0.002537120676973259
30149639,simple,1,0,1.0,-0.010393035350925756,0,0,-0.010393035350925756,-0.09772600759855332,-0.1720433999067578,-0.3571851922975219
30100728,simple,2,0,0.0,0.16060670534018606,1,1,0.16060670534018606,0.026500688695020414,0.02634668219878322,-0.018715022112656528
30146985,simple,4,1,1.0,0.01477831664980065,0,1,0.01477831664980065,-0.2739556608146488,-0.37102034104238335,-0.5023682003000095
30127615,simple,2,1,1.0,0.006522934649244246,0,1,-0.00074287451855733,0.006522934649244246,0.005911081349106454,-0.03246445689552059
30122533,simple,1,0,0.0,0.20422643760769693,0,0,0.20422643760769693,0.020149717074614385,0.023613874253862518,-0.045849730776088976
30101776,simple,0,1,1.0,-0.016425531031052914,0,1,-0.016425531031052914,-0.05596962237636119,-0.1151534381225599,-0.2557847941906184
30121955,simple,1,1,1.0,-0.13553414527547564,0,1,-0.13553414527547564,-0.18002086549867302,-0.22976192435712908,-0.34676210828667875
30122538,simple,4,1,4.0,0.18500571320235754,-1,0,0.15522721890474583,0.05654880849923976,0.07791461636007425,0.18500571320235754
30154592,simple,1,1,1.0,0.012723534934990191,0,1,-0.0017717484700553593,0.012723534934990191,-0.003118525374669983,-0.12897565463936567
30128395,simple,1,1,1.0,0.0075025002063019985,0,1,0.0002750824252083159,-0.003969098839261918,0.0030706711106085714,0.0075025002063019985
30156242,simple,3,1,1.0,0.034904069938110446,0,1,0.00942994039031849,-0.0038552285450472647,0.005562220570164672,0.034904069938110446
30158458,simple,4,0,1.0,0.01074827764921317,0,0,-0.0017039453939900612,-0.01209345415093152,-0.014308155383523247,0.01074827764921317
30150524,simple,0,1,1.0,0.00020478358326329188,0,1,0.00020478358326329188,-0.12912251466420505,-0.21630069334082447,-0.42058737317226236
30125582,simple,4,1,1.0,0.031382163728154874,0,1,-0.0013719051130377038,8.295650362138973e-05,0.009826474273212236,0.031382163728154874
30123623,simple,3,1,1.0,0.0028605134360944057,0,1,0.0028605134360944057,-0.0020330055487321457,0.0022885398650603767,-0.016378125451011194
30140862,simple,4,0,4.0,0.10398631931109999,1,1,-0.009970990683614601,-0.21084776007027875,-0.16468646987595598,0.10398631931109999
30129635,simple,2,1,1.0,0.01168051504239423,0,1,0.0028788135102765303,-0.0076104686217247815,0.0021389634935496497,0.01168051504239423
30139654,simple,0,1,1.0,0.0020377900951815374,0,1,0.0020377900951815374,-0.015041314217439428,-0.032756496488374885,-0.13163945466017057
30160205,simple,0,1,1.0,0.0027199346769792923,0,1,0.0027199346769792923,-0.004168337703863871,0.0016899639039771042,-0.012220423477476441
30127344,simple,3,1,1.0,0.056712093330543764,0,1,0.056712093330543764,-0.025606665491714392,-0.027888079597893724,-0.08680461399280487
30135800,simple,1,0,1.0,0.020325504301292936,0,0,0.020325504301292936,-0.039392667812111946,-0.05819196040620295,-0.14895321892950586
30152737,simple,4,0,1.0,0.026285353100825616,0,0,-0.03380696266904408,0.026285353100825616,0.008629748653574385,-0.12107294213467693
30122705,simple,3,1,1.0,0.0025010113807062695,0,1,-0.0061942073821169424,0.0014057608940533529,0.0025010113807062695,-0.046494543213810996
30157450,simple,3,1,1.0,0.004869564641053368,0,1,0.0008283191642544027,0.004869564641053368,0.002510027011900156,-0.06980109524403222
30159507,simple,2,0,1.0,0.07249968683733973,0,0,0.0465214407268838,-0.013364132351659747,0.046400874975673065,0.07249968683733973
30157207,simple,3,1,1.0,0.001141393207467492,0,1,0.001141393207467492,-0.024734287617085293,-0.0315132022530304,-0.058260417687926544
30114348,simple,2,1,1.0,0.0030355015636535747,0,1,0.000995861105662528,-0.0037218682298495627,0.0030355015636535747,-0.00048665916776000073
30130612,simple,2,1,1.0,0.01717553724319412,0,1,-3.603730268117791e-05,0.01717553724319412,0.006186554173243087,-0.08506491375883851
30123992,simple,3,1,1.0,0.0006728614091335884,0,1,0.0006728614091335884,-0.014777290487780195,-0.021858712952671864,-0.05949084705102278
30103428,simple,1,1,1.0,0.03702453000492753,0,1,-0.004444140410145448,-0.0014109174028174472,0.008832990902591428,0.03702453000492753
30131439,simple,4,1,1.0,-0.014940723768654948,0,1,-0.014940723768654948,-0.2613107647041137,-0.2721048995777383,-0.3209286049389744
30129203,simple,4,0,1.0,0.011964223337635665,0,0,0.011964223337635665,-0.14744458598120394,-0.19233042668629827,-0.3016471273960485
30160114,simple,1,1,1.0,-0.008855376590581773,0,1,-0.017550700007886014,-0.008855376590581773,-0.04441246665735714,-0.21746862888945642
30127509,simple,2,1,1.0,0.005055867908424442,0,1,0.005055867908424442,-0.003676013297014443,0.0007420993473324054,-0.016713100885770528
30122788,simple,2,1,1.0,0.02399037419877885,0,1,0.02399037419877885,-0.009045986029827355,-0.031024103148847283,-0.12970888225503513
30109423,simple,4,1,1.0,0.008274545833609929,0,1,0.008274545833609929,0.0004890812967025884,0.0029731046375904083,-0.02633136619469407
30139358,simple,4,0,0.0,0.20826210636401485,0,0,0.20826210636401485,0.006519906700249815,0.018912141745406622,-0.050013200553873635
30124940,simple,3,0,1.0,-0.007070343443338845,0,0,-0.007070343443338845,-0.007517415374327695,-0.036762781540064696,-0.16345651182779328
30157086,simple,0,0,1.0,0.006520821990433023,0,0,0.006520821990433023,-0.016541853055203018,-0.0200505438451518,-0.005174462916217523
30129074,simple,4,1,1.0,0.006961023194231815,0,1,0.006961023194231815,-0.0005525668702501749,-0.0008107667221185326,-0.05586961266855221
30114231,simple,3,0,1.0,0.05739051470236066,0,0,0.05739051470236066,-0.006224971905606993,-0.012728337907261765,-0.10400741780752834
30150247,simple,1,1,1.0,0.003953587872971745,0,1,0.003953587872971745,-0.0013145715277251314,0.0010872685975427884,-0.029928273364686987
30156675,simple,1,1,1.0,0.01133318658532632,0,1,-0.013567127977286007,0.01133318658532632,0.00048691916260246507,-0.07357777011958208
30116360,simple,0,1,1.0,0.020544973400180327,0,1,0.00018255447082719464,-0.005891260053553171,0.00352019327057531,0.020544973400180327
30123092,simple,4,0,4.0,0.1696842725063497,0,0,0.1111985985306887,0.09124235443563558,0.10870526259021811,0.1696842725063497
30143374,simple,0,1,1.0,0.09775979631159669,0,1,0.09775979631159669,0.03956990171613762,0.033190852879680266,-0.0058952792600266285
30122057,simple,4,1,1.0,0.008530308590500212,0,1,0.008530308590500212,-0.0002873260599938858,-0.002649392128643159,-0.0729445415461128
30138152,simple,1,1,0.0,0.27407274415551025,0,1,0.27407274415551025,0.005657348846139245,0.022731806587862096,-0.009220674871510695
30138403,simple,1,1,1.0,0.0032752064747714367,0,1,0.00010675484177117764,-0.0020781988041331696,0.0032752064747714367,-0.0005414273553865367
30112031,simple,0,1,1.0,0.00926217517205552,0,1,8.693427194714221e-07,-0.004928995476122584,0.0034389494938638285,0.00926217517205552
30119954,simple,4,1,1.0,0.0555171818989804,0,1,0.0555171818989804,-0.036386115972658686,-0.03791139343479934,-0.11112979224638264
30136576,simple,1,1,1.0,0.0035208900280520455,0,1,0.0017727116750305486,0.002069904811184419,0.0035208900280520455,-0.029026524937806025
30101538,simple,3,1,1.0,0.003986858020675922,0,1,0.003986858020675922,-0.0022827588872406466,0.002009327835482671,-0.01657485341773353
30139427,simple,0,1,1.0,0.013758394473964694,0,1,0.0005402789735764711,-0.005352642393611114,0.0033224083810365138,0.013758394473964694
30152134,simple,4,1,1.0,0.005521739922391043,0,1,-0.008091445100125744,0.005521739922391043,0.0009662036665464661,-0.07863541099104869
30099472,simple,0,0,4.0,0.1478450788376681,0,0,-0.020217343510139704,-0.060239465088084934,-0.0006930068626661637,0.1478450788376681
30109277,simple,2,0,1.0,0.03552254143339105,0,0,0.03552254143339105,0.007334166026441349,0.011724507344766554,-0.05148406857478114
30094901,simple,0,0,1.0,0.020490052476816803,0,0,0.020490052476816803,0.0031126020814223228,-0.014899725888096845,-0.10622047989157508
30141658,simple,3,1,1.0,0.007161773176554843,0,1,0.007161773176554843,-0.003094444255772608,-0.0008083951965515805,-0.03597415595672364
30146710,simple,0,1,1.0,-0.005729204737189922,0,1,-0.005729204737189922,-0.013136098996412757,-0.05272883111553987,-0.19319523109659134
30118538,simple,2,1,1.0,0.00944410458704584,0,1,0.00944410458704584,0.0013302028978726642,-0.0010807668345057635,-0.05444815618523846
30136989,simple,3,1,1.0,0.004107486284973129,0,1,0.0016632348866212204,-0.0014778486126892833,0.004107486284973129,-0.0032281029634496916
30143373,simple,4,0,1.0,0.034459720027445885,0,0,0.014875984112430324,0.034459720027445885,0.026879319341951053,-0.009528192021495893
30128900,simple,2,1,1.0,0.005383022602699412,0,1,0.005383022602699412,-0.0020061771751634476,0.0011868069667638655,-0.022929122006815628
30126132,simple,0,1,1.0,0.0027637494905360938,0,1,0.001039716746850279,-0.0045781898353587855,0.0027637494905360938,0.0003746877113534469
30132834,simple,3,1,1.0,0.016745358103123234,0,1,0.006076100727132253,-0.0026967325236302315,0.004909676900686551,0.016745358103123234
30116435,simple,1,0,0.0,0.20289851529337644,0,0,0.20289851529337644,0.014425595999308202,0.019556193173357116,-0.04302780018466429
30129264,simple,3,1,1.0,0.0054579458280577895,0,1,-0.009253718206685056,0.0054579458280577895,-0.02186003884265111,-0.1563303330464584
30138227,simple,3,1,1.0,0.01761497167133029,0,1,0.0002158225949800488,-0.0013488820709061985,0.006345013733309854,0.01761497167133029
30096847,simple,3,1,1.0,-0.008338133744177089,0,1,-0.008338133744177089,-0.07028431513019347,-0.152052393271715,-0.3711715630903617
30125280,simple,3,1,1.0,0.005553304335277506,0,1,0.005553304335277506,-0.00290086194891021,0.002516715784464163,-0.005532480316327096
30102075,simple,3,1,1.0,0.006580318151819782,0,1,-0.005976490286718053,0.006580318151819782,-0.00043276639198316924,-0.09532400005351871
30147298,simple,2,1,1.0,-0.0009747370704121724,0,1,-0.0009747370704121724,-0.014722525862731688,-0.0634984305461002,-0.23541400105916643
30135116,simple,4,1,1.0,0.0044943242622910405,0,1,-0.005254541045411523,0.0018988383036416187,0.0044943242622910405,-0.048046629029620994
30110876,simple,4,1,1.0,0.005689592000822273,0,1,0.005689592000822273,-0.0005934276138727934,0.004859966522742457,-0.0022032933701591068
30103681,simple,3,1,1.0,0.006763615663239965,0,1,-0.006763770912412044,0.006763615663239965,0.0047581197859609126,-0.0517872035680254
30135463,simple,0,1,1.0,-0.01329483654397835,0,1,-0.01329483654397835,-0.08549962163086276,-0.1531685540416797,-0.32003912315422023
30159008,simple,0,1,1.0,0.002902668883914966,0,1,0.0008660511993483604,-0.002963592401558836,0.002902668883914966,-0.014276290824480134
30158887,simple,0,1,1.0,-0.002089746499997238,0,1,-0.002089746499997238,-0.01881355473559046,-0.02823253064376261,-0.06976246698800705
30105647,simple,3,0,1.0,-0.004147807058836611,0,0,-0.010538744969928196,-0.004147807058836611,-0.024562121734156058,-0.11713278421727097
30124166,simple,2,0,0.0,0.18983632998877442,0,0,0.18983632998877442,0.0005131980502618531,0.019842238224732838,0.06827777711122202
30166974,simple,3,1,1.0,0.0018100511115938245,0,1,0.0018100511115938245,-0.025127448980051995,-0.03226693645016653,-0.06207030602356411
30166900,simple,1,1,1.0,0.017348041099439212,0,1,-0.011955501328759194,0.017348041099439212,0.012907849246871824,-0.026162022247973968
30107195,simple,4,1,1.0,0.006811554159550131,0,1,0.006811554159550131,0.0029261980772994425,0.0009920100894819997,-0.056674232123280724
30145053,simple,4,1,1.0,0.012024109269194068,0,1,-0.010269962884344001,0.012024109269194068,-0.010203086070289424,-0.13217048406512602
30147973,simple,2,1,1.0,-0.0013582645186114434,0,1,-0.0013582645186114434,-0.029258674021909303,-0.03300633248720859,-0.03830933184951263
30156689,simple,3,0,1.0,0.08731745857451266,0,0,0.08731745857451266,0.04268509097885526,-0.1092308593902632,-0.12508475037433409
30095049,simple,3,0,1.0,0.04786574905952838,0,0,0.04786574905952838,-0.027795688674543906,-0.06484217479042223,-0.2246302013905389
30125684,simple,2,1,1.0,0.016655095191535216,0,1,-0.0026050021991893095,0.016655095191535216,0.007148456267185358,-0.07253462443246239
30131355,simple,3,1,1.0,-0.003117863787478324,0,1,-0.003117863787478324,-0.023847421837215783,-0.03626767661654526,-0.1154035281708487
30138939,simple,3,0,0.0,0.2029256968276924,0,0,0.2029256968276924,0.011957775767314544,0.02052704435864252,0.06513409774849332
30116521,simple,1,1,1.0,0.0023683377422781017,0,1,0.0010724168598274658,-0.0032387523950514925,0.0023683377422781017,-0.0022114164096873057
30117397,simple,0,0,1.0,0.020344763604965302,0,0,0.020344763604965302,-0.06295509081502383,-0.04713578624614934,-0.057721541066764054
30154433,simple,3,1,1.0,-0.0015344437771178075,0,1,-0.0015344437771178075,-0.019731521902553624,-0.03157331604826147,-0.09826215341972241
30123882,simple,2,1,1.0,0.0056189062908299815,0,1,0.0056189062908299815,-0.0030916836223119255,0.0012160957009915464,-0.01819436420893912
30116568,simple,3,0,1.0,-0.010864915967537143,0,0,-0.010864915967537143,-0.01716480402670436,-0.06043342795675186,-0.2388989727122106
30160322,simple,0,1,1.0,0.004126983719890079,0,1,-0.0012593672806599752,-0.0031211513874402075,0.004126983719890079,-0.0037860762050803964
30145570,simple,4,1,1.0,0.015472885814931045,0,1,0.003964896850221115,0.0001850429580106186,0.007343715336130725,0.015472885814931045
30136933,simple,1,0,1.0,0.040840287417111126,0,0,0.040840287417111126,0.030985238269216803,0.0328761363053621,-0.051199711813029944
30166000,simple,2,0,1.0,-0.010915135715923192,0,0,-0.010915135715923192,-0.051558464890402084,-0.11023287332731246,-0.249516219213892
30109719,simple,3,1,1.0,0.01312793300121736,0,1,-0.014378535091070094,0.01312793300121736,0.00098783007250218,-0.0910837930293888
30166121,simple,2,1,1.0,0.012819454528898693,0,1,-0.013464185988182196,0.012819454528898693,-0.027245234532944466,-0.20268480256895718
30119426,simple,0,1,1.0,0.005157125297312888,0,1,-0.003003181690552241,-0.0010111277317621722,0.005157125297312888,-0.01660901562072186
30129877,simple,0,1,1.0,0.002849636169975467,0,1,0.0014059256035010154,-0.0015899085219319292,0.002849636169975467,-0.02501536796698263
30111237,simple,1,0,1.0,0.01232995083983716,0,0,-0.023357428384315822,-0.02217935387866413,0.01232995083983716,0.0027623869934604722
30120491,simple,2,1,1.0,0.009152805051343402,0,1,0.009152805051343402,-0.020190416355801797,-0.04043010936231273,-0.1306444382249541
30147943,simple,1,1,1.0,0.03773358364575145,0,1,0.03773358364575145,-0.031609182751711706,-0.07206485231675755,-0.24726521991096012
30126726,simple,1,1,1.0,0.0022943261385836265,0,1,0.0022943261385836265,-0.019411496214356647,-0.037093424385694684,-0.1302538855170611
30146484,simple,0,1,1.0,-0.0013142578633332062,0,1,-0.0013142578633332062,-0.02489362484927065,-0.03255746654694502,-0.06170996054686225
30117016,simple,0,1,1.0,0.0008314684663612154,0,1,-0.006238436484225365,0.0008314684663612154,-0.02914274263044951,-0.155346532080403
30115453,simple,1,1,1.0,0.004414363878260507,0,1,0.0011130087072655226,0.004414363878260507,0.0035006857342265475,-0.039197365239507065
30132516,simple,1,0,0.0,0.14157367382631217,0,0,0.14157367382631217,0.03856310800714009,0.043096164602496045,-0.0392740395753781
30143504,simple,3,1,1.0,-0.006054338304427684,0,1,-0.006054338304427684,-0.011319808058658854,-0.03107364671852209,-0.12862201155443098
30143866,simple,4,1,1.0,-0.012284742109758634,0,1,-0.012284742109758634,-0.021098887909876917,-0.06692703919771222,-0.23443088841973148
30158198,simple,3,1,1.0,0.002991688186952751,0,1,0.002991688186952751,-1.6461713735890435e-05,0.0017935816804320395,-0.03512550688833668
30105730,simple,4,0,0.0,0.39217528436551147,0,0,0.39217528436551147,-0.057095555946508565,-0.04881528864982046,-0.01924975043630596
30102568,simple,2,1,1.0,0.0038397655444502993,0,1,0.0038397655444502993,-0.028979882330159145,-0.03787248661042543,-0.06974476460365736
30157704,simple,4,1,1.0,0.007068270324146132,0,1,-0.0138711965752389,-0.003985043482050442,0.007068270324146132,0.003880309897473247
30160126,simple,3,1,1.0,0.0011587818360585533,0,1,0.0011587818360585533,-0.02523420142695408,-0.03488885663010548,-0.08795551691920656
30135469,simple,3,1,1.0,0.050803208475635006,0,1,0.050803208475635006,-0.03145551145038751,-0.041380749281042045,-0.16593479561175478
30102435,simple,4,1,1.0,0.08780591530379522,0,1,0.08780591530379522,-0.021423760375633878,-0.00815995374404991,-0.0015856213352306164
30132561,simple,1,0,2.0,0.12347026940096334,0,0,-0.03205184385769685,0.06894483467874762,0.12347026940096334,0.09656813955522181
30112714,simple,4,0,1.0,0.058640634863541916,0,0,0.058640634863541916,-0.0726952434519712,-0.2472579284221251,-0.2541362202135064
30110257,simple,0,1,1.0,0.02718882261019978,0,1,-0.004835001864616748,-0.003901185225632771,0.006795502013914337,0.02718882261019978
30128644,simple,2,1,1.0,0.007550113787697474,0,1,-0.0022106909423632894,-0.0026439539054653634,0.0049646293608337395,0.007550113787697474
30136501,simple,1,0,1.0,-0.02451162241220979,0,0,-0.02451162241220979,-0.09247823120295709,-0.11225116965560537,-0.21341793983008292
30155050,simple,2,1,1.0,0.007862347211967175,0,1,0.007862347211967175,-0.004917269178858642,-0.0007763435853249297,-0.021538667469747523
30105750,simple,0,1,1.0,0.002880704764885715,0,1,0.001677529712588742,-0.0015963765901168478,0.002880704764885715,-0.024891448893634066
30146431,simple,2,1,1.0,0.005520724394908447,0,1,0.005520724394908447,-0.00713849565164414,0.0004049924118975125,-0.002206236582026691
30133213,simple,4,1,1.0,0.007848281423981772,0,1,0.007848281423981772,-0.02920132089574929,-0.041149602074072075,-0.11089439704931452
30097768,simple,4,1,1.0,0.0040720895661665,0,1,-0.0022696625052638503,0.0022294930720295515,0.0040720895661665,-0.041482450341466554
30127521,simple,1,1,1.0,0.0023390727507606873,0,1,0.0023390727507606873,-0.002502127195545139,0.0016223844451060572,-0.014377388089122561
30122812,simple,1,1,1.0,0.0033060252700172627,0,1,0.0033060252700172627,-0.0012125761245087609,0.0011445677203541262,-0.026741519637646448
30117628,simple,4,1,1.0,0.005479561332753628,0,1,0.001477728905262713,-0.0015403915693849995,0.005479561332753628,0.0021386980892392354
30144568,simple,3,1,1.0,0.03498013893684307,0,1,0.03498013893684307,-0.03463239073741934,-0.05534058039929883,-0.13916706000460147
30127991,simple,3,1,1.0,0.008973531329928239,0,1,-0.00804320157043957,0.008973531329928239,-0.010646890829652889,-0.143222459016253
30166514,simple,1,1,1.0,0.005204488317471081,0,1,-0.005313824685558903,0.005204488317471081,-0.01648408991837974,-0.15844453109412915
30146245,simple,1,1,1.0,0.0054021564629530006,0,1,0.0054021564629530006,-0.02122242172044383,-0.03928839931308151,-0.14245694689326405
30143994,simple,3,1,1.0,0.007804265084061972,0,1,0.007804265084061972,-0.0036050086816057526,0.0008687571272339364,-0.015177322771978044
30131190,simple,2,1,1.0,0.0026653282295393266,0,1,0.0026653282295393266,-0.00373834783140203,0.0021293031929372937,-0.006810233060373913
30096363,simple,0,0,1.0,0.03940852007763447,0,0,-0.03539484778975392,0.03940852007763447,0.01073669328306516,-0.07668166313208805
30136651,simple,3,1,1.0,0.00212141588357901,0,1,0.0011349041705343496,-0.0019351253814346731,0.00212141588357901,-0.01968312031413818
30163014,simple,0,1,1.0,0.02543432589291444,0,1,0.02543432589291444,-0.01904883384089654,-0.02285951390167771,-0.05630486519520801
30094080,simple,0,1,1.0,-0.001375683508195901,0,1,-0.001375683508195901,-0.014698017716983099,-0.02612155646218732,-0.07807163554791433
30166553,simple,2,1,1.0,0.0021266955102884587,0,1,0.0021266955102884587,-0.0018348877707937174,-0.005860288935053106,-0.029839008732084088
30104473,simple,0,1,1.0,0.04705061352293313,0,1,-0.010447542509646423,0.012405071808826756,0.02331988321864658,0.04705061352293313
30110373,simple,0,1,4.0,0.10666261663124924,0,1,-0.015687637936394824,0.004024696041361742,0.028432374075406573,0.10666261663124924
30153282,simple,4,1,1.0,0.0027908636923404534,0,1,0.00222218024556153,-0.0021715571863705416,0.0027908636923404534,-0.020592214374121613
30120876,simple,4,0,2.0,0.11904730032986897,0,0,0.0725494883581447,-0.05740659716321079,0.11904730032986897,0.015836436489918657
30116042,simple,2,1,1.0,0.029769353420751175,0,1,0.029769353420751175,-0.010012849504549205,-0.03713983812507376,-0.16101340312999807
30092706,simple,0,1,1.0,0.005067075223735607,0,1,0.005067075223735607,-0.005844926590904121,-0.013216039366503535,-0.031458741978072746
30093840,simple,2,1,1.0,0.011398225706521919,0,1,0.004881210624120214,0.011398225706521919,-0.0011916376111239073,-0.0940649295416604
30106775,simple,4,1,1.0,0.006147542390214523,0,1,0.0033942506553764247,-0.0004324709905617549,0.006147542390214523,0.005333711488330409
30111476,simple,3,1,1.0,0.004603919785237408,0,1,-0.0022315208991926724,-0.0004939684557726306,0.004603919785237408,-0.00822070268831561
30145075,simple,3,0,1.0,0.05930062737010283,0,0,0.04929353600499514,-0.021386475700162166,0.03025857411444982,0.05930062737010283
30109243,simple,4,1,1.0,0.005770860131807696,0,1,0.005770860131807696,0.0033736826125415863,0.00516189042062053,-0.022283453659820374
30115882,simple,2,1,1.0,0.02170542716475989,0,1,0.02170542716475989,0.01810572711302207,0.014689140139855953,-0.022862569857120985
30133096,simple,1,1,1.0,0.00763654749576512,0,1,-0.0020522851854320664,0.00763654749576512,0.007216548569129105,-0.03937406104130671
30142617,simple,1,1,1.0,-0.006920398873950583,0,1,-0.006920398873950583,-0.22561619098204283,-0.33897584143050125,-0.5156804251185041
30151989,simple,0,1,1.0,0.02606340196010251,0,1,0.02606340196010251,-0.017567685003220847,-0.02444611648825211,-0.07374074108149223
30154715,simple,3,1,1.0,0.006324967879395935,0,1,0.006324967879395935,-0.0033148244289176714,0.002699100211318875,5.5108830048916646e-05
30163988,simple,0,1,1.0,0.007091641335201952,0,1,-0.002803461853535732,0.0004331931450855947,0.007091641335201952,0.0009138847589542642
30096908,simple,0,0,1.0,-0.0044862595908354945,0,0,-0.0044862595908354945,-0.005734681286336873,-0.03280548971653578,-0.14654014889505376
30119435,simple,1,0,0.0,0.38191188224016187,1,1,0.38191188224016187,-0.06391508234828565,-0.06260630130672,-0.043036225288564156
30154061,simple,0,1,1.0,0.004368377609036134,0,1,1.1804393214468606e-05,-0.004499403733783332,0.0033924506204833643,0.004368377609036134
30120565,simple,0,1,1.0,0.009778709111831999,0,1,-0.0007865548790921863,-0.004530584467014737,0.0039755083606548905,0.009778709111831999
30108370,simple,4,1,1.0,0.008340286338482342,0,1,0.008340286338482342,0.0005035903105146573,0.0021940962323367223,-0.03202983199049658
30128661,simple,3,1,1.0,-0.002235570008850468,0,1,-0.002235570008850468,-0.022820215103503884,-0.032434714701066736,-0.08751104631242965
30139540,simple,3,1,1.0,0.008238949662202623,0,1,0.008238949662202623,-0.003992995744317012,0.0013889807001946086,-0.0066711725931639515
30143293,simple,3,1,1.0,0.06823596810282143,0,1,0.06823596810282143,0.03083348276581871,0.029033209372803688,0.001014565449030308
30108232,simple,3,1,1.0,0.014809050671956895,0,1,-0.003040207043728333,0.014809050671956895,0.012982773459096576,-0.01931686484013647
30111953,simple,3,0,1.5,0.16739761784739618,0,0,-0.18226562765515886,0.16739761784739618,-0.025790557295256117,-0.3434621409669197
30146729,simple,3,1,1.0,0.005082550860125332,0,1,-0.0024737797403622946,0.005082550860125332,-0.001058625491126567,-0.0907362966361665
30160799,simple,0,0,0.0,0.18723630535440716,1,1,0.18723630535440716,-0.026662290584628698,0.0207531455937364,0.00738928365410349
30106480,simple,1,0,1.0,0.006979781722007503,0,0,-0.013439855877745828,0.006979781722007503,-0.009566845325602043,-0.09909886842492298
30113595,simple,2,1,1.0,0.004346700876535579,0,1,0.004346700876535579,-0.004765102721552995,0.0008846863615862739,-0.009910322896315577
30160418,simple,0,1,1.0,0.004690395432798887,0,1,-0.0016952366449709093,-0.0020711385337406907,0.004690395432798887,-0.007772615841714729
30119613,simple,0,1,1.0,-0.007918149315428329,0,1,-0.007918149315428329,-0.03773275148851095,-0.09059385957494362,-0.25362390060327633
30163926,simple,3,1,1.0,-0.049915309952460754,0,1,-0.049915309952460754,-0.21697657948377416,-0.45492466295036776,-0.5210274500511483
30155322,simple,1,1,1.0,0.006448874409842823,0,1,-0.009061254968560993,0.006448874409842823,-0.014303234827660617,-0.13990603497599258
30125398,simple,0,1,1.0,0.0026515197858946182,0,1,0.001553038117812034,-0.004665993287523949,0.0026515197858946182,0.0015919881685254322
30159292,simple,0,1,1.0,-0.0013679915041161124,0,1,-0.0013679915041161124,-0.014959576819052717,-0.02962858745204114,-0.10452386898561919
30166940,simple,2,1,1.0,0.0010108571281925265,0,1,0.0010108571281925265,-0.02961391575145152,-0.03473962453436093,-0.04800852189268298
30138965,simple,3,1,1.0,0.006195842280773181,0,1,0.006195842280773181,-0.002084803708249221,0.0023194634649083903,-0.013660327367227124
30158019,simple,2,0,1.0,0.035034596567082396,0,0,0.035034596567082396,0.02128344870228199,0.025201604963705108,0.03197717039468834
30131502,simple,4,0,0.0,0.17587950243428055,0,0,0.17587950243428055,0.005828797407426568,0.019575976295377235,-0.011330645364556025
30145220,simple,1,0,1.0,-0.016853328745533788,0,0,-0.016853328745533788,-0.07008193437135127,-0.09397643648405431,-0.1453357862202938
30110340,simple,3,1,1.0,0.001672404890700259,0,1,0.001672404890700259,-0.023960176346375962,-0.02772592801139999,-0.026820768326633215
30115149,simple,4,1,1.0,0.0034648452894676697,0,1,0.0034648452894676697,-0.0022697164057195844,-0.001273163994437325,-0.05687931307233217
30139122,simple,3,1,1.0,0.002361140928012373,0,1,0.0017656269390331283,-0.0013133916506928283,0.002361140928012373,-0.022055205152119693
30127059,simple,2,1,1.0,-0.01736608223427366,0,1,-0.048449590643937,-0.01736608223427366,-0.06600662372572096,-0.24146477089097507
30113559,simple,1,1,1.0,0.0029106945815127114,0,1,0.0029106945815127114,-0.02078114331465897,-0.037435630322442626,-0.12695474006144636
30108072,simple,3,1,1.0,0.054650665941114965,0,1,0.054650665941114965,-0.015611262148091878,-0.026038930345325135,-0.12718387405732345
30128036,simple,1,1,1.0,0.005548854351031543,0,1,0.005548854351031543,0.002107574705325504,0.0012392452152400132,-0.05575072863835079
30108557,simple,0,1,1.0,0.007699086042960476,0,1,-0.006390969018140204,-0.00028712885846360336,0.007699086042960476,-0.001369724199892744
30141691,simple,0,1,1.0,0.07258041953976087,0,1,0.07258041953976087,0.009537043629492911,0.030270265618601133,-0.01544051341481991
30099225,simple,0,1,1.0,-0.001017248680827202,0,1,-0.001017248680827202,-0.02240413354491288,-0.03299515649051966,-0.09129567462646432
30157756,simple,4,0,1.0,0.022025281210357912,0,0,-0.007052891221919454,0.022025281210357912,0.003739492518359696,-0.07606945832206892
30139324,simple,0,1,1.0,0.003671060620594281,0,1,0.0003981959305165948,0.0006702002625589148,0.003671060620594281,-0.03867029007596087
30145467,simple,0,0,1.0,0.04384261105100194,0,0,-0.01137474696222537,-0.052204539449894394,0.009069910976304392,0.04384261105100194
30158104,simple,4,1,4.0,0.12202765457396154,0,1,0.006732000351366174,0.019313745656352285,0.039276615011017604,0.12202765457396154
30161362,simple,1,1,1.0,-0.00674189765094782,0,1,-0.00674189765094782,-0.025881396080844114,-0.03144321653102708,-0.0330006901645936
30134304,simple,1,1,1.0,0.0015222089322322677,0,1,0.0015222089322322677,-0.025857040277711105,-0.038587793122735733,-0.0977581211303032
30126209,simple,0,0,1.0,-0.03225714699967744,0,0,-0.07002826700440765,-0.03362236926680971,-0.05415696992667089,-0.03225714699967744
30165957,simple,2,1,1.0,0.00803804817973365,0,1,0.0025759053746442565,-0.006588048302810557,0.002332350067934443,0.00803804817973365
30137059,simple,0,1,0.0,0.23820214889009325,-1,0,0.23820214889009325,-0.006802506014513966,-0.005977428984561439,0.01155656904846225
30097844,simple,3,0,4.0,0.11452858300352545,0,0,-0.08843018324244394,0.04383286679624107,0.09228039403373592,0.11452858300352545
30112145,simple,3,0,1.0,0.0060999853669699705,0,0,0.0060999853669699705,-0.00197464847094766,0.0016136663558969089,-0.021985181484080338
30124678,simple,4,1,1.0,0.0011859088579432991,0,1,0.0011859088579432991,-0.025662702575453868,-0.030560770326076587,-0.03659828395433827
30147519,simple,4,0,0.0,0.1379725077747557,0,0,0.1379725077747557,0.015361250059323296,0.02993107708799957,-0.04558376113726005
30161896,simple,3,1,1.0,0.08617941911732505,0,1,-0.049057222146330515,0.08617941911732505,0.025252174470939706,-0.02157099085605442
30105812,simple,2,1,1.0,0.0107146066118466,0,1,0.003508543599462465,0.0107146066118466,0.0014026698391723484,-0.07846186707346492
30109544,simple,1,1,1.0,0.04678222167451726,0,1,0.04678222167451726,-0.02385571896411311,-0.027804766659996805,-0.07678102116860805
30131275,simple,1,1,1.0,0.027037233960011415,0,1,-0.007082515775321832,0.027037233960011415,0.021693630280887003,-0.07339417843811638
30166442,simple,3,1,1.0,0.0072250285875551535,0,1,0.0072250285875551535,-0.002776436608894607,0.002672229378830396,-0.004188816069687323
30111911,simple,0,0,1.0,0.0026116359463113255,0,0,0.0026116359463113255,-0.01678575759191797,-0.03407585934512409,-0.13916529478846842
30155207,simple,4,1,1.0,-0.005754909931047512,0,1,-0.005754909931047512,-0.010722238913394112,-0.023760651347904546,-0.08133481073245616
30165738,simple,0,0,1.0,-0.005216133820659642,0,0,-0.005216133820659642,-0.03680348679205234,-0.011731062455671452,-0.010054175314479899
30139589,simple,0,1,1.0,0.003536377149355358,0,1,0.003536377149355358,-0.0005945830331559251,0.0020594924152672403,-0.0354844343682713
30111614,simple,4,1,1.0,0.013697680202733903,0,1,0.0038622019246000623,0.00024697303071945925,0.007257367713070412,0.013697680202733903
30114857,simple,1,0,0.0,0.2246917913983223,1,1,0.2246917913983223,0.014424078984645535,0.018078085085895406,-0.04744244715091564
30158040,simple,2,1,1.0,0.008928309106666397,0,1,0.0028465576556885204,0.008928309106666397,0.0024648260590694783,-0.06435229165203006
30160201,simple,1,1,1.0,-0.08263852259641612,0,1,-0.08263852259641612,-0.14990407372083542,-0.20750606904404487,-0.24177881546025357
30165351,simple,4,1,1.0,0.006249892912941479,0,1,0.006249892912941479,-0.0015050155746605433,0.0023932312576207815,-0.020821431340015448
30125004,simple,0,1,1.0,0.003997697216383406,0,1,0.001284090577733609,0.002775869011596911,0.003997697216383406,-0.04285114593189636
30141396,simple,4,1,1.0,0.004701522907596935,0,1,0.004701522907596935,-0.0019932407344397177,0.002753721891239489,-0.017121961286345244
30166867,simple,0,0,1.0,0.011358717398361702,0,0,0.011358717398361702,-0.020269645346371396,-0.05470933834091789,-0.17257258849033275
30139220,simple,3,1,1.0,-0.0030258255920924803,0,1,-0.007736235602607271,-0.0030258255920924803,-0.01371832985380447,-0.07352164000573289
30097413,simple,2,0,0.0,0.3866646726470438,1,1,0.3866646726470438,-0.0709946390897604,-0.0535577282963223,0.047594655383200415
30128057,simple,0,0,0.0,0.30369331432813723,1,1,0.30369331432813723,-0.029013217427335716,-0.027490547195664683,-0.027749566238655127
30129931,simple,3,1,1.0,0.005641577710683139,0,1,0.005641577710683139,-0.0032319860016048283,0.0028066208609900736,0.00018262669177677993
30099874,simple,2,0,1.0,0.07724285224801976,0,0,0.047226654744548055,0.017545178047218567,0.07724285224801976,0.0666369510191821
30120636,simple,4,1,1.0,0.04209415567298432,0,1,-0.0072178442442546314,0.04209415567298432,0.027992968488436704,-0.060515857848004846
30160490,simple,4,1,1.0,0.009979995868640838,0,1,0.009979995868640838,-0.027036292165232477,-0.04547559400673819,-0.1592562062695254
30125896,simple,2,1,1.0,0.00255301338967499,0,1,0.0010040148451409374,-0.0004999116333933608,0.00255301338967499,-0.01831685867629703
30134429,simple,4,1,1.0,0.005289072595290597,0,1,0.002603433685495909,-0.0013277957815318667,0.005289072595290597,0.0010073050532139194
30143917,simple,3,1,1.0,0.004736417625652186,0,1,0.004736417625652186,-0.001790321014899775,0.0028506022067878445,-0.011504746926400314
30110610,simple,2,1,1.0,0.002751271673197598,0,1,0.002751271673197598,-0.02639272077672612,-0.03722558018513092,-0.07777479953805295
30126923,simple,4,1,1.0,0.003682489028372638,0,1,0.003682489028372638,-0.0027359609141475033,0.0024179499037323728,-0.0175585057185395
30116899,simple,1,0,1.0,0.029949488529876504,0,0,0.029949488529876504,0.012353921782961848,0.019162108975075972,0.006058023832656467
30153633,simple,3,1,1.0,0.002055788346868155,0,1,0.002055788346868155,0.00014204797651597677,0.001253613638610037,-0.04241236288899964
30142718,simple,2,1,1.0,0.031194619076364866,0,1,-0.008012846573890026,-0.002768700004148198,0.0082575053636031,0.031194619076364866
30116159,simple,3,1,1.0,0.001896589635130022,0,1,-0.0018700812374911058,4.217591679019257e-05,0.001896589635130022,-0.038773456680437135
30123536,simple,2,1,1.0,0.005962004345648298,0,1,0.005962004345648298,-0.005214523009764872,0.0005375424150122939,-0.011426922877716635
30107646,simple,2,1,1.0,0.0036399022597481227,0,1,0.0036399022597481227,-0.0039765485213090375,0.0015889009278954834,-0.009463335330820416
30134469,simple,1,1,1.0,0.046241536060371,0,1,-0.003989418930974015,-0.005621876822972324,0.00622593240164265,0.046241536060371
30119656,simple,3,1,1.0,0.0014331072977635875,0,1,0.00122246960661309,-0.0015808150178950337,0.0014331072977635875,-0.029278742853110586
30151502,simple,1,1,1.0,0.007917368016282445,0,1,0.002130188547817321,0.007917368016282445,0.004289781418383463,-0.06426195225831041
30133627,simple,2,1,1.0,8.004938155827326e-05,0,1,8.004938155827326e-05,-0.02486737223660435,-0.03118741240698977,-0.05272543999142345
30158767,simple,3,1,1.0,0.04105520254463096,0,1,0.04105520254463096,-0.17221710386155495,-0.2593797805983521,-0.3637907378630157
30165925,simple,2,1,1.0,0.006710824356678885,0,1,0.0026503423206606577,-0.006466928522105574,0.0021961885538953167,0.006710824356678885
30144602,simple,4,1,1.0,0.004054024971579966,0,1,0.004054024971579966,-0.0006384872794383233,0.003766890389461857,-0.017558440979411942
30111356,simple,4,1,1.0,0.004512261234614411,0,1,0.004512261234614411,0.0012639527763925289,0.0032410281022438,-0.030730821373273973
30157260,simple,2,1,1.0,0.004241395612761455,0,1,0.004241395612761455,-0.005336883399559029,0.0011105586291083915,-0.005931312222279286
30132652,simple,4,0,1.0,0.04859584310126555,0,0,0.04859584310126555,-0.07080112559582294,-0.12829206915378055,-0.3470112672372603
30161536,simple,3,1,1.0,0.004342558808334469,0,1,-0.0022262516021080148,-0.0005761920086622772,0.004342558808334469,-0.010079193586123386
30109620,simple,2,1,1.0,0.005784952527167583,0,1,0.005784952527167583,-0.003316003394080915,-5.5126387925794745e-05,-0.023179322920997086
30151015,simple,4,0,0.0,0.16500146871649576,0,0,0.16500146871649576,0.03998351815286596,0.03204095012880921,-0.06787642302346249
30106875,simple,3,0,1.0,-0.013679895066779267,0,0,-0.013679895066779267,-0.01525300023788397,-0.05438428493579328,-0.1636155655337807
30113369,simple,3,1,1.0,0.004350482237818889,0,1,-0.0013396682243301088,-0.00019520675692168317,0.004350482237818889,-0.013885603508836289
30101186,simple,4,1,1.0,-0.0021759638931040277,0,1,-0.0021759638931040277,-0.012169408437752764,-0.04878201115448107,-0.24545221596954825
30095259,simple,3,1,1.0,0.00019210149203862173,0,1,0.00019210149203862173,-0.09624781379244095,-0.18827946398653833,-0.40277112066581056
30155307,simple,1,1,1.0,-0.015129616757434919,0,1,-0.015129616757434919,-0.10433527959074133,-0.17585406805530282,-0.33281604488986055
30139171,simple,2,0,0.0,0.13314989555248932,0,0,0.13314989555248932,0.03432703474081622,0.03326449164380625,-0.0055689246528384945
30159383,simple,3,1,1.0,0.02821762199802158,0,1,0.007050596531250626,-0.02045232826077384,-0.01907146446675554,0.02821762199802158
30146192,simple,4,1,1.0,0.0015054430729809429,0,1,0.0015054430729809429,-0.026614864514214708,-0.032414746866330044,-0.04921473074240668
30166337,simple,1,1,1.0,-0.0019233652539569247,0,1,-0.0019233652539569247,-0.0268374778151013,-0.03598207419996101,-0.06798608728853192
30150938,simple,3,1,1.0,0.025703778711454378,0,1,0.008871143860568441,-0.0038558476872522073,0.0046703325548297266,0.025703778711454378
30157845,simple,1,1,1.0,-0.0019340559340315783,0,1,-0.0019340559340315783,-0.014760602115890625,-0.03244276110812569,-0.12131379050363852
30166456,simple,3,1,1.0,0.05266240342339191,0,1,0.05266240342339191,-0.03113629134004,-0.040834879958711004,-0.16338870165673583
30146123,simple,1,1,1.0,0.01789178976116615,0,1,-0.0005207323768367453,-0.00467952226208616,0.0040011722509765806,0.01789178976116615
30153039,simple,1,1,1.0,-0.0025688946452471217,0,1,-0.0025688946452471217,-0.013504919190898291,-0.03062974631877111,-0.12017315445389198
30155116,simple,1,1,1.0,0.02851589621536907,0,1,-0.0013778999494885383,-0.005566715394117568,0.004661495419060732,0.02851589621536907
30153697,simple,3,1,1.0,0.01275080969269344,0,1,-0.011643209774715432,0.010100636746996445,0.01275080969269344,-0.00844770770759408
30153405,simple,3,1,1.0,-0.0009740186983464294,0,1,-0.0009740186983464294,-0.00792270622433642,-0.014482502629643991,-0.0520533516719552
30133568,simple,4,1,1.0,0.0062506849558168105,0,1,-0.00672908737614681,0.0062506849558168105,-0.005703314606715446,-0.1030941128847686
30153236,simple,2,0,0.0,0.10756012961622974,0,0,0.10756012961622974,-0.0034566840466313704,-0.012788723026665085,-0.0524184213628768
30161998,simple,1,1,1.0,0.010469908843338309,0,1,0.010469908843338309,-0.261729532010928,-0.38468934542635763,-0.5605015565130319
30124493,simple,4,1,1.0,0.0016896280366970468,0,1,0.0016896280366970468,-0.02462412602810113,-0.03082017031270556,-0.04828665223089415
30133883,simple,1,1,1.0,0.04490475246842422,0,1,0.04490475246842422,-0.00485233574612343,-0.031542571867101396,-0.049187344873608985
30135832,simple,2,1,1.0,0.003245854845283974,0,1,0.003245854845283974,-0.004282489004394912,0.0016121185396797584,-0.00735421599427237
30099409,simple,2,1,1.0,0.006534588705509752,0,1,0.006534588705509752,-0.005629700584585912,-0.00030443803924882704,-0.014149226100642821
30144892,simple,4,1,1.0,0.004987600240848419,0,1,0.004987600240848419,-0.001462081484720705,0.00367742513234005,-0.010292103952916229
30120680,simple,2,1,1.0,0.009231862971682162,0,1,0.009231862971682162,-0.02116740780247939,-0.04019044813133035,-0.12477065892199393
30147127,simple,3,1,1.0,0.036332557746513845,0,1,0.036332557746513845,-0.13848784569544578,-0.2164941515950378,-0.34672595491409414
30132556,simple,4,0,1.0,0.04881651930264466,0,0,0.04881651930264466,-0.0027979402996010996,0.0022959600781632603,-0.012770191538544834
30135911,simple,4,1,1.0,0.02203562101595133,0,1,0.0006154639586980412,0.0004463639457394919,0.008839089640356106,0.02203562101595133
30146475,simple,2,0,0.0,0.27183075230524906,0,0,0.27183075230524906,-0.016490463496569675,0.025821554661207825,0.007070331007317826
30133345,simple,3,1,1.0,0.058015582671514986,0,1,0.058015582671514986,-0.02839556355744194,-0.033075751728066795,-0.10885738501842662
30126508,simple,1,0,1.0,-0.003247777235965761,0,0,-0.003247777235965761,-0.022853660177767843,-0.03178806691940725,-0.06591194980573187
30128897,simple,2,1,1.0,0.05381630582979813,0,1,0.038441998713696884,0.014408623690661222,0.023663772893177195,0.05381630582979813
30110367,simple,4,0,0.0,0.35774909081217554,1,1,0.35774909081217554,-0.03744621965259765,-0.02751806668718757,0.019421645559659487
30121413,simple,3,1,1.0,0.003297408505203995,0,1,0.003297408505203995,-0.023985255708729496,-0.028858692653211664,-0.038124011277322255
30117680,simple,4,1,1.0,0.003860738025917118,0,1,0.003860738025917118,-0.020251646401951075,-0.032183839710183376,-0.10075908905417973
30151195,simple,1,1,1.0,0.004559947938715576,0,1,0.002368416763680062,0.004559947938715576,0.004305624134967736,-0.04470927868812777
30106931,simple,0,1,1.0,0.002656719749645417,0,1,0.0009917583017873509,-0.0030186048090597925,0.002656719749645417,-0.016733020859113733
30134574,simple,4,1,1.0,0.0037105873841750993,0,1,0.002053064762896087,-0.0023809989238148047,0.0037105873841750993,-0.00983022467006714
30140820,simple,3,1,1.0,0.012767949682324859,0,1,-0.015717344549993698,0.012767949682324859,-0.0011589012006718788,-0.07043414684689692
30160340,simple,4,1,1.0,0.012600080085179762,0,1,0.0005942890206165653,0.0112531547577762,0.012600080085179762,-0.028432448353537726
30104459,simple,1,1,1.0,-0.0012773049682920888,0,1,-0.0012773049682920888,-0.02648933427775015,-0.03627382821993835,-0.07368002852999361
30156539,simple,2,1,1.0,0.009728384236870707,0,1,0.0024148076844666966,0.009728384236870707,-0.02153036951082253,-0.16928783794578406
30101337,simple,4,0,1.0,0.03584033867849707,0,0,0.03584033867849707,-0.010008319259366318,-0.03141158146795515,-0.16389531394307605
30110965,simple,4,1,1.0,0.0028274529852207186,0,1,0.0028274529852207186,-0.028997106284509744,-0.036679354592842724,-0.07486850633448372
30126162,simple,2,1,1.0,0.01865529740805653,0,1,-0.012249920183397423,0.01865529740805653,0.007213329472755898,-0.0689200599313895
30106142,simple,0,0,4.0,0.11117977495409298,0,0,-0.0030160542002877766,0.06701720556254064,0.07349627007239179,0.11117977495409298
30148380,simple,4,1,1.0,0.02904813517409946,0,1,0.02904813517409946,-0.0471100248905039,-0.08576689895411732,-0.2632058553018989
30150242,simple,4,1,1.0,-0.0013288959466658049,0,1,-0.009357098965478733,-0.0013288959466658049,-0.032920777252579456,-0.17562742600296122
30105539,simple,2,1,1.0,0.007076776210675508,0,1,0.007076776210675508,0.0017151816916143071,8.356285967127744e-05,-0.04810363533566723
30151071,simple,2,0,1.0,0.06891922544579726,0,0,0.06891922544579726,0.060297744587096455,0.05801404271876234,-0.021462293626224642
30154466,simple,1,1,1.0,0.022746957242304255,0,1,-0.11690582028472492,0.011146512738150378,0.022746957242304255,-0.1384102921417703
30115203,simple,4,1,1.0,0.030033878990604612,0,1,-0.00012932654742767863,0.0005061167713590331,0.009744379892843723,0.030033878990604612
30115586,simple,0,0,1.0,0.0412763579028399,0,0,0.0412763579028399,-0.046804174964948576,-0.025556291121776223,-0.08263456095490848
30157783,simple,0,1,1.0,0.0031877897894602783,0,1,0.0003018806806209459,-0.0027771345943952003,0.0031877897894602783,-0.013964916851457176
30131740,simple,0,0,1.0,-0.013355041453860007,0,0,-0.013355041453860007,-0.10729578284561812,-0.1810400684303089,-0.3371830289459935
30153357,simple,3,1,1.0,0.013092340726404791,0,1,0.005544367440853938,-0.002686831955250024,0.004556698527391233,0.013092340726404791
30107673,simple,1,1,1.0,-0.0017686012530098508,0,1,-0.0017686012530098508,-0.01536185183253386,-0.03216617883579127,-0.11576118262987842
30118682,simple,1,1,1.0,0.005795806164525848,0,1,0.0018451994767341197,0.004177780513611621,0.005795806164525848,-0.03563304777523024
30145542,simple,1,1,1.0,0.003850406314680019,0,1,0.0006330057133518453,-0.0037027963732992157,0.002870282838092174,0.003850406314680019
30107755,simple,1,0,0.0,0.24316350132722625,1,1,0.24316350132722625,0.005710702358042673,0.009648167437321647,-0.014684474964786226
30115426,simple,0,1,1.0,0.00392723515798046,0,1,0.00392723515798046,-0.0012112017101457637,0.0015855854690168605,-0.03668253851359167
30113677,simple,4,0,1.0,-0.02385474858322146,0,0,-0.03536732816230048,-0.02385474858322146,-0.04046871156756454,-0.13547554037334084
30129157,simple,1,1,1.0,0.0027333841675698523,0,1,-4.373709633128872e-05,-0.0019359623706816063,0.0027333841675698523,-0.0022569567892848086
30155051,simple,4,1,1.0,0.003810607413652991,0,1,0.002921267205043078,-0.0017813487523994503,0.003810607413652991,-0.011081363188908226
30117267,simple,0,0,0.0,0.10771560488100566,0,0,0.10771560488100566,0.005737687877843983,0.016398926680153587,-0.015071452096563617
30129633,simple,4,1,1.0,0.006467493757795862,0,1,0.003618914938991403,0.006467493757795862,0.0011039099567663364,-0.07350920483400802
30113694,simple,0,0,1.0,0.02549388461675836,0,0,0.02549388461675836,0.00541874530572263,-0.008236646491595369,-0.08273465071326616
30147043,simple,1,1,1.0,0.03582237650930285,0,1,-0.003246365172710774,-0.004645854883363203,0.005592241518233367,0.03582237650930285
30122144,simple,1,1,1.0,0.003926653462442836,0,1,0.003926653462442836,-0.0005877273583364297,0.001157796528229553,-0.033340279237208954
30129102,simple,1,1,1.0,0.004065656723123791,0,1,0.004065656723123791,0.0017674643661774354,0.001095789984905171,-0.046808840028743616
30109061,simple,0,1,1.0,-0.0015184061880886245,0,1,-0.0015184061880886245,-0.018536099398495633,-0.029215363550847903,-0.081895654955258
30164779,simple,3,1,1.0,0.0743619061378944,0,1,0.0743619061378944,0.026542177613638973,0.028025023752817742,0.034701811395797116
30155807,simple,2,0,0.0,0.3803026900783493,1,1,0.3803026900783493,-0.03361725794417281,-0.08116601158457529,0.09827700986787619
30104193,simple,0,0,1.0,-0.030320166822387154,0,0,-0.08662897524257061,-0.030320166822387154,-0.08276472146477071,-0.38498476854495756
30141884,simple,1,1,1.0,-0.011028227194939413,0,1,-0.011028227194939413,-0.1974051163385039,-0.2999986404923613,-0.46490417898219705
30139493,simple,3,1,1.0,-0.004155390200950997,0,1,-0.004155390200950997,-0.14869485371741736,-0.21652553005940756,-0.3224703733117686
30101016,simple,2,0,1.0,-0.0093915637532016,0,0,-0.0093915637532016,-0.10257019065427182,-0.13135890897470312,-0.06958004952586654
30107623,simple,4,1,1.0,0.019203693159540763,0,1,0.001992922160335968,3.6501272451666678e-06,0.007972522932525625,0.019203693159540763
30110620,simple,0,1,1.0,0.0034124556258203695,0,1,0.0011875082284552967,0.00243375437908553,0.0034124556258203695,-0.05009893778825655
30107573,simple,0,1,1.0,-0.0015548507049211145,0,1,-0.0015548507049211145,-0.023470606626772514,-0.03239023192271457,-0.07460329858737094
30137233,simple,3,1,1.0,0.007203294792749761,0,1,-0.01216940185855312,0.005943168197139704,0.007203294792749761,-0.03321175877712029
30140484,simple,0,1,1.0,0.01549462823539808,0,1,-0.005676726561104017,0.01515671486842421,0.01549462823539808,-0.03185301562364311
30134155,simple,4,1,1.0,0.0017246456269949806,0,1,0.0017246456269949806,-0.024652795981999105,-0.031207955481873707,-0.05209023977562766
30141289,simple,0,1,0.0,0.21886025927692176,0,1,0.21886025927692176,-0.011119066087365487,0.014503801952006852,-0.011648518559165016
30123039,simple,0,1,1.0,0.0236683375081864,0,1,0.0236683375081864,-0.13405783239893526,-0.20467082524423805,-0.371345662657961
30164035,simple,3,1,1.0,0.0031201930836041863,0,1,0.0031201930836041863,-0.002342601379725395,0.002570994508783807,-0.010735581575541171
30094512,simple,1,1,1.0,0.08228249356931011,0,1,0.08228249356931011,-0.041831171193220676,-0.029158228696403703,0.04665338856571849
30159692,simple,4,0,1.0,0.0526843718603993,0,0,0.012750110651414404,0.006226731118170327,0.0526843718603993,0.04143669492672772
30097873,simple,3,1,1.0,0.003116712634461876,0,1,-0.0020363633628026692,0.0014889568794843964,0.003116712634461876,-0.037831784811897376
30157015,simple,4,1,1.0,0.005898969123135599,0,1,0.005898969123135599,-0.0002245302380037631,0.0012480037343374148,-0.03969426165392176
30102247,simple,1,0,0.0,0.14022398774144373,1,1,0.14022398774144373,0.02165337155504562,0.03426374105317613,0.0723464530707508
30123556,simple,2,1,1.0,0.0144618518089315,0,1,-0.0022417370403391805,0.0144618518089315,0.006037171506418231,-0.06881147422572756
30142304,simple,1,1,1.0,0.007910589689048647,0,1,-0.0012457043763708792,0.0005946663011233526,0.007697991338303494,0.007910589689048647
30124027,simple,3,0,1.0,-0.04429270734180313,0,0,-0.04429270734180313,-0.11175995845165058,-0.12592673038388424,-0.14521072610300756
30148566,simple,0,1,1.0,0.004201451752070762,0,1,-0.001539598817273436,-0.00281953867827079,0.004201451752070762,-0.006826059207223192
30124018,simple,0,1,1.0,-0.00579892820491824,0,1,-0.00579892820491824,-0.021854157240228815,-0.02936387218478225,-0.065205543490123
30124591,simple,3,1,1.0,-0.0008432611933311962,0,1,-0.0008432611933311962,-0.014953108835873028,-0.02582133708857531,-0.08120396450650431
30117665,simple,1,1,1.0,0.023520157636504252,0,1,-0.002255085333191135,-0.0037639721932371563,0.004623392661284004,0.023520157636504252
30126760,simple,4,0,0.0,0.3330854296705995,0,0,0.3330854296705995,-0.01578687011011433,-0.008432544960464309,-0.052440185259086045
30096268,simple,2,1,1.0,0.015491588599029809,0,1,0.0005866433910285025,0.015491588599029809,0.0008703858900588959,-0.09894650218239617
30098814,simple,2,0,1.0,8.659079723034868e-06,0,0,8.659079723034868e-06,-0.0096986996968824,-0.011394603521583283,-0.017646602214476996
30125425,simple,3,1,1.0,0.0057604690727349195,0,1,0.004967848596620486,-0.0027016219006314093,0.0038370437288098996,0.0057604690727349195
30123097,simple,1,1,0.0,0.11556019137211526,0,1,0.11556019137211526,0.026958079743299408,0.03355648965601292,0.005968842741678804
30134554,simple,0,0,1.0,-0.0033881481978393496,0,0,-0.0033881481978393496,-0.00459958526413853,-0.01695897945164632,-0.07083552602680268
30148556,simple,3,1,1.0,-0.012077089225208809,0,1,-0.012077089225208809,-0.13689724301263656,-0.2410615690953981,-0.3792556774364211
30113528,simple,4,0,1.0,0.05787136691991358,0,0,0.05787136691991358,0.04117581499407851,0.030966226812057632,-0.01073063945791651
30112136,simple,0,1,1.0,0.00022846974019221852,0,1,0.00022846974019221852,-0.0063770423865945995,-0.014457926548658767,-0.04388738203330721
30125262,simple,4,1,1.0,0.00013140813068668322,0,1,0.00013140813068668322,-0.025048475159488957,-0.028752430820799594,-0.02323402362356694
30131468,simple,2,0,1.0,0.042868361754698034,0,0,0.042868361754698034,0.009703077297520856,0.01278180748182153,-0.003323062890552647
30151213,simple,3,1,1.0,0.0037385203052908295,0,1,0.0037385203052908295,-0.009340446452410693,-0.014749994202840188,-0.03859343897862173
30102893,simple,3,1,1.0,0.022344649591674384,0,1,8.069563925583792e-05,-0.015189209185381315,-0.013480551712598286,0.022344649591674384
30101105,simple,0,1,1.0,-0.007015018033585525,0,1,-0.007015018033585525,-0.025109846760771,-0.027959925809529898,-0.01864172682571464
30164627,simple,3,1,1.0,0.005190118935395765,0,1,0.005190118935395765,-0.024993336429784206,-0.027171216446580167,-0.010644964062138662
30117677,simple,4,0,1.0,-0.014798719961528324,0,0,-0.014798719961528324,-0.06199883263374636,-0.12642938529936762,-0.30586931133113726
30103735,simple,3,1,1.0,0.006289680599457247,0,1,-0.0009239212207552208,1.8595870176026444e-05,0.006289680599457247,0.004463577034119218
30134217,simple,0,1,1.0,0.003011446181266704,0,1,0.0013977720128985661,-0.00041657718077580536,0.003011446181266704,-0.03351211936207882
30160898,simple,4,1,1.0,0.006547193454986527,0,1,0.006547193454986527,-0.00040146567600368374,0.0038630085880978667,-0.012477548707513192
30159246,simple,3,1,1.0,0.007168671164555933,0,1,0.007168671164555933,-0.0025178625537769315,0.0009260329100467916,-0.02320318134248414
30151717,simple,3,1,1.0,0.00485571070355878,0,1,3.7835426531365735e-05,-0.0013862687620945034,0.00485571070355878,0.0027703807707305655
30123634,simple,2,1,1.0,0.007034602916479945,0,1,0.007034602916479945,-0.000533710758889621,-0.0006556196801322973,-0.04098065399439283
30115336,simple,0,1,1.0,0.0032966280854165135,0,1,0.0032966280854165135,-0.004295398067201792,0.0013009723342603877,-0.014223596483197161
30111371,simple,0,1,1.0,0.009742090228768242,0,1,-0.00947842210566564,0.0071941094756746565,0.009742090228768242,-0.04940070492259796
30110999,simple,3,1,1.0,-0.008992026896586965,0,1,-0.008992026896586965,-0.019513003871005255,-0.06650732090355109,-0.25774898022592124
30122807,simple,4,1,1.0,0.009463648242229783,0,1,0.009463648242229783,0.0026789038197690927,-0.0018110274654099916,-0.07383035354986762
30120515,simple,2,1,1.0,0.052841431229085994,0,1,-0.04757744806106595,0.052841431229085994,0.027451427235466928,-0.11254303293785173
30119253,simple,4,1,1.0,0.005243611279193667,0,1,0.0010579359610334675,-0.0015734281648061774,0.005243611279193667,-0.0011946722623071976
30110101,simple,0,1,1.0,-0.040714007233686414,0,1,-0.040714007233686414,-0.05762090190128232,-0.11585985319963016,-0.2663847615989309
30117634,simple,4,1,1.0,0.0078033247491587215,0,1,0.0078033247491587215,0.0042920316364018635,-0.006121189960714899,-0.11441376307025558
30129798,simple,3,1,1.0,0.004260116902334719,0,1,0.004260116902334719,-4.9707970778635827e-05,-0.001301875839374609,-0.06327451447453107
30108965,simple,4,1,1.0,0.019375687620042478,0,1,-0.0016124761170338495,-0.0010397753217663563,0.00802633875704879,0.019375687620042478
30139147,simple,1,1,1.0,0.043847371582172466,0,1,0.043847371582172466,-0.0137099411651271,-0.022633881694642515,-0.10290957185177499
30163677,simple,3,1,1.0,-0.0028273860032445117,0,1,-0.01941990998808,-0.0028273860032445117,-0.04578140795075682,-0.210833049637537
30120404,simple,4,1,1.0,0.0051527246389696905,0,1,0.0051527246389696905,-0.0009541125158937999,0.004617740579776392,-0.0033515513411260384
30147273,simple,3,1,1.0,0.007990475994289816,0,1,-0.007247849264045196,0.007990475994289816,-0.012990501369272142,-0.1427769401200788
30115260,simple,2,1,1.0,0.015035698708516593,0,1,0.0022128562167822996,-0.0075233799418644685,0.0027532860022299356,0.015035698708516593
30151747,simple,2,1,1.0,0.004994221223073664,0,1,0.004994221223073664,-0.007527405669695775,0.0008306783085780568,0.0023681638462279275
30124068,simple,2,1,1.0,0.004308847991733141,0,1,0.004308847991733141,-0.00042690163275640666,0.000760295092372517,-0.03138296620371427
30139937,simple,2,1,1.0,0.048758929269526796,0,1,-0.0038097685337580983,0.000502069836250979,0.01582414624115611,0.048758929269526796
30166472,simple,3,0,1.0,-0.00019236597629410795,0,0,-0.00019236597629410795,-0.1021543187735444,-0.19751336094711405,-0.4120001433198141
30122521,simple,1,1,1.0,0.0035691557313820427,0,1,0.0035691557313820427,0.0016575326384676396,0.0019998583894288748,-0.04110563839609876
30143670,simple,3,1,1.0,0.0034788382264471646,0,1,0.0034788382264471646,0.0029135397721853414,0.0031906126178735637,-0.04749952271079804
30102329,simple,2,1,1.0,0.005181055431577573,0,1,-0.002724587139782169,0.0013515161075735617,0.005181055431577573,-0.010131717062565493
30133572,simple,2,1,1.0,0.0035029160423421593,0,1,0.0035029160423421593,-0.003965244459096209,0.0016178617504518204,-0.00920710725282782
30135722,simple,3,1,1.0,0.00845804858341993,0,1,0.00845804858341993,-0.004055150703983356,-0.0002605934469675428,-0.022593908205948254
30100770,simple,0,1,1.0,-0.007405744854504286,0,1,-0.007405744854504286,-0.06785381426472967,-0.07484781797746126,-0.08113231914097961
30153615,simple,0,1,1.0,0.003980128165070929,0,1,-0.00034762660312581337,-0.0011720872820623895,0.003980128165070929,-0.020464389621168783
30163649,simple,2,1,1.0,-0.002949185076399425,0,1,-0.002949185076399425,-0.01093686019151344,-0.02268602950980619,-0.07436227788124238
30095447,simple,1,1,1.0,0.0043794595829563555,0,1,0.0011432019399797363,0.00014134914157729397,0.0043794595829563555,-0.013632352566150863
30122256,simple,0,1,1.0,0.002521005604563177,0,1,0.001316775642822527,-0.001871727812895005,0.002521005604563177,-0.028511186766660215
30140396,simple,1,1,1.0,0.006578739037286771,0,1,0.0009073748430474676,-0.004520949823832481,0.002863980313026624,0.006578739037286771
30148879,simple,3,1,1.0,0.006541535438183317,0,1,0.006541535438183317,0.0008620123226443042,0.0026850811688270207,-0.028326288339901133
30127484,simple,1,1,1.0,0.0018839168691925472,0,1,0.0015092340889309996,-0.002436723301044174,0.0018839168691925472,-0.009863332759207637
30115585,simple,3,0,0.0,0.18038447755576498,0,0,0.18038447755576498,0.0847459413222719,0.03622624490337874,0.061788404626003296
30124271,simple,0,1,1.0,0.002452967992719983,0,1,0.002452967992719983,-0.0013165392057245956,0.0023765064416782153,-0.029346079596231235
30149748,simple,3,1,1.0,0.04117010681595319,0,1,0.04117010681595319,-0.03524766802180531,-0.05072996846370321,-0.12809711671020493
30153747,simple,3,0,1.0,0.013957110388727018,0,0,0.013957110388727018,-0.07376675624668066,-0.09062710338179697,-0.16246254509041094
30109426,simple,1,1,1.0,0.09369578287935533,0,1,0.09369578287935533,0.03325486745402097,0.03725529008832178,0.0339523740802094
30131054,simple,3,0,1.0,0.037049250056758014,0,0,0.037049250056758014,0.02738139252419603,0.029661522511160034,-0.022978583240036154
30135889,simple,0,0,1.0,-0.001989172880939905,0,0,-0.001989172880939905,-0.018519167416096993,-0.024841576647948255,-0.039773774985729954
30099541,simple,4,0,0.0,0.15623702186151817,0,0,0.15623702186151817,0.03788324866114015,0.030441615571051354,0.0012297825136931145
30137884,simple,0,1,1.0,-0.0048724642610027055,0,1,-0.0048724642610027055,-0.024582966319461823,-0.02900715613676902,-0.0313952001759026
30142137,simple,3,1,1.0,0.039064042597133954,0,1,0.039064042597133954,-0.03435439930604164,-0.04913286406998302,-0.12932470919777872
30126787,simple,2,1,1.0,0.004237114354374835,0,1,0.0013561758833512579,-0.004794325011648826,0.003033908946667111,0.004237114354374835
30097432,simple,4,1,1.0,-0.0017299949246239177,0,1,-0.0017299949246239177,-0.017363795837631694,-0.050889554776613666,-0.18909613383041346
30161634,simple,4,1,1.0,0.01098896414438831,0,1,0.01098896414438831,-0.3001132848948606,-0.412392932335026,-0.5468683735591899
30147748,simple,3,1,1.0,0.03895852826445058,0,1,0.03895852826445058,-0.09795175376237296,-0.1699424759088688,-0.33577365447533264
30127524,simple,1,1,1.0,0.030544037050017764,0,1,-0.002863932455906125,-0.00407580100983981,0.005385779543983237,0.030544037050017764
30109476,simple,4,1,1.0,0.0002857744282410424,0,1,-0.0013666114527499731,-0.010555881989700484,-0.013709606585148356,0.0002857744282410424
30113390,simple,2,1,1.0,0.046040858213327464,0,1,0.046040858213327464,-0.19813817991727126,-0.2997005017313145,-0.4540370048311853
30155559,simple,4,1,1.0,0.01458419860207106,0,1,-0.03155661866907514,0.01458419860207106,-0.01425537773654304,-0.15422323439257163
30107019,simple,4,1,1.0,0.005458279967051376,0,1,0.0022252178271822583,-0.0012374304963891844,0.005458279967051376,0.0012854685264898913
30150702,simple,1,0,1.0,0.02238483115610754,0,0,0.02238483115610754,0.018974978695999404,0.01828449836438754,-0.010230142025979536
30132734,simple,4,1,1.0,0.0063753931776559525,0,1,0.0063753931776559525,-0.000475288724257384,0.0037380941414284392,-0.014019310396134126
30166858,simple,4,1,1.0,0.005672625980150659,0,1,9.95288041816568e-05,-0.0018922024319456276,0.005672625980150659,0.0036353787006388055
30126117,simple,2,1,1.0,0.0017529335284070975,0,1,0.0017529335284070975,-0.027640277642363816,-0.036765515775007876,-0.06831053482233722
30146674,simple,1,1,1.0,-0.010035396361191648,0,1,-0.010035396361191648,-0.03366015665708309,-0.08139070555883,-0.2691693210053567
30127470,simple,2,1,1.0,0.008212202307875786,0,1,0.008212202307875786,0.0002546400147208257,-0.0005732822612321241,-0.0459750484556373
30102557,simple,1,0,4.0,0.11819836512406387,0,0,0.0585386798866679,0.017363517957929227,0.03984759568814385,0.11819836512406387
30157996,simple,3,1,1.0,0.007432117158529835,0,1,0.007432117158529835,-0.0033011962020862307,-0.001083994019257288,-0.03760436419887843
30147980,simple,0,1,1.0,0.00138120506527133,0,1,0.00138120506527133,-0.017587740285398508,-0.034582831118028554,-0.14991411667975307
30161295,simple,3,0,0.0,0.2605126011042396,1,1,0.2605126011042396,-0.0026646716266286157,-0.0007372481552548847,-0.060252791361443625
30151981,simple,0,1,1.0,-0.002248658830065701,0,1,-0.008319249912368699,-0.002248658830065701,-0.03528513570596536,-0.15287935782699447
30128626,simple,2,1,4.0,0.11590473410392071,0,1,0.07723856263187473,0.0012539819348929802,0.09863663649101069,0.11590473410392071
30112144,simple,1,1,1.0,-0.004153977156517424,0,1,-0.004153977156517424,-0.02731655549210558,-0.033892568046847676,-0.047685636700495894
30135205,simple,1,1,1.0,0.0017510863158252156,0,1,0.0017510863158252156,-0.024564273159300837,-0.03843963377979025,-0.10482864328456076
30163068,simple,3,1,1.0,0.0008731676216603701,0,1,0.0008731676216603701,-0.02495475234035638,-0.032804620185021956,-0.06936030240656005
30143758,simple,0,1,1.0,0.012000344314594583,0,1,-0.0058052500084727655,0.0047539023575202816,0.012000344314594583,0.0072539706552169625
30125038,simple,0,1,1.0,0.0005041010387018159,0,1,0.0005041010387018159,-0.022507776856745015,-0.03249587859129051,-0.08076650536498411
30115756,simple,4,1,1.0,0.006192519884402416,0,1,0.006192519884402416,-0.0018726357889506454,0.0013533783434098653,-0.02978776280646897
30148599,simple,4,1,1.0,-0.0031719667477176083,0,1,-0.0031719667477176083,-0.01673095908047692,-0.019272704848647182,-0.004265907912784431
30134046,simple,2,1,1.0,-0.005658106627920614,0,1,-0.009360409192836951,-0.005658106627920614,-0.033098163638466134,-0.13468507720941575
30110598,simple,4,1,1.0,0.006169084511006732,0,1,0.006169084511006732,-0.0015925712727166315,0.0013650947243043013,-0.03184719902990328
30151550,simple,1,1,1.0,0.03329211065798844,0,1,-0.011635045988031473,-0.02274542315169426,-0.019427200537416447,0.03329211065798844
30144864,simple,1,0,1.0,-0.0391393676042744,0,0,-0.0391393676042744,-0.6251113730933171,-1.0472538572795844,-1.0476606128825403
30143674,simple,1,1,1.0,0.003000554936789284,0,1,0.0022827832922215213,-0.0013822614992594316,0.003000554936789284,-0.015356275120401178
30136440,simple,3,1,0.0,0.2923350456599309,-1,0,0.2923350456599309,-0.022109559919646797,-0.011552433346567303,0.04276218167329454
30115855,simple,1,1,1.0,0.0036089739365134585,0,1,-0.0014728635569464105,-0.0008468195941374844,0.0036089739365134585,0.0019434126923692369
30139187,simple,3,1,1.0,0.0036805411644968977,0,1,0.0027539857571233888,-0.0021612370442710433,0.0036805411644968977,-0.0013521862648775834
30145224,simple,0,0,1.0,0.0018984703982718627,0,0,0.0018984703982718627,0.0007496170339032458,-0.007279356068717723,-0.038053373495444395
30139785,simple,4,1,1.0,0.0024950079795552707,0,1,0.0004331103867738009,-0.002592735248863505,0.0024950079795552707,-0.02513607048190019
30125553,simple,0,1,1.0,-0.00044364677736882796,0,1,-0.00044364677736882796,-0.02482267825441116,-0.033134891399970196,-0.06718430174794618
30112416,simple,3,1,1.0,-0.029774337918448024,0,1,-0.029774337918448024,-0.1002055836658984,-0.107472033527579,-0.18791422355250242
30149632,simple,0,1,1.0,0.0057139814316417015,0,1,0.0003993628144630078,-0.004713359201733963,0.0032317657117583026,0.0057139814316417015
30156765,simple,1,0,1.0,0.05539355921612895,0,0,0.05539355921612895,0.040356825331895066,0.04091788471832761,-0.017557557610566217
30157703,simple,2,1,1.0,0.004697069174340821,0,1,0.004697069174340821,-0.007112185831847379,0.0008586339213323725,0.000872869378543889
30139190,simple,0,1,1.0,0.012017572819429362,0,1,0.0007346696181231606,-0.005415342332578378,0.0030958464415947046,0.012017572819429362
30095796,simple,2,0,0.0,0.25690024689126306,0,0,0.25690024689126306,-0.04829025091589406,0.004881202874920134,0.05979063126196599
30143528,simple,0,1,1.0,-0.003287667686026466,0,1,-0.003287667686026466,-0.025131450112375248,-0.030459829421041973,-0.03908775914009058
30140593,simple,1,1,1.0,0.017242156676150283,0,1,-0.003421703450970478,8.769760013247266e-05,0.006878825210895948,0.017242156676150283
30144196,simple,3,0,1.0,0.04252481128082307,0,0,0.04252481128082307,-0.04383804732476718,-0.08805808430654338,-0.2222108731710289
30154824,simple,0,1,1.0,0.0030893408543155344,0,1,0.0030893408543155344,0.0016921228700120042,0.002276938095300808,-0.05138488217694483
30137724,simple,1,1,1.0,0.007775647340932328,0,1,0.0017330528494591546,0.007775647340932328,0.004008401039525704,-0.06542641458906995
30116836,simple,2,1,1.0,0.002277292789402679,0,1,0.002016230482843405,-0.003943204682908531,0.002277292789402679,-0.004301620159145578
30115101,simple,2,1,1.0,0.04740902727731698,0,1,-0.009404813654279327,-0.004546075580666619,0.009480507388301935,0.04740902727731698
30139429,simple,3,0,0.0,0.17114773884240136,1,1,0.17114773884240136,0.0032264177222617128,0.013502889226535614,-0.010915777968689755
30143168,simple,3,0,0.0,0.16643672245555924,0,0,0.16643672245555924,-0.0026109652489308254,0.030066941784626468,-0.0014180441119213821
30097554,simple,1,1,1.0,0.0034086652677674002,0,1,0.002339898855388968,0.0034086652677674002,0.0028127358971522243,-0.0419049206672864
30125444,simple,0,1,1.0,0.01152883891445888,0,1,0.01152883891445888,-0.001376110626002923,-0.005133388214034036,0.010593020585994345
30152645,simple,4,0,1.0,-0.021236148766526318,0,0,-0.021236148766526318,-0.03973135168402499,-0.09044555410430129,-0.20071671984743183
30092691,simple,0,0,0.0,0.1802763265537351,0,0,0.1802763265537351,0.009429551860965196,0.025191732150512104,-0.020991058260364764
30136918,simple,0,1,1.0,-0.0032507601247094044,0,1,-0.0032507601247094044,-0.024580830783366918,-0.031237491127899232,-0.05387889760277713
30099944,simple,4,1,1.0,0.014312300450312856,0,1,0.0033764096690013477,-6.225793400951168e-05,0.007194776968459455,0.014312300450312856
30134724,simple,3,1,1.0,0.003304597778391089,0,1,0.0007725670168185345,0.003304597778391089,0.0006026005059356805,-0.06567088875625862
30164283,simple,4,1,1.0,0.05393831007134399,0,1,0.05393831007134399,-0.036952509661180175,-0.04492004084306056,-0.17917232610011172
30146816,simple,1,1,1.0,0.0375472356699543,0,1,-0.0060583048639618435,0.03495643687480132,0.0375472356699543,-0.048465135902461286
30110546,simple,0,1,1.0,0.006192706419553773,0,1,0.0011066431458055803,0.0014990063201724968,0.006192706419553773,-0.016339951297766324
30151406,simple,1,1,1.0,0.01912763824910355,0,1,-0.12102171201726376,0.010654650115086744,0.01912763824910355,-0.1455456133989968
30166623,simple,4,1,1.0,0.04477904574327054,0,1,0.04477904574327054,-0.03333122396949208,-0.029384896718855014,-0.0675777686846808
30160249,simple,3,1,1.0,0.004401271378789328,0,1,-0.006063644183096673,0.002684880578650255,0.004401271378789328,-0.03572051647512692
30143393,simple,0,1,1.0,0.002521467873764338,0,1,0.0016311453303815525,-0.0018375645086542575,0.002521467873764338,-0.026628687531270304
30146180,simple,4,1,1.0,0.02911453387808649,0,1,0.0022620071770083454,0.003547577352954731,0.0014878227729834756,0.02911453387808649
30116136,simple,2,1,1.0,-0.0014945122730642586,0,1,-0.0014945122730642586,-0.029216846582094714,-0.03193012025739857,-0.032836409458792126
30113811,simple,2,1,1.0,0.003090134947210464,0,1,0.003090134947210464,-0.0017115408451642382,0.0020658671713767486,-0.01741662704614621
30147136,simple,4,1,1.0,0.0006980165387108703,0,1,0.0006980165387108703,-0.022871727323984688,-0.028470215848515956,-0.040391173420690776
30147590,simple,4,1,1.0,0.009620499782983804,0,1,-0.008499438575368508,0.009620499782983804,0.005671768009195905,-0.06397147264219381
30126180,simple,4,1,1.0,0.00989697125096044,0,1,0.00989697125096044,0.0007478873401150256,-0.0010777934738804493,-0.061423600895555944
30148089,simple,3,1,1.0,0.005696793864311423,0,1,0.005696793864311423,-0.003277897428767036,-0.000487133359948079,-0.032497090042747416
30103581,simple,4,1,1.0,0.004248070355321102,0,1,0.004154814232958468,-0.00147720603805402,0.004248070355321102,-0.0058173476130836815
30140732,simple,0,1,1.0,0.004092537630350383,0,1,-0.0002534871143363808,-0.0024736618027413892,0.004092537630350383,-0.00708110836049515
30142213,simple,2,1,1.0,0.0043954081933794235,0,1,0.0043954081933794235,-0.08467755772390732,-0.1691754498857963,-0.3742405563419501
30127754,simple,0,0,0.0,0.1808047777642864,1,1,0.1808047777642864,0.006647355393726018,-0.08482922455134911,-0.14978832519940083
30147879,simple,1,1,1.0,0.014344692002354109,0,1,-0.0012880292788919091,-0.003314352519827885,0.003902772941329357,0.014344692002354109
30147674,simple,2,1,1.0,0.006452123114149912,0,1,0.006452123114149912,-0.0065471671053581905,-0.00012150191919889017,-0.008761011864323223
30139055,simple,2,1,1.0,0.0007139203839315288,0,1,-0.010628726594717083,0.0007139203839315288,-0.02959231582174725,-0.14187507765934582
30134911,simple,1,1,1.0,0.011808187912192274,0,1,-0.002973756986753326,0.011808187912192274,-0.0017126130349619205,-0.11408647147750642
30140798,simple,1,1,1.0,0.002655534266184232,0,1,0.00034547851745307667,-0.001916708674020686,0.002655534266184232,-0.004405963225531981
30112827,simple,4,1,1.0,-0.00489385075771568,0,1,-0.00489385075771568,-0.01113218286371228,-0.02311129628062956,-0.08299217304269202
30147283,simple,1,1,1.0,-0.019478636278052353,0,1,-0.019478636278052353,-0.06530456669955202,-0.12108336044924531,-0.2760175632473736
30094706,simple,3,1,1.0,0.00340472960126615,0,1,0.0030987649726624752,-0.002473070768179998,0.00340472960126615,-0.0013236054687909837
30128168,simple,2,1,1.0,0.022263903140167986,0,1,0.022263903140167986,-0.026319927127283854,-0.026263973545530384,-0.03403486251209406
30100178,simple,4,0,0.0,0.17071337500501294,0,0,0.17071337500501294,0.03736136048603473,0.03038954525827819,-0.006869338597585303
30129600,simple,4,1,1.0,0.00901862161369845,0,1,-0.002501473519460666,0.00901862161369845,-0.00594816606096088,-0.10408383801082338
30094687,simple,3,1,1.0,0.009370926597024404,0,1,0.006007168290057903,-0.003070834390361472,0.003842381384519488,0.009370926597024404
30134869,simple,3,1,1.0,0.007078972380608782,0,1,-5.462086327125831e-05,0.007078972380608782,0.003882730224707663,-0.0529278179319229
30106693,simple,3,0,4.0,0.13805519946435335,0,0,-0.028386535340813118,-0.015523666147341476,0.06927156497846468,0.13805519946435335
30119430,simple,3,1,1.0,-0.08236621824071347,0,1,-0.08236621824071347,-0.22252010579456075,-0.30133998848793486,-0.3746809206091094
30127810,simple,2,1,1.0,0.012890918829932124,0,1,0.0019054304096126108,-0.006987488462277997,0.0027663740966566465,0.012890918829932124
30132727,simple,2,1,1.0,0.07696850305162886,0,1,0.07696850305162886,0.027560142463474647,0.030332570087954296,0.020610442851671157
30164814,simple,2,1,1.0,0.0057926232566137235,0,1,0.0057926232566137235,-0.0033521689824125393,-0.00018277264434947774,-0.02363928015055953
30128184,simple,3,1,1.0,-0.0036115999576046554,0,1,-0.0036115999576046554,-0.018902226398671083,-0.034161523232737884,-0.12765469638634966
30116085,simple,2,1,1.0,0.016778149123537853,0,1,-0.006063773734667367,-0.0015149196589327903,0.00702778630168344,0.016778149123537853
30137974,simple,1,1,1.0,-0.004765786633313722,0,1,-0.004765786633313722,-0.1569277527810475,-0.24627552446933815,-0.41636316132464274
30147313,simple,4,0,1.0,0.03157999309115976,0,0,0.029293168608648005,0.03157999309115976,0.022073388783215995,-0.01413222313131439
30148988,simple,1,0,1.0,0.04214103396102989,0,0,0.04214103396102989,-0.011030999825104183,-0.023543422259317454,-0.11790590988121905
30109722,simple,0,1,1.0,0.0051204092744838725,0,1,-0.0029278329854659953,-0.001860355567477899,0.0051204092744838725,-0.00846586217403203
30126049,simple,1,1,1.0,0.009251098898472625,0,1,-0.006596250472128303,0.006613505268136595,0.009251098898472625,0.005467310407088685
30117537,simple,0,1,1.0,0.003636939871379547,0,1,0.003636939871379547,-0.19847137746988558,-0.30031936030176715,-0.5044544691187796
30131197,simple,4,0,1.0,0.002343706781702211,0,0,0.0013095033812378747,0.002343706781702211,-0.0030690634420830754,-0.090761038309314
30127869,simple,2,1,1.0,0.0031036822797863226,0,1,0.0031036822797863226,-0.028051363398524997,-0.0372408707346739,-0.07029140290043115
30124240,simple,1,1,1.0,0.01564990775652247,0,1,-0.0020649475147119824,0.01564990775652247,-0.0011026846211528649,-0.13015065892911684
30143536,simple,0,0,1.0,-0.005702768583500221,0,0,-0.005702768583500221,-0.006235545430302487,-0.03564335953253253,-0.13754036387035576
30121458,simple,0,1,1.0,0.004088017554474459,0,1,-0.0004100494721429593,-0.002885174291219754,0.004088017554474459,-0.0036617714827109626
30117607,simple,0,1,1.0,0.0038983338728509273,0,1,-0.001018569055983496,-0.003918893852983808,0.0038983338728509273,0.0018210423871351245
30102722,simple,0,1,1.0,0.0045571530605635485,0,1,-0.0006495936591469458,-0.0003355045706429638,0.0045571530605635485,-0.0220272126504365
30106138,simple,2,0,1.0,-0.018664022035122886,0,0,-0.03815939312107709,-0.05130705555087263,-0.043828066049426614,-0.018664022035122886
30139892,simple,1,0,0.0,0.3343354243246126,0,0,0.3343354243246126,-0.03170244506304859,-0.01119493733316185,-0.00634408487008295
30143899,simple,0,1,1.0,0.005628707281358128,0,1,-0.003760920911554874,-0.0012679037463735818,0.005628707281358128,-0.010370484688188027
30134022,simple,1,1,1.0,0.0024547379561575752,0,1,0.0024547379561575752,-0.019825252720429048,-0.03635205963111937,-0.12713399907353773
30113980,simple,0,1,1.0,-0.016963544729071255,0,1,-0.016963544729071255,-0.07655372846426027,-0.14122913725546937,-0.3076892207087669
30130056,simple,0,1,1.0,0.013856655932751673,0,1,0.0009403501867357757,0.013856655932751673,0.0045533231351267515,-0.09241264601305052
30127884,simple,1,1,1.0,0.002338026266628563,0,1,0.0016031721267513246,-0.0034242835545579935,0.002338026266628563,-0.003924529358830531
30144194,simple,4,1,1.0,0.006226776185131056,0,1,0.006226776185131056,-0.00043499312433346524,0.003801657419290106,-0.013949189774752693
30134641,simple,2,0,1.0,0.004729916379734571,0,0,-0.016120242735057296,0.004729916379734571,-0.01710408997099677,-0.10357748241254836
30117243,simple,1,1,1.0,0.0026008726307876553,0,1,0.001269177542604999,-0.0005882318322675724,0.0026008726307876553,-0.015623726938637034
30122307,simple,4,1,1.0,0.0052817563712795335,0,1,-0.006450043911002477,0.0052817563712795335,-0.002021748894713068,-0.08725483781855416
30166389,simple,0,1,1.0,0.0067612226192623505,0,1,-0.012208681090263854,0.0067612226192623505,-0.020427929509673662,-0.1288260931001337
30124187,simple,2,1,1.0,0.009559471041988642,0,1,-0.00016141187524857173,0.009559471041988642,0.004159378999143388,-0.05572225105251805
30150311,simple,3,1,1.0,0.009473680342504662,0,1,-0.0015528993380535955,-0.0004016848933994354,0.006457142454513669,0.009473680342504662
30130721,simple,2,0,1.0,0.013042697052423318,0,0,0.013042697052423318,-0.1337706141287197,-0.177865277359744,-0.25305716612281276
30141467,simple,2,1,1.0,0.002587469499009485,0,1,0.002587469499009485,-0.003051009693806537,0.0020102100300379046,-0.01059452467768375
30103023,simple,1,1,1.0,-0.0003559083581886613,0,1,-0.0003559083581886613,-0.026586563342583348,-0.03729289803069746,-0.08102162707401976
30113027,simple,3,1,1.0,0.0020096568831263657,0,1,0.0019652076360936743,-0.0021207890144499305,0.0020096568831263657,-0.018890250237773354
30124181,simple,1,1,1.0,0.004831721563821185,0,1,-0.007600447438687246,0.004831721563821185,-0.022234274739813008,-0.17607479507101154
30093951,simple,4,1,1.0,0.0006839244551732626,0,1,0.0006839244551732626,-0.02289440705679569,-0.027896412784747807,-0.03312857191231705
30139995,simple,4,0,1.0,0.0019571815074634243,0,0,-0.0028526996442033332,0.0019571815074634243,-0.005497463798775474,-0.10693320842144151
30092696,simple,3,1,1.0,0.005227138764948701,0,1,0.005227138764948701,-0.003305169516061206,0.0016719547133550727,-0.010861278618998355
30139422,simple,2,0,0.0,0.10433024870235579,0,0,0.10433024870235579,0.03485138873448393,0.03348942990977585,-0.02728497994317726
30131314,simple,4,1,1.0,0.03937028598764002,0,1,0.03937028598764002,0.023884269186294875,-0.016187064897901313,-0.037753651032064815
30124562,simple,0,1,1.0,0.00857407112644034,0,1,-0.0014080598700924214,0.0037027849917268263,0.00857407112644034,-0.01105358613452389
30145188,simple,1,0,1.0,0.045950940237444955,0,0,0.045950940237444955,-0.013081904191002709,-0.028320768924765618,-0.14216146516969375
30113200,simple,4,1,1.0,0.003693188950911464,0,1,-0.0033784040280406755,-0.0037581066875363098,0.003693188950911464,-0.011699571823403025
30112331,simple,2,0,1.0,0.008420763141860254,0,0,0.008420763141860254,-0.01578473911295521,-0.03014987154344943,-0.12567481992612445
30142930,simple,3,1,0.0,0.1499167838893779,-1,0,0.1499167838893779,0.018072480441897396,0.02293880196615932,0.008787234854691836
30109886,simple,3,1,1.0,0.003860945331925658,0,1,-0.001382764587387994,-0.0008725073606014998,0.003860945331925658,-0.012051470531820693
30127799,simple,1,1,1.0,0.06994447266866854,0,1,-0.020710118914285203,0.027014819610231246,0.04067145953929391,0.06994447266866854
30135293,simple,2,1,1.0,0.006844007705431414,0,1,0.006844007705431414,-0.0051705036956658755,-0.00019474922384556462,-0.016249672607233756
30095146,simple,0,1,1.0,-0.01899347094506715,0,1,-0.01899347094506715,-0.05759028379525227,-0.11196745588126508,-0.2515244324179585
30121665,simple,1,1,1.0,0.0033579128583921466,0,1,0.0033579128583921466,-0.0003374551161391577,0.0030769124024660165,-0.025833472208125555
30166603,simple,3,1,1.0,0.007534898520520486,0,1,0.005869129428354859,-0.0030546648155564352,0.0036792565696322985,0.007534898520520486
30157289,simple,2,0,1.0,0.026627989216135947,0,0,0.026627989216135947,-0.005843396074370913,-0.007397161726259784,-0.04352663855723415
30118655,simple,3,0,1.0,-0.07496113199951589,0,0,-0.07496113199951589,-0.08766270551165183,-0.11533802746723415,-0.20878818313608782
30128133,simple,3,0,1.0,0.09498806932833093,0,0,0.09498806932833093,0.04496732688344009,0.04485167874744197,-0.01719170688510533
30141302,simple,0,1,0.0,0.10007935299983611,0,1,0.10007935299983611,0.022110781499057625,0.019579326479434132,0.0437059595685963
30160918,simple,3,0,1.0,-0.011751336350073874,0,0,-0.011751336350073874,-0.036011235504512434,-0.09437357762126031,-0.2486663791654042
30138974,simple,2,1,1.0,0.020466894893866105,0,1,-0.003885557474711702,-0.0038872463521810417,0.005966924640198403,0.020466894893866105
30111109,simple,4,0,1.0,0.03980194913226726,0,0,0.03980194913226726,-0.017825834295503502,-0.040917977564812885,-0.17625089267035515
30106792,simple,4,1,1.0,0.0037760444951379576,0,1,0.0037760444951379576,-0.01952987196725542,-0.05351465244076459,-0.22277934709496972
30123584,simple,3,0,1.0,0.025497159873754775,0,0,-0.006648225459551647,0.025497159873754775,0.01125720085805177,-0.07408731498585881
30154999,simple,4,0,1.0,0.07077356713781935,0,0,0.07077356713781935,0.05382621146261491,0.04432129534657124,-0.024877350102211024
30122799,simple,2,1,1.0,0.08588458639220384,0,1,0.08588458639220384,0.001914772897305097,0.036318414044213404,0.030521484781271813
30121797,simple,0,1,1.0,0.011867707680137694,0,1,0.011867707680137694,-0.018849120753579196,-0.05067397287993648,-0.1643032415634314
30140317,simple,0,1,1.0,0.003983962265064776,0,1,-0.0057179670023619344,0.003983962265064776,-0.019027525519011507,-0.10502237136915471
30130812,simple,1,0,1.0,0.00221127225020323,0,0,0.00221127225020323,-0.1823180148825999,-0.2850067756196628,-0.484471366600909
30116914,simple,1,0,0.0,0.126329292436007,1,1,0.126329292436007,0.030780786074394755,0.03617313714311067,-0.023531664215037496
30146894,simple,3,0,1.0,-0.014596790634092062,0,0,-0.014596790634092062,-0.13228284580994654,-0.23540398258260295,-0.3854381539976502
30106606,simple,2,1,1.0,0.01003457188730826,0,1,0.01003457188730826,-0.0019185017845075349,-0.0013704482838189473,-0.04157577896555371
30146121,simple,3,0,0.0,0.13427280918017592,0,0,0.13427280918017592,-0.04007242023137597,0.000275491931497715,0.010088715279746585
30155776,simple,4,1,1.0,0.004583839136974525,0,1,0.004583839136974525,-0.002547449624037239,0.002113486958755812,-0.020325429346291383
30106997,simple,1,1,1.0,0.002842162352165334,0,1,0.002842162352165334,-0.024132293957186867,-0.03868809342885021,-0.11301504907489757
30137480,simple,3,1,1.0,0.0086430815198781,0,1,0.0086430815198781,-0.004071640114918356,0.0013749068996065095,-0.00585099952245155
30128189,simple,1,1,1.0,-0.0023062674265452894,0,1,-0.0023062674265452894,-0.026721248397768845,-0.03572885096394557,-0.06589816456895353
30108913,simple,2,1,1.0,0.011611063730794343,0,1,0.002125026956037994,0.011611063730794343,0.0017144470123101503,-0.07907870783215512
30136914,simple,3,1,1.0,0.0057295650604498,0,1,0.0057295650604498,-0.011830757675149397,-0.015622036086934549,-0.022581216240602102
30146119,simple,4,1,4.0,0.15154350153279467,0,1,0.0037701968444714476,0.006785591221455098,0.033097095985483396,0.15154350153279467
30142428,simple,1,1,1.0,0.015239846952378996,0,1,-0.0008007690159657736,-0.004036165010030259,0.00378049260456945,0.015239846952378996
30148145,simple,4,1,1.0,0.0040850569963989565,0,1,0.0025525741671034927,-0.0009868972855005508,0.0040850569963989565,-0.014331733589820782
30147222,simple,0,1,1.0,0.005253795875342061,0,1,-0.0019157590841970724,0.0009733904503094054,0.005253795875342061,-0.026922143789631578
30163648,simple,2,1,1.0,-0.012336875776818298,0,1,-0.012336875776818298,-0.01994118627857319,-0.06514130964575916,-0.20133648119108197
30156883,simple,2,1,1.0,-0.004129966290797,0,1,-0.004129966290797,-0.17494485445575922,-0.2643245572277414,-0.3976025667292618
30109155,simple,1,1,1.0,0.0045948522521616665,0,1,0.0027711950133974955,0.0015137144808931823,0.0045948522521616665,-0.027072456521696528
30164077,simple,1,1,1.0,0.003426303411890118,0,1,0.003426303411890118,-0.0008070893220210283,0.0013113786489194514,-0.02933454224718543
30094181,simple,2,1,1.0,0.0064616286392318485,0,1,-0.006447131872599408,0.0029511387406287205,0.0064616286392318485,-0.0069673563299156305
30119708,simple,3,1,1.0,-0.009164397698721252,0,1,-0.009164397698721252,-0.011358482073016948,-0.039634865395602716,-0.17830194989322817
30130547,simple,4,1,1.0,-0.0005879239430727629,0,1,-0.0005879239430727629,-0.025529209606802716,-0.02959846716420134,-0.031329487922171814
30107545,simple,2,1,0.0,0.10016645880592834,0,1,0.10016645880592834,-0.027114679739278443,-0.03753126541434122,-0.0600835656711626
30125052,simple,0,1,1.0,0.0054125439753241675,0,1,-0.0016597603216039272,-0.0008749354343285665,0.0054125439753241675,-0.008410134993273574
30146396,simple,3,1,1.0,0.007870350026001213,0,1,0.0035335564831726653,-0.001800267870927687,0.004936625929240834,0.007870350026001213
30123879,simple,0,1,1.0,0.06652690109622253,0,1,0.06652690109622253,-0.05066896128150164,-0.03092785001934585,-0.07249817073964406
30163702,simple,0,1,1.0,0.015390632953557734,0,1,-0.01055510190717698,0.015390632953557734,-0.008978709167053742,-0.17107912037694345
30152214,simple,1,0,4.0,0.11405138921939273,0,0,-0.016198254184388285,0.011042889699966193,0.06933231209428474,0.11405138921939273
30140189,simple,4,1,0.0,0.24912988633711308,-1,0,0.24912988633711308,-0.011111772883392566,-0.20005426456203884,-0.2168574504806693
30141159,simple,2,0,1.0,0.009570007722631304,0,0,0.009570007722631304,-0.13860200390336921,-0.1320630998427835,-0.16446742277697685
30117105,simple,1,1,1.0,-0.0028851778590885044,0,1,-0.0028851778590885044,-0.02039448061472165,-0.03178900811483519,-0.08137168251399202
30163233,simple,3,1,1.0,0.05528594137608447,0,1,-0.014680504643584419,0.0508423417665272,0.05528594137608447,0.01625728679653643
30165744,simple,3,0,0.0,0.24997559417998155,1,1,0.24997559417998155,-0.029469295186508718,-0.011490542420668909,0.009234453206771326
30101887,simple,0,1,1.0,-0.004255786435561938,0,1,-0.004255786435561938,-0.07862204293432923,-0.15069258529045346,-0.3385894624195668
30101419,simple,0,1,1.0,-0.0018723014409717659,0,1,-0.0018723014409717659,-0.0229394711984771,-0.02986601946416651,-0.05113181088175942
30118854,simple,2,1,1.0,0.005571098760872972,0,1,0.005571098760872972,-0.007197751633405438,0.00034978609961116777,-0.002245618949422476
30115859,simple,1,1,1.0,-0.004890518402448238,0,1,-0.004890518402448238,-0.026289045196023254,-0.03395595359701231,-0.04977180824749014
30134386,simple,4,1,1.0,0.00619853480517529,0,1,0.005362229539268355,0.0003053282300145878,0.00619853480517529,0.004924553454449004
30126291,simple,3,0,1.5,0.10374043072392858,0,0,0.042559773032437076,0.10374043072392858,0.06379139874615228,0.07109566406279116
30139224,simple,1,0,1.0,0.04145935068332251,0,0,0.04145935068332251,-0.00951139747015332,-0.018538831082850645,-0.10479765170155039
30112019,simple,1,1,1.0,0.0005577715013673143,0,1,-0.0144738728957065,0.0005577715013673143,-0.025320186215251478,-0.1599790489235806
30160550,simple,0,1,1.0,0.005470461304083837,0,1,-0.0021173212698637513,0.003956659120619297,0.005470461304083837,-0.036344092187300475
30132943,simple,0,1,1.0,0.0034434683149392326,0,1,0.0010497686529931625,-0.0040036524253959024,0.003403983178449581,0.0034434683149392326
30111771,simple,1,1,1.0,0.0025382808065464585,0,1,0.0014012551416730072,-0.004113052748358905,0.0025382808065464585,0.0011508491365302825
30110630,simple,0,0,1.0,0.05017976784172102,0,0,-0.01755031575628122,0.025908305796697235,0.05017976784172102,-0.05304911820911553
30097828,simple,0,1,1.0,0.0043056497821416725,0,1,-0.0017412529633721655,-0.0009451876938032303,0.0043056497821416725,-0.024058753895279415
30138495,simple,3,1,1.0,-0.007134870675766545,0,1,-0.007134870675766545,-0.0433200822419533,-0.10519109129358514,-0.2607814230081622
30108067,simple,3,1,1.0,0.01161636700603877,0,1,-0.010332327569410202,0.0018628666933325298,0.008904671582262165,0.01161636700603877
30129081,simple,2,1,1.0,0.005662571166760156,0,1,-0.006059222926094541,0.005662571166760156,-0.027373065746618637,-0.16263539945100924
30143276,simple,1,0,1.0,0.023110754393385727,0,0,0.023110754393385727,-0.027320292512593356,-0.05866420938012053,-0.19390256956725146
30162988,simple,4,1,0.0,0.12468803360879752,0,1,0.12468803360879752,0.038268103704083005,0.034965251761884905,0.015468779391853829
30144013,simple,2,1,1.0,0.05076547565515356,0,1,-0.07192184801660371,-0.010001543180413498,0.05076547565515356,0.002822373818600829
30142519,simple,3,1,1.0,-0.0010425758977572717,0,1,-0.0010425758977572717,-0.023552451302303837,-0.035332171885866986,-0.10693036865771693
30110470,simple,3,1,1.0,-0.011011868427601872,0,1,-0.011011868427601872,-0.04282784325486749,-0.10693224592487846,-0.29321818194527816
30132698,simple,4,1,1.0,0.001269056313902315,0,1,0.001269056313902315,-0.022452290308700155,-0.03242804609437909,-0.07770149755854375
30158589,simple,2,1,1.0,-0.0028033917835625817,0,1,-0.0028033917835625817,-0.011496206107001247,-0.05274044581849821,-0.20123578740146658
30142414,simple,2,1,1.0,0.030184996828744422,0,1,0.030184996828744422,-0.07038281297355066,-0.13254573430369326,-0.26775473181003623
30165921,simple,0,1,1.0,0.01468419231215369,0,1,0.001608817158364289,-0.006031972272356828,0.0026112464739916352,0.01468419231215369
30130833,simple,0,0,1.0,-0.003169328295444463,0,0,-0.003169328295444463,-0.02138595605263225,-0.029074927350492406,-0.06015755439721314
30109823,simple,0,1,1.0,0.007817381230346926,0,1,0.007817381230346926,0.0037874710388113957,-0.0038397819387165147,-0.027934424384501902
30116676,simple,4,0,1.0,0.06585100187460068,0,0,0.06585100187460068,-0.21544859640128794,-0.31002952512935095,-0.5469872274177919
30125702,simple,0,1,1.0,0.0022865939531542395,0,1,0.0019301622093324498,-0.0041680614295993845,0.0022865939531542395,-0.006837429682907667
30137648,simple,2,1,1.0,0.005396825441542866,0,1,0.005396825441542866,-0.005977243273713493,0.0005690010427615751,-0.006879977478615962
30119452,simple,2,1,1.0,-0.004394459786120148,0,1,-0.004394459786120148,-0.03096005312372962,-0.031136272422914193,-0.017236573862583773
30147303,simple,0,1,1.0,0.003524941164884665,0,1,-0.00043172848266799166,-0.0033503829362590415,0.003524941164884665,-0.006763798144498262
30143223,simple,4,0,0.0,0.36121776651891285,1,1,0.36121776651891285,-0.04102082842683573,-0.027796976150448925,0.05551570106678842
30125326,simple,2,1,1.0,0.005388458560573451,0,1,0.005388458560573451,-0.0022090389330748812,0.0006687937944941068,-0.024497508614036725
30151081,simple,3,0,1.0,0.08980133463755158,0,0,0.067268827638674,0.07032051865875276,0.08980133463755158,0.08398394496892364
30147925,simple,1,1,1.0,0.004410565741138836,0,1,0.001226512665151315,-0.004251954803906045,0.003044902660492673,0.004410565741138836
30158838,simple,0,0,0.0,0.21760511663577367,1,1,0.21760511663577367,0.0015513745254552708,0.0002509200462786111,0.0018335257427763846
30094536,simple,2,0,1.0,0.07262586802540316,0,0,0.07262586802540316,0.03635320928548415,0.03477120049214241,-0.03213268217570632
30124842,simple,3,1,1.0,0.0396637022469371,0,1,0.0396637022469371,-0.1820023149597521,-0.2899118779433086,-0.4587348716806191
30112244,simple,1,1,1.0,0.007884711897363787,0,1,0.0015835630951497731,0.007884711897363787,0.003909192063709783,-0.06722174012520779
30166578,simple,0,1,1.0,0.0027915691993590994,0,1,0.0027915691993590994,-0.0038484485172936775,0.0023335842334070503,-0.0060375048164143935
30103940,simple,2,1,1.0,0.013792361810066805,0,1,-0.0037950917738747876,0.013792361810066805,-0.0034169061377047547,-0.101120206268474
30126061,simple,4,1,1.0,0.0030402372061563744,0,1,0.0030402372061563744,-0.0023300803854542917,0.0024256719944766476,-0.02196934368683704
30143846,simple,2,0,0.0,0.2786046686461362,0,0,0.2786046686461362,0.00973632077876092,0.021069618791340405,0.03971675405339738
30160253,simple,3,1,1.0,0.002186485614200038,0,1,-0.001634517759275502,0.002186485614200038,-0.01196550507386797,-0.08133832186028742
30119396,simple,3,1,1.0,0.014027923431247105,0,1,-0.0007833717614623564,-0.0009074501894007544,0.006417754176998643,0.014027923431247105
30094507,simple,2,1,1.0,0.02690945507052406,0,1,0.02690945507052406,-0.008857648998372266,-0.028991586565677973,-0.1314258005899664
30155633,simple,2,1,1.0,0.007980781147994331,0,1,0.007980781147994331,4.593466760321671e-05,0.0003702353847485941,-0.04041441198905495
30134402,simple,3,1,1.0,0.01412166710688896,0,1,0.005474923064332941,-0.0030126068317183254,0.0043772290840463565,0.01412166710688896
30121650,simple,2,0,0.0,0.12977380017563814,0,0,0.12977380017563814,0.04896325980125173,0.046906013317111514,-0.0013473495507009825
30138995,simple,3,1,1.0,0.001774677600670932,0,1,0.001774677600670932,-0.002220657437519086,0.0009142788680696796,-0.029084044906627915
30106576,simple,2,1,0.0,0.12626245493083046,-1,0,0.12626245493083046,0.015426392282189044,0.0393462673234069,0.12541474733366287
30132030,simple,4,1,1.0,-0.005134002197180345,0,1,-0.040046710646748813,-0.005134002197180345,-0.041104273251732125,-0.19890158721072665
30129535,simple,0,0,0.0,0.40220152538813575,1,1,0.40220152538813575,-0.0767119183956,-0.054489396272278244,-0.038496146823082
30155763,simple,2,0,0.0,0.1348399280136097,0,0,0.1348399280136097,0.04866005920557119,0.05054945199780696,-0.03274125833901605
30129697,simple,0,1,1.0,0.003631761744342585,0,1,0.0016813359735270532,0.0001707359802940317,0.003631761744342585,-0.02924686852887401
30146343,simple,4,1,1.0,0.0033826383440810105,0,1,0.0033826383440810105,-0.0012340439757678942,0.0032939731231260323,-0.018778585834622864
30159147,simple,3,1,1.0,0.008212796086873211,0,1,0.0010172357679084781,-0.001273232506011959,0.005495242364567422,0.008212796086873211
30133630,simple,1,1,1.0,0.003008415003706539,0,1,0.0022312368996016615,0.003008415003706539,0.002064391030071104,-0.04113767424412981
30132142,simple,3,1,1.0,0.004196744094973424,0,1,0.0003074086596785569,-0.0012783890124514388,0.004196744094973424,-0.004772382555205026
30129761,simple,0,1,1.0,0.012972188306946922,0,1,-0.02595159202518726,0.012972188306946922,-0.02154361550210621,-0.1668016832640184
30101144,simple,1,1,1.0,0.00992036270998126,0,1,0.001374047758421315,0.00992036270998126,-0.0005930921852347233,-0.11139497607395063
30130425,simple,2,1,1.0,0.010528719601598638,0,1,0.010528719601598638,0.0011880941428246729,-0.0021372664427110576,-0.06040989111603844
30149787,simple,1,1,1.0,-0.02670926084049626,0,1,-0.02670926084049626,-0.30858231186331914,-0.4129483787812607,-0.5154835583800319
30119189,simple,2,1,1.0,0.005342926745502543,0,1,0.005342926745502543,-0.02374592839256587,-0.03844129432754828,-0.09950992812060704
30139505,simple,2,1,1.0,0.002547613775937891,0,1,0.0020696677736164702,-0.0032799433928565984,0.002547613775937891,-0.006255509846914392
30103201,simple,4,1,1.0,0.04684154065566528,0,1,-0.03318019310696872,0.04684154065566528,0.03020526280336384,-0.056730172873599105
30135736,simple,4,0,1.0,0.03186577946157997,0,0,0.01325380256681091,0.03186577946157997,0.021047741435101772,-0.03640528727388583
30156045,simple,3,1,1.0,0.05469225657604351,0,1,0.05469225657604351,0.020124565388186896,0.02083871135411957,0.029947910119088608
30149113,simple,3,1,1.0,0.0038150945819170994,0,1,0.0038150945819170994,-0.002784512237743458,0.0026436463121074227,-0.006050398040694613
30132522,simple,0,1,1.0,0.0046432224735524705,0,1,0.0028658314130355113,0.0046432224735524705,0.0027093516869559457,-0.06296436162846114
30100260,simple,3,1,1.0,-0.019405328900640714,0,1,-0.019405328900640714,-0.10351310751696811,-0.18345401302189168,-0.29984169649661074
30135487,simple,1,0,1.0,-0.12446559566817587,0,0,-0.12446559566817587,-0.2609872710369609,-0.31917971555544383,-0.3666275856237253
30135546,simple,1,1,1.0,0.003929001897595201,0,1,0.003929001897595201,-0.0013874467201095107,0.0005835571875762169,-0.03095832677919673
30121718,simple,0,1,1.0,0.004965397069952214,0,1,-0.002550412415025221,0.0011555175153463298,0.004965397069952214,-0.03712578353727897
30152654,simple,4,1,1.0,0.0024344613784168592,0,1,0.0024344613784168592,-0.0029706076408667972,0.0019386487234255324,-0.023806679888180207
30134524,simple,4,1,1.0,0.011496187603848903,0,1,-0.004342878015007698,0.011496187603848903,-0.006220247421289838,-0.1258695576589866
30106291,simple,3,1,1.0,0.0030635726578178146,0,1,0.0030635726578178146,-0.020417156945559588,-0.023985955321683454,-0.02310377415848526
30097492,simple,4,1,4.0,0.16297950210405554,0,1,-0.006012738074675034,0.005745652685211537,0.03555803867918364,0.16297950210405554
30156756,simple,1,1,1.0,0.041419155606163605,0,1,0.041419155606163605,-0.02353944709263926,-0.0214942485536924,-0.02262387140995671
30110602,simple,1,0,1.0,-0.0018069281123459686,0,0,-0.0018069281123459686,-0.005574540666554655,-0.009574782059737986,-0.030884719097934853
30135406,simple,4,1,1.0,-0.009454583878103932,0,1,-0.010875560285304162,-0.009454583878103932,-0.041472546631781584,-0.14957405720028782
30154497,simple,2,1,1.0,-0.004085421237361532,0,1,-0.004085421237361532,-0.028444575620695727,-0.0326219052712194,-0.037236361647091584
30125708,simple,0,1,1.0,0.007388713878616837,0,1,-0.006465799272611972,-0.0002959477274124475,0.007388713878616837,-0.006050318413855477
30095134,simple,1,1,1.0,0.0006967679415433581,0,1,0.0006967679415433581,-0.01811063598344227,-0.034752570045056635,-0.12236299421168298
30149679,simple,4,0,1.0,0.08697321806806259,0,0,0.08697321806806259,0.022065519154049994,0.02420595091875061,0.01534537866894517
30165982,simple,0,1,1.0,0.03291419469377566,0,1,-0.013768389435989379,0.03291419469377566,0.0098602009828044,-0.12987364997974837
30106958,simple,1,1,1.0,0.00287852565473614,0,1,0.00287852565473614,-0.012066479567835856,-0.03747055576458645,-0.1842392185552813
30137062,simple,4,1,2.0,0.2019272770771416,-1,0,-0.29513500061958864,-0.024053388723150056,0.2019272770771416,-0.37792664380343394
30157943,simple,4,1,4.0,0.11082361642893475,0,1,-0.010682869646627617,0.037998735520015876,0.055510757428413646,0.11082361642893475
30135071,simple,0,1,0.0,0.12395780221173573,-1,0,0.12395780221173573,0.07784575628345262,0.09143146078132727,-0.07045113446300481
30131285,simple,1,1,1.0,0.015123757095886564,0,1,-0.0007011515174530532,-0.0041666515131157135,0.0036929381901939402,0.015123757095886564
30125588,simple,3,1,1.0,0.0045678507671382575,0,1,0.0045678507671382575,-0.002565577012598635,0.0032311515874175953,-0.001660053070235895
30116460,simple,1,1,1.0,-0.007376686816040952,0,1,-0.02064061853317671,-0.007376686816040952,-0.030434833466766578,-0.1166000993267859
30106819,simple,4,1,1.0,0.007144173788890058,0,1,0.007144173788890058,-0.022302640306469203,-0.04262456161690821,-0.15469435346310195
30156513,simple,0,1,1.0,0.005321950219518763,0,1,-0.0021164678669647954,0.002226616433193662,0.005321950219518763,-0.038419778441062646
30150829,simple,0,1,1.0,0.002850404342494811,0,1,0.0023232396860967917,0.0008183128460243633,0.002850404342494811,-0.04035097659439477
30166927,simple,1,1,1.0,-0.0011737039501537108,0,1,-0.0011737039501537108,-0.026586978039233895,-0.03631055656559659,-0.07380819907003142
30134587,simple,1,0,1.0,0.039859722225482855,0,0,0.039859722225482855,0.020610283458385333,0.02523380181301965,0.02324273373697479
30156237,simple,2,1,1.0,0.004910931538337809,0,1,0.004910931538337809,-0.0012940485513459991,0.0004088602325767708,-0.029609216080967206
30104816,simple,1,1,1.0,-0.03742763659692673,0,1,-0.03742763659692673,-0.1515917124334819,-0.21949114948421947,-0.3115363037610477
30133501,simple,4,1,1.0,0.015365583855517756,0,1,0.0038569084680051442,0.0005293512733293773,0.007602880451839423,0.015365583855517756
30162786,simple,4,0,4.0,0.19971504529615453,0,0,0.018209075737867585,0.034973866254430296,0.11296122268750432,0.19971504529615453
30128705,simple,0,1,1.0,0.022033374957342172,0,1,-0.0037698607465313644,0.0017118577837726828,0.010254379312160389,0.022033374957342172
30133462,simple,4,1,1.0,0.004905883323921327,0,1,0.004905883323921327,-0.0006507289242284851,0.003591692271590622,-0.016694486166149755
30152563,simple,0,1,1.0,-0.0032260873837599846,0,1,-0.0032260873837599846,-0.025976657022058015,-0.030802113493104764,-0.03432102678026528
30153063,simple,0,1,1.0,0.003644293364496079,0,1,-0.0005064735051960589,0.0012569061432668102,0.003644293364496079,-0.048404632343321013
30094024,simple,3,1,1.0,0.07458076798041727,0,1,-0.06115572325016251,0.06829732468918832,0.07458076798041727,-0.050426601302022867
30155723,simple,4,1,1.0,0.004158135323183987,0,1,-0.015597433835229178,0.004158135323183987,-0.01706367735808207,-0.14971788384647627
30161597,simple,2,1,1.0,-0.02424640628579135,0,1,-0.02424640628579135,-0.22725373730056744,-0.3028260482589782,-0.42934802859902294
30131830,simple,1,1,1.0,-0.05595308448547996,0,1,-0.05595308448547996,-0.16984731863225755,-0.22945931785218102,-0.2430156578426605
30150084,simple,3,1,1.0,0.0029801341907691875,0,1,0.0017720942489515765,-0.0014869490502076293,0.0029801341907691875,-0.014459487320358032
30125679,simple,4,0,1.0,0.08426852156717421,0,0,0.08426852156717421,0.058453908313970855,0.04920216558679025,-0.018110596752115203
30157590,simple,1,1,1.0,0.0024338235424050426,0,1,0.0007401317391736092,-0.0015223931145660098,0.0024338235424050426,-0.00903089655437797
30138960,simple,1,1,1.0,0.0025470861404915876,0,1,0.00174131568047102,-0.0007200439511135699,0.0025470861404915876,-0.017806818749291256
30160687,simple,3,1,1.0,0.00400398198929796,0,1,0.0015448928390161022,0.0007317275312618433,0.00400398198929796,-0.020048112753137587
30141321,simple,3,1,1.0,0.005793674282632534,0,1,0.0023314680873448915,0.000839232055678896,0.005793674282632534,-0.00467004986259166
30121339,simple,0,1,1.0,-0.001074125750815988,0,1,-0.001074125750815988,-0.0229660463453056,-0.031417846213888975,-0.06665524696416833
30165685,simple,2,1,1.0,0.008896759377876769,0,1,0.008896759377876769,-0.0036885344893927106,-0.0011531802048044305,-0.03047643444579634
30120731,simple,1,1,1.0,0.005973264687849117,0,1,0.001942349616040985,0.005973264687849117,0.0037478779715445602,-0.052021543587439024
30130343,simple,0,1,1.0,0.0033619026731216903,0,1,0.0003621690199484516,-0.0016026481001846435,0.0033619026731216903,-0.022425178714971516
30134733,simple,4,1,1.0,0.006132217022928214,0,1,0.00017823963802947665,4.614497989065616e-05,0.006132217022928214,-0.004021599383544017
30161845,simple,3,0,0.0,0.2775808396836031,1,1,0.2775808396836031,-0.057040542354062584,-0.05747227898223108,0.009188268933057214
30147996,simple,2,1,1.0,-0.0005244864797769519,0,1,-0.0005244864797769519,-0.008863001879614207,-0.014379718605082279,-0.04550984734581082
30115486,simple,4,1,1.0,0.020778945303355556,0,1,0.002158099241166691,0.00019584368431668775,0.00821068233922043,0.020778945303355556
30140926,simple,4,1,0.0,0.2624346991192384,-1,0,0.2624346991192384,-0.01843669371440814,0.03211824545698583,0.10951116715606592
30127303,simple,0,1,1.0,0.007047945904000229,0,1,-0.002195192430532778,0.007047945904000229,0.0055211500694824014,-0.06293099640263104
30165774,simple,2,1,1.0,-0.015378313097667268,0,1,-0.07402032848258104,-0.03648666662249295,-0.015378313097667268,-0.0920999713571986
30141413,simple,2,1,1.0,0.010692224234682912,0,1,0.009882275273102991,0.001094828880890488,0.0035625452042884233,0.010692224234682912
30106266,simple,2,1,1.0,0.0041569061493543155,0,1,0.0041569061493543155,0.0009324985330449974,0.0018988262842356309,-0.03200352689110868
30134983,simple,1,1,1.0,0.01962450088546909,0,1,-0.004314038728110217,0.0012154761136966737,0.008003256960276563,0.01962450088546909
30123654,simple,1,1,1.0,0.0028992156620978177,0,1,-0.009596697880137235,0.0028992156620978177,-0.020753584499554927,-0.15222986941116892
30164879,simple,1,1,4.0,0.12928960105916365,0,1,-0.019557882937298515,0.008670123807322929,0.029567616474289304,0.12928960105916365
30139612,simple,3,1,1.0,-0.009610276676011269,0,1,-0.009610276676011269,-0.0441812064267637,-0.10775849126899684,-0.2567243179791976
30152069,simple,2,0,1.0,0.043365469188263214,0,0,-0.0076502829396721435,0.043365469188263214,0.042007861923862674,0.04155590336911054
30116809,simple,2,1,1.0,-0.012119295336962512,0,1,-0.012119295336962512,-0.06525602407116832,-0.12509533032803857,-0.24803894049520664
30098082,simple,4,0,1.0,0.069361967859565,0,0,0.069361967859565,0.0184864663431046,0.015677709779046926,-0.05096316230428312
30127741,simple,0,1,1.0,0.005558339011207225,0,1,0.002672686842756275,0.005558339011207225,0.003530656641431089,-0.06669411907302036
30107389,simple,1,1,1.0,0.010795463210085857,0,1,0.00012954220014799872,-0.004334409591321812,0.00331110021084062,0.010795463210085857
30131749,simple,3,1,1.0,0.0021505894240518783,0,1,0.0021505894240518783,0.0017742539306737238,-0.00033885406438505933,-0.06728168402992316
30096703,simple,0,1,4.0,0.1554819158459413,0,1,-0.041565303358835265,0.050674480361761434,0.08827010179971723,0.1554819158459413
30136799,simple,4,1,1.0,0.005791862278680223,0,1,0.005791862278680223,0.001515382601734911,0.004067414472052642,-0.022142452955680035
30107858,simple,4,1,1.0,0.007334124846727411,0,1,0.00020219421763986029,0.0006892642542904448,0.007334124846727411,0.003336186611475736
30161883,simple,4,0,0.0,0.14308679277167657,0,0,0.14308679277167657,0.02767155429290069,0.04039443228607324,-0.03561754712437805
30094098,simple,1,0,1.0,-0.007595412757541841,0,0,-0.007595412757541841,-0.00979522599360504,-0.02298267764231914,-0.08429588003127964
30139882,simple,4,1,1.0,0.003835322423384451,0,1,0.003835322423384451,-0.0020067879369953037,0.0031477637295360926,-0.014532678462150755
30128299,simple,2,1,1.0,0.006718680633631475,0,1,0.006718680633631475,0.0036632349143832475,0.0006406897138170088,-0.05394420900989498
30152684,simple,3,0,1.0,0.014353988887748356,0,0,0.014353988887748356,-0.04016372422391651,-0.011344218007925143,-0.03277233085300145
30159653,simple,2,1,1.0,0.0031662561675891328,0,1,0.0003543375386695427,-0.0016938591275689231,0.0031662561675891328,-0.008854294025870346
30152640,simple,3,1,1.0,0.005274195154802716,0,1,-0.015868168246688734,0.005274195154802716,-0.02280618702252833,-0.14266841119274365
30132341,simple,4,1,1.0,0.006699214073214263,0,1,0.0005583598740074372,-0.0015917857469030516,0.006048103534726002,0.006699214073214263
30111230,simple,0,1,1.0,0.05314153715017225,0,1,0.05314153715017225,0.02707031556034544,0.020184519414337167,-0.0019215242946770128
30114450,simple,3,1,1.0,0.0225860874625241,0,1,0.0225860874625241,-0.2508968622894931,-0.39237291464197666,-0.5393852977257971
30101794,simple,4,1,1.0,-0.015003372890281752,0,1,-0.015003372890281752,-0.03771539728273948,-0.09136517060255306,-0.26948147668929723
30123668,simple,3,1,1.0,0.014280643827170598,0,1,-0.007515245986556833,0.013757409780545684,0.014280643827170598,-0.03328229212907527
30121501,simple,1,1,1.0,-0.01066205077858199,0,1,-0.01066205077858199,-0.08541024109538366,-0.15642957914739553,-0.3642370477799966
30128989,simple,4,1,1.0,0.0016425667773011382,0,1,-0.023681290469614216,0.0016425667773011382,-0.03586285280418638,-0.1962169573089675
30138367,simple,1,1,1.0,0.0025200885471741014,0,1,0.0012231863652576967,-0.0036980949350797383,0.0025200885471741014,-0.0001204539088031642
30132712,simple,2,0,1.0,0.026122861968009798,0,0,0.026122861968009798,-0.0072185101753153985,-0.00831902062982683,-0.0391194302984331
30096667,simple,2,1,1.0,0.009377807840747512,0,1,0.009377807840747512,-0.19674066980374671,-0.3105041546847022,-0.47958457805620064
30145200,simple,2,1,1.0,0.00043161352757324287,0,1,0.00043161352757324287,-0.013934455799106873,-0.028022950065481677,-0.09214247663824054
30110216,simple,0,1,1.0,0.002872924164070062,0,1,0.0009036068172883181,-0.003467315876643326,0.002872924164070062,-0.009425205608338448
30125748,simple,1,1,1.0,0.0034769910946877286,0,1,0.0034769910946877286,0.00044138432529227875,0.001265156893988234,-0.03622492481439479
30112648,simple,1,1,1.0,-0.006866179918168378,0,1,-0.006866179918168378,-0.027380006511228617,-0.031012871872077987,-0.02343773349743672
30159844,simple,4,1,1.0,-0.02958050690234297,0,1,-0.02958050690234297,-0.21563911075808426,-0.2770698396481295,-0.4214893061399112
30134926,simple,1,1,1.0,0.022215089141396333,0,1,-0.001373941856306786,-0.0044431403367560275,0.004448694710668354,0.022215089141396333
30155061,simple,0,1,1.0,0.004826667298014543,0,1,-0.00030670228446810083,0.0026285637649783172,0.004826667298014543,-0.03530276438863656
30095088,simple,3,1,1.0,0.002455799368282656,0,1,0.0019544213097190608,-0.0011386924424843878,0.002455799368282656,-0.02225283437342606
30158895,simple,4,1,1.0,0.005484231029967413,0,1,0.0037246171920321813,0.0007792811510334251,0.005484231029967413,-0.009268563938482174
30138837,simple,4,1,1.0,0.010758623870530799,0,1,-0.0037625435372611524,0.005892500147852742,0.010758623870530799,-0.015047605461063533
30113908,simple,3,1,1.0,0.00501050853417289,0,1,0.00026182348543588724,-0.0014109392536653265,0.00501050853417289,0.004596161577230751
30165160,simple,1,0,1.0,0.03958532195777403,0,0,0.03958532195777403,-0.05615324219372407,-0.10675690871985273,-0.29479675914918674
30154929,simple,3,0,0.0,0.3302226128486399,1,1,0.3302226128486399,-0.04160273253187431,-0.029755965843467284,0.02911347868479576
30110786,simple,3,1,1.0,0.038482944327607085,0,1,-0.03145921746812536,0.038482944327607085,0.03630322407656709,-0.11015576569404836
30139434,simple,4,1,1.0,0.007455466543184731,0,1,0.007455466543184731,-0.00023240992451874568,-0.0012676997168717674,-0.06146382454308698
30115046,simple,2,0,1.0,0.07790694942027108,0,0,-0.06298736622897183,0.07790694942027108,0.042693197904999064,-0.11070548261938512
30165833,simple,0,1,1.0,0.0010390311614448776,0,1,0.0010390311614448776,-0.0122629892537112,-0.0159893097540879,-0.004466673201464155
30113769,simple,0,0,0.0,0.23086194115806435,0,0,0.23086194115806435,0.012448367579859898,0.010688576267739315,-0.03765684741890353
30124539,simple,0,0,0.0,0.2366937341439456,1,1,0.2366937341439456,0.0008582883402883379,-0.0025435680152257403,-0.025467669856762992
30127714,simple,3,0,1.0,0.07429118961151399,0,0,0.07429118961151399,-0.005924686099763243,0.01695445133612302,-0.017400563045207866
30154653,simple,0,1,1.0,-0.004544279472605554,0,1,-0.004544279472605554,-0.024242821447100125,-0.029354388825134747,-0.03815671657583272
30110174,simple,2,0,1.0,0.07266865859540302,0,0,-0.08152916971007829,0.01847442993672743,0.07266865859540302,0.004267213198324335
30151424,simple,2,1,1.0,0.006093003774551648,0,1,0.006093003774551648,-0.004876486032993777,0.0001287907626936098,-0.015172013251111768
30149220,simple,3,1,1.0,-0.0034766852262278145,0,1,-0.0034766852262278145,-0.015366711300741248,-0.02477846142533275,-0.10641846434387009
30152160,simple,1,0,1.0,-0.006606541165962793,0,0,-0.006606541165962793,-0.010627572591866693,-0.01769476178419067,-0.05082748774868134
30149734,simple,3,0,1.0,0.07230693027961249,0,0,0.07230693027961249,0.0024431837078043323,0.0006179167706997883,-0.07085878196968083
30127643,simple,0,1,1.0,0.002499895560311112,0,1,0.0014910041355173445,-0.0027348444982022435,0.002499895560311112,-0.019643046807195003
30154625,simple,3,1,1.0,0.008058201320154973,0,1,0.004671615849405189,-0.02205382630153948,-0.022543585574377224,0.008058201320154973
30126150,simple,1,1,1.0,0.05211127947497701,0,1,0.05211127947497701,-0.01871593907985312,-0.03179773470048143,-0.14549310766230208
30156996,simple,4,1,1.0,0.04858164476319378,0,1,0.04858164476319378,0.021814999730974893,0.02128833253927394,-0.07291956599054393
30130704,simple,1,0,0.0,0.2787548529887178,0,0,0.2787548529887178,0.0050569750380826915,0.041591692080665724,0.23237304531519293
30108776,simple,0,1,1.0,0.004028707078100449,0,1,-0.0002717368308555561,-0.0019221383335663034,0.004028707078100449,-0.013583956111393632
30161660,simple,1,1,1.0,-0.014330378127918736,0,1,-0.014330378127918736,-0.104355297362109,-0.17723812358057806,-0.35404020058405566
30107172,simple,3,1,1.0,0.005817013063022652,0,1,0.004942067775632351,-0.002826198233386928,0.0037410925418616056,0.005817013063022652
30158729,simple,1,1,1.0,0.02164581321537566,0,1,-0.0010565445181462615,-0.004504950775798922,0.004617067174109559,0.02164581321537566
30140496,simple,3,1,1.0,0.0345113339087331,0,1,0.0345113339087331,-0.020268939501853538,-0.04122156123086701,-0.23579147229889913
30103209,simple,4,0,1.0,0.09644738162415593,0,0,-0.10742870341014721,0.0751162540489238,0.09644738162415593,-0.003021157115311937
30108190,simple,0,1,1.0,0.012233283841899499,0,1,-0.005373199728632493,0.005457567573286942,0.012233283841899499,0.009989589165076584
30102678,simple,1,1,1.0,0.008211059491324252,0,1,-0.011121841539762034,-0.02553933849904484,-0.026177345919909157,0.008211059491324252
30129434,simple,4,1,1.0,-0.01739908637487659,0,1,-0.01739908637487659,-0.018283122409800682,-0.06219397471417601,-0.2241806193270739
30154562,simple,0,0,1.0,0.09416915818061497,0,0,0.09416915818061497,0.034563047973185206,0.02819122722633545,-0.038164911328872335
30117412,simple,3,1,1.0,0.012451684789720198,0,1,-0.014932617240319773,0.012451684789720198,-0.00038667627054301407,-0.10798946434010143
30108594,simple,4,1,0.0,0.10293136220560414,0,1,0.10293136220560414,-0.05583903098227783,-0.04754163042724756,-0.08168684974787752
30142099,simple,2,1,1.0,-0.0014407214929047958,0,1,-0.0014407214929047958,-0.026327791834638913,-0.03149791833474082,-0.04501027604163377
30150500,simple,3,1,1.0,0.022331134932039767,0,1,0.022331134932039767,-0.26658479894841985,-0.408361445769695,-0.5580849688780215
30097848,simple,2,0,0.0,0.14768012056177982,0,0,0.14768012056177982,0.010178744233047068,0.03489522367110448,0.02327164989681864
30132302,simple,4,1,1.0,-0.0004198639322090872,0,1,-0.0004198639322090872,-0.011856320820018133,-0.022589968105655077,-0.06397810555025513
30152385,simple,2,1,1.0,0.05327267087359271,0,1,0.05327267087359271,-0.010220489116966092,-0.15019923913104213,-0.1571407196254989
30166837,simple,3,1,1.0,-0.0672624142377068,0,1,-0.0672624142377068,-0.1330906346322084,-0.28708103594492534,-0.33791465355590516
30128660,simple,4,0,4.0,0.17681542073835765,1,1,0.017577133081659996,0.04615554068480713,0.10054189643435336,0.17681542073835765
30101892,simple,3,1,1.0,0.006323330906332657,0,1,0.004209692384536359,0.0006622122523545267,0.006323330906332657,-0.0019188832559188101
30149651,simple,2,1,1.0,0.0037644348093685068,0,1,0.0037644348093685068,-0.0016903709241973576,0.0015612936848773858,-0.020750433482240913
30149901,simple,2,1,1.0,0.08871057430478453,0,1,0.08871057430478453,-0.02093574896948063,-0.037354730676725845,-0.09580217650099941
30154001,simple,0,1,1.0,0.0029437931234544273,0,1,0.0009239573039717848,-0.0031886920523130705,0.0029437931234544273,-0.01111524322325886
30131508,simple,2,0,1.0,0.060962717180107234,0,0,0.060962717180107234,-0.02341234197108051,-0.05209219355495036,-0.15651293236872055
30139340,simple,4,0,0.0,0.37302484232822103,0,0,0.37302484232822103,-0.0675471913511064,-0.06237421902671224,-0.018244156934955222
30164390,simple,3,1,1.0,0.03980394030055058,0,1,0.03980394030055058,-0.03902459295495172,-0.048722534409448556,-0.1491216513426049
30151324,simple,2,1,1.0,0.00856562201873852,0,1,0.0032163574586116066,-0.007228453518762865,0.0019635669612074087,0.00856562201873852
30141669,simple,4,1,1.0,0.003019408025378277,0,1,0.003019408025378277,-0.02157403719243775,-0.05992125337850966,-0.24540025447519992
30094737,simple,2,1,1.0,0.004587016828173602,0,1,0.004587016828173602,-0.006721745710409285,0.0010793226335171803,0.00017705802836902318
30130408,simple,2,1,1.0,0.027566290480553507,0,1,-0.0013307998150045852,-0.007025943331749631,0.004950172024659066,0.027566290480553507
30104973,simple,3,0,0.0,0.21002378218076023,1,1,0.21002378218076023,-0.010792146982421846,0.03148837548797896,-0.0013718379971846273
30146276,simple,0,1,1.0,-0.007866447366262196,0,1,-0.007866447366262196,-0.04978190208709497,-0.11148117818765077,-0.284594192486496
30162134,simple,3,0,0.0,0.1821297914298029,1,1,0.1821297914298029,0.017791690477556757,0.024646800831263388,0.05571399667929178
30151587,simple,0,1,1.0,0.001653001522714092,0,1,0.001653001522714092,-0.020524876302056273,-0.03419061677807704,-0.11495456295963348
30095734,simple,2,0,0.0,0.141930633898873,0,0,0.141930633898873,0.007182605384501908,-0.00030644378712917433,-0.025692676061063395
30104286,simple,4,1,1.0,0.0034405453869355805,0,1,-0.006333887773250203,-0.003301603679486377,0.0034405453869355805,-0.022393573352730643
30164309,simple,2,0,0.0,0.15337376253800755,0,0,0.15337376253800755,0.0033210135714571813,0.01415511728296585,-0.02933723205019509
30106705,simple,0,1,1.0,0.0044459989278159175,0,1,0.0044459989278159175,-0.0014898864554863944,0.0008608996880524258,-0.04184408388174668
30141293,simple,3,1,1.0,0.0064421444416617995,0,1,0.0064421444416617995,-0.00339321434546328,0.001707271251891719,-0.00926379383068749
30156144,simple,1,1,1.0,0.0030636079315804407,0,1,-8.524845722074348e-05,-0.002456983152580517,0.0030636079315804407,0.0016493071511672897
30155826,simple,3,1,1.0,-0.010880412970425135,0,1,-0.010880412970425135,-0.018157695769446036,-0.029291824580542955,-0.09408235975100566
30136610,simple,3,0,1.0,-0.0038291152097708336,0,0,-0.0038291152097708336,-0.013407541044532015,-0.052614434245596156,-0.17279347439655665
30158604,simple,4,1,1.0,0.005864895606586519,0,1,0.005864895606586519,0.0013563338594260524,0.002463295578738981,-0.038773937507975496
30125138,simple,2,0,1.0,0.09077867292687306,0,0,-0.04096661309858805,0.028926271195227785,0.09077867292687306,0.04096032907627886
30162041,simple,1,1,1.0,-0.008129129171533328,0,1,-0.008129129171533328,-0.03200886462644736,-0.08195275358461468,-0.28105338536072133
30158571,simple,4,1,1.0,0.01238333192047085,0,1,0.0035308320706557705,-0.00015503179824038343,0.0069248758046885454,0.01238333192047085
30153612,simple,1,1,0.0,0.12059822613238505,0,1,0.12059822613238505,-0.08286068170358146,-0.07382372611191976,-0.02010450485125566
30164138,simple,4,0,1.0,0.007198679129606339,0,0,0.003343163033045656,-0.0004477274059585673,0.00630202440993884,0.007198679129606339
30095764,simple,2,1,1.0,0.007973215990472456,0,1,-0.008744502944687083,0.007973215990472456,-0.024984932782785966,-0.1599974998113322
30155464,simple,0,1,1.0,0.000735757324172203,0,1,0.000735757324172203,-0.016680812904136803,-0.03257738077569498,-0.12525967589253625
30117510,simple,0,1,1.0,0.01134738426701249,0,1,-0.0020340757180264644,0.01134738426701249,-0.0019289115307477046,-0.10222011727212853
30115639,simple,2,1,1.0,0.018515908998541192,0,1,0.0006465544837198842,-0.007113075878694416,0.003486180844865922,0.018515908998541192
30160786,simple,2,1,1.0,0.007378443797246781,0,1,0.0039379516858154655,-0.007267311620459873,0.0018708489916301023,0.007378443797246781
30138165,simple,4,1,1.0,0.04609288661240142,0,1,0.04609288661240142,-0.030482337925393045,-0.03887555785649026,-0.16223252754913103
30150860,simple,1,1,1.0,0.00856570731189113,0,1,0.0006664939614279344,-0.004669361999844506,0.0029002427401756993,0.00856570731189113
30127838,simple,3,1,1.0,-0.001723045069771053,0,1,-0.001723045069771053,-0.01761066910657713,-0.031813104169123474,-0.11245215027446112
30119128,simple,1,1,0.0,0.24932048254049138,-1,0,0.24932048254049138,0.0027444872181603235,0.005254009613080399,-0.05155384406623516
30158377,simple,1,0,1.0,0.09410946867916174,0,0,0.09410946867916174,0.03805202314234506,0.040146789859580576,0.0005724689173047803
30158056,simple,2,1,1.0,0.012979712593343014,0,1,0.0005190111970738466,0.012979712593343014,0.0027727201222236438,-0.07859452477766088
30124564,simple,2,1,1.0,0.028562562150304765,0,1,-0.06401613624950764,0.028562562150304765,0.0007337455792006779,-0.11285414508761585
30161054,simple,1,1,1.5,0.10801468548170662,0,1,-0.037986091904521305,0.10801468548170662,0.10129713586576183,0.02051502016827378
30104066,simple,2,1,1.0,0.008094723517039933,0,1,0.008094723517039933,0.005665537744288435,0.00094015301043315,-0.06423615390138943
30116744,simple,4,1,1.0,0.005177354400375134,0,1,-0.0008223839650960824,0.0009815228214359699,0.005177354400375134,-0.020102012181945073
30129214,simple,4,1,1.0,0.008667892034406627,0,1,0.001420116759223395,-0.00014951550358229676,0.00704034460942116,0.008667892034406627
30157091,simple,2,1,1.0,0.07285119892872315,0,1,0.07285119892872315,-0.2748565915646227,-0.39925127006926225,-0.5359578659707046
30125587,simple,3,1,1.0,0.002758553929896407,0,1,0.0024994023428348035,-0.002170938749902004,0.002758553929896407,-0.0106255818985704
30146560,simple,1,1,1.0,-0.006385433217235847,0,1,-0.006385433217235847,-0.0277858934968887,-0.032568222602845656,-0.030485822603471324
30139102,simple,3,1,1.0,0.014782159428019373,0,1,-0.00612973494487995,0.000622569731470209,0.008007388538206157,0.014782159428019373
30141252,simple,4,1,1.0,0.005469790240859421,0,1,0.005469790240859421,-0.0285729958910294,-0.038215207435022436,-0.08873921570126413
30131001,simple,0,0,1.0,-0.011214138429303324,0,0,-0.011214138429303324,-0.015122815388173682,-0.058488883744592414,-0.18558108435973003
30094956,simple,1,0,0.0,0.3715540818724092,1,1,0.3715540818724092,-0.04393503243487076,-0.03489076439662003,-0.007787524826754544
30113823,simple,3,1,1.0,0.008738164402567833,0,1,-0.016440505449124232,0.003930146189783009,0.008738164402567833,-0.010080643882546758
30110306,simple,2,1,1.0,0.0033154986931360174,0,1,0.0010165349425954144,-0.0039210651176689836,0.0033154986931360174,0.001794281460846897
30124838,simple,4,1,1.0,0.0057274876094069935,0,1,-0.0012300058781184245,0.0057274876094069935,-0.002232511173346833,-0.0891903735509854
30122803,simple,0,1,1.0,0.0026301950604517427,0,1,0.0015607775985502156,-0.0006317457785198696,0.0026301950604517427,-0.03663237828834151
30147139,simple,2,1,1.0,0.00886754955786927,0,1,0.00886754955786927,-0.0017051695361361176,-0.0010836435688758826,-0.039535719066805336
30107130,simple,1,1,1.0,0.04073394013221167,0,1,0.04073394013221167,-0.029322339821929798,-0.06531195050052306,-0.23776424103067517
30113518,simple,1,1,0.0,0.10711820695178952,0,1,0.10711820695178952,-0.10615584850827896,-0.23195410155359472,-0.30592799562703865
30145829,simple,1,0,1.0,0.08554482077943605,0,0,0.003366016274558556,0.08554482077943605,0.05686431565802763,0.0060991376787219165
30106130,simple,4,1,1.0,-0.0003289824404486344,0,1,-0.0003289824404486344,-0.02574781534125152,-0.02985503559717634,-0.03152868954324987
30110607,simple,2,0,0.0,0.23702612770354564,1,1,0.23702612770354564,0.011681292774498458,0.01000782610392503,-0.035550635132240854
30112345,simple,2,1,1.0,0.00561384907697688,0,1,0.00561384907697688,-0.009694563192571348,-0.04248573568985545,-0.17995285030230468
30131757,simple,1,1,1.0,0.0023487732156660113,0,1,0.0023487732156660113,-0.0006379042475458917,0.002304234319654687,-0.021976437737481314
30154801,simple,0,0,1.0,0.04644477300958657,0,0,0.006195194993810979,0.018688286051507963,0.04644477300958657,0.02668004370657931
30107840,simple,2,1,1.0,0.008898578142372188,0,1,0.008898578142372188,-0.00423034776898586,-0.0015244919878336614,-0.029690118464791054
30131239,simple,1,0,1.0,-0.0481911182715139,0,0,-0.12758421602175685,-0.0481911182715139,-0.06994860273526879,-0.2855002322203356
30098117,simple,0,0,0.0,0.14838460735570916,0,0,0.14838460735570916,0.08883178597976583,0.11825258768776475,-0.045760525130300905
30130512,simple,2,1,0.0,0.1354408229047608,0,1,0.1354408229047608,0.03196840580178892,0.0313675250718871,-0.004714607648823338
30159528,simple,1,1,1.0,0.0022451637269760294,0,1,0.0014084645386635702,-0.0017547223828014817,0.0022451637269760294,-0.011705094689345247
30109789,simple,4,1,1.0,0.019836209645572325,0,1,0.0030902926164151044,0.000359708168942742,0.00804022235212368,0.019836209645572325
30112339,simple,3,0,1.0,0.04446337194267199,0,0,0.031319781139527145,0.021435757892996038,0.04446337194267199,0.023923971620707918
30108978,simple,3,1,1.0,0.006287418099014928,0,1,0.006287418099014928,-0.0033364865607917477,0.0015865180938117347,-0.011093302970796817
30104449,simple,2,1,1.0,0.00794854890443392,0,1,0.00794854890443392,-0.024397873390814142,-0.039951444601191294,-0.10686183056249508
30150229,simple,3,1,1.0,0.06096280983355696,0,1,0.06096280983355696,-0.05343219615566072,-0.03976130157980489,0.0056257220494505406
30093765,simple,1,1,1.0,0.03714732238655259,0,1,-0.009969383855440238,-0.015908078340365162,-0.012496124426690115,0.03714732238655259
30165576,simple,0,1,1.0,0.005316805230675171,0,1,-0.0005309157370372401,0.005316805230675171,-0.02272529160719198,-0.1671203481891339
30143406,simple,4,1,1.0,0.005728442880500912,0,1,0.0007616892948703533,-0.001245381628708464,0.005728442880500912,0.0007762325994296188
30148094,simple,4,1,1.0,0.008847389654722579,0,1,0.0052773028867201845,5.317424324688402e-05,0.006383322165024397,0.008847389654722579
30103455,simple,1,0,0.0,0.2432086432486314,0,0,0.2432086432486314,0.011959248134224495,0.015328417348573476,-0.042634719373655344
30150487,simple,1,1,1.0,0.004765015891516993,0,1,0.00015421895420093465,-0.0019323243294640975,0.004765015891516993,0.0036728896518141985
30162823,simple,1,0,1.0,-0.024955098556640902,0,0,-0.024955098556640902,-0.17420835383678207,-0.2597234935110486,-0.41775829679178467
30157572,simple,2,0,1.0,0.0865796696639245,0,0,-0.026748757003745304,0.04382232284433045,0.08259119968372373,0.0865796696639245
30098981,simple,2,1,0.0,0.11808509798008386,-1,0,0.11808509798008386,0.018974194042785632,0.07126692518083433,0.02974510315920191
30119744,simple,0,1,1.0,-0.016028780795845392,0,1,-0.016028780795845392,-0.04744272311178532,-0.10393475603534374,-0.2715600952762619
30139806,simple,2,1,1.0,0.0034558710256504706,0,1,0.0009355485107805199,-0.0012508459743212873,0.0034558710256504706,-0.010360509758725267
30108242,simple,4,1,1.0,-0.03786017987753309,0,1,-0.03786017987753309,-0.1468815224192633,-0.1473079548719303,-0.2561600894749702
30110887,simple,0,1,1.0,0.003979260804047091,0,1,0.0005892671891286026,-0.004719653525655142,0.003052087996216646,0.003979260804047091
30098652,simple,0,1,1.0,0.005857286686862695,0,1,0.0001817994634764515,-0.004581126436296781,0.0033980013121092667,0.005857286686862695
30154355,simple,1,0,0.0,0.13380377742343635,1,1,0.13380377742343635,0.0345268094906037,0.03863113520120166,-0.0252798015619115
30130142,simple,3,0,0.0,0.3765375820824506,1,1,0.3765375820824506,-0.06572511715871669,-0.05221798614443212,-0.04404180694848148
30135697,simple,1,1,1.0,0.0025885738475690465,0,1,0.00044675187431224284,-0.002840093380271514,0.0025885738475690465,-0.0005338880300462395
30137806,simple,4,1,1.0,0.006416833804834252,0,1,0.006416833804834252,-0.0019127832013232648,0.0019791256933847715,-0.022382545456773234
30143541,simple,1,1,1.0,-0.0011257988821236527,0,1,-0.0011257988821236527,-0.026821330978192736,-0.03656135817643512,-0.07376711240990594
30114794,simple,1,1,1.0,0.002324246886756004,0,1,0.0008604197134423099,-0.0015199145492083045,0.002324246886756004,-0.009974429861625875
30122147,simple,3,1,1.0,-0.0001148599267181416,0,1,-0.0001148599267181416,-0.024760721116809298,-0.03698497320890905,-0.11388295487628072
30146397,simple,3,1,1.0,0.008352452257320592,0,1,0.007530378146836752,-0.0014078181530596066,0.005071747861784395,0.008352452257320592
30156132,simple,3,1,1.0,0.033115267406126206,0,1,0.033115267406126206,-0.03153125461565438,-0.04573069115785204,-0.12764994918696548
30159426,simple,1,0,0.0,0.1139443114624449,0,0,0.1139443114624449,-0.05243893484784938,-0.07977232043530641,-0.024501748977871107
30129493,simple,4,1,1.0,0.0010554889196443817,0,1,0.0010554889196443817,-0.02557835431913945,-0.03059469887455944,-0.03828397137128099
30125020,simple,3,0,1.0,0.08485861072149799,0,0,-0.040594049572046424,0.08485861072149799,0.02226000108143416,-0.16288953336356354
30106596,simple,1,0,1.0,-0.01382826791343942,0,0,-0.01382826791343942,-0.09441702550763673,-0.16182137893957663,-0.3180118841030406
30136620,simple,4,1,1.0,0.005141314094926578,0,1,0.005141314094926578,-0.0016445196005869592,0.0035240660791267704,-0.01028345344359767
30141204,simple,3,1,1.0,-0.0019010638123715291,0,1,-0.0019010638123715291,-0.02421912283610539,-0.032765131193588724,-0.07639747375415194
30118382,simple,1,1,1.0,0.011318821902471653,0,1,-0.0026069816505984306,0.011318821902471653,0.0075438959392676,-0.05434859795552557
30138928,simple,1,1,1.0,0.019144034265635906,0,1,-0.002481040742077771,-0.0027595945860918354,0.004490862741860321,0.019144034265635906
30159520,simple,0,1,1.0,0.08025236992831522,0,1,0.013856603073204599,0.05170679364237822,0.08025236992831522,-0.031625589689120485
30144963,simple,0,1,1.0,0.003667894983914448,0,1,0.0004731192107531243,-0.003378311491033445,0.003667894983914448,-0.0011058275111945765
30113647,simple,0,1,1.0,0.008830014777984108,0,1,-0.005935091510437612,0.008830014777984108,-0.002713685948722174,-0.06511441138051254
30111601,simple,0,1,1.0,0.02359693325273439,0,1,0.02359693325273439,-0.02953974889719333,-0.027455357162834634,-0.0072337870010529895
30132443,simple,0,1,1.0,-0.00488103568533297,0,1,-0.00488103568533297,-0.015482462643601373,-0.06292887856233573,-0.24289750281176511
30110640,simple,1,1,1.0,-0.004925320655923351,0,1,-0.004925320655923351,-0.027980672076390902,-0.03404762222063974,-0.041892654634247566
30129095,simple,1,1,1.0,0.056891080501623864,0,1,-0.02783874226019898,0.048963353478698984,0.056891080501623864,0.049071997703553805
30117911,simple,1,0,1.0,-0.07030243244879868,0,0,-0.08728096659759266,-0.075459971800919,-0.07030243244879868,-0.10647504287641915
30128503,simple,1,1,1.0,0.005115594650783713,0,1,0.005115594650783713,0.0020939600511652966,0.0012680023832915902,-0.05356711874553784
30146325,simple,1,1,1.0,-0.009164203765656232,0,1,-0.010929484110809143,-0.009164203765656232,-0.04141641165485961,-0.19651342579211617
30112506,simple,0,1,1.0,-0.008847068793931576,0,1,-0.008847068793931576,-0.022814200075226443,-0.025569967432385383,-0.018669672104519558
30138349,simple,3,1,1.0,0.004032570720404392,0,1,0.004023273123362564,-0.0023269487944489273,0.004032570720404392,0.004024974185393951
30145436,simple,4,1,1.0,0.049079336155273386,0,1,0.049079336155273386,-0.036189944909483504,-0.03457563931120111,-0.09070581321642932
30137581,simple,4,1,1.0,0.002794646706973356,0,1,0.002794646706973356,-0.02745358824600489,-0.035188296024786084,-0.0703163222137344
30130711,simple,2,1,1.0,0.03237032320990295,0,1,-0.007237410161420883,-0.011933927367837119,-0.0057076023000497585,0.03237032320990295
30109659,simple,1,0,1.0,0.041204932320364054,0,0,0.041204932320364054,-0.010448707569136625,-0.015366398212700593,-0.07456856358591543
30114628,simple,4,1,1.0,0.0037406456044789364,0,1,0.0037406456044789364,-0.001540917350672126,0.0033572697263328823,-0.015782765081275317
30114868,simple,2,1,1.0,0.012554230230029908,0,1,0.0017233853443266722,0.012554230230029908,0.008847012330932321,-0.05306373053256775
30160198,simple,0,1,1.0,0.002268967900650471,0,1,0.002268967900650471,-0.0023522911995146473,0.0018910016087627726,-0.028447076449483605
30113308,simple,0,1,1.0,0.07644635431492816,0,1,-0.01938652220664198,0.029707637598509334,0.046811822692243245,0.07644635431492816
30120135,simple,2,1,1.0,-0.00817627347315521,0,1,-0.00817627347315521,-0.052214205919035264,-0.11858588188285023,-0.2869237550980506
30123958,simple,2,1,1.0,0.015621586233018746,0,1,-0.005529299943274207,0.015621586233018746,0.0013228534227739917,-0.08724249129719727
30146677,simple,3,0,1.0,0.036743121788440865,0,0,0.036743121788440865,-0.09259832809882695,-0.1683111659628747,-0.3523583652018584
30152958,simple,4,1,1.0,0.014330575096367867,0,1,-0.007524088394986063,0.011863378553907736,0.014330575096367867,-0.01580192533214058
30102152,simple,0,0,1.0,0.006581529260626259,0,0,0.006581529260626259,-0.062258611261496816,-0.016957047276056396,-2.228547187141383e-05
30133333,simple,1,0,0.0,0.39913762353853127,1,1,0.39913762353853127,-0.05891324048207014,-0.04987629775633866,-0.01210375161848469
30113272,simple,0,0,1.0,0.050050575680962994,0,0,0.050050575680962994,0.02728996781010965,0.026443076129691732,-0.038915432898307664
30165677,simple,1,0,1.0,0.013089482009004977,0,0,0.002511705598798819,-0.045935580441070906,-0.05238431748021896,0.013089482009004977
30132062,simple,2,0,1.0,-0.004823137712621136,0,0,-0.14413288223558487,-0.004823137712621136,-0.016726209199936448,-0.042453478145761135
30105611,simple,4,0,1.0,-0.0018051624359119167,0,0,-0.0018051624359119167,-0.09707078912203129,-0.17266579200964763,-0.3679675180655699
30157120,simple,0,0,1.0,0.005610309789339452,0,0,0.005610309789339452,-0.28154053406161483,-0.3564275587405655,-0.5109579559623703
30104714,simple,1,1,1.0,-0.0020482814890656863,0,1,-0.0020482814890656863,-0.026847560504095442,-0.03608611365487299,-0.0677541084531263
30118506,simple,4,1,1.0,0.014545666230385796,0,1,-0.010422955645884878,0.008796396014312011,0.014545666230385796,-0.0049041218030967115
30101226,simple,0,0,1.0,0.03516705235429126,0,0,-0.004084928376946781,0.018536824482285434,0.03516705235429126,0.0030334892243267103
30143232,simple,0,1,1.0,-0.0019618956297789425,0,1,-0.0019618956297789425,-0.023293489769886634,-0.0320044433213737,-0.07270412129462153
30140503,simple,1,1,1.0,0.007065593707667801,0,1,0.007065593707667801,0.0035654231756029713,0.0007263930630781075,-0.074951099529843
30148799,simple,1,1,1.0,-0.002614382723304439,0,1,-0.002614382723304439,-0.013886745002519216,-0.03121415469867052,-0.12219799922483077
30133534,simple,4,1,1.0,0.005159638043119721,0,1,0.0012375191475903803,-0.001663701952923452,0.005159638043119721,-0.0012070991520226476
30113297,simple,4,1,1.0,0.008857893267958803,0,1,-0.005212302028355063,0.008857893267958803,-0.0028386374960464936,-0.08911669513766873
30130728,simple,0,1,1.0,0.004352896555075855,0,1,0.004352896555075855,-0.0033118855708853256,-0.011613760305296778,-0.03917763348571242
30131575,simple,0,0,1.0,0.08461740499771672,0,0,0.0554142392830399,0.03213754970955082,0.08461740499771672,0.04570689979335234
30110059,simple,0,1,1.0,0.003044326911935409,0,1,0.003044326911935409,-0.0038740405589337487,0.001390685591985165,-0.0181213616715672
30111736,simple,1,1,1.0,0.009735553872694532,0,1,-0.0019776940752589296,0.009735553872694532,-0.004291472377071438,-0.12308615510163243
30125345,simple,2,0,1.0,0.05498438130354046,0,0,0.05498438130354046,-0.07808369405378485,-0.13386656858953966,-0.2682925231693204
30159102,simple,2,0,1.0,0.056737543414688354,0,0,0.006604082108145001,0.056737543414688354,0.053526626062371754,-0.008760483837539385
30117764,simple,2,1,1.0,0.010068722897271218,0,1,0.0009737395397747643,-0.005627977588648327,0.003306949769251149,0.010068722897271218
30108874,simple,1,1,1.0,0.003211604153113636,0,1,-0.005926744838053347,0.003211604153113636,-0.023655322705786318,-0.18070963855375605
30124917,simple,0,0,0.0,0.23929714265615049,0,0,0.23929714265615049,-0.006600930829545312,-0.00032621523053769433,0.05158540605548802
30160025,simple,2,1,1.0,0.025545120933706648,0,1,-0.01443239805188207,0.02097185071340805,0.025545120933706648,0.015667317958908078
30152430,simple,1,0,1.0,0.02141896903700122,0,0,-0.009198171105516843,0.02141896903700122,0.013298921439525099,-0.05573844686439279
30106601,simple,0,1,1.0,-0.004465151500923047,0,1,-0.004465151500923047,-0.023645999366377637,-0.030254265950648007,-0.054647016281634306
30127952,simple,3,1,1.0,0.016252874683965232,0,1,0.009750598318350413,-0.003925501632790198,0.0036574030394964166,0.016252874683965232
30149354,simple,2,0,1.0,-0.006796751398615318,0,0,-0.006796751398615318,-0.14008134363639194,-0.22969141524542708,-0.37631573387278466
30137597,simple,4,1,1.0,-0.038837457842340155,0,1,-0.038837457842340155,-0.14526666425469809,-0.14952313988825708,-0.18787098902933574
30122006,simple,1,0,1.0,-0.08950728781769397,0,0,-0.08950728781769397,-0.11124057521708403,-0.12390170589957944,-0.17670982327284518
30118220,simple,0,0,0.0,0.16783333570149436,0,0,0.16783333570149436,0.02919935990050794,0.04137606441354431,0.007129223248360711
30141362,simple,3,0,1.0,0.050693888229079574,0,0,0.050693888229079574,0.004339399858559625,-0.012132107628793985,-0.13106729106870513
30133742,simple,2,1,1.0,0.009216613934798376,0,1,0.0019862838934424885,-0.005138342116404893,-0.002843730840076806,0.009216613934798376
30125367,simple,4,1,1.0,0.05632936321803362,0,1,-0.027270825764781646,0.05632936321803362,0.05349334637287616,-0.011510121425177412
30120758,simple,1,0,1.0,0.0315863457084872,0,0,-0.11045220294412893,-0.010342613853023024,0.01825963687468359,0.0315863457084872
30119730,simple,3,1,1.0,0.0015260731782064454,0,1,0.0015260731782064454,-0.017533355869914564,-0.025622885257922084,-0.06476557967669495
30101650,simple,2,1,1.0,-0.0012475246985329466,0,1,-0.0012475246985329466,-0.023243014705959065,-0.029893161118611965,-0.05267504348312516
30149161,simple,2,1,1.0,0.007164060959087826,0,1,0.005847085475259008,0.007164060959087826,0.0008085138605714894,-0.06863341135676429
30143109,simple,3,0,0.0,0.10261105290126811,1,1,0.10261105290126811,0.003586046457331406,0.013820793774781216,-0.018781845597517187
30146435,simple,4,1,1.0,0.003517676535093321,0,1,0.003517676535093321,-0.0006036142206612347,0.00144083621878692,-0.04227331951474621
30135418,simple,4,1,1.0,0.0010979917933891525,0,1,0.0010979917933891525,-0.027398636437765383,-0.0334706594808442,-0.05578516942281978
30103863,simple,2,0,0.0,0.21420115197661202,0,0,0.21420115197661202,0.016945467575578143,0.08481622483345967,0.12256714780027078
30109665,simple,3,1,1.0,-0.007275125014028251,0,1,-0.007275125014028251,-0.013203635455457356,-0.02465534164503161,-0.09107983567520775
30135080,simple,3,1,1.0,0.043459143199615684,0,1,0.02463422554911233,0.03918420683663858,0.043459143199615684,-0.024913860320502107
30159133,simple,3,1,1.0,0.0037336065620763616,0,1,-0.005110058093481081,0.0033584902926732715,0.0037336065620763616,-0.0461672973552023
30105868,simple,4,0,0.0,0.25487461238321757,0,0,0.25487461238321757,0.012605208473744328,0.010903829904617583,-0.017829086140812175
30129909,simple,3,0,1.0,0.09082132523436805,0,0,0.09082132523436805,0.008149143409101169,0.006800392379960989,-0.06199428131109279
30145871,simple,0,0,1.0,0.019161567271985917,0,0,0.019161567271985917,-0.03168861326600905,-0.08019816996415621,-0.15553245163753088
30104418,simple,1,1,1.0,0.003955938861039461,0,1,0.003955938861039461,0.0034926154784688836,0.0023976112027775318,-0.053105070522801834
30114053,simple,2,0,1.0,0.052711148275361074,0,0,0.052711148275361074,0.022846850155985265,0.022951932769302675,0.0005378185726358092
30129622,simple,0,1,1.0,0.007170070707083351,0,1,-0.004553441260051267,0.0026404779969105563,0.007170070707083351,-0.025590910514409787
30095592,simple,3,1,1.0,-0.0033631123062198218,0,1,-0.0033631123062198218,-0.009102464201281725,-0.04419959326812399,-0.15922434439986888
30117009,simple,1,1,1.0,0.0038315521798934493,0,1,-0.001876338374446073,-0.00010525983713359846,0.0038315521798934493,0.0008935037802384055
30163911,simple,2,1,1.0,0.021298455494726472,0,1,0.021298455494726472,-0.21565440506759212,-0.3327396909795821,-0.49808106016021875
30143714,simple,1,1,1.0,0.0027980647152178705,0,1,0.0019351385753881567,0.001035274147880346,0.0027980647152178705,-0.027479660696265257
30144920,simple,0,0,1.0,0.09475094987913113,0,0,0.09475094987913113,-0.07270294317739835,-0.2744308711819058,-0.48162699893378347
30148297,simple,4,1,1.0,0.005405798652820065,0,1,0.005405798652820065,-0.001364252777965369,0.003960389215959679,-0.006985415100239131
30145924,simple,0,0,0.0,0.1572553792711433,0,0,0.1572553792711433,0.032021402856552146,0.02461720262289565,-0.029296069898806863
30132703,simple,0,1,1.0,0.053579068483203804,0,1,0.053579068483203804,0.005442696104061721,0.0037899688588471717,0.005990759517119443
30144727,simple,3,0,1.0,0.04259540900700681,0,0,0.0144466448639332,0.001728668068086187,0.0037681516082435675,0.04259540900700681
30115502,simple,4,1,1.0,0.0039157715052375,0,1,0.0039157715052375,-0.026365240074834893,-0.03465729832498013,-0.07019771904189603
30157597,simple,1,1,1.0,-0.0038930818738814217,0,1,-0.0038930818738814217,-0.027123088272898128,-0.035012995083521806,-0.05422565150058968
30156720,simple,4,0,1.0,0.0510971823180405,0,0,0.0510971823180405,-0.0005052981472920166,-0.0035895971387328723,-0.09835622887535793
30140096,simple,1,0,1.0,0.053431712633627615,0,0,0.053431712633627615,0.044464307675122064,0.05085621994928857,-0.00028945015583441147
30149716,simple,3,1,1.0,0.0371434571192755,0,1,-0.021645081337506825,0.0371434571192755,0.016387798940980934,-0.12347424721949686
30157206,simple,2,1,1.0,0.022678467161380524,0,1,-0.01690265639150099,0.022678467161380524,-0.0014739725971818322,-0.12737718334232237
30132080,simple,3,1,1.0,0.003287049225743164,0,1,0.002680053374571556,-0.002203718871598712,0.003287049225743164,-0.005033568686504938
30106726,simple,3,0,1.0,0.07638366044790623,0,0,0.07638366044790623,-0.0003971711233107713,-0.0017093885332536835,-0.06506328084516942
30110054,simple,4,0,1.0,0.037018984740319026,0,0,0.037018984740319026,-0.002477071719985423,-0.019232020821554736,-0.14188681450801038
30111015,simple,3,1,1.0,0.052801145477731,0,1,0.052801145477731,-0.049492538275809794,-0.04672309947085358,-0.09666698626066056
30116891,simple,4,1,1.0,0.007771432229060897,0,1,0.007771432229060897,-0.0018241336642864092,0.001277920457903689,-0.027437389350830475
30159712,simple,3,1,1.0,0.005194553123350765,0,1,0.005194553123350765,-0.001836170662791117,0.003749314001443897,-0.0021777474522258894
30128428,simple,3,1,1.0,0.009218583015669718,0,1,0.00703449907974478,-0.0033466831718058174,0.0035512663350328565,0.009218583015669718
30131080,simple,4,1,1.0,0.008559534826181794,0,1,0.008559534826181794,0.0011863232569730084,-0.0006341358201693917,-0.05978181589495851
30166331,simple,4,1,1.0,0.02237679329830425,0,1,-0.0014899918042012746,-9.78695516857947e-05,0.008929348623484368,0.02237679329830425
30144708,simple,2,1,1.0,0.01792824693917158,0,1,-0.0023201604810476825,0.01792824693917158,-0.0013013415380791898,-0.11530606973777416
30131647,simple,2,1,1.0,0.005730773021474345,0,1,-0.0037694124496226306,-0.001231062462098833,0.005596776031787678,0.005730773021474345
30158630,simple,2,1,1.0,0.004066544379471484,0,1,0.004066544379471484,-0.006128791041463518,0.0013960246605519804,-0.0005280840770683359
30125033,simple,0,0,1.0,0.08736117525022506,0,0,0.08736117525022506,0.041433604521819795,0.032365068049725436,-0.018855790008409402
30121659,simple,0,0,1.0,-0.017717077678551452,0,0,-0.017717077678551452,-0.14730844539116889,-0.23130365428342303,-0.4095280232544416
30106512,simple,2,1,1.0,-0.0851120288740461,0,1,-0.13472666821852686,-0.0851120288740461,-0.17734350503955643,-0.267600334450449
30154364,simple,2,1,1.0,-0.003068945176279394,0,1,-0.003068945176279394,-0.029666575969943924,-0.08861921360983907,-0.2692383213086453
30150354,simple,1,1,1.0,0.0036019236930678565,0,1,0.0005838239284792907,-0.002761505378824306,0.0036019236930678565,0.0017685509029588126
30100963,simple,2,1,1.0,-0.005737198826711632,0,1,-0.005737198826711632,-0.020858608216742566,-0.030088540193433478,-0.05955336917705297
30108235,simple,4,1,1.0,0.004786603214459933,0,1,-0.006037258443544115,0.004786603214459933,-0.01744529231425752,-0.15431648698920314
30108638,simple,3,1,1.0,0.0033956721596545836,0,1,-0.005061714942533824,0.0006460392748043695,0.0033956721596545836,-0.030569426537923418
30130864,simple,1,1,1.0,-0.01698302311881933,0,1,-0.01698302311881933,-0.11481021645185185,-0.193949706870808,-0.37892107380535683
30134227,simple,1,0,1.0,-0.031776591807205386,0,0,-0.031776591807205386,-0.16716365354197862,-0.21608583618208516,-0.2011649860252538
30109182,simple,3,1,1.0,0.009133945509886776,0,1,0.009133945509886776,-0.0020564816015396694,0.0025566085926531923,-0.010672857009461495
30123446,simple,0,1,1.0,0.01760156702835258,0,1,0.01760156702835258,0.012546269135259334,0.004829584627568526,-0.019292275258960677
30139940,simple,1,1,1.0,0.059646107983619336,0,1,0.059646107983619336,-0.1280086306696511,-0.11107391270951252,-0.241500551735848
30152092,simple,4,1,1.0,-0.031884920021363644,0,1,-0.031884920021363644,-0.05147464489277847,-0.09461151835754075,-0.2629008696723749
30127277,simple,2,1,1.0,0.011607053592513877,0,1,0.003209716451386485,0.011607053592513877,-0.0025594537052062646,-0.0978419819284109
30124133,simple,0,1,1.0,-0.0026499121363539185,0,1,-0.0026499121363539185,-0.02594900709834383,-0.031342093679919546,-0.0396231671526214
30151066,simple,2,0,2.0,0.37431494086202005,0,0,0.33393226912301266,-0.05253038070218023,0.37431494086202005,0.30620870780141973
30166951,simple,1,1,1.0,0.005037759193952995,0,1,-0.00014455156388787707,-0.003165788611556964,0.002943332999599188,0.005037759193952995
30156329,simple,1,1,1.0,-0.010123794167528309,0,1,-0.010123794167528309,-0.3165232399846335,-0.45034968968436423,-0.5512593170275125
30142642,simple,2,1,1.0,0.0033972973385944932,0,1,0.0033972973385944932,-0.004733986841489356,0.001698635506214182,-0.004987710572989551
30107113,simple,1,1,1.0,0.014947272916466317,0,1,-0.0006598917747847079,-0.004054756146206113,0.003861258604197674,0.014947272916466317
30144160,simple,1,1,1.0,-0.010404079981016431,0,1,-0.010404079981016431,-0.2792348914790474,-0.400412445684234,-0.5238022373363747
30136580,simple,0,1,1.0,0.01017939122039719,0,1,0.01017939122039719,-0.16631440456356822,-0.24004905372690677,-0.15338577263401887
30124126,simple,2,1,1.0,0.0111352952161188,0,1,0.0111352952161188,-0.15974797081067507,-0.2626345060983584,-0.4421342277519796
30138880,simple,2,1,1.0,0.007323197091189702,0,1,-0.001327076880164247,0.000414160743788191,0.007323197091189702,0.0027152870679609115
30149908,simple,4,1,1.0,0.0070708840663113864,0,1,0.0012143931837888533,-0.00033769534518759275,0.0067971004036719955,0.0070708840663113864
30135974,simple,1,1,1.0,0.017241425761377018,0,1,-0.0014677382808377382,0.017241425761377018,0.008766030478251318,-0.09997500256352385
30112588,simple,4,1,1.0,0.004770246563350979,0,1,0.0020976136861524317,-0.0018605426636261468,0.004770246563350979,-0.0018870578137819977
30150214,simple,1,1,1.0,0.006217600135493495,0,1,-0.04304872607562889,-0.031570672374267625,-0.015815674025144586,0.006217600135493495
30150575,simple,4,1,1.0,0.00558615547925086,0,1,0.004854771864268907,0.00023422790249886388,0.00558615547925086,-0.0021388582383412708
30106946,simple,0,0,0.0,0.3343364689364091,1,1,0.3343364689364091,-0.04907668005107148,-0.03391055474160816,0.038137344742744356
30095341,simple,3,1,1.0,0.0018241320373410044,0,1,0.0004652526875743891,0.001172643251703782,0.0018241320373410044,-0.04617919946505571
30115980,simple,1,0,0.0,0.11220153853635514,0,0,0.11220153853635514,0.03039655485792363,0.03598172920272352,0.018573865223957473
30125497,simple,2,1,1.0,0.008051525387610493,0,1,-0.00045163694631058723,0.008051525387610493,-0.023319089724584918,-0.16543229325703468
30098330,simple,0,1,1.0,0.0066655111957170665,0,1,0.00034352561228153874,0.003688409990931764,0.0066655111957170665,-0.026169000520622057
30165317,simple,0,0,1.0,-0.0048260506379121,0,0,-0.005435215076959182,-0.0048260506379121,-0.019263991397294584,-0.08395316219005396
30122883,simple,2,1,1.0,0.00597996242736339,0,1,0.00597996242736339,-0.0041134263086217045,9.456858681793426e-05,-0.018894727812182946
30116095,simple,4,1,1.0,0.025721050959595385,0,1,-0.006966640800229178,-0.020893177964951146,-0.019732139840414376,0.025721050959595385
30145054,simple,1,1,1.0,0.02567522819501225,0,1,-0.0028271746561786895,-0.003088763693599759,0.005430938877519772,0.02567522819501225
30145080,simple,0,0,0.0,0.2386538545051431,1,1,0.2386538545051431,-0.003990020384135408,0.00023472020026226587,0.03075072478302779
30123415,simple,4,0,1.0,0.09289168079784793,0,0,0.09289168079784793,-0.08243084361841002,-0.0806401292979963,-0.09249698632356988
30111282,simple,1,1,1.0,0.00507382281933394,0,1,-0.0002344199016306725,-0.002983621211012987,0.0031004866344153947,0.00507382281933394
30111603,simple,2,1,1.0,0.00550362196949309,0,1,0.00550362196949309,-0.00486462579085609,0.00042248202036012164,-0.013065540686696596
30108429,simple,4,1,1.0,-0.02433841770997828,0,1,-0.02433841770997828,-0.04864101447444931,-0.10497666061810858,-0.24528567296094406
30158051,simple,3,1,1.0,0.004945129387505298,0,1,0.0007670442603212521,-0.0014625828869630087,0.004945129387505298,0.004518722538890491
30130149,simple,2,1,1.0,-0.006967414038006624,0,1,-0.006967414038006624,-0.07417425422441361,-0.15234873018014725,-0.34292199514743443
30165943,simple,3,1,1.0,0.005761113388666243,0,1,0.005761113388666243,-0.0027418861444803693,-0.00098072907641171,-0.041339336767608266
30096557,simple,4,1,1.0,0.0004955153408694318,0,1,0.0004955153408694318,-0.018166591027376604,-0.04817202498833143,-0.196805919666458
30160102,simple,0,1,1.0,0.03217726356574456,0,1,0.03217726356574456,-0.01931683953064789,-0.03469625649616352,-0.152805856093588
30154113,simple,4,1,1.0,0.08807851473172353,0,1,-0.11410533653599558,0.062138227894242316,0.08807851473172353,0.0332916136903101
30125623,simple,0,1,1.0,0.0044581226373271235,0,1,-0.0020537151487023085,-0.002435740349237478,0.0044581226373271235,-0.008932552667687749
30138034,simple,3,1,1.0,0.004406291525898012,0,1,-0.001085074248009077,-0.00036208695006433207,0.004406291525898012,-0.010538377258774032
30143401,simple,2,1,1.0,0.00031878121294274045,0,1,0.00031878121294274045,-0.02773142611500583,-0.03526267508560155,-0.05887812689205341
30126650,simple,2,1,1.0,0.012034662701414914,0,1,0.00023983893315616608,-0.005118227888807513,0.004043324904032326,0.012034662701414914
30116106,simple,2,1,1.0,0.007341634403517396,0,1,0.007341634403517396,-0.02587736136757385,-0.03965365310435082,-0.09759366290703403
30161947,simple,0,0,1.0,0.049158721432061486,0,0,0.049158721432061486,0.007076336727417507,0.0012858630290147992,-0.03169249096386899
30110867,simple,2,0,1.0,0.08807356586708104,0,0,0.08807356586708104,-0.0318028667162369,0.021038731511371225,0.06757333968563678
30145535,simple,2,0,1.0,-0.04438026965484938,0,0,-0.0890449616809937,-0.04438026965484938,-0.10341483817191123,-0.1614558808260836
30093891,simple,1,1,1.0,0.005507999560133394,0,1,0.005507999560133394,0.0005036938188514965,-0.0005152682605563258,-0.05169046935506653
30111673,simple,0,1,1.0,0.009266385940898462,0,1,0.0004808259386514212,0.009266385940898462,0.0028734278108722942,-0.08605847259189267
30153482,simple,2,1,1.0,0.00240721401031797,0,1,0.00240721401031797,-0.001865614938418924,0.0018969321519101863,-0.01665950510073956
30118415,simple,4,1,1.0,-0.0347818609184436,0,1,-0.0347818609184436,-0.061156777103615646,-0.07357804248241266,-0.17630450123841418
30098270,simple,3,1,1.0,0.0028370231115840677,0,1,-0.00039003679110756473,0.0028370231115840677,0.0011539981903519875,-0.060213622183074376
30151692,simple,1,1,1.0,0.004189740933338296,0,1,0.004189740933338296,0.004035578983796421,0.0031062249982311933,-0.0565468968293331
30140830,simple,3,1,1.0,0.009805788393204755,0,1,-0.006714526949662545,0.009805788393204755,0.002008766844112289,-0.07355114375224865
30112435,simple,3,1,1.0,0.0008961574629446842,0,1,0.0008961574629446842,-0.024543510718805735,-0.03337982796299527,-0.0787902353920455
30111424,simple,3,1,1.0,0.008523869138010587,0,1,-0.0031182741165814813,0.008523869138010587,0.0014040369692884906,-0.08217467610833844
30147629,simple,4,0,0.0,0.27597822692681645,0,0,0.27597822692681645,0.0010704300862286464,0.006952210151600389,-0.0310497894077411
30125704,simple,1,1,1.0,-0.005143498455999342,0,1,-0.005143498455999342,-0.027730376953379616,-0.03353821453284572,-0.040034433233563975
30130608,simple,0,1,0.0,0.10262391457836881,0,1,0.10262391457836881,0.01570650930789262,0.04758768118902199,0.00036016739502994777
30118609,simple,2,1,1.0,0.003407398395649224,0,1,-0.0003132926233298354,-0.001901619288179255,0.003407398395649224,-0.005837590462078643
30129272,simple,0,1,1.0,0.0031049910276368525,0,1,0.0007749882545542673,-0.002693978066843669,0.0031049910276368525,-0.014331240767304645
30139215,simple,4,1,1.0,-0.011198908429849944,0,1,-0.01382998360590814,-0.011198908429849944,-0.048576006288418364,-0.20503816289496474
30111710,simple,0,1,1.0,0.0004637924093137749,0,1,0.0004637924093137749,-0.023069265058655843,-0.033817679869442036,-0.0906608840266633
30142045,simple,3,0,2.0,0.5814800700890942,0,0,-0.00014234552057318384,0.28723370788964153,0.5814800700890942,0.06242463724017108
30102064,simple,4,0,1.0,0.046695011582110535,0,0,0.046695011582110535,-0.03838696023518265,-0.03200250268185714,-0.10458885537801177
30159691,simple,2,1,1.0,0.005755657910208763,0,1,0.005755657910208763,-0.005482541415258797,0.00013867505282702877,-0.011775216256300847
30139225,simple,3,1,1.0,0.05900623116618868,0,1,0.05900623116618868,-0.030655472204339305,-0.032821803866252684,-0.08756037627683005
30109732,simple,4,1,1.0,0.00600710082988536,0,1,-0.0003724775736024741,-0.0018109117580330722,0.00600710082988536,0.005795102961622833
30110891,simple,0,1,1.0,0.003011204355282869,0,1,0.0008325111260763345,-0.0004069218076867623,0.003011204355282869,-0.03615158125427033
30156207,simple,2,1,1.0,0.003343610051982592,0,1,0.003343610051982592,-0.005623286254851877,0.0018862341499452685,0.0002963336932273464
30159007,simple,4,1,1.0,0.008377070744737942,0,1,-3.11759687058738e-05,0.0031041088697985088,0.008377070744737942,-0.0025100225992203407
30121250,simple,0,1,1.0,0.0031899980316023036,0,1,0.001409240954830037,-0.003501080902794107,0.0031899980316023036,-0.0033067614078322594
30144670,simple,0,1,1.0,0.002087936894554193,0,1,0.002087936894554193,-0.00724692620882492,-0.014850742917664774,-0.03786287842131672
30113474,simple,4,0,0.0,0.10371685913985926,0,0,0.10371685913985926,-0.2236206969857664,-0.4387049807992865,-0.19039195151888938
30140452,simple,0,0,0.0,0.4384540072796854,0,0,0.4384540072796854,0.12553426495733416,0.24562235831363521,0.148324841554273
30124083,simple,0,1,1.0,0.002615317660092091,0,1,0.002615317660092091,-0.0031112139777068684,0.0018654090655484956,-0.020436264512539028
30113660,simple,0,1,1.0,-0.0017144063618255816,0,1,-0.0017144063618255816,-0.02377342540611674,-0.03232144083657627,-0.07121636435330647
30124394,simple,2,1,1.0,0.007032883924886116,0,1,0.004243473149570222,0.007032883924886116,0.0033515430130542333,-0.023745317370468588
30150016,simple,1,1,1.0,-0.008086192700467468,0,1,-0.008086192700467468,-0.09238393321643618,-0.1640579987468441,-0.3691779271186662
30111393,simple,2,1,1.0,0.0035155213019261687,0,1,0.0010378682623691585,-0.002851985007950194,0.0035155213019261687,-0.002506296982942552
30145100,simple,4,1,1.0,0.00034741605049450064,0,1,-0.0026520107992049416,-0.022007937813945083,-0.02370428746966374,0.00034741605049450064
30155364,simple,3,0,1.0,0.008037244272180657,0,0,-0.007586792303228788,0.008037244272180657,0.0017135655917628473,-0.08362142130514133
30125803,simple,3,1,1.0,0.00549938077587492,0,1,-0.005194380118875248,0.00549938077587492,-0.018583086972756062,-0.14178451766795114
30105274,simple,2,0,1.0,0.06867968155308925,0,0,0.03505940859862111,0.026735523616319822,0.06867968155308925,0.04546958341534388
30146957,simple,3,0,1.0,0.006578628771440739,0,0,0.006578628771440739,-0.010620064691425226,-0.014343311958744977,-0.020838301363029083
30117831,simple,3,1,1.0,0.006516883119014208,0,1,0.006516883119014208,-0.000922113626445108,0.0005429542017311613,-0.03779315597707031
30093760,simple,0,0,0.0,0.270660761180844,0,0,0.270660761180844,-0.009751813525107705,-0.007406420320670043,-0.04646549087496919
30111455,simple,1,1,1.0,-0.13028589517330108,0,1,-0.13028589517330108,-0.2283580814957316,-0.2973680584491462,-0.44929286161233034
30113209,simple,3,1,1.0,0.0012697928986696479,0,1,0.0012697928986696479,-0.023214016275063663,-0.02610347612427573,-0.017483530504551703
30136163,simple,0,1,1.0,0.011161515811894208,0,1,0.0008497482615298299,0.011161515811894208,-0.0005479835019323205,-0.09241184793717541
30126029,simple,2,1,1.0,0.03865349712789015,0,1,0.03865349712789015,-0.11900460540981339,-0.21333399641522766,-0.4055826321874176
30121053,simple,3,1,1.0,0.03404007678534243,0,1,0.0022621778178837926,-0.0017457153018688668,0.007553504319242864,0.03404007678534243
30142500,simple,2,1,1.0,0.010173451188631662,0,1,-0.01191922965232926,0.010173451188631662,-0.005259903211810354,-0.07808472604920634
30161086,simple,4,1,1.0,0.09262557990403315,0,1,-0.005451060554528174,0.03486864201195807,0.04799296862372544,0.09262557990403315
30132162,simple,3,1,1.0,0.0013396212812046282,0,1,0.0013396212812046282,-0.015180844450190882,-0.019916291128295502,-0.033524568530814536
30141227,simple,2,1,1.0,0.005823876448146269,0,1,0.005823876448146269,-0.002648285276865895,0.0010396275459570899,-0.021368060108242846
30123263,simple,0,1,1.0,0.008240146119815172,0,1,0.0002618186410085037,0.008240146119815172,0.003448954833660308,-0.07527969227919487
30143948,simple,4,1,1.0,0.012200487572112246,0,1,-0.021219272192627467,0.012200487572112246,-0.003812680726232115,-0.10724021513972609
30106174,simple,2,1,1.0,0.0024458853673339394,0,1,0.0018379561261988656,-0.004874073498450645,0.0024458853673339394,0.0012303654876098247
30163969,simple,0,1,1.0,0.006056668793614113,0,1,-0.003808257275687711,-0.0019527753437724102,0.006056668793614113,0.0018767269221478672
30122887,simple,1,1,1.0,0.0023027215271139642,0,1,0.0008265623984087221,-0.002332688971890786,0.0023027215271139642,-0.005781394815813384
30160091,simple,2,1,1.0,0.03521658573001844,0,1,0.03521658573001844,-0.007256151663545169,0.016712951190486446,-0.003250485439219006
30120568,simple,2,1,1.0,0.008135050919700182,0,1,0.008135050919700182,0.0013197537599204216,-0.00032974748920447036,-0.04956504114086897
30143606,simple,1,1,1.0,0.005176911092720504,0,1,0.0007798184731352235,-0.004103112365761313,0.002885303289008597,0.005176911092720504
30123625,simple,4,1,1.0,0.0063546064699815975,0,1,-0.0016342658837258037,0.0063546064699815975,-0.001862105921815401,-0.09252810190969157
30152541,simple,0,1,1.0,0.03129991123832426,0,1,-0.003514312848162563,-0.0034688893832380344,0.007185376640364588,0.03129991123832426
30120887,simple,3,1,1.0,0.02839829897375265,0,1,0.002620224725564557,-0.0012117365773668103,0.007489740629906795,0.02839829897375265
30110783,simple,4,0,1.0,-0.0010093173929061477,0,0,-0.0010093173929061477,-0.1828805818099333,-0.2769993806797489,-0.4485614773538299
30147311,simple,2,1,1.0,0.005088862841051159,0,1,0.005088862841051159,-0.005065867183215934,0.0007830650376948155,-0.00989346047313347
30125476,simple,1,1,1.0,-0.00789929053738755,0,1,-0.016045375697095007,-0.00789929053738755,-0.035872983601219065,-0.1602317298784046
30134499,simple,3,1,1.0,0.004525464624120691,0,1,-0.003803862073678367,0.004525464624120691,0.002939180850192055,-0.05674827042594146
30142280,simple,1,1,1.0,-0.002656239090127417,0,1,-0.002656239090127417,-0.026404705314977777,-0.03599886028947999,-0.06685831426758096
30100697,simple,1,1,1.0,0.0010410212744775132,0,1,0.0010410212744775132,-0.014941177636069187,-0.03455616265571136,-0.14254483617320107
30129543,simple,0,1,1.0,0.009915896124952708,0,1,0.0014428515630256523,-0.005586592379985912,0.0026306199326260327,0.009915896124952708
30144522,simple,2,1,1.0,0.00828330550436103,0,1,0.00828330550436103,-0.024714648141260166,-0.039996635075436646,-0.10603059857219181
30139262,simple,0,1,1.0,0.012518859917884654,0,1,-0.0008249775815617512,0.012518859917884654,0.010168539816608375,-0.055613570930414025
30163594,simple,1,1,1.0,-0.004584738973699931,0,1,-0.009105015217548015,-0.027755189184523552,-0.029265858838262892,-0.004584738973699931
30158346,simple,4,1,1.0,0.0036669741387414384,0,1,-0.002457066832552632,-0.02212039721443758,-0.023602303129190667,0.0036669741387414384
30142826,simple,4,0,0.0,0.1343075245698418,1,1,0.1343075245698418,-0.02761823869172881,0.006861344901521096,0.0030807924775848733
30103333,simple,1,1,1.0,0.006244020861734964,0,1,-0.00011037577719460664,-0.003064122365401937,0.003498910992295233,0.006244020861734964
30157122,simple,2,1,1.0,0.012872046667826778,0,1,-0.00820962252218434,-0.031496770059989576,-0.026578551375121915,0.012872046667826778
30127379,simple,4,1,1.0,0.0059919165582683655,0,1,0.002962793034479671,-0.0008414344785243541,0.0059919165582683655,0.005930312902313814
30100005,simple,3,1,1.0,-0.002797028881385423,0,1,-0.002797028881385423,-0.022083244488212764,-0.03432940891629846,-0.10921413947056409
30132176,simple,0,1,1.0,0.0051863225987096445,0,1,0.0005369802320835913,0.004010715201246476,0.0051863225987096445,-0.03595736510721641
30136116,simple,4,0,0.0,0.10089317061448866,0,0,0.10089317061448866,-0.15733011651633017,-0.2905840075943585,-0.40631346197836427
30131414,simple,2,1,1.0,0.010124432827182991,0,1,0.004069219370529807,-0.008243429883114207,0.0014865046179058476,0.010124432827182991
30124958,simple,4,0,1.0,0.08434836270089006,0,0,-0.1359166245639316,0.060223308717896155,0.08434836270089006,-0.0036536670510664143
30110265,simple,3,0,1.0,0.01011700748930574,0,0,-0.005428552070533672,0.01011700748930574,-0.00039761025944179407,-0.09489956301595824
30107922,simple,2,1,1.0,0.004092592960173946,0,1,0.004092592960173946,-0.006722615420442234,0.0016018901608572632,0.0032812357407635273
30147239,simple,1,1,1.0,0.06154546485834407,0,1,0.06154546485834407,-0.01372513811749318,-0.018558563785032713,-0.06306201204964357
30138913,simple,4,1,1.0,0.004686781761820181,0,1,0.0008157518591557847,-0.002074598635491934,0.004686781761820181,-0.0042979654689973695
30141412,simple,0,1,1.0,-0.0026920781003279028,0,1,-0.0026920781003279028,-0.024070200106052042,-0.03149578003721536,-0.06075643276489686
30159119,simple,4,1,1.0,0.008958738355438593,0,1,-0.0022950304025746195,0.005149697954034679,0.008958738355438593,-0.021115965844122432
30119729,simple,0,1,1.0,0.005415510619473381,0,1,0.0014287978476759562,0.005415510619473381,0.004248922345192242,-0.061947671335502434
30122421,simple,0,0,1.0,0.0826868908724546,0,0,0.03619990907278749,0.013912904803808898,0.05007806271206373,0.0826868908724546
30149298,simple,1,1,1.0,-0.005541392518850642,0,1,-0.005541392518850642,-0.01641762641373606,-0.022498790133773715,-0.041075231333835276
30120789,simple,4,1,1.0,0.06416764739086256,0,1,0.06416764739086256,0.05213305481652299,0.04165275664680135,-0.024769796114993622
30138920,simple,3,1,1.0,0.004433006310235164,0,1,0.004433006310235164,-0.02267828948459648,-0.0242174408040223,-0.0030494323359721576
30135589,simple,0,1,1.0,0.002942959246628355,0,1,0.002942959246628355,-0.013098066466641571,-0.03414020818037186,-0.15468248338308524
30121888,simple,1,1,1.0,0.0034948880920278903,0,1,0.0034948880920278903,-0.003400448621654107,0.0009879600945115648,-0.017370797675644478
30146291,simple,0,1,1.0,0.005775183919029335,0,1,-0.00455423166633016,0.0008201824162647961,0.005775183919029335,-0.0318532342704261
30101050,simple,4,1,1.0,0.00415190478843146,0,1,0.00415190478843146,-0.0026062226246340824,-0.001954254196997629,-0.06148923114913206
30127371,simple,3,1,1.0,0.025320924866590357,0,1,-0.010432458919710591,0.0199043850873538,0.025320924866590357,0.007622423863766978
30125060,simple,4,0,1.0,-0.051037411023600814,0,0,-0.051037411023600814,-0.0812747848749382,-0.13667556049887244,-0.2639375815273286
30103512,simple,2,0,1.0,-0.01968923273573753,0,0,-0.01968923273573753,-0.1508379126209159,-0.16614558089171788,-0.24963817485250156
30131309,simple,3,0,0.0,0.32673711122000143,1,1,0.32673711122000143,-0.03730786939419437,-0.026922193162619866,0.010844191003914039
30099710,simple,3,1,1.0,0.003196343264543308,0,1,0.003101397643547797,-0.001007124285311788,0.003196343264543308,-0.015196806345294696
30115887,simple,4,0,1.0,0.09983124111375662,0,0,-0.08977964901018201,0.0706699471161209,0.09983124111375662,0.005740932226314999
30152451,simple,4,0,1.0,0.035571956092719945,0,0,0.035571956092719945,-0.04567125369999991,-0.08420292049423499,-0.2770765727552723
30113942,simple,3,1,1.0,0.01948829847023987,0,1,-0.007908469780896845,0.01743642828819226,0.01948829847023987,-0.0022527835104751426
30107039,simple,2,1,1.0,0.014934395165758008,0,1,-0.009652652560367066,0.001465531893871743,0.008710491940663246,0.014934395165758008
30138533,simple,1,1,1.0,0.003487466790400521,0,1,0.0021735019868783165,-0.0005541423509729144,0.003487466790400521,-0.017616695421397065
30109623,simple,1,1,1.0,0.0018755862898717363,0,1,0.0018315992024151226,-0.003289565053109799,0.0018755862898717363,-0.00716417645186905
30106871,simple,3,1,1.0,0.07205918629083977,0,1,0.07205918629083977,-0.033052893772748615,-0.01947081498964443,0.015706564205618667
30147213,simple,2,1,1.0,0.006795378375959435,0,1,0.006795378375959435,-0.0036601949106554975,-0.0005673381599359019,-0.025236598605505978
30130082,simple,4,0,1.0,0.05362612406169372,0,0,0.05362612406169372,-0.03654159568232808,-0.03763186657449469,-0.1112215273864834
30123183,simple,4,1,1.0,0.004240254956112067,0,1,-0.004027266198850982,0.0041792759155766,0.004240254956112067,-0.04594364132219152
30140701,simple,2,1,1.0,0.0031743369927527236,0,1,0.00030327914488673807,-0.001661677661918496,0.0031743369927527236,-0.008872076166501722
30159845,simple,3,1,1.0,0.003609627456074335,0,1,0.003609627456074335,-0.0020884511879174453,0.0019788501681572528,-0.018484088283384686
30094400,simple,2,0,1.0,-0.0700469872974117,0,0,-0.12821471574481208,-0.0700469872974117,-0.14797411616356226,-0.25473124568327116
30123564,simple,0,1,1.0,0.01860738022265547,0,1,-0.004368367087995009,-0.0028026970916703725,0.006849463332880862,0.01860738022265547
30150648,simple,0,1,1.0,-0.005105496623593903,0,1,-0.005105496623593903,-0.01970763335369182,-0.026005627420443087,-0.04682888300232629
30147331,simple,3,1,1.0,0.0013021152739552122,0,1,0.0008588053108476087,-0.0007043147954685896,0.0013021152739552122,-0.0372977356128128
30127273,simple,2,0,0.0,0.24977793356061845,0,0,0.24977793356061845,-0.006498605817268594,0.017315247210033243,-0.011561154704709295
30145887,simple,1,1,1.0,0.002911332341546516,0,1,0.002911332341546516,-0.002940789067679774,0.0019233517638759627,-0.01391887610014951
30121664,simple,0,0,0.0,0.15921738265862148,1,1,0.15921738265862148,0.01852510405133189,0.01681124238966051,0.02890947645251729
30131286,simple,0,1,1.0,0.0037235745268598824,0,1,-0.0006769293895490178,0.0007286411272562354,0.0037235745268598824,-0.04387191548493398
30152853,simple,3,0,0.0,0.149173821773392,1,1,0.149173821773392,0.025664667613625902,0.02860437085920476,-0.05769053653168876
30116981,simple,3,0,1.0,0.03221183373435692,0,0,0.03221183373435692,-0.02446555745256644,-0.03437066705030826,-0.11415376028639385
30103179,simple,4,1,1.0,0.010783772802794304,0,1,0.010783772802794304,0.0011531997845273256,-0.0015021478258259828,-0.06862075285734846
30157519,simple,4,1,1.0,0.003982357614245247,0,1,0.003982357614245247,-0.025985001101327114,-0.03549954536471812,-0.08187739214792875
30107272,simple,0,1,1.0,0.0028420617853038704,0,1,0.0008208358233772368,-0.0032246544892483853,0.0028420617853038704,-0.012604203313704238
30143883,simple,3,1,1.0,0.004383900149741427,0,1,0.004383900149741427,-0.001894283969514179,0.0014969562148385261,-0.024445423545163658
30107157,simple,0,0,1.0,-0.0031154257713801835,0,0,-0.0031154257713801835,-0.015665038697816623,-0.021907496588921,-0.03828474176064208
30117698,simple,2,1,1.0,0.0074289633086186205,0,1,0.0074289633086186205,0.002276751100355894,-0.000310724172320042,-0.05309448136125288
30125542,simple,1,1,1.0,0.006626333968223205,0,1,-0.002170165814655324,0.005831768016279715,0.006626333968223205,-0.023025796732053426
30118380,simple,2,1,1.0,0.0041583963951178984,0,1,0.0041583963951178984,-0.0014622227173062725,0.0025962139857259835,-0.017290007655826903
30151091,simple,0,1,1.0,0.006710753843160413,0,1,0.0020549971923909775,0.006710753843160413,0.002629455324916548,-0.07534196931848523
30158339,simple,1,1,1.0,0.020994202873341916,0,1,-0.0004735064200691169,-0.005333609049510874,0.004027456964502955,0.020994202873341916
30097749,simple,3,0,1.0,-0.062462255544246045,0,0,-0.062462255544246045,-0.12463120629813378,-0.15640487378491974,-0.1982187966693687
30126365,simple,3,1,1.0,-0.012197722294000651,0,1,-0.012197722294000651,-0.013495493872119705,-0.03277803513683582,-0.1506903167874733
30130105,simple,1,1,1.0,0.020100875570534176,0,1,-0.012090402795634878,0.020100875570534176,0.004378587304816318,-0.10603683230477168
30132469,simple,4,1,0.0,0.1367101487909567,-1,0,0.1367101487909567,0.03866750803478307,0.07398960443291372,0.09387842623795435
30149089,simple,1,1,1.0,-0.002952753587725329,0,1,-0.002952753587725329,-0.027506351893564113,-0.035180285531876174,-0.05714644899891896
30107000,simple,2,1,1.0,0.02514223663014099,0,1,-0.021898181338027446,0.02514223663014099,0.02485549001579233,0.004793984739870638
30166953,simple,1,1,1.0,0.005341361645160515,0,1,0.00177676673551877,0.005341361645160515,0.0035252445636260003,-0.047732218824927085
30141399,simple,4,1,1.0,0.014190187465950188,0,1,-0.004227375084823709,-0.021108026702865976,-0.02148873670916381,0.014190187465950188
30136347,simple,4,1,1.0,0.00277499730869573,0,1,0.0005083517298500213,0.00277499730869573,-0.026887774875177867,-0.17677896813531752
30116275,simple,2,1,1.0,-0.0002848890533453767,0,1,-0.0002848890533453767,-0.0306171681721543,-0.034849482000875204,-0.04222332570157493
30117802,simple,3,1,1.0,0.006597828176735045,0,1,0.006597828176735045,-0.0029767044075351915,0.00294262726020365,-0.00016619680725767083
30158045,simple,0,0,1.0,-0.009559711852115984,0,0,-0.009559711852115984,-0.13616617003730636,-0.2191908446258272,-0.40652795364575656
30158573,simple,0,1,1.0,0.008040840171351343,0,1,-0.000688115982166438,-0.004273795387531899,0.00400760794170002,0.008040840171351343
30150236,simple,0,1,1.0,0.026905938726115852,0,1,0.026905938726115852,-0.0083187562320724,-0.016321013184067246,-0.06901475202962834
30116563,simple,1,1,1.0,0.0036528939446474618,0,1,0.0036528939446474618,-0.003405209960589666,0.0006991706216313079,-0.019047326935451428
30112232,simple,4,1,1.0,0.0037449482386863638,0,1,0.0014158294808879722,-0.0027625508936198195,0.0037449482386863638,-0.00806287827390291
30139872,simple,3,0,1.0,0.06228567344641955,0,0,0.06228567344641955,0.027128990552992324,0.025975859692644078,0.00930217743084319
30123677,simple,2,1,1.0,0.019938347616111365,0,1,0.0015426189420195587,-0.008031666702353387,0.0030901551644019996,0.019938347616111365
30145336,simple,3,1,1.0,0.0033704085606101053,0,1,0.0033704085606101053,-0.0025407753249498625,0.001193596651792795,-0.02284480710356794
30139881,simple,3,1,1.0,-0.0008847688888366304,0,1,-0.0008847688888366304,-0.024293606828205354,-0.03455283967495374,-0.0933999670817574
30118614,simple,2,1,1.0,0.0045897071944208355,0,1,0.0045897071944208355,-0.019473393099020613,-0.03602358705488906,-0.10655989911924257
30149859,simple,0,0,1.0,0.028517204535460083,0,0,0.028517204535460083,-0.01202776059573308,-0.03825925914988888,-0.1873627232166128
30158532,simple,4,1,1.0,0.021817153006333995,0,1,0.004446427518629916,0.0012257760059807901,0.008544495743545332,0.021817153006333995
30134986,simple,1,1,1.0,0.0028824716371723576,0,1,0.002197181872264073,-0.00013349639248453823,0.0028824716371723576,-0.021501181234351525
30097248,simple,1,1,1.0,0.022205111249821784,0,1,0.022205111249821784,-0.05532599333594865,-0.08491691015548018,-0.18545818751795545
30128122,simple,4,1,1.0,0.005474882779965617,0,1,0.005474882779965617,-0.001338778471273741,0.0036055259266730873,-0.01082664493603222
30160808,simple,3,0,1.0,0.011368976996717298,0,0,0.011368976996717298,-0.007327569258315994,-0.010653677053200541,-0.015483323181940262
30113592,simple,4,1,1.0,-0.0009247322971865229,0,1,-0.009976970929066749,-0.0009247322971865229,-0.02772731688450317,-0.18257527639742221
30123549,simple,2,1,1.0,0.06468478798686132,0,1,0.06468478798686132,0.04638917153383994,0.04482016662619309,-0.03270571735689178
30156488,simple,3,1,1.0,0.004028766177235205,0,1,-0.0003346011321004247,0.0022846830335911967,0.004028766177235205,-0.03060335829165716
30130641,simple,3,1,1.0,-0.0007464796256588732,0,1,-0.0007464796256588732,-0.02359890813367487,-0.0372727168449937,-0.12574051428174726
30123595,simple,1,1,1.0,0.0026024335376040077,0,1,0.0013724846602294963,-0.0014558377259357054,0.0026024335376040077,-0.011848973919337522
30118620,simple,2,0,1.0,0.00233364987426574,0,0,0.00233364987426574,-0.24828711477091053,-0.28815994445901194,-0.34180244358872136
30151932,simple,3,1,1.0,0.005080267926187675,0,1,0.005080267926187675,-0.002970148003241692,0.002135533509302595,-0.009090623751923613
30123713,simple,4,0,1.0,0.04949014043396723,0,0,0.04949014043396723,-0.023753059615764904,-0.03736901237241193,-0.1620757552677281
30132243,simple,2,1,1.0,0.00973196860246223,0,1,-0.010922850252530283,0.005903124447247974,0.00973196860246223,3.0264532894327956e-05
30133688,simple,4,0,1.0,0.0005423037805582925,0,0,0.0005423037805582925,-0.29577058162413844,-0.40490651351140183,-0.5521864915021439
30153970,simple,3,1,1.0,0.0023004282656771645,0,1,0.0011942708290358095,-0.0014354914885560174,0.0023004282656771645,-0.021854203870277672
30154186,simple,2,1,1.0,0.013016391481751165,0,1,0.0005770284144246303,0.013016391481751165,0.002074818244374773,-0.08176063332923189
30122261,simple,2,1,1.0,-0.0009702280664636541,0,1,-0.0009702280664636541,-0.031415854941528876,-0.034295589438693375,-0.03479647948914913
30142082,simple,3,1,1.0,0.012641409532949066,0,1,-0.001891521711640018,0.004118857839334645,0.010610654043799593,0.012641409532949066
30142539,simple,3,1,1.0,0.004402429702504124,0,1,0.0013665321569586997,-0.0008425557122921559,0.004402429702504124,-0.005385137364183598
30151240,simple,3,0,0.0,0.10333163668842123,0,0,0.10333163668842123,0.03321884205410141,0.031913466738694565,-0.0019021066961879551
30141906,simple,2,1,1.0,-0.022895607456616177,0,1,-0.022895607456616177,-0.0758606532109058,-0.026006843711199146,-0.14079136939827264
30162008,simple,0,1,1.0,0.04074288574492141,0,1,0.022778269266968566,0.006099166621640045,0.0044066940259516775,0.04074288574492141
30127006,simple,2,1,1.0,0.005774378273383129,0,1,0.005774378273383129,-0.028023616233566643,-0.039108075286139715,-0.0827536278444237
30113610,simple,1,0,1.0,-0.13263662971218043,0,0,-0.13263662971218043,-0.25704050182535626,-0.32807492667816146,-0.4367236047792798
30139593,simple,4,1,1.0,0.0028104013521791024,0,1,0.0028104013521791024,-0.02662463909574997,-0.03268264726289642,-0.04863489986192694
30136870,simple,4,0,1.0,-0.008585302158568254,0,0,-0.02517028040554678,-0.008585302158568254,-0.012864059306398992,-0.030910305759562287
30153604,simple,3,0,1.0,0.00932563035188011,0,0,-0.017783287582853184,-0.0039654442394482774,-0.017469663906105805,0.00932563035188011
30120303,simple,2,0,1.0,-0.09367634109394553,0,0,-0.09367634109394553,-0.1361489261091151,-0.15473758908073826,-0.23344088128727442
30137540,simple,4,1,1.0,0.01894722903348431,0,1,-0.0051373822383616805,-0.015796038151017648,-0.016183668345030083,0.01894722903348431
30111566,simple,1,1,1.0,-0.007942385088776784,0,1,-0.007942385088776784,-0.011411792885259977,-0.04602921638910365,-0.21472370403306418
30112675,simple,3,1,0.0,0.17419881536243842,-1,0,0.17419881536243842,0.0007598024933009612,0.013410383131278132,0.012063653764170873
30097657,simple,4,1,1.0,0.018104468094147855,0,1,-0.004643193226333983,-0.020876109233729158,-0.020891182483690682,0.018104468094147855
30154698,simple,2,1,1.0,0.004643344773608508,0,1,0.004643344773608508,-0.002057605237215706,0.0011161766100716043,-0.022341118292789466
30149944,simple,2,1,1.0,0.007507631729736702,0,1,0.003047990660507753,-0.006946891353046238,0.0019813926904744573,0.007507631729736702
30153346,simple,4,1,1.0,0.007520870751996051,0,1,0.007520870751996051,-0.03147408756452901,-0.045789149197796065,-0.1440278622872337
30140032,simple,1,1,1.0,-0.002252435211960231,0,1,-0.002252435211960231,-0.011498565575200553,-0.02963414872973281,-0.13001296923792577
30146637,simple,2,0,1.0,0.044272486978917266,0,0,-0.03057084774855604,0.044272486978917266,0.03932244004741421,-0.07452856539975465
30101769,simple,0,1,1.0,0.039426331834033546,0,1,0.039426331834033546,-0.26401080105334734,-0.35847497569700804,-0.5319919953826343
30150189,simple,0,1,1.0,-0.0036988939681660664,0,1,-0.0036988939681660664,-0.007639363358655723,-0.02867300448498687,-0.1213843445669461
30157093,simple,2,1,1.0,0.007057895396447106,0,1,-0.0009008167200113132,-0.0017436561678795988,0.0060617147717451254,0.007057895396447106
30145586,simple,1,1,1.0,0.004723065390351465,0,1,0.004723065390351465,0.00017604459318857832,-0.00011188281084227245,-0.04497753212775892
30129634,simple,1,0,1.0,-0.006673656066519085,0,0,-0.009409037220224313,-0.006673656066519085,-0.02677933934869176,-0.12787393338823633
30125460,simple,2,0,1.0,0.00813304242864327,0,0,-0.002976404843212637,0.0038241942754743026,0.00813304242864327,-0.006860193369953915
30096724,simple,2,1,1.0,0.004106378166545823,0,1,-0.00017475904385988103,-0.003195002490201399,0.004106378166545823,0.0034064569953847906
30107963,simple,0,1,1.0,0.0072831137635108525,0,1,-0.0036459369557795517,0.0017086387951986554,0.0072831137635108525,-0.015433472905715707
30151551,simple,0,0,1.0,-0.053020955878491746,0,0,-0.12493698509745195,-0.057725195294585946,-0.053020955878491746,-0.0641428106511214
30142354,simple,1,1,1.0,0.0020561066880533073,0,1,0.0018344533636143398,-0.004118588801270053,0.0020561066880533073,-0.0024568772840537767
30150604,simple,2,1,1.0,0.008527794785299764,0,1,0.008527794785299764,-0.0035866668967624755,-0.0007450997681171141,-0.02859471906696455
30149256,simple,2,1,1.0,0.0061291165911174575,0,1,0.0061291165911174575,-0.02778356584979241,-0.039204605294525255,-0.0847508273603468
30133851,simple,0,1,1.0,0.0025940351837827544,0,1,0.0025940351837827544,-0.019961517371415473,-0.034073077134941496,-0.11711024397183926
30151830,simple,4,1,1.0,0.0014983415520592527,0,1,0.001055669032473873,-0.0020503136278604665,0.0014983415520592527,-0.035564853724893326
30129779,simple,1,1,1.0,0.009909583738815158,0,1,0.009909583738815158,0.0010840320183246148,-0.0019795053132082817,-0.08153832603743018
30108517,simple,2,0,1.0,0.044718757320215505,0,0,0.03956797538285834,0.03901373150832105,0.044718757320215505,-0.013881868208374615
30143995,simple,4,1,1.0,0.004102930284395352,0,1,0.004102930284395352,0.0004714844496080603,0.0020899404137142835,-0.040378526337268274
30161155,simple,1,1,1.0,0.0028110269303897144,0,1,0.0014961632018551593,-0.001346704719536667,0.0028110269303897144,-0.01247876027457144
30132377,simple,1,0,1.0,-0.004391521469768549,0,0,-0.004391521469768549,-0.025652465343686263,-0.03216807162368737,-0.04736241802063413
30149745,simple,0,1,1.0,0.021346687572467687,0,1,-0.0010074176297491244,-0.005315095913186872,0.004317714246316988,0.021346687572467687
30107949,simple,0,1,1.0,0.00041374983416006886,0,1,-0.041056204214340114,0.00041374983416006886,-0.009901480235327942,-0.11029041852980973
30117292,simple,0,1,1.0,0.00395131192551746,0,1,-0.0011816611151670257,-0.0004691049791226212,0.00395131192551746,-0.03175281003818038
30149899,simple,2,0,0.0,0.41040166380211535,1,1,0.41040166380211535,-0.05448593212652093,-0.057001473965168026,-0.03949158730480093
30149160,simple,2,1,1.0,0.008025846651077254,0,1,0.0016177849777793095,0.008025846651077254,0.0033603810647176886,-0.05546014478410149
30123063,simple,1,0,1.0,0.04381658805522596,0,0,0.04381658805522596,-0.033013574923989666,-0.016232655905981292,-0.03483488657992372
30114905,simple,0,1,1.0,0.0004238505364094654,0,1,0.0004238505364094654,-0.02172568130486538,-0.03403944700799004,-0.10697298231760888
30103693,simple,3,1,0.0,0.14241730109209785,0,1,0.14241730109209785,0.019661773717564536,0.01939504670563167,-0.04375540556630943
30166860,simple,3,1,1.0,0.014695831974983267,0,1,0.007962109598104191,-0.0037046984432863982,0.003749102532799819,0.014695831974983267
30148233,simple,4,1,1.0,0.018063800074530838,0,1,-0.0034863081041556464,0.018063800074530838,0.006476087293254603,-0.08897896018277605
30151703,simple,4,1,4.0,0.14578928343520037,0,1,0.003972901465426119,0.00637443248814832,0.03219030813518625,0.14578928343520037
30150186,simple,2,1,1.0,0.004304486062206941,0,1,0.004304486062206941,-0.005483805459834127,0.0009843438657201019,-0.005905050053246638
30160882,simple,0,0,2.0,0.279528444502591,0,0,0.20071797246847703,0.1419514670177805,0.279528444502591,0.05557246374022827
30147216,simple,0,1,1.0,0.009763113894139887,0,1,-0.0009156668743258052,0.009763113894139887,0.0031195630973048435,-0.08462047981055058
30120530,simple,0,0,1.0,0.030380815662119826,0,0,0.030380815662119826,-0.017363563788953547,-0.033838331834150186,-0.16705107904014643
30157212,simple,4,1,1.0,0.01469132627076726,0,1,0.01469132627076726,-0.1961905536361948,-0.29438687641026445,-0.4702663708193852
30111136,simple,4,1,1.0,0.007561374032898041,0,1,0.007561374032898041,-0.00019853998888120367,0.0005839198806372528,-0.044515992635389474
30129120,simple,1,1,1.0,-0.011792085097443616,0,1,-0.011792085097443616,-0.05623817210144379,-0.08478820527295915,-0.180746038525781
30111379,simple,0,1,1.0,0.003989969262790709,0,1,0.000984748809310012,0.0015681058925939642,0.003989969262790709,-0.03774980315983241
30151838,simple,2,0,1.0,0.06999629635794849,0,0,-0.13810281886397763,-0.02299065817735452,0.029443989862964922,0.06999629635794849
30126741,simple,2,1,1.0,0.002916400198450301,0,1,0.0024775555216034785,-0.003626166390244944,0.002916400198450301,-0.0033468893779927678
30117593,simple,4,1,1.0,0.0003489577709062594,0,1,-0.0006511962126193281,-0.0033777194476652256,0.0003489577709062594,-0.04307820858428041
30163485,simple,1,1,1.0,0.005010566877862971,0,1,-0.00014462660857330126,-0.003125310545170557,0.0029938375743746755,0.005010566877862971
30123368,simple,4,1,1.0,0.005482081440551765,0,1,0.003925260142669348,-0.0006620463486591011,0.005482081440551765,0.0012181797672207728
30132548,simple,2,0,0.0,0.23583551034030203,0,0,0.23583551034030203,0.007292952032155516,0.008282603159751021,-0.04676694829436813
30094678,simple,1,1,1.0,0.0029441761652727917,0,1,0.0011735467695530438,-0.0039646525327656675,0.0029441761652727917,0.002772326971141423
30151716,simple,1,1,1.0,0.0033726480409230243,0,1,0.0033726480409230243,-0.0017080070106357086,0.0021685967172341836,-0.02187818009031703
30127365,simple,4,1,1.0,0.017663772694278046,0,1,0.00179355729186928,-0.00019725316471704002,0.007738675229008205,0.017663772694278046
30115694,simple,4,1,1.0,0.017191805008254686,0,1,-0.03201921946734793,0.017191805008254686,-0.006037576780346589,-0.12559241295087226
30118229,simple,0,1,1.0,-0.0016136554495781961,0,1,-0.0016136554495781961,-0.0246068934725598,-0.03196314620307733,-0.05820206852539835
30128844,simple,4,0,1.0,0.062148710159620466,0,0,0.062148710159620466,0.03616788344355783,0.029723338871196065,0.03104476085843065
30127545,simple,2,0,1.0,0.06293871780280258,0,0,0.06293871780280258,-0.23368936050795064,-0.4060736636554562,-0.33673291312915155
30118555,simple,1,1,1.0,0.0017070297095816665,0,1,0.00047841915021006043,0.0009735371184635237,0.0017070297095816665,-0.022645963134174385
30097498,simple,2,1,1.0,0.028260780901648682,0,1,-0.012893881333415996,0.028260780901648682,0.02651783843049257,-0.07012256075896839
30120693,simple,3,1,1.0,-0.009830269253118959,0,1,-0.009830269253118959,-0.027167372593475667,-0.08302158367601264,-0.2982746529105626
30163164,simple,4,1,1.0,0.005118015541160707,0,1,0.005118015541160707,-0.001106042871768978,0.004030350247907256,-0.008794527119061188
30114475,simple,2,1,1.0,-0.011378359453461214,0,1,-0.011378359453461214,-0.16437076780559606,-0.2623951297645556,-0.4440358254665111
30166786,simple,2,1,1.0,0.004768137480371616,0,1,0.004768137480371616,-0.0008477194692323338,0.0009160292679480479,-0.029098007098304762
30141113,simple,1,0,0.0,0.3170700687161626,0,0,0.3170700687161626,-0.04589554367217187,-0.026565974200167892,-0.044539940836563444
30117832,simple,2,1,1.0,0.00487630000570298,0,1,0.00487630000570298,-0.004793931879156162,0.0004625239790888823,-0.012450572363258826
30154403,simple,3,1,1.0,0.0022087568266665816,0,1,0.0008680533377101209,-0.0015903090328731207,0.0022087568266665816,-0.02166958492992542
30114102,simple,4,1,1.0,-0.013618621504509897,0,1,-0.013618621504509897,-0.3012147087820904,-0.4022231168569744,-0.48314707317754274
30144954,simple,0,1,1.0,0.03007974001496573,0,1,-0.0018180175991330573,-0.005259367975829675,0.0052512143427382585,0.03007974001496573
30129486,simple,0,1,1.0,-0.0028909265781228433,0,1,-0.0028909265781228433,-0.026039138986716337,-0.031082476766612653,-0.036190378437278056
30118491,simple,3,1,1.0,-0.005173640925494619,0,1,-0.005173640925494619,-0.018462890890364632,-0.03335904096687067,-0.12373871648038265
30159682,simple,1,1,1.0,0.0039728338617045465,0,1,0.0039728338617045465,0.000810713892075595,0.001355520641690592,-0.03988444681050208
30137270,simple,4,1,1.0,0.0045110560615923105,0,1,0.0023358844221474974,-0.0010540621085439704,0.0045110560615923105,-0.010178563161703777
30131362,simple,4,0,1.0,0.007424574146360677,0,0,-0.0039821279331894305,0.007424574146360677,-0.012449041767324497,-0.13478488142078
30139136,simple,1,1,1.0,-0.009191931550272717,0,1,-0.009191931550272717,-0.026314432325567894,-0.030232740260446086,-0.015491772743446888
30106268,simple,3,1,1.0,0.011020756218846989,0,1,0.007480892727904259,-0.003486961439226126,0.0035920070502138447,0.011020756218846989
30139474,simple,0,1,1.0,-0.005808427412731149,0,1,-0.005808427412731149,-0.28429673788810883,-0.3496580035586836,-0.4759796730956509
30128049,simple,0,1,1.0,0.004239875766414859,0,1,-0.0005715462303825351,-0.0033526699879543875,0.004239875766414859,0.0028499731768939496
30131423,simple,2,1,1.0,0.005046543297717185,0,1,0.005046543297717185,-0.0006805555872547199,0.0005924470972489028,-0.03197143181856435
30161557,simple,3,1,1.0,0.008342047654931201,0,1,0.008342047654931201,-0.00289162030094744,0.002258315025763284,-0.006438008533591416
30151636,simple,0,1,1.0,0.0034326096948884346,0,1,0.0008941102826595139,-0.0029183329604391753,0.0034326096948884346,-0.0065340091922908156
30121265,simple,0,1,1.0,0.008306497330105335,0,1,-0.00021508378127315514,0.0063257212566546935,0.008306497330105335,-0.022462843031856423
30164733,simple,0,1,1.0,0.007187622213089509,0,1,0.0006539543006419089,-0.005011679295780544,0.003056107369061291,0.007187622213089509
30114762,simple,3,1,1.0,0.0042437484807119515,0,1,0.0042437484807119515,-0.0028147095251785294,0.0036034827948089633,0.004101294057414259
30144396,simple,1,1,1.0,-0.0002390019806109249,0,1,-0.0002390019806109249,-0.025297402516415147,-0.03681829513302501,-0.0863272668095256
30116818,simple,0,0,1.0,0.029727150743807038,0,0,0.029727150743807038,0.013765659599572232,-0.0017411024606337165,-0.08544245747898549
30102012,simple,1,1,1.0,0.004724618715942142,0,1,0.004724618715942142,-0.001677769900071114,3.422745658913581e-05,-0.03496426857189898
30154449,simple,2,1,1.0,0.004501786812797507,0,1,-0.0017068055734453975,-0.002342148376702751,0.004501786812797507,0.003199650926244732
30123529,simple,1,0,1.0,0.014222359385545301,0,0,0.014222359385545301,-0.17771911853572728,-0.2508006906748469,-0.3131504420853639
30117742,simple,3,1,1.0,-0.004548740782223178,0,1,-0.004548740782223178,-0.0416105842597452,-0.10104990378310597,-0.24804900925245876
30160321,simple,1,1,1.0,0.0018691512572984563,0,1,0.0016459980288037294,-0.001721606452885719,0.0018691512572984563,-0.014147051901126917
30115009,simple,1,1,1.0,-0.0003516194512994848,0,1,-0.0003516194512994848,-0.021338446065237018,-0.03501149584648232,-0.10046285783730605
30098186,simple,0,1,0.0,0.18274200484129702,0,1,0.18274200484129702,0.013237506070365525,0.008571138129256473,-0.010327708482533865
30125710,simple,3,1,1.0,0.011076450432914624,0,1,-0.005060015402407667,0.011076450432914624,0.000769258116940251,-0.08490887890175186
30158826,simple,0,0,1.0,-0.0027418856507141383,0,0,-0.010001489871686937,-0.0027418856507141383,-0.0380298288788556,-0.1761667794601176
30154915,simple,3,1,1.0,0.03327170959541541,0,1,0.007917186065355736,-0.002838964409450936,0.006378701921731171,0.03327170959541541
30152852,simple,3,1,1.0,0.004013685058549071,0,1,0.004013685058549071,-0.024765073532761916,-0.028006890399871934,-0.02159569499913231
30150204,simple,0,1,1.0,0.011592588778711818,0,1,-0.005918088887645053,-0.0022123279777006497,0.00715233155239671,0.011592588778711818
30111735,simple,4,1,1.0,0.0006370932470829843,0,1,-0.01100637865007497,0.0006370932470829843,-0.022706766358063585,-0.1317167877123065
30140463,simple,2,1,1.0,0.003718490298962901,0,1,0.0018441650924650027,-0.005193726561234607,0.0026495514621781534,0.003718490298962901
30130667,simple,3,1,1.0,0.0022350444674506253,0,1,0.0022350444674506253,-0.022326960178527727,-0.02759394426892274,-0.04158546048916384
30138363,simple,0,1,1.0,-4.147254882480231e-05,0,1,-4.147254882480231e-05,-0.023817180219263552,-0.03323374588789696,-0.07727348268072134
30108142,simple,1,1,1.0,0.016376190189007087,0,1,-0.0008002905027270878,-0.003683544179859364,0.004626674665437848,0.016376190189007087
30137886,simple,0,1,4.0,0.1574345971527119,-1,0,0.032048346028544075,0.04483429040171697,0.09791972813038918,0.1574345971527119
30156465,simple,4,1,1.0,0.04097038728823961,0,1,0.04097038728823961,-0.010782047349452921,-0.029598024270958357,-0.14948222200368116
30095056,simple,2,0,1.0,-0.004129446060927869,0,0,-0.005515125804772859,-0.026663800050751345,-0.024933912052429206,-0.004129446060927869
30151713,simple,2,1,1.0,0.01716742604048331,0,1,-0.005941321813747798,-0.0009601392635177723,0.007699246727440729,0.01716742604048331
30148625,simple,2,1,1.0,0.006801360789808909,0,1,0.006801360789808909,-0.026255465762308094,-0.03943250262045958,-0.09403217513811239
30156118,simple,2,1,1.0,0.0038330313377951952,0,1,0.0038330313377951952,-0.004624029340671975,0.0017467573835356666,-0.005869416169011821
30120118,simple,0,1,1.0,0.03450876024251881,0,1,-0.001093239462781375,-0.006028183359726276,0.004828286585891309,0.03450876024251881
30125851,simple,1,1,1.0,0.06143960956551775,0,1,-0.0058589803505643065,-0.004983940694624874,0.008690249485943751,0.06143960956551775
30162578,simple,2,1,1.0,0.011340256076512695,0,1,-0.03410007997716044,0.0029517991224643596,0.011340256076512695,-0.11781247715271703
30117837,simple,4,1,1.0,0.07660032484580771,0,1,-0.021351208697733222,0.04183444509978292,0.05561065225124234,0.07660032484580771
30159282,simple,3,1,1.0,0.02037302589619301,0,1,0.007118725858282307,-0.003211444460896237,0.004774197873657571,0.02037302589619301
30114624,simple,3,1,1.0,-0.020086259766464117,0,1,-0.020086259766464117,-0.11014915271533603,-0.1913615601569602,-0.33895008922248043
30116979,simple,3,1,1.0,-0.0036722024681899307,0,1,-0.0036722024681899307,-0.0102230868172334,-0.036046234733176,-0.14473117348004466
30159604,simple,0,1,1.0,0.011793192877243147,0,1,-0.001353397133924343,-0.004424531882337379,0.0043515609971986335,0.011793192877243147
30138695,simple,3,0,1.5,0.1768607250286266,0,0,-0.23921111289636593,0.1768607250286266,-0.04956134412381916,-0.41270110240874597
30154935,simple,0,1,1.0,0.0052728039168379315,0,1,0.0009732065635024954,-0.0047855474858439495,0.002990209823767284,0.0052728039168379315
30119472,simple,3,1,1.0,0.002445499330926554,0,1,0.002445499330926554,-0.0009102700072759883,0.0021719812922045174,-0.02637492908514214
30146454,simple,2,0,1.0,0.06452943675008734,0,0,0.06452943675008734,0.03144364092659503,0.030746050432987126,0.004101824318261824
30112279,simple,2,1,1.0,0.005371716252055299,0,1,0.005371716252055299,-0.013082287837365984,-0.03731513398037789,-0.14290699013190813
30160757,simple,4,1,1.0,0.0015220267444576094,0,1,0.0015220267444576094,-0.023601584329282027,-0.029325697332110694,-0.04103273942213274
30151982,simple,2,0,1.0,0.04696442573124558,0,0,0.04696442573124558,0.02052401012500325,0.013452336456859473,-0.005520508208162439
30145191,simple,1,0,1.0,0.06310220551690306,0,0,0.06310220551690306,0.025527928454655794,0.03253789595482394,0.03862531174590089
30116284,simple,2,1,1.0,0.03489652992006481,0,1,0.03489652992006481,-0.020136409163107483,-0.03320772360087648,-0.11224654151851679
30119709,simple,0,1,1.0,-0.022617569462755487,0,1,-0.022617569462755487,-0.1978135681557971,-0.2061143629103761,-0.26019820449744324
30164090,simple,3,0,1.0,0.06441624806143233,0,0,0.06441624806143233,-0.0046647634313060505,-0.007122061542755721,-0.08227124761388335
30105470,simple,4,1,1.0,0.01087227028248157,0,1,0.0032319060597243814,-0.00025780320281406505,0.006784561689819477,0.01087227028248157
30133109,simple,4,1,1.0,0.005804796806459626,0,1,0.005804796806459626,0.0018612855780141026,-0.0034212670834824453,-0.08797321533700418
30098023,simple,4,1,1.0,0.006461510569562005,0,1,0.006461510569562005,0.002649613368452562,0.001637040358917468,-0.04998522161811933
30138437,simple,2,1,1.0,0.0013185222541516675,0,1,-0.01832166112626953,0.0013185222541516675,-0.024786258976099457,-0.09881856364776344
30153707,simple,4,1,1.0,0.008690301700280182,0,1,0.008690301700280182,-0.02881601034058777,-0.041025258747028184,-0.1101536161228436
30151627,simple,3,1,1.0,0.006226665457283481,0,1,0.006226665457283481,-0.0030344631229195906,0.003143191745167629,0.001901573017569061
30139227,simple,0,1,1.0,0.0027435613066522993,0,1,0.0011608354316401392,-0.004722766633881402,0.0027435613066522993,0.0019253107820527
30159249,simple,3,1,1.0,-0.004181542541588895,0,1,-0.004181542541588895,-0.023673613833374275,-0.03457085730732529,-0.10026005180917456
30126590,simple,3,0,1.0,0.0024342128319176422,0,0,-0.030273154204106076,0.0024342128319176422,-0.0313876400695208,-0.14939496686037942
30140745,simple,3,1,0.0,0.29936859525962006,-1,0,0.29936859525962006,-0.023382663671093352,-0.019437043837516273,-0.033964868873135684
30152093,simple,2,1,1.0,0.015135397522989851,0,1,-0.0019863329140449824,0.015135397522989851,0.000742491106305504,-0.0931239315589355
30139948,simple,2,1,1.0,-0.10254604466379591,0,1,-0.10254604466379591,-0.19826057638040975,-0.36379911595046616,-0.46696472883721857
30152863,simple,3,1,1.0,0.004476545087051972,0,1,-0.00013609846411197918,-0.0004362552968060502,0.004476545087051972,-0.00887935507203036
30094000,simple,1,0,1.0,0.09776979646520646,0,0,0.09776979646520646,0.07198314187300735,0.06647916929234585,0.06149369399618995
30127320,simple,0,1,1.0,0.003541736225032996,0,1,-2.1370070071472652e-05,-0.0032224376931571028,0.003541736225032996,-0.0063143078536608555
30146656,simple,1,1,1.0,-0.0040938821012802,0,1,-0.0040938821012802,-0.022807651997573338,-0.031534170378913054,-0.06114240894571106
30155205,simple,2,1,1.0,0.08277610247771443,0,1,-0.02958624899994462,0.08277610247771443,0.0716392236560892,-0.024346239324481322
30142921,simple,0,0,1.5,0.10164777490597973,0,0,-0.01516773972564103,0.10164777490597973,0.058992884637432914,-0.18775273333159562
30144184,simple,2,1,1.0,-0.0005870335118636112,0,1,-0.0005870335118636112,-0.027108101871767116,-0.03202421435709166,-0.04476225111161943
30157822,simple,4,1,1.0,0.005860220925015664,0,1,0.004539015680826659,-0.0003220613586661994,0.005860220925015664,0.004182575361803248
30118263,simple,3,1,1.0,0.008381437451726223,0,1,-0.005694560916696741,0.008381437451726223,-0.0028918542854397093,-0.10903959480244788
30148006,simple,1,1,1.0,-0.0052196045639459,0,1,-0.0052196045639459,-0.01965841549544717,-0.02485910700724542,-0.03684222848943852
30154348,simple,0,1,1.0,0.002603171140937773,0,1,0.002603171140937773,-0.0009845163808717555,0.0022133427771165587,-0.034335074678902996
30136527,simple,4,1,1.0,-0.018900136941096553,0,1,-0.018900136941096553,-0.03155563269347515,-0.08414876240773302,-0.24662947505882415
30110678,simple,2,1,1.0,0.0005247301440137707,0,1,0.0005247301440137707,-0.010909767564917055,-0.053305628396533605,-0.21241521354392556
30110122,simple,4,1,1.0,0.006614086358235408,0,1,0.005548963189810057,0.000735176141849557,0.006614086358235408,0.006406389893451353
30153505,simple,0,1,1.0,0.0052046522618548335,0,1,0.0009805233245650281,-0.004610790581371808,0.0031040794649028827,0.0052046522618548335
30127757,simple,1,1,1.0,-0.006116860456365163,0,1,-0.006116860456365163,-0.01321121531414738,-0.045096226839823714,-0.19922694401372254
30141368,simple,0,0,1.0,0.07674160599018841,0,0,0.07674160599018841,0.028809535393482417,0.020652650845341597,-0.005119781881408464
30138975,simple,4,1,1.0,0.05818964491482259,0,1,0.05818964491482259,-0.014378891097928462,-0.024943464927806303,-0.11311545430353885
30108642,simple,3,0,1.0,0.05270566191325762,0,0,0.05270566191325762,0.0025022077735623333,0.0006625193833786971,-0.07227237840475914
30099185,simple,0,1,1.0,-0.0029030792803660076,0,1,-0.0029030792803660076,-0.16458601046832694,-0.25549243847059844,-0.4296181035701816
30149283,simple,0,1,1.0,0.006662403880487937,0,1,-0.005621159919816501,0.0018149869115441503,0.006662403880487937,-0.0329776647265576
30100923,simple,1,1,1.5,0.4110755892574277,0,1,0.22482313271723575,0.4110755892574277,0.3100462605061466,0.06066829212705205
30162328,simple,3,1,1.0,0.02010505356594651,0,1,-0.0066936330645198,0.016916119848446626,0.02010505356594651,0.009337566509316747
30143029,simple,0,0,4.0,0.13569572605779445,0,0,0.0018715553564192626,-0.02816314472980687,0.016795715478261482,0.13569572605779445
30118088,simple,3,1,0.0,0.2807965551507829,-1,0,0.2807965551507829,-0.014535559410321348,-0.011348455382666833,-0.03503231959198996
30163623,simple,0,1,1.0,0.07055543211351807,0,1,-0.03311549121356011,0.07055543211351807,0.05247441951634609,-0.017551281397549495
30133620,simple,2,1,1.0,0.003667993011915803,0,1,0.003667993011915803,-0.002458826349054335,0.0014784972894056718,-0.017376607193077903
30121001,simple,1,0,1.0,0.02936682414331667,0,0,0.02936682414331667,0.008495643236159704,-0.003948007036835555,-0.11156439512653182
30112668,simple,0,1,1.0,0.023844993849269344,0,1,0.023844993849269344,-0.01155521263767387,-0.03177531941714447,-0.13050414180258543
30109023,simple,2,1,1.0,0.0029666965269466612,0,1,0.0006078233486238489,-0.0030255727047616317,0.0029666965269466612,-0.0036779911547460686
30136797,simple,2,0,1.0,0.030199043066261564,0,0,0.030199043066261564,-0.026473680349319854,-0.08400749351404599,-0.2778840899120179
30151108,simple,1,1,1.0,0.0021044173507511407,0,1,0.0021044173507511407,-0.0012564788158732458,0.0017940780353058183,-0.018868528312625053
30125865,simple,1,1,1.0,0.01169490076446035,0,1,-0.0074601416075517485,0.01169490076446035,0.008089304514648937,-0.04878399774699239
30145189,simple,2,0,1.0,-0.005026799917489378,0,0,-0.005026799917489378,-0.023868685675982767,-0.02642250788418841,-0.026397168482902467
30103326,simple,1,1,1.0,0.030256587657162493,0,1,-0.0013070442612338647,-0.0031512209292336862,-0.0004984806251449349,0.030256587657162493
30107352,simple,1,1,1.0,0.003108099078447446,0,1,0.003108099078447446,-0.0012568067010998059,0.0017229771217176573,-0.02422609513781846
30142695,simple,3,1,1.0,0.005048212117767362,0,1,-0.00138692514751413,-0.0003927102768551561,0.005048212117767362,-0.004637503489090991
30118835,simple,2,1,1.0,0.04807343719665952,0,1,0.04807343719665952,-0.21915723808715462,-0.32192653080759753,-0.4800385049644363
30129846,simple,3,1,1.0,-0.01642614922780556,0,1,-0.01642614922780556,-0.020145082472733094,-0.06977574809920728,-0.2516728024227828
30147488,simple,1,1,1.0,0.002927731514954606,0,1,0.00022442987088921312,-0.0014543712546534922,0.002927731514954606,-0.005370807206723643
30119440,simple,4,1,1.0,0.00488381730140738,0,1,0.00488381730140738,-0.02776462729145407,-0.03632358868048338,-0.0756494838123079
30128555,simple,0,1,1.0,0.07662014322171981,0,1,-0.00552212877935394,-0.007533163444421176,0.00798352605343574,0.07662014322171981
30164316,simple,3,1,1.0,-0.01575806517686712,0,1,-0.01575806517686712,-0.024561367205838992,-0.07799654460243653,-0.22932178235432552
30115256,simple,2,1,1.0,-0.001438496574848954,0,1,-0.001438496574848954,-0.022923315633231935,-0.027719480662280898,-0.042283070741245724
30114077,simple,4,1,1.0,0.012379412154623085,0,1,0.0018016482118649903,-0.0006302455423471964,0.00696216694718722,0.012379412154623085
30115433,simple,2,1,1.0,0.005015830506277009,0,1,-0.0020078154036144054,0.0025862221882292126,0.005015830506277009,-0.017714690058803204
30116898,simple,4,1,1.0,0.007761185624634556,0,1,-0.0030347184057093676,-0.021974408075493758,-0.023020633046338137,0.007761185624634556
30116652,simple,0,1,1.0,0.003846961925817363,0,1,0.0010179696136001885,-0.0011817465057620338,0.003846961925817363,-0.018031568565031943
30148219,simple,3,0,1.0,0.06199849811291188,0,0,0.06199849811291188,-0.012141893475388478,-0.014996306459239512,-0.09133564843894393
30156135,simple,4,1,1.0,0.012910908864522216,0,1,0.002967524423556675,-0.00019656242234047244,0.007063155823892362,0.012910908864522216
30134679,simple,1,1,1.0,0.006529434411697482,0,1,0.0006204524548489437,-0.0037970127983964173,0.003538565391689518,0.006529434411697482
30158481,simple,4,0,1.0,-0.005977127411563941,0,0,-0.005977127411563941,-0.09676556578335108,-0.19306195758981096,-0.23011295179368307
30107559,simple,1,1,1.0,0.0023057026392516895,0,1,0.0018728882446201398,-0.004266566580817168,0.0023057026392516895,-0.0010431942331366184
30157355,simple,0,1,1.0,0.000211533728634309,0,1,0.000211533728634309,-0.02262439154413779,-0.03283844545879923,-0.08259840676377078
30165183,simple,1,1,1.0,0.08099714465439242,0,1,0.08099714465439242,-0.001684330775473173,0.029104301957003306,0.03221237125009066
30141792,simple,1,1,1.0,0.005860352325578952,0,1,0.00024949476267594264,-0.003581643596955817,0.0031278081721212297,0.005860352325578952
30139705,simple,4,1,1.0,0.0076215329179698775,0,1,0.0076215329179698775,-0.028086354236865202,-0.03985082946257467,-0.10441513164455025
30160086,simple,2,1,1.0,0.00875311470280854,0,1,0.00875311470280854,-0.017074414922138303,-0.039102845708973655,-0.13809102100455847
30151166,simple,1,1,1.0,0.0019789393141962375,0,1,0.0019789393141962375,-0.002772673416537596,0.00182339048435241,-0.010609609453986507
30119219,simple,1,1,1.0,0.003912274908488493,0,1,0.003912274908488493,-0.00047055093348978214,0.00294658878303327,-0.02746028446261206
30131634,simple,4,1,1.0,0.009831148904507522,0,1,0.0021131862243795076,0.00040315896407034854,0.0074457497972366775,0.009831148904507522
30115290,simple,3,1,1.0,0.01017583479043546,0,1,-0.02202929144632855,0.01017583479043546,-0.01613130911882618,-0.09757507417325892
30139835,simple,0,1,1.0,-0.010668083768914007,0,1,-0.010668083768914007,-0.09427391257577836,-0.16369166544020147,-0.3208759391878835
30129189,simple,2,1,1.0,0.003035620440968719,0,1,0.003035620440968719,-0.0022923057608363294,0.0014504815894862723,-0.01750092908159799
30110393,simple,0,1,1.0,-0.003336090308086681,0,1,-0.003336090308086681,-0.013846197636173126,-0.025709448258837996,-0.0814354706304678
30123517,simple,3,1,1.0,0.014842304701995176,0,1,-0.017468472675772402,0.014842304701995176,0.00034350585589001253,-0.09485412596233031
30122418,simple,0,1,1.0,0.0001772178854008953,0,1,0.0001772178854008953,-0.016994630144713703,-0.03249573823677093,-0.1257256181495915
30099823,simple,0,0,1.0,0.01436969172643427,0,0,-0.005220371368821943,0.01436969172643427,0.0001653085551910488,-0.06894039687421272
30099902,simple,4,1,1.0,0.003668247592247195,0,1,0.003668247592247195,-0.0022529128121426684,0.0025253909223733884,-0.01983553935525175
30121078,simple,2,1,1.0,0.0048911276363333735,0,1,-0.0010041495694811248,0.0007245090178168677,0.0048911276363333735,-0.01082758515903276
30105544,simple,4,1,1.0,-0.009530970041495647,0,1,-0.009530970041495647,-0.10220750818756791,-0.18185443268411275,-0.39441664255827913
30137265,simple,4,1,1.0,0.006478611483655836,0,1,0.0024687012660844915,-0.00030000597511867233,0.006478611483655836,0.005997642344333878
30137662,simple,0,1,1.0,-0.001620479642362508,0,1,-0.001620479642362508,-0.025550515301574275,-0.03222405314349364,-0.05173321593481689
30104329,simple,3,0,1.0,0.0018931127301454222,0,0,0.0018931127301454222,-0.010945536783414913,-0.018510395425899925,-0.058033539309243716
30119347,simple,1,1,1.0,0.00516446686161378,0,1,0.00516446686161378,0.0007824908308539415,-0.00043527156155720795,-0.05120198699813447
30155436,simple,0,0,0.0,0.10924897812733353,0,0,0.10924897812733353,0.046279147824506386,0.08238996454969391,0.08719922523879386
30135866,simple,0,0,1.0,0.007460426860565628,0,0,0.007460426860565628,-0.16102522295324206,-0.20915683655989126,-0.3508937573563917
30105228,simple,2,0,1.0,-0.0029176073155331265,0,0,-0.0029176073155331265,-0.15485505521422252,-0.1554392164951578,-0.2068554683832068
30131369,simple,4,1,1.0,0.022347023884096,0,1,-0.010085342551764444,0.022347023884096,0.010301727789584884,-0.08663401638778709
30157727,simple,3,1,1.0,0.002068588445982067,0,1,0.002068588445982067,-0.0005905938261479265,1.3209662348440121e-05,-0.049326289232185246
30150243,simple,2,1,1.0,-0.0024347477493715797,0,1,-0.006743715542318583,-0.03231846631201489,-0.02999803041783951,-0.0024347477493715797
30149186,simple,3,1,1.0,-0.027017876355604764,0,1,-0.03414813228099473,-0.027017876355604764,-0.07294376205801593,-0.2196842806582042
30104371,simple,0,1,1.0,-0.0016330739604864357,0,1,-0.0016330739604864357,-0.02374950393782152,-0.0313564699283864,-0.059724450665615436
30115337,simple,0,1,1.0,0.008013410293613703,0,1,0.008013410293613703,-0.054796642807696125,-0.039330476593617075,-0.1877313690722096
30134254,simple,4,1,1.0,-0.004939710847476474,0,1,-0.03244260927199587,-0.004939710847476474,-0.037872277805871886,-0.1667131901476948
30120969,simple,2,1,1.0,0.014387778708717176,0,1,0.0007022814259441817,0.014387778708717176,0.008404536737210169,-0.06097057558172282
30149266,simple,1,1,0.0,0.3542207909524965,-1,0,0.3542207909524965,-0.05242003530350213,-0.046430689587976096,0.011785303412667342
30144174,simple,3,0,1.0,0.05076606387408556,0,0,0.05076606387408556,-0.017541909629343586,-0.027267961031898075,-0.12883938710519696
30144481,simple,3,0,0.0,0.2337839133611539,1,1,0.2337839133611539,0.007979061479937663,0.008678177741968517,-0.052919239652877204
30156160,simple,1,0,1.0,-0.012305204201861653,0,0,-0.012305204201861653,-0.20226653238512293,-0.2672069572607728,-0.2679046953530433
30155357,simple,1,0,1.0,0.07652632109723288,0,0,0.0064855014013992796,0.04855175845166658,0.07652632109723288,-0.03304997705589083
30152463,simple,1,1,1.0,0.003711560170044516,0,1,0.003711560170044516,-0.0012749896503749143,0.0022016557702609456,-0.02533889747330932
30141422,simple,0,1,1.0,0.0021203596173803643,0,1,0.0018311460819428575,-0.002855542676201153,0.0021203596173803643,-0.022300414639061274
30146293,simple,3,1,1.0,0.0036116945354922395,0,1,0.0001599205043367087,-0.0010977901718386193,0.0036116945354922395,-0.012285240279360801
30155653,simple,0,1,1.0,0.02471754646951264,0,1,0.02471754646951264,-0.02950655481707979,-0.029707066270553723,-0.031115592994359356
30141431,simple,4,1,1.0,-0.011470124832526817,0,1,-0.011470124832526817,-0.043523461982034786,-0.10170631208106053,-0.26917843785476436
30161163,simple,1,1,0.0,0.11199729088324416,0,1,0.11199729088324416,0.006017916617866836,0.01747562437250953,0.027662490186946248
30160050,simple,2,1,1.0,0.041997333608294336,0,1,0.041997333608294336,-0.02025698385314315,-0.037513969032666294,-0.14118455734264138
30146237,simple,2,1,1.0,0.0030752351570815135,0,1,0.0005024027062134236,-0.0034551986684631837,0.0030752351570815135,-0.0009407573787441476
30156706,simple,2,0,0.0,0.16390704309898646,1,1,0.16390704309898646,-0.02638985277932167,-0.1259726004245504,-0.12248481623720951
30107047,simple,0,1,1.0,0.0029349986201530967,0,1,-0.003056578058230775,0.0029349986201530967,-0.026701149782792987,-0.16827415602784623
30101834,simple,3,1,1.0,-0.010110271514224223,0,1,-0.010110271514224223,-0.014334293975057413,-0.05341697011797062,-0.23306922577909384
30162431,simple,0,0,0.0,0.20620803815163719,0,0,0.20620803815163719,0.00793576669733237,0.06120699881358994,0.09511820324567499
30166005,simple,3,1,1.0,-0.018075432452121787,0,1,-0.018075432452121787,-0.08948080843136215,-0.17548181839807545,-0.33182775966701894
30129134,simple,4,0,1.0,0.08229242563793827,0,0,0.08229242563793827,-0.026063993334873865,0.011350022879588795,-0.00739090998465626
30117956,simple,4,0,0.0,0.12338393600055453,0,0,0.12338393600055453,0.042529612035871654,0.05956001776765428,0.049040468262355766
30113468,simple,4,1,1.0,0.06858969318460914,0,1,0.06858969318460914,0.011432589571409708,0.011117325679319823,-0.030801739770732847
30143533,simple,4,1,1.0,0.044836030074069624,0,1,0.00045864658642267783,0.0035465295183608365,0.0132144045496948,0.044836030074069624
30130595,simple,1,0,1.0,-0.13476540943282334,0,0,-0.13476540943282334,-0.20432311547046375,-0.2597389230216309,-0.357940214008206
30144569,simple,0,1,1.0,0.0264117293403121,0,1,0.0264117293403121,-0.015813841519777265,-0.04421493807192177,-0.17852060941439582
30152869,simple,3,1,1.0,0.0077343390784943185,0,1,0.0077343390784943185,-0.0034198322932853884,-7.901194252448243e-05,-0.02640974188182947
30134139,simple,3,1,1.0,-0.007321277120261725,0,1,-0.007321277120261725,-0.026197596681911274,-0.07539593523439504,-0.22970459245371924
30135941,simple,2,1,1.0,0.0021741978167908182,0,1,0.0021741978167908182,-0.029841887666540796,-0.036554391301077876,-0.05718458138878764
30127868,simple,3,1,1.0,0.009842041202692182,0,1,0.009842041202692182,-0.004372858589094664,0.0019781572358929383,0.003290180037716667
30166245,simple,3,1,1.5,0.1343370837563841,0,1,0.11681569642638151,0.1343370837563841,0.06705469368636785,-0.14031390600819138
30140149,simple,2,1,1.0,0.0034199519932049983,0,1,0.0017756515733097777,-0.0010032383786816278,0.0034199519932049983,-0.012964431173379254
30142431,simple,3,0,1.0,0.029332165453435605,0,0,0.029332165453435605,0.006879249642800235,-0.013731633165708947,-0.14380718279601232
30114202,simple,1,1,1.0,0.04853889592478619,0,1,0.04853889592478619,-0.013775496918623262,-0.030805394140507914,-0.16384627533188417
30108890,simple,2,1,1.0,0.020008755473072154,0,1,0.0014800879459708934,-0.007971912660139257,0.0031502781999182446,0.020008755473072154
30132474,simple,4,1,1.0,0.0249817681822663,0,1,0.0010643474061403056,0.0012695026264634111,0.009631098868565963,0.0249817681822663
30146654,simple,3,1,1.0,0.017592178460259705,0,1,0.009746325524713932,-0.0011259671718123945,0.006300774294837726,0.017592178460259705
30108317,simple,1,1,1.0,0.0004718412167985346,0,1,-0.019485641424570814,0.0004718412167985346,-0.02517702659484467,-0.15214432204708997
30145935,simple,1,1,1.0,0.002182585071442863,0,1,0.002182585071442863,-0.0033591120332248543,0.002051488877449662,-0.007941978521163656
30112908,simple,1,1,1.0,0.03981794453316094,0,1,-0.10615351713587261,0.014879933941485981,0.03981794453316094,-0.06639067279752914
30154280,simple,1,1,1.0,0.0024483170135052024,0,1,0.0024483170135052024,-0.003021470551466874,0.0018639447691194341,-0.011537091086390054
30147946,simple,4,1,1.0,-0.025760988014181953,0,1,-0.025760988014181953,-0.05375547561628038,-0.10921795748355173,-0.23567491513013306
30116109,simple,1,0,1.0,-0.0033566339028910513,0,0,-0.0033566339028910513,-0.027440388705139148,-0.03500177578634121,-0.05501103562364055
30156906,simple,2,0,1.0,-0.011358781676418659,0,0,-0.011358781676418659,-0.02214003452842625,-0.2902461146080857,-0.44609100476984087
30147455,simple,3,0,1.0,0.0074749534186524125,0,0,-0.00014861311313799433,0.0074749534186524125,-0.01399889499785665,-0.10276421117877325
30158698,simple,0,0,1.0,0.041548659475300745,0,0,0.041548659475300745,0.03916008131212505,0.029851004400548907,-0.02993948193932247
30166921,simple,2,0,1.0,0.03813731016698603,0,0,0.011509479838529488,0.0003773185141917011,0.0185794666835337,0.03813731016698603
30152642,simple,2,1,1.0,0.0030093464804887907,0,1,0.0030093464804887907,-0.01321819934610299,-0.0345632620935266,-0.12690964653539336
30166171,simple,3,1,1.0,0.04383704086062201,0,1,-0.011860221404628904,0.02566821732574112,0.03828566315865716,0.04383704086062201
30159966,simple,0,1,1.0,0.0035134447700556556,0,1,0.0011030234391020792,-0.001529476961151452,0.0035134447700556556,-0.018230216717603838
30147869,simple,4,0,4.0,0.21969329350132372,0,0,0.20046737887134963,0.04345317414820876,0.07055920060526487,0.21969329350132372
30159271,simple,0,0,1.0,-0.004370450847000357,0,0,-0.004370450847000357,-0.05231980784333152,-0.11304869947018123,-0.30474795400710464
30150118,simple,3,0,1.0,0.009073830701216142,0,0,0.009073830701216142,-0.0838260804305015,-0.1132870298647454,-0.21082371755086177
30147833,simple,3,1,1.0,0.007426675168297833,0,1,-0.0004993378974491591,0.007426675168297833,-0.005449244234051541,-0.10827811642920404
30102607,simple,2,1,1.0,-0.014017506730361302,0,1,-0.025862384946550045,-0.014017506730361302,-0.061903810376733134,-0.21718234093852465
30105469,simple,2,1,1.0,0.0023536346531715553,0,1,0.0023536346531715553,-0.004626499181231505,0.0023535320472693223,-0.001048826145973139
30155324,simple,3,1,1.0,0.005298392402575795,0,1,0.005298392402575795,-0.0031502431052229055,0.0023408722334658516,-0.005356710806313586
30136206,simple,4,0,1.0,0.0673521658627898,0,0,-0.01678672779256453,0.0673521658627898,0.06439704729689126,-0.07070749297284151
30112455,simple,0,0,1.0,0.031101795096238755,0,0,0.031101795096238755,0.012730022127398398,0.0032328199907259783,-0.06339493164805077
30138557,simple,1,1,1.0,0.012440526755102915,0,1,-0.004276235866867095,0.012440526755102915,-0.0022924734709008424,-0.11912504141485189
30121033,simple,4,1,1.0,0.03561712761092797,0,1,0.0011377715032965426,0.0017640951942266003,0.010881110989131113,0.03561712761092797
30128161,simple,4,1,1.0,0.016785303239114993,0,1,0.0024359183397804768,0.00030269200080795117,0.007876768635703416,0.016785303239114993
30163548,simple,4,1,1.0,-0.01897898502824425,0,1,-0.01897898502824425,-0.09345259471755396,-0.16310432625470034,-0.3346420269239374
30122271,simple,2,1,0.0,0.33058833884037775,-1,0,0.33058833884037775,-0.01663094391998216,-0.017573232330786826,-0.053102764303117236
30146536,simple,4,1,1.0,0.003972271158682893,0,1,-0.004510479243780348,0.003972271158682893,-0.022760215996526903,-0.15255634628538373
30144589,simple,0,0,1.0,0.09136862188989095,0,0,0.07352019611448515,0.0610193898824553,0.09136862188989095,0.07045578341887002
30121453,simple,3,1,1.0,0.04426128838344329,0,1,0.04426128838344329,-0.02644278265733275,-0.06293052202840263,-0.2127737159909302
30158839,simple,2,0,1.0,0.007141055056041717,0,0,0.007141055056041717,-0.0006540114022373748,0.0011152743479443637,0.006808583977048047
30123729,simple,0,1,1.0,0.00509381398287434,0,1,-0.002714405713491186,-0.0015702279505793032,0.00509381398287434,-0.011064112426153037
30112209,simple,0,0,0.0,0.23281080001801557,1,1,0.23281080001801557,0.002713942220278029,0.0012170300515904342,-0.04621520760965443
30159676,simple,1,1,1.0,0.0046521329887004165,0,1,0.0015811719398247971,-0.0012624525372956184,0.0046521329887004165,-0.0065639512099960745
30123979,simple,0,1,1.0,-0.004116421572330824,0,1,-0.004116421572330824,-0.30138329411682435,-0.41386899169809593,-0.5739050865850869
30115390,simple,0,1,1.0,0.0026287599309633286,0,1,0.0018690622158033868,-0.003559983377611299,0.0026287599309633286,-0.008503017768009546
30164362,simple,4,1,1.0,-0.0662506238563639,0,1,-0.0662506238563639,-0.14990037476729093,-0.17375856282044788,-0.2729033148937787
30114952,simple,3,1,1.0,0.008891846249765394,0,1,0.008891846249765394,-0.004047263934750774,0.0013747098916100514,-0.005930742144048304
30113686,simple,0,1,1.0,-0.0012212785108392347,0,1,-0.0012212785108392347,-0.02007398417236375,-0.03168925247021913,-0.09534721666429895
30155810,simple,4,0,0.0,0.1494130245937284,0,0,0.1494130245937284,0.12989041402444226,0.06678566719579682,0.10791095946236982
30126809,simple,0,1,1.0,0.0066518188884783225,0,1,-0.0009615658020223662,-0.0042428143693639744,0.004002651765385883,0.0066518188884783225
30150609,simple,0,1,1.0,0.003606726924329031,0,1,0.003606726924329031,-0.007882301528502843,-0.014615449476234207,-0.02814801027197575
30124819,simple,1,1,1.0,-0.004608745118624382,0,1,-0.004608745118624382,-0.01600490189773066,-0.02067449846252303,-0.034610354593737666
30138881,simple,4,1,1.0,0.008249810464977182,0,1,0.008249810464977182,-0.001368952858135701,-0.0003659831090275338,-0.04572207177533931
30117582,simple,2,1,1.0,0.006502261237662465,0,1,0.006502261237662465,-0.0016030162016796266,-9.574731040233944e-05,-0.032489237668045144
30158873,simple,0,1,1.0,0.051886292348431395,0,1,0.051886292348431395,-0.005465841447316072,0.02790861777756954,0.023334063805601976
30155871,simple,3,1,1.0,0.0037465821694831324,0,1,-0.00215228278623867,0.0037465821694831324,-0.0011714423553314361,-0.08844539789411494
30140646,simple,4,1,1.0,0.044972475225023026,0,1,0.044972475225023026,-0.037579518706038456,-0.07724577798321668,-0.282497416626865
30156695,simple,3,1,1.0,-0.013627001914176165,0,1,-0.013627001914176165,-0.023703002957812316,-0.07441292213711967,-0.23765315717079483
30160530,simple,4,1,1.0,0.004732981131823622,0,1,0.004101352263993777,-0.0004800760326214848,0.004732981131823622,-0.008303124285978236
30132792,simple,1,1,1.0,0.002232199258552562,0,1,0.002090116609586915,-0.004458033061646594,0.002232199258552562,-0.001397842142277922
30154299,simple,2,0,1.0,0.023946150294965964,0,0,0.023946150294965964,0.004736179565864095,0.0017613495974253233,-0.04707205168520596
30151661,simple,1,1,1.0,0.00988918649857451,0,1,-0.003101283423307847,-0.00043377763206494876,0.004292162381683923,0.00988918649857451
30146282,simple,2,1,1.0,0.005284683677826429,0,1,0.005284683677826429,-0.0024574824203954203,0.00037338175824599626,-0.02468103429025969
30116601,simple,2,1,1.0,0.008527475127213607,0,1,-0.0037222539264304237,-0.001936368096906376,0.005483093931698473,0.008527475127213607
30154329,simple,0,1,1.0,0.013810235703262137,0,1,0.013810235703262137,-0.25705942724115305,-0.3329479267270565,-0.5210658453674678
30111864,simple,4,1,1.0,0.0014873478944591942,0,1,-0.002844893128250328,0.0014873478944591942,0.0011616934212442635,-0.0624948558583117
30110989,simple,2,1,1.0,0.0020220126383300417,0,1,0.0020220126383300417,-0.006261462814307565,-0.04224053358989842,-0.19137198544197487
30111824,simple,4,1,1.0,0.0029550249425241183,0,1,0.0017350691678566996,-0.001134281646488551,0.0029550249425241183,-0.025435398999483723
30095087,simple,1,1,0.0,0.19102507911806116,0,1,0.19102507911806116,0.019802307947989577,0.025128512618338688,-0.0163769977159266
30123767,simple,3,1,1.0,0.009157366072516798,0,1,0.0072555691827630685,-0.0032980881398177227,0.003579391695648842,0.009157366072516798
30137041,simple,4,1,1.0,0.008314959265415235,0,1,0.008314959265415235,-0.002125844260876159,-0.0003556875462582994,-0.0410451960108336
30132031,simple,0,0,0.0,0.36438572146155956,1,1,0.36438572146155956,-0.0670263121274032,-0.048132947536178354,0.04899764486868938
30148310,simple,2,1,1.0,-0.014410956877854372,0,1,-0.033793089771259846,-0.014410956877854372,-0.04540463910479296,-0.17049558626364902
30116140,simple,0,1,1.0,0.006480480866868116,0,1,-0.003183610736502338,-0.003041687481330581,0.005450069628081311,0.006480480866868116
30121310,simple,1,1,0.0,0.3043711895576523,-1,0,0.3043711895576523,-0.04124011937800989,-0.020051890469147283,-0.03552519119964084
30110042,simple,4,1,1.0,0.009585058943428773,0,1,0.004448050258280493,8.986579849942083e-05,0.006659537288465429,0.009585058943428773
30166885,simple,2,1,1.0,0.030108521142752396,0,1,-0.014094445465789269,0.030108521142752396,0.023047061434387357,-0.057315335419435905
30119618,simple,2,1,1.0,0.001481693699427345,0,1,0.001481693699427345,-0.02580727746346435,-0.034946290312436123,-0.06805820062669612
30155824,simple,0,0,1.0,0.023801923313714744,0,0,0.023801923313714744,-0.02144917279088288,-0.0556901621523426,-0.20097979243056266
30134696,simple,2,1,1.0,0.004963715951136177,0,1,0.00391750906593032,-0.007053132079315596,0.001570821257031476,0.004963715951136177
30110157,simple,1,1,1.0,0.007336894824304718,0,1,0.0003407004439479437,-0.003967921225130556,0.0031205672764839307,0.007336894824304718
30156016,simple,1,1,1.0,0.01007593370433535,0,1,-0.008487882998500385,0.01007593370433535,-0.00848381467282688,-0.13162426563498483
30147754,simple,2,1,1.0,-0.002246258942405162,0,1,-0.002246258942405162,-0.010177577055309295,-0.033306763237837614,-0.1260036761736376
30157947,simple,3,1,4.0,0.15141478076426984,0,1,0.004011364462292305,0.004204039367925938,0.03602230005211234,0.15141478076426984
30136750,simple,3,1,1.0,0.03032669369730473,0,1,0.0022317137361280645,-0.0017048954150473434,0.007226491450126854,0.03032669369730473
30130465,simple,0,1,1.0,0.002858549411397949,0,1,0.002858549411397949,-0.020943560467451203,-0.03519543808910693,-0.12049890023510096
30148863,simple,2,1,1.0,-0.0035301881950028403,0,1,-0.005433898370897371,-0.0035301881950028403,-0.005952676919159662,-0.13560061054606587
30145226,simple,0,0,1.0,0.0056889135404813405,0,0,0.0056889135404813405,-0.2033323801227352,-0.26205023978351727,-0.34942158491782005
30153853,simple,1,1,1.0,-0.005653829813275054,0,1,-0.005653829813275054,-0.014489366658456428,-0.018181996967294205,-0.020013103990103642
30095739,simple,1,1,1.0,-0.0030330722358080757,0,1,-0.0030330722358080757,-0.01787648096347898,-0.029786661657772637,-0.08756310493234523
30135264,simple,1,1,1.0,-0.004651410545365466,0,1,-0.009547020623917338,-0.004651410545365466,-0.015500256415100253,-0.06629665675858848
30144187,simple,4,0,1.0,0.050243980906621744,0,0,-0.007179497781068883,-0.02510932954364796,0.016691052401654586,0.050243980906621744
30135618,simple,0,1,1.0,0.023995108381810876,0,1,0.023995108381810876,-0.026864929798447464,-0.026402571699813616,-0.02178519108246766
30116551,simple,0,0,1.0,-0.007167149491575108,0,0,-0.007167149491575108,-0.15844958414745464,-0.24400731726847366,-0.3938054389437964
30138675,simple,2,1,1.0,-0.0022172245093393,0,1,-0.0022172245093393,-0.028791311255182386,-0.03329546213089189,-0.041060418059860423
30122900,simple,1,1,1.0,0.016075905817043684,0,1,-0.00032347875137495735,-0.004594553447794348,0.003855431854796105,0.016075905817043684
30125618,simple,0,1,1.0,0.015303269895728278,0,1,-0.0017814047965274242,-0.004251866872897914,0.004853537368891693,0.015303269895728278
30125706,simple,4,0,0.0,0.2108712542593435,1,1,0.2108712542593435,0.020948568513659498,0.027975819678025895,-0.04547129866528661
30157134,simple,0,1,1.0,0.005951562984339798,0,1,-0.0008184689935731779,0.002175610730357755,0.005951562984339798,-0.026260817373082203
30140057,simple,0,1,1.0,0.002995529301660582,0,1,0.0013171311330147893,0.00025798124251309035,0.002995529301660582,-0.04209905909317861
30158581,simple,2,1,1.0,-0.0010143098987923926,0,1,-0.0010143098987923926,-0.127247303956635,-0.21686020259840114,-0.39027744341046355
30112255,simple,4,1,1.0,-0.002640844672629178,0,1,-0.002640844672629178,-0.022615246413297388,-0.02627509496220674,-0.026255267986387526
30132596,simple,4,1,1.0,0.005056681216688338,0,1,0.005056681216688338,-0.0013556100458943891,0.002831528331505788,-0.019884574831208854
30157554,simple,3,1,1.0,0.004532810159543762,0,1,-0.0004960357667366452,0.002260028664845563,0.004532810159543762,-0.02501568389218352
30152362,simple,4,1,1.0,0.0036493664766110295,0,1,0.002490708017469572,0.0036493664766110295,-3.363418294782469e-05,-0.06809043631448478
30130965,simple,0,1,1.0,-0.007270901721785461,0,1,-0.007270901721785461,-0.052581571958959974,-0.11071809925554288,-0.28153253170734743
30165559,simple,2,1,1.0,0.006803901139426787,0,1,0.006803901139426787,-2.9035221727445604e-06,3.8109870053929656e-05,-0.04024808940038247
30154203,simple,4,1,1.0,0.004720977321246052,0,1,0.004720977321246052,-0.0017958940172606887,0.002586983899948183,-0.02015902340836106
30138120,simple,3,1,1.0,0.006453164667081568,0,1,0.006453164667081568,-0.0033321740869106647,0.0030438803266145814,0.003752680829658697
30132074,simple,0,1,1.0,0.004420502037687655,0,1,0.004420502037687655,0.0023118304467542178,0.001391754681727992,-0.06137203721222395
30109070,simple,0,1,1.0,0.030281143586380156,0,1,-0.040652767535853174,0.009915267525311213,0.030281143586380156,-0.10643029640527452
30094641,simple,4,1,1.0,0.004322354887951744,0,1,0.002907885759190383,-0.001057164992522619,0.004322354887951744,-0.010732116675815973
30150182,simple,3,0,1.0,-0.0018259988256072376,0,0,-0.0018259988256072376,-0.022513190614891397,-0.03531085694998966,-0.11492817862970175
30133176,simple,0,1,1.0,0.023936198321817218,0,1,-0.0024143672807589757,-0.005076853259389509,0.005042905991018497,0.023936198321817218
30154170,simple,2,1,1.0,0.006718686148772395,0,1,0.006718686148772395,0.002424545712818558,0.0013390010889421274,-0.04496788565359329
30151896,simple,2,1,1.0,0.005990646778672198,0,1,-0.0011835805905896918,-0.002975014438116371,0.004573715449067716,0.005990646778672198
30142663,simple,2,1,1.0,0.0034067461433059526,0,1,0.0034067461433059526,-0.0053348412046312806,0.0019096030689976888,-0.0011044460054064204
30118785,simple,1,0,1.0,0.07538562103783278,0,0,0.07538562103783278,0.013685396614435418,0.021092299686879108,-0.0003972596206393286
30137124,simple,1,0,1.0,0.04684649812630892,0,0,0.04684649812630892,-0.29897645630291647,-0.40791325280815455,-0.4667063423226337
30108849,simple,1,1,1.0,0.0022468180070607593,0,1,0.0005658672924723114,-0.0018933450464610306,0.0022468180070607593,-0.006915163372685593
30140883,simple,4,1,1.0,-0.00046486593455496994,0,1,-0.00046486593455496994,-0.025062005675477665,-0.029267051226864915,-0.0315564553071404
30157497,simple,3,1,1.0,-0.0064144731491440725,0,1,-0.0064144731491440725,-0.012245900498717594,-0.040361251061141634,-0.187963361810162
30140710,simple,3,1,1.0,0.0015333775165455206,0,1,0.00047619652327962614,-0.0007168238922922576,0.0015333775165455206,-0.03525631699231095
30127591,simple,2,1,1.0,0.0063560811777834715,0,1,0.0063560811777834715,0.004236287158116355,0.000673390381602617,-0.05603754447720281
30141580,simple,0,1,1.0,0.0028473897605291246,0,1,0.0016776111316775602,-0.0017067739324019143,0.0028473897605291246,-0.02345160687626871
30120490,simple,2,1,1.0,0.018832558624071474,0,1,0.0023802024405203855,-0.008462732844365207,0.002643143505578486,0.018832558624071474
30128710,simple,1,1,1.0,0.04872214691628187,0,1,0.04872214691628187,0.004693738279359174,0.026258166567113727,-0.08642761765373172
30120294,simple,1,0,1.0,0.07901071959937661,0,0,0.07901071959937661,-0.02050368594454566,-0.01426507748874346,-0.007568879539757045
30102912,simple,2,1,1.0,0.010621030492097158,0,1,-0.0021139058491358477,-0.0024665741162709053,0.005845608813016576,0.010621030492097158
30158136,simple,2,0,1.0,0.033282719863562,0,0,0.033282719863562,0.0005201084885212287,0.003424621124828924,-0.009156947338353358
30131052,simple,3,0,4.0,0.45021426218425037,0,0,0.08903629097287871,0.0908838295939347,0.13580724827240687,0.45021426218425037
30126045,simple,0,1,1.0,-0.011659057772372052,0,1,-0.011659057772372052,-0.18261026092697652,-0.27273540417005354,-0.4330855096934717
30125821,simple,2,1,0.0,0.26184017404041027,-1,0,0.26184017404041027,-0.010741071196265096,0.0060151510515202115,-0.02164868297104608
30149790,simple,2,1,1.0,0.034217059544496116,0,1,0.034217059544496116,-0.028327091797779407,-0.033140607648292256,-0.07222569559116337
30129563,simple,3,1,1.0,-0.005864758162982001,0,1,-0.005864758162982001,-0.18143469974170306,-0.301291224383505,-0.43706296199563704
30154276,simple,0,0,1.0,0.028256404961715068,0,0,0.028256404961715068,0.009624108643846649,0.004875874277804518,0.01384429778263141
30138989,simple,2,1,1.0,0.021645651842951724,0,1,-0.0007884706035739333,-0.006455983935635273,0.004431712759651613,0.021645651842951724
30105811,simple,2,1,1.0,0.0028793874226632904,0,1,0.0015286813169712067,-0.00487046688460056,0.002713475135684918,0.0028793874226632904
30109096,simple,0,0,1.0,0.011390585484277897,0,0,0.011390585484277897,-0.16564790246284827,-0.23701690810074946,-0.34604479393769527
30155938,simple,1,1,1.0,-0.005001029486904566,0,1,-0.005001029486904566,-0.024641559803161624,-0.03247841383481147,-0.05131059744415933
30125344,simple,1,1,1.0,0.0022924361843088686,0,1,0.0022924361843088686,-0.00438925377729325,0.002070345133810176,-0.003216720861399236
30095852,simple,1,1,1.0,0.0037436031549843013,0,1,0.0037436031549843013,0.0011509871120791472,0.0015477606532122504,-0.040285823415165394
30162336,simple,0,1,1.0,0.0015108242673960506,0,1,0.0015108242673960506,-0.0196081254599964,-0.03372272662847784,-0.11825952191078855
30107564,simple,1,1,1.0,0.004140574471587565,0,1,0.004140574471587565,-0.02285229818524784,-0.03977948267441314,-0.12929710613984857
30124472,simple,0,1,1.0,-0.01973077489330121,0,1,-0.029579425416370774,-0.01973077489330121,-0.06308852787013952,-0.20643242112700488
30126056,simple,4,1,1.0,-0.005401776109192909,0,1,-0.005401776109192909,-0.023581965433410183,-0.07270458658025271,-0.2593831548398285
30140175,simple,1,1,1.0,-5.055033573906492e-05,0,1,-5.055033573906492e-05,-0.02573024059190006,-0.037219149139807534,-0.08642245110629375
30154387,simple,0,1,1.0,0.002568270485421454,0,1,0.002568270485421454,-0.0018885719795962291,0.0022311728788341756,-0.027215194667659898
30141067,simple,1,1,1.0,0.0024921242498948913,0,1,0.0024921242498948913,-0.003936473406637272,0.0015734254871451435,-0.008055796480347377
30140936,simple,3,1,1.0,-0.001707879373578346,0,1,-0.010280494881517457,-0.001707879373578346,-0.02965780258783132,-0.14729483719399966
30114703,simple,1,1,1.0,-0.13425327248548163,0,1,-0.13425327248548163,-0.19151032382733546,-0.24777183886161308,-0.39174866818240367
30095176,simple,1,0,0.0,0.2648563600760127,1,1,0.2648563600760127,-0.00473951707919382,-0.0004892697276592146,-0.006258977192290904
30121073,simple,0,1,1.0,-0.007705440424511361,0,1,-0.007705440424511361,-0.030969763539113758,-0.08011080480708435,-0.2421125739431905
30119590,simple,3,0,1.0,0.001759244984010408,0,0,0.001759244984010408,-0.017069156107467065,-0.02000983327497697,-0.015332403958751795
30110700,simple,2,1,1.0,0.005081028409507877,0,1,-0.003292784543668211,-0.0013894151423385244,0.005081028409507877,0.0034230799685042307
30139644,simple,0,0,0.0,0.14308984764636448,0,0,0.14308984764636448,0.007102072141592655,0.03150259150328343,0.001951576507188496
30098276,simple,1,0,1.0,0.016689623614282566,0,0,-0.010699135059042353,0.016689623614282566,0.007426075661297011,-0.06722069292991484
30148224,simple,2,1,1.0,-0.05204028227476852,0,1,-0.10829397179346775,-0.05204028227476852,-0.12580114701127013,-0.19818447403631945
30166234,simple,2,1,1.0,0.0007504948556511688,0,1,-0.005316098243242789,0.0007504948556511688,-0.0077370507623679245,-0.05693466928205751
30130997,simple,0,1,1.0,0.024285715956089717,0,1,0.024285715956089717,-0.04640796676383905,-0.09730073580616827,-0.28920296081787167
30143126,simple,4,1,1.0,0.049492875535396975,0,1,0.049492875535396975,-0.03876376330042282,-0.04044178872246324,-0.1341942156977694
30166084,simple,3,1,1.0,-0.00792802506319416,0,1,-0.00792802506319416,-0.015992706529479414,-0.03032722047019919,-0.11349366175756735
30104569,simple,1,1,1.0,0.003159634171622447,0,1,0.0010953839325050334,-0.00411895168826203,0.0027016819165207075,0.003159634171622447
30138560,simple,3,1,1.0,0.0018685539942516916,0,1,-0.00273306185918671,0.0018685539942516916,0.0016445439537528111,-0.05501565173215506
30104150,simple,1,1,1.0,-0.0024857343110232,0,1,-0.011886142384850792,-0.0024857343110232,-0.02241000425837639,-0.12327126699964816
30134325,simple,1,1,1.0,-0.011746059798216135,0,1,-0.011746059798216135,-0.08302591517673692,-0.1477429297751325,-0.31882274792442966
30153709,simple,4,1,1.0,0.09028083231554968,0,1,0.09028083231554968,0.030156398508797373,0.03459745295537009,-0.023354129570258765
30128478,simple,2,1,0.0,0.11407898863741009,0,1,0.11407898863741009,0.03950173737527543,0.03739635876459692,-0.009400064053617582
30166224,simple,1,1,1.0,0.002025977404149018,0,1,0.0014309441131450315,-0.0032470722654023808,0.002025977404149018,-0.0049882751180046064
30154430,simple,0,1,1.0,0.0026757678024103212,0,1,0.0015037138447690536,-0.0036417840482822206,0.0026757678024103212,-0.008243585666352499
30108153,simple,2,1,1.0,-0.0951065297438981,0,1,-0.0951065297438981,-0.1418526393853329,-0.1590047350542309,-0.23970490061718555
30156491,simple,2,1,1.0,-0.006273806603014968,0,1,-0.006273806603014968,-0.007951626675799867,-0.03431372928454239,-0.13260654419751935
30124588,simple,0,0,1.0,0.04892121093919931,0,0,0.04892121093919931,-0.027300905371989183,-0.018996509467808464,-0.09495286107049888
30119450,simple,4,0,1.0,0.04462019957796232,0,0,0.04462019957796232,-0.08518613513883913,-0.14620259461064303,-0.3811839703784898
30115539,simple,4,1,1.0,0.005792499398011856,0,1,-0.0019704110871173568,-0.002077935581840204,0.005792499398011856,0.0017866839897831138
30124106,simple,0,1,1.0,0.0005715305781586431,0,1,0.0005715305781586431,-0.02299712340026281,-0.03403791100230486,-0.09396557240308417
30105775,simple,3,1,1.0,-0.003443737188006432,0,1,-0.003443737188006432,-0.018255230154169674,-0.034643751202931894,-0.13754904695291964
30159669,simple,2,1,1.0,0.004469526947765513,0,1,0.004469526947765513,1.8683257655659202e-06,0.001006724494586924,-0.032449944624569384
30118389,simple,1,1,1.0,-0.0008540024700223608,0,1,-0.0008540024700223608,-0.0264044497370864,-0.037044865698879076,-0.07876490902446408
30109051,simple,4,1,1.0,-0.03420781331472272,0,1,-0.05985039770704575,-0.03420781331472272,-0.08322743660331647,-0.24757198553424126
30149900,simple,1,1,0.0,0.12582699185631935,-1,0,0.12582699185631935,0.031314839143593884,0.03642601843447987,-0.018298802799597523
30109672,simple,0,1,1.0,0.0035000136129697754,0,1,0.0003204489145550611,-0.0014815422530451566,0.0035000136129697754,-0.021030733558503045
30109530,simple,3,1,0.0,0.20708691669131912,-1,0,0.20708691669131912,-0.009800204530405995,0.03237099687578846,-0.0024413286561519587
30122506,simple,3,1,1.0,0.0037177523982517627,0,1,0.002643862064293439,-0.001338460490080651,0.0037177523982517627,-0.0074217965736811525
30145349,simple,1,1,0.0,0.13858904721074808,0,1,0.13858904721074808,0.03866215789629178,0.04173113491116878,-0.016693335336293982
30143511,simple,2,0,0.0,1.2111785727290387,1,1,1.2111785727290387,-0.2900659386185199,0.23670995565961866,-0.37299604733239716
30140471,simple,3,1,1.0,0.00913415282621109,0,1,0.00913415282621109,-0.004356773565652014,0.0011151743685143163,-0.005861002275995494
30140104,simple,0,1,1.0,0.003775100409483808,0,1,0.003775100409483808,-0.0038469769601451875,0.0009215647777654074,-0.02193614081688707
30127034,simple,3,1,1.0,0.05913355158985732,0,1,0.05913355158985732,-0.0533842875644036,-0.04943139401094966,-0.0902078280903162
30132705,simple,2,1,1.0,0.013179868127977695,0,1,0.0024105575649367404,-0.00699016163704946,0.002953973360321601,0.013179868127977695
30133444,simple,4,1,1.0,0.004728610610807867,0,1,0.0015764989611229685,0.0008195813171354774,0.004728610610807867,-0.022550502540078385
30105956,simple,1,1,1.0,0.006575634030056326,0,1,-0.0015518878565588812,0.005857693935744646,0.006575634030056326,-0.020878287547582135
30147677,simple,3,1,1.0,0.05768175168414336,0,1,0.05768175168414336,-0.045250031714645686,-0.03625625429823826,-0.03867875406365372
30124380,simple,2,1,1.0,0.0028740830750277856,0,1,0.0028740830750277856,-0.004960905531468631,0.0018033163563713518,-0.002722528477655542
30158529,simple,1,0,1.0,-0.0006223464724475179,0,0,-0.0006223464724475179,-0.025875999008394258,-0.036628126135374334,-0.0809938331326615
30121143,simple,4,1,1.0,0.004632061578080094,0,1,0.0034332118865772997,-0.0008476077438996886,0.004632061578080094,-0.007625625224233032
30154073,simple,2,1,1.0,0.01050641568924459,0,1,0.0013615955173969692,0.01050641568924459,0.005348826429233452,-0.058558180158459844
30148568,simple,1,1,4.0,0.11463682013893145,0,1,0.05295272781771158,-0.11702769599825735,-0.09734627548431513,0.11463682013893145
30133596,simple,1,1,1.0,0.00153679603942539,0,1,0.0013517734760961492,0.0001393426592589432,0.00153679603942539,-0.023161801644013928
30134955,simple,3,1,1.0,0.08908173995449709,0,1,0.019813973264454665,0.04709694148816107,0.07775623558232814,0.08908173995449709
30159200,simple,4,1,1.0,0.003349415034987077,0,1,0.003349415034987077,-0.0018962215037858499,0.0029960997813920816,-0.017986683447513245
30147521,simple,1,1,1.0,0.07307764925671467,0,1,-0.02814014211081032,0.044019610291496494,0.07307764925671467,-0.02470472971375931
30148066,simple,1,1,1.0,-0.004065695201875597,0,1,-0.004065695201875597,-0.02733624467160704,-0.03461140919831282,-0.05089608317401256
30158329,simple,2,0,1.0,-0.0016068218758853205,0,0,-0.0016068218758853205,-0.07101911594725463,-0.14481665829369755,-0.3232985402032604
30140324,simple,0,1,1.0,0.004552486829915187,0,1,-0.0008841628939763799,-0.0010483199975935276,0.004552486829915187,-0.015395910173015726
30144838,simple,0,1,1.0,0.00611666475091012,0,1,-0.0004185796803935736,0.0008269220208534933,0.00611666475091012,-0.012427068052801124
30128639,simple,1,1,1.0,0.0020534488789314895,0,1,0.0020534488789314895,0.0010350333186935172,0.0017408500833829485,-0.03069386430911436
30165580,simple,3,1,1.0,0.00900506477946904,0,1,0.00900506477946904,-0.00397741578521609,0.0027252784251135115,0.0070910899200293115
30149855,simple,2,1,1.0,0.0014258064408233621,0,1,0.0014258064408233621,-0.0067919768364583,-0.03841237058964754,-0.17088931109971361
30110860,simple,4,0,1.0,0.00513141005522031,0,0,-0.12833856050527204,0.00513141005522031,-0.006106690191208582,-0.1323495577825181
923407776397,complex,2,0,1.0,0.020127657731110107,0,0,0.020127657731110107,-0.05840650777792196,-0.09607575691822708,-0.2163594109871298
9234412211567,complex,3,0,1.0,-0.010209778556140801,0,0,-0.031100376394889967,-0.010209778556140801,-0.049287583098801074,-0.18961849584181178
9237831513872,complex,0,1,1.0,0.04207479968674968,0,1,-0.019059189451083428,0.04207479968674968,0.03334063038445597,-0.006609298980319048
9235276621233,complex,4,0,4.0,0.16397173617046779,0,0,0.10781054993469255,0.054158728438651334,0.08346853914567962,0.16397173617046779
923989397072,complex,1,0,1.0,0.04922420332168803,0,0,-0.027140434116686,0.04745825203048011,0.04922420332168803,0.02693886103115571
923379491034,complex,1,0,1.0,-0.1297908408407853,0,0,-0.1297908408407853,-0.13381585828519485,-0.1804956235476627,-0.37673911398003357
9000376640,complex,2,0,1.0,-0.0032718918718158373,0,0,-0.0032718918718158373,-0.02700628982441539,-0.015191776812227584,-0.054858864135996235
9159317010545,complex,1,0,1.0,0.021610783727579824,0,0,-0.023530374361891343,-0.05079584652658807,-0.024934903346347934,0.021610783727579824
9235669216635,complex,2,1,1.0,-0.00409750770948767,0,1,-0.00409750770948767,-0.011344645627535548,-0.03118634411126617,-0.11129080761501578
923736673352,complex,1,0,1.0,0.024836683683437288,0,0,0.024836683683437288,-0.12741595842272227,-0.14093462168787368,-0.004454508306416527
92352701519,complex,4,1,1.0,-0.054271836504861636,0,1,-0.054271836504861636,-0.1333214517075767,-0.10566077801515787,-0.21840462289239265
9233544912842,complex,1,0,1.0,0.019761840123347224,0,0,0.013606645634392529,0.00908296445006311,0.011599955262114315,0.019761840123347224
923418883419,complex,3,0,0.0,0.182692177863914,0,0,0.182692177863914,0.017839668618142512,0.02898181434493466,0.0004571303192866527
9237183913434,complex,0,0,1.0,-0.00852065689720136,0,0,-0.00852065689720136,-0.09355403993939197,-0.13609336986592238,-0.17348546805069048
923592265776,complex,1,1,1.0,0.042219199768747356,0,1,-0.008984052402824204,0.0011051066071818307,0.007971017656433519,0.042219199768747356
9235121417400,complex,2,0,4.0,0.14892552445559462,0,0,0.0813879233733846,-0.02460295840583371,0.014346548159146221,0.14892552445559462
9240132411936,complex,3,0,1.0,0.03235692937335058,0,0,0.02274518360324212,0.03235692937335058,0.032081282540608026,0.029453766113978985
9240806520912,complex,3,0,1.0,-0.009676023735110777,0,0,-0.009676023735110777,-0.013213279904043657,-0.05303130851615091,-0.18256328582356773
9240086517612,complex,4,1,1.0,0.029997484626322755,0,1,0.029997484626322755,-0.31671759151837986,-0.4283421178888384,-0.5863395511479219
923643958830,complex,3,0,1.0,0.040043092034474065,0,0,-0.05943164244807278,0.040043092034474065,0.03779022453494623,0.017896625908167485
923642909817,complex,4,1,1.0,-0.001433228214241744,0,1,-0.001433228214241744,-0.2236872397666169,-0.31353433338802733,-0.4486987042185609
9240947514812,complex,4,0,1.0,0.05554369961395712,0,0,0.05554369961395712,0.034846325577439635,0.03111761623648326,0.041434973000719924
9237085519067,complex,3,0,4.0,0.16270720512774553,0,0,0.1252187657227738,0.07164991591297414,0.10491505720857053,0.16270720512774553
9236723913560,complex,4,0,4.0,0.10744459676357267,0,0,-0.0024498221204626233,0.044505079466624194,0.10121886320922859,0.10744459676357267
9239035819892,complex,4,0,1.0,0.009489951952161318,0,0,0.005645160608357951,0.001388700890269698,0.007292874995367935,0.009489951952161318
923696743877,complex,1,1,1.0,-0.0030329132950921815,0,1,-0.023880328706431142,-0.0030329132950921815,-0.035576089987750845,-0.14625388051862553
923905673350,complex,0,1,1.0,0.006013790634067727,0,1,-0.004120238972820257,-3.978551448197837e-05,0.006013790634067727,-0.017774667239205316
923162955104,complex,2,0,1.0,0.086506475122916,0,0,0.019050032106374605,0.04980924776784,0.086506475122916,0.07856144976117668
923374574208,complex,2,0,0.0,0.1539494928192265,1,1,0.1539494928192265,0.010313721643385811,0.016671786945138555,-0.02101368266729165
923599795855,complex,4,1,1.0,0.031950464327947486,0,1,0.031950464327947486,0.03092750986561734,0.023991750063248916,0.0015793311293996748
923377781282,complex,3,1,4.0,0.18424517971425763,0,1,0.17936721586776572,0.0415944654176692,0.07155773748311048,0.18424517971425763
923950375763,complex,3,0,1.0,0.008944953698998196,0,0,-0.00394718141968424,0.008944953698998196,-0.001908592416701809,-0.09713907611914444
9239959213226,complex,2,1,1.0,0.013284386713048327,0,1,-0.012850583739226613,0.013284386713048327,-0.010868827079348893,-0.11766696201871658
9238775521268,complex,1,0,4.0,0.2322249036492996,0,0,0.2297057970050066,0.009494658380164295,0.0452577006220138,0.2322249036492996
923362582003,complex,2,0,1.0,-0.003826763887875225,0,0,-0.003826763887875225,-0.024600424433658574,-0.028457772531203223,-0.03502363080514667
924130499327,complex,4,0,1.0,0.03406820896530695,0,0,0.03406820896530695,-0.13227596621689316,-0.20229279577478892,-0.3840164019179996
9241112414453,complex,2,1,1.0,0.06455328611579919,0,1,-0.023492436882585916,0.05385965398415023,0.06455328611579919,0.0419757397097133
923403643983,complex,0,0,0.0,0.1481676554987505,0,0,0.1481676554987505,0.000758522291249647,0.038833368864811375,0.052324657089378654
9232777514769,complex,2,1,1.0,0.07839988427546232,0,1,-0.051558418161566213,0.07768504173928054,0.07839988427546232,0.050323237666553056
923979501758,complex,1,0,1.0,-0.057079533751494674,0,0,-0.06423785850027715,-0.06606376848780346,-0.057079533751494674,-0.09441516844434657
923543318849,complex,0,0,0.0,0.30731322541916606,0,0,0.30731322541916606,-0.03354671633721902,-0.022130955570864336,0.028683244331910884
924002047864,complex,3,1,1.0,0.06259059846519444,0,1,0.06259059846519444,0.05019374554229694,0.05461164332755052,-0.01085998238525928
923899384150,complex,3,0,1.0,0.0028127648205885283,0,0,0.00038324484771516676,0.0028127648205885283,0.002551750262691898,-0.04548096846631045
9238263316942,complex,2,1,1.0,-0.029717758517187585,0,1,-0.029717758517187585,-0.1757895902346804,-0.20250073984949923,-0.24691444887583539
9236928217408,complex,0,1,1.0,-0.04205386730382421,0,1,-0.04205386730382421,-0.07351674765487998,-0.12476795681728606,-0.2509606539218924
9241311518635,complex,0,0,1.0,-0.002869633788276333,0,0,-0.002869633788276333,-0.022188343799067575,-0.031772326178879554,-0.08351003196495976
9240474817802,complex,2,1,1.0,0.003789613710026677,0,1,0.003789613710026677,-0.11948537291043015,-0.19917038098943024,-0.3559284466446226
92320301101,complex,3,0,0.0,0.16324558327284983,0,0,0.16324558327284983,0.02281587090508405,0.02715610002791232,0.03707383546938259
923203513184,complex,2,0,1.0,-0.005753510640414416,0,0,-0.005753510640414416,-0.08454253846250978,-0.13079438890514206,-0.2731499150020391
92352747735,complex,0,0,4.0,0.16769891077986102,0,0,-0.025910644641717388,0.03880877724880065,0.09058287565234313,0.16769891077986102
9235280712294,complex,1,0,1.0,0.09611491539697647,0,0,-0.002719447915621037,0.03489708448851361,0.04851612157841324,0.09611491539697647
9237135413033,complex,4,0,1.0,0.05196819221056525,0,0,0.03783455384077358,0.05196819221056525,0.04531835763734714,-0.0206595814112066
9240033920977,complex,3,0,1.0,0.027299986645208135,0,0,0.02126729415774175,-0.07691857033443289,-0.036998995559515364,0.027299986645208135
9238748320326,complex,1,1,1.0,-0.004569547210658373,0,1,-0.025044689914353692,-0.004569547210658373,-0.021597206583499076,-0.09489257210068447
9239460410117,complex,4,0,1.0,0.06623407348985119,0,0,0.06623407348985119,-0.026374884643234203,-0.028520806846912033,-0.11472833039213567
9237707519760,complex,2,1,1.0,-0.008984256306563965,0,1,-0.048150909523854285,-0.008984256306563965,-0.04567303957964984,-0.15114250597802478
9237901720955,complex,4,0,1.0,0.015054104594009611,0,0,0.015054104594009611,-0.25382951427805134,-0.3531154383878038,-0.46424084625920625
923809322809,complex,0,1,4.0,0.10576555837951043,0,1,-0.03671856963082509,0.0578075146465714,0.07194643995672714,0.10576555837951043
9236964716479,complex,0,0,1.0,-0.015108570675944906,0,0,-0.0426427622300482,-0.015108570675944906,-0.04292388918101854,-0.18266876433165616
9234397618225,complex,1,1,1.0,0.030238199205154026,0,1,-0.004876824476687004,-0.006826643154204552,-0.004605538453248247,0.030238199205154026
9236467215719,complex,4,0,0.0,0.11190645787679018,0,0,0.11190645787679018,0.04901787935006623,0.04294691595646678,-0.013578061796086373
9241796810886,complex,4,0,0.0,0.10674256788593328,0,0,0.10674256788593328,0.04195113463032548,0.03936617303639213,0.07528505635689343
923889125301,complex,0,1,1.0,0.024481333216910903,0,1,0.024481333216910903,0.0024751443884109756,-0.013102352187518826,-0.09175831660824856
9239040516797,complex,0,0,1.0,0.02021708003931314,0,0,-0.02322485262859109,0.019933677342237534,0.02021708003931314,-0.026954683932228433
9240371210429,complex,4,0,4.0,0.22545241265467858,1,1,0.19027805403056064,0.015293925677082189,0.0697111689912762,0.22545241265467858
924054406670,complex,3,0,1.0,-0.0085595789999391,0,0,-0.01777857406038793,-0.0085595789999391,-0.04049417395031817,-0.16196748353494334
9238696321163,complex,3,1,1.0,0.05115507219649806,0,1,-0.019400480088514645,0.044368450878593924,0.05115507219649806,0.037404478455760365
923522326713,complex,2,0,0.0,0.29149824950694925,1,1,0.29149824950694925,-0.021934375052687475,-0.011133635619894087,0.039258731964472535
923265327996,complex,1,0,1.0,-0.023794124486020106,0,0,-0.023794124486020106,-0.06882942102513966,-0.12126507274161623,-0.2525828940003796
9236072892,complex,2,0,1.0,0.05101844918827783,0,0,0.022481786584960594,0.01539840371809249,0.05101844918827783,0.0486204594170168
923899534114,complex,1,0,1.0,0.06640320682298972,0,0,-0.0007935887630325794,-0.05097249528513283,-0.04274043445409932,0.06640320682298972
9235041110881,complex,3,1,1.0,-0.001376301453502378,0,1,-0.001376301453502378,-0.005134341872170987,-0.01211249117974765,-0.05423996151936142
9233078815785,complex,0,0,1.0,0.05177962120798378,0,0,-0.03405492525850712,0.05177962120798378,0.03340845918927352,-0.06453366862304663
923540615566,complex,3,1,1.0,-0.01689159656919126,0,1,-0.01689159656919126,-0.18232537345787925,-0.3064096558739581,-0.46825546983313115
923900211656,complex,0,0,1.0,0.014988407753549184,0,0,-0.004837288972116587,0.014988407753549184,-0.0019800905604726027,-0.07510842069244347
9236709910659,complex,4,0,0.0,0.25718633059130835,0,0,0.25718633059130835,-0.004230143679138168,0.006245162145021365,0.06090838881752671
900001123880,complex,0,0,0.0,0.18393925513492493,0,0,0.18393925513492493,0.018886988316436717,0.019244090624589538,0.013400554089300548
9240443612463,complex,3,0,1.0,0.04877582270629685,0,0,0.04877582270629685,-0.04843710905650304,-0.03696272339262619,-0.046168227796116845
9237777310496,complex,3,0,0.0,0.3027235915664677,1,1,0.3027235915664677,-0.02835167917944302,-0.023919734981413664,-0.03596223278022287
92370572790,complex,1,0,1.0,0.09027062624477797,0,0,0.09027062624477797,0.03644355770971652,0.06178311663507832,-0.03826294558262962
9231894010702,complex,3,1,1.0,0.017841260347471813,0,1,0.00571727544859392,-0.03596638933922274,0.006753007098273395,0.017841260347471813
9241698319040,complex,4,0,1.0,0.010875622797138475,0,0,0.010875622797138475,-0.004019279158180013,-0.01350206583326599,-0.12050486352406974
923601559943,complex,1,0,1.0,0.008517480150723896,0,0,-0.010848082452558264,0.008517480150723896,-0.00037960111779401437,-0.05849093283660383
9237525611922,complex,0,1,1.0,0.01821338992570354,0,1,0.01821338992570354,0.006012608635240259,-0.0011160378485028447,-0.014129387153458225
9237644618579,complex,1,0,1.0,0.044084890776156,0,0,0.044084890776156,0.01711143806211508,0.03058606372342849,0.005989415541668666
9236320313192,complex,1,1,1.0,0.0021267200549042672,0,1,-0.011560745507714403,0.0021267200549042672,-0.019647329818023564,-0.13539359523559957
9236473817083,complex,3,1,1.0,-0.005920875398839395,0,1,-0.005920875398839395,-0.0848381659088403,-0.16572409733853496,-0.31996436219951263
9240833315452,complex,4,1,1.0,0.008308629343100369,0,1,-0.005452667180681395,0.008308629343100369,-0.0032171184611023106,-0.08875690101007878
900010043586,complex,4,0,0.0,0.20132927694731226,0,0,0.20132927694731226,0.030345043615077408,0.027464704881739476,-0.008286366505641796
924151149249,complex,3,1,1.0,-0.06668825268669157,0,1,-0.06668825268669157,-0.12589456784793454,-0.15743366676608223,-0.29962111871521785
9234358016207,complex,2,1,2.0,0.12797383501640514,0,1,-0.07470188223325247,0.11192445094725982,0.12797383501640514,0.013619106335754971
9234388517157,complex,1,1,1.0,0.05816561670968141,0,1,0.05816561670968141,-0.019397421573498618,-0.08854066342371857,-0.18410793007877857
915930545045,complex,2,1,1.0,-0.0032577524618614684,0,1,-0.0032577524618614684,-0.011823097093893311,-0.03101184914772873,-0.10753159172915958
9236891413485,complex,0,1,1.0,0.057654820627564524,0,1,-0.00510803947589511,0.00521335802750561,0.019154406079003955,0.057654820627564524
9233771020595,complex,3,0,1.0,-0.0245089220666707,0,0,-0.0245089220666707,-0.098974213158958,-0.18449402558584074,-0.2910530670515502
923763104031,complex,3,0,1.0,0.03629088125249099,0,0,0.03337081090406258,0.03629088125249099,0.033142700173863344,-0.03044488401752126
923399959753,complex,1,1,1.0,0.007301988119699364,0,1,-0.0030354618581630993,0.007301988119699364,0.007092039895534728,-0.024010654456267835
923657955662,complex,2,1,1.0,-0.004875240304807769,0,1,-0.04615133984674291,-0.004875240304807769,-0.05377504266938363,-0.22363887187090492
9231774916011,complex,4,1,1.0,-0.012123279418702872,0,1,-0.012123279418702872,-0.1168889166374186,-0.19502960172201397,-0.3909680380064168
923183091912,complex,3,0,0.0,0.15850647273275636,0,0,0.15850647273275636,0.03090146062999019,0.031985254217456655,-0.00715678993647248
924094611451,complex,2,1,1.0,0.07204413689832834,0,1,-0.05407943887723701,0.07204413689832834,0.05604682845881784,-0.062184526577198085
900023893074,complex,1,0,1.0,0.03437175621662125,0,0,0.03437175621662125,0.023032198352095534,0.023511323296168205,-0.06256963174380398
9233684020925,complex,0,0,0.0,0.17202386124196034,0,0,0.17202386124196034,0.02217404409707116,0.01924745096477199,0.005524138861534134
9234816918573,complex,4,1,1.0,-0.004217824865789831,0,1,-0.004217824865789831,-0.20904107375625922,-0.29625925505142414,-0.45065707892657497
923448188104,complex,0,1,1.0,-0.010284524141138323,0,1,-0.010284524141138323,-0.0638686469627836,-0.12710736714927462,-0.3117423213598858
900002831715,complex,2,1,1.0,-0.06726706040066749,0,1,-0.06726706040066749,-0.1945709507543311,-0.14039757913629683,-0.22408725867432513
92406568729,complex,4,1,1.0,-0.008334241655150232,0,1,-0.008334241655150232,-0.1291266667653209,-0.20357342919082652,-0.35262909097962974
923378487184,complex,4,0,1.0,0.02731022663814741,0,0,-0.02244509349651725,0.02731022663814741,0.02719003221154696,0.009584997989681196
9233909611540,complex,0,0,1.0,0.08249495337249908,0,0,0.08249495337249908,0.025688887523733314,0.022496458307266376,0.031220990425816608
923642412423,complex,3,0,0.0,0.10030361293801077,0,0,0.10030361293801077,-0.008925895659988385,0.02276583365130129,0.04404800792837077
923935999370,complex,3,1,1.0,-0.0027416595322481974,0,1,-0.0027416595322481974,-0.2380467218076935,-0.3765415134056742,-0.5004531630175276
924044109614,complex,1,0,0.0,0.29463206541943593,0,0,0.29463206541943593,-0.01901366218483722,-0.014698240343237027,0.0015426124892374826
9240937120909,complex,4,1,1.0,0.0018438306488755968,0,1,-0.006582215247180827,0.0018438306488755968,-0.022970838710246036,-0.16896139630878126
9234458210829,complex,0,0,0.0,0.13393470650449413,1,1,0.13393470650449413,0.027195148996728077,0.01948868934816591,-0.02375012279649441
923489367703,complex,4,1,1.0,0.04053075372090588,0,1,-0.03457975031191771,0.03958581430774879,0.039069265039330586,0.04053075372090588
9240962317974,complex,2,1,1.0,-0.016125913280859907,0,1,-0.016125913280859907,-0.28850937093804735,-0.40336856475059035,-0.47375017216896637
924132085723,complex,1,1,1.0,-0.025619144506866642,0,1,-0.025619144506866642,-0.26617709291648745,-0.3721309591828087,-0.42104397023925233
923488553584,complex,4,0,0.0,0.2199248030913429,0,0,0.2199248030913429,0.02033810430545048,0.019212394909958807,0.025013855813363087
923564652273,complex,0,1,1.0,0.01581072020476707,0,1,-0.01494558012112623,0.015197000827119465,0.01581072020476707,-0.0069039694783812194
9239604519009,complex,1,1,1.0,0.07509458380932578,0,1,-0.03577847721798665,0.06311331596173161,0.07509458380932578,0.0748978293116978
9236941213394,complex,0,0,4.0,0.1656828888394229,0,0,-0.006181984558950682,-0.007323428175031996,0.04768272275165563,0.1656828888394229
9241154216373,complex,4,0,1.0,0.02726048067482583,0,0,-0.004251417477689114,0.02726048067482583,0.01993332349474557,-0.03213953666183932
923160761446,complex,1,0,1.0,-0.029530438477617507,0,0,-0.029530438477617507,-0.03529527335079169,-0.0746043690132808,-0.19808714703035782
9237630519459,complex,4,1,4.0,0.11756327282809388,0,1,0.003418334669033983,0.013472891781031178,0.03479094720244991,0.11756327282809388
923776286969,complex,3,1,1.0,0.08093940571171515,0,1,-0.05138422866140485,0.07171827144688445,0.08093940571171515,0.06354193549116322
923552869230,complex,1,0,4.0,0.11957616353589279,0,0,0.04083063714479273,0.024109664714132697,0.07372549147995167,0.11957616353589279
923653018957,complex,2,1,1.0,-0.021481243295591822,0,1,-0.021481243295591822,-0.037769916476244975,-0.09101959662956903,-0.21476960169143192
9115987717145,complex,4,0,1.0,-0.0009202004447623757,0,0,-0.0009202004447623757,-0.08721368276662017,-0.15935499370918346,-0.15141969074586886
9238644017368,complex,3,0,0.0,0.14851510320441214,0,0,0.14851510320441214,0.02850698974602177,0.03257496676410262,0.09346991394212645
9234030711016,complex,0,1,1.0,0.0030777268752323964,0,1,0.0028297556290188576,0.0002391681792845296,0.0030777268752323964,-0.032691907544019086
9235316816984,complex,2,1,1.0,-0.01467146667403461,0,1,-0.01467146667403461,-0.016679876864741677,-0.05005050473732932,-0.14668560267091046
9237593917537,complex,3,0,1.0,4.013167313028296e-05,0,0,4.013167313028296e-05,-0.06209108450322412,-0.05316539497086832,-0.0739297289298295
924101817712,complex,3,0,4.0,0.14863149404736287,0,0,0.04159987539002631,0.02874888017396148,0.06757593715060214,0.14863149404736287
924069442882,complex,4,0,1.0,0.03796269210471462,0,0,-0.00847402285936947,8.367797305899871e-05,0.01199420708020767,0.03796269210471462
923631467640,complex,0,0,0.0,0.13112127539110102,0,0,0.13112127539110102,0.02510673506319104,0.042036456651879224,0.010374264679823414
92378681522,complex,1,0,0.0,0.11412589889761396,0,0,0.11412589889761396,0.11272244050109392,0.108558212904555,0.10351565166839838
9234983115501,complex,4,1,1.0,0.09343492389644083,0,1,-0.05570207810447456,0.08868535817109191,0.09343492389644083,0.05718677045430633
90000229507,complex,0,0,0.0,0.1180850307869043,1,1,0.1180850307869043,0.03026823468630993,0.02219390464635851,-0.033382621169208024
9240882013554,complex,4,1,1.0,0.09708288955736086,0,1,0.09708288955736086,-0.052101723280157934,-0.03930923150147578,-0.0367964900590258
924063728498,complex,4,1,1.0,0.003326570875655681,0,1,0.003326570875655681,-0.0010922789966030418,0.0018041244013697263,-0.03444796377077707
9232163713395,complex,0,0,4.0,0.11819467174195311,0,0,0.019462475280020437,0.030899339664200748,0.04649439707000982,0.11819467174195311
924030918229,complex,2,1,1.0,0.013532312677042056,0,1,-0.03732733418263688,0.013532312677042056,-0.011984249383063122,-0.08770665687162207
923366426026,complex,0,1,1.0,0.007206517050676188,0,1,-0.005231828105055954,0.005981895381145751,0.007206517050676188,-0.053215094852382766
924027926286,complex,4,0,1.0,0.04383375011542038,0,0,0.02411800207230925,0.04383375011542038,0.03696280498404661,-0.023245399159073477
923455279052,complex,0,0,1.0,0.06371524002314986,0,0,0.06371524002314986,0.03637998763260257,0.04567179154486207,0.015589802720008067
923905216767,complex,0,1,1.0,-0.019201934010055734,0,1,-0.019201934010055734,-0.16587514016390914,-0.24708352756220328,-0.37501273154139236
923553691660,complex,2,1,4.0,0.14490856396368837,0,1,-0.013286023964839761,-0.0035536760403307895,0.029400354411430445,0.14490856396368837
9241530614131,complex,1,1,0.0,0.11916491590893692,0,1,0.11916491590893692,-0.06676505540422054,-0.21958430451007174,-0.22452187855904493
9237622617670,complex,2,1,1.0,0.0038882991485385578,0,1,0.001536790526276234,0.003259128793377069,0.0038882991485385578,-0.03124686168731465
923828853536,complex,4,0,1.0,0.03595454899796672,0,0,0.03595454899796672,0.02006958042691233,0.012074492963381523,-0.09373162233145695
924090311263,complex,2,1,4.0,0.14153954796183693,0,1,-0.021662504338624784,0.004211358987986639,0.03446973081084449,0.14153954796183693
923236512717,complex,0,0,0.0,0.30647092995038777,1,1,0.30647092995038777,-0.03822698088797806,-0.02412201356148245,-0.04302137630392268
923381085164,complex,2,1,1.0,-0.0024306508386290095,0,1,-0.0024306508386290095,-0.007432668965684737,-0.03876286252848468,-0.1623742587175648
92358583186,complex,0,0,1.0,0.0010221551018212392,0,0,0.0010221551018212392,-0.008519433883303815,-0.013606296254169627,-0.01657173718725785
9238598620835,complex,1,0,0.0,0.15315302578752799,0,0,0.15315302578752799,0.019493920158824323,0.04294567354524367,-0.03870925050036793
9237105115916,complex,0,0,1.0,0.04105901949780033,0,0,0.04105901949780033,0.023557914774607086,0.01821001100511973,-0.05021002167491361
92374912716,complex,2,0,0.0,0.10011274223780098,0,0,0.10011274223780098,0.02409650493957746,0.018644059256903264,-0.03618915476416192
9240451020902,complex,0,1,1.0,-0.003326280271679364,0,1,-0.003326280271679364,-0.05645210132637414,-0.09242970828529146,-0.1341044274915864
9241029917646,complex,2,0,0.0,0.26043038364118665,1,1,0.26043038364118665,0.0017286564318252894,0.004836074673906437,0.0036753478797178496
900033142008,complex,3,0,0.0,0.2838202952222288,1,1,0.2838202952222288,-0.01727476401755948,-0.008788880226786602,0.022272973991884035
9235696014951,complex,1,1,1.0,0.0037847681966429424,0,1,0.003108927012375355,0.0037847681966429424,0.0010627882693724153,-0.052460025718002345
923817773093,complex,1,1,1.0,-0.01990844285463838,0,1,-0.01990844285463838,-0.1843766211290468,-0.2794574895366642,-0.4374260890621301
9235504815107,complex,2,1,1.0,0.018903720538761697,0,1,-0.02884480635969695,0.018903720538761697,0.006364286759862458,-0.037366863447849896
924152285431,complex,2,0,1.0,0.04370915022836655,0,0,0.04370915022836655,-0.13148373340932204,-0.20911321455582219,-0.333014538747792
923483963563,complex,2,0,1.0,0.04667709471989567,0,0,0.04667709471989567,0.031904913498258386,0.029272911064340098,-0.00947329664431261
9235320313156,complex,0,1,1.0,-0.009422178438443018,0,1,-0.009422178438443018,-0.0188145648065801,-0.06353707657093391,-0.21622355531149637
923281174623,complex,0,1,1.0,0.01510048792970689,0,1,-0.011978252878193058,0.01510048792970689,-0.0011957207045621837,-0.1244486818353834
9241741817877,complex,2,0,1.0,-0.002407827168122382,0,0,-0.002407827168122382,-0.0024079701392811584,-0.006289425679458702,-0.02524228647246049
9237237718842,complex,1,1,1.0,0.08703269781299591,0,1,0.08703269781299591,-0.07167153783184207,-0.09777762433527057,-0.24230315776802205
9240311612760,complex,0,0,1.0,0.08443731299628707,0,0,-0.009747596539399338,-0.05021539800753462,-0.012169761641629744,0.08443731299628707
92376251813,complex,2,0,1.0,0.0024406672202683145,0,0,0.0024406672202683145,-0.009809227740502312,-0.012384193205096119,-0.02520859726496827
923626568758,complex,2,0,1.0,0.06193492563749706,0,0,0.06193492563749706,0.04634058870759143,0.043273622270533676,0.0006655126338839384
9239757518128,complex,2,0,1.0,-0.028124695959574415,0,0,-0.028124695959574415,-0.09258979510576928,-0.10989572182366501,-0.15549732124232055
92387997915,complex,2,1,1.0,0.02238072055323156,0,1,-0.008268560808956039,0.02238072055323156,0.0021056348262486584,-0.09511391869680437
9236593320540,complex,3,1,1.0,0.01850368624131029,0,1,0.01850368624131029,-0.050782248588449076,-0.10127630566785323,-0.18963136668362424
9239716311710,complex,0,0,0.0,0.30630310092758484,0,0,0.30630310092758484,-0.025141667115758548,0.01375137651860251,0.20004089607344475
923663838746,complex,2,0,4.0,0.19243057106805567,0,0,-0.181959221799989,0.03549635663870297,-0.0621488467435764,0.19243057106805567
9241620921177,complex,2,1,1.0,0.021907490031186052,0,1,-0.012118697729900308,0.021907490031186052,0.0036322015601591255,-0.09784693470549792
9233936921256,complex,2,0,1.0,0.05613715398306798,0,0,-0.014133714794073712,0.01661766627146378,0.030362796577890174,0.05613715398306798
923561238075,complex,3,0,1.0,-0.05091999861797085,0,0,-0.05091999861797085,-0.13524148041828124,-0.12674974615983245,-0.13124064695969392
923642236347,complex,1,0,4.0,0.29569861862369984,0,0,0.08806452337491154,0.08498283317503127,0.2687284926377789,0.29569861862369984
923428716905,complex,2,0,1.0,0.03917530597631265,0,0,0.028115150171909107,0.03917530597631265,0.03498879842439925,-0.010250482299940217
923587507867,complex,1,1,1.0,-0.010138869242826495,0,1,-0.01765447427966503,-0.010138869242826495,-0.03821828829754774,-0.14861892034435797
9235752620409,complex,0,0,0.0,0.25516082051478567,0,0,0.25516082051478567,-0.00042340274094658514,0.0016188940701155827,-0.003268612307430599
9235192815830,complex,2,0,1.0,0.046312423670340316,0,0,0.028248032722140357,0.03401506137419921,0.046312423670340316,-0.019961085394946898
924066962670,complex,2,1,1.0,0.003993634437720606,0,1,0.003993634437720606,-0.003355810668535502,0.0011389751198806648,-0.015037669233642012
923573737714,complex,1,1,1.0,0.09746904355653246,0,1,0.09746904355653246,-0.05822340551051923,-0.13621658138109405,-0.220521322026282
9236760015459,complex,1,1,1.0,-0.025897776183640475,0,1,-0.025897776183640475,-0.24207069288095806,-0.35588493655264347,-0.440598726433855
9240052516817,complex,2,0,1.0,-0.010686347425870702,0,0,-0.010686347425870702,-0.01582845600940278,-0.04476405444796601,-0.10964060711452386
9231789210671,complex,4,1,1.0,0.06314551145478682,0,1,0.06314551145478682,0.02185580371585593,0.03773801661136379,0.055066802663050265
9236147720942,complex,0,0,1.0,0.0992332061542103,0,0,0.011805374946103356,-0.061403832686005785,-0.005134372350873474,0.0992332061542103
9240461013425,complex,3,0,4.0,0.19779914948650223,0,0,0.055345908957252846,0.1033371212743023,0.13274342506447745,0.19779914948650223
9239125913453,complex,1,1,1.0,0.012121355221054276,0,1,-0.0052123655855351725,0.012121355221054276,0.00466000737396613,-0.06970850036028692
9234911017879,complex,3,0,1.0,-0.026074131439245474,0,0,-0.026074131439245474,-0.04574722497543812,-0.03389874152309736,-0.0367420446028173
923414346952,complex,4,1,1.0,-0.013731270691548475,0,1,-0.013731270691548475,-0.15674496330665666,-0.23375518511138385,-0.39489315313596746
923683991078,complex,4,0,0.0,0.33254561062372295,1,1,0.33254561062372295,-0.023525885437726685,-0.02248432356383393,-0.04636048434001207
9237070114919,complex,0,1,1.0,0.09420842932802401,0,1,-0.01751985104262158,0.011484290570303604,0.03332243611574159,0.09420842932802401
9236953512704,complex,1,0,1.0,0.004524947243142969,0,0,-0.0008071837094115221,-0.00016406785570424395,0.004524947243142969,-0.00197205820834849
923276195777,complex,1,0,1.0,0.010663858041660812,0,0,-0.009214444632313495,-0.0160447844544717,-0.016732735752465155,0.010663858041660812
9234527514034,complex,3,0,0.0,0.2578982600887259,0,0,0.2578982600887259,-0.007314107712026811,0.0008387403440517673,0.031047667931154238
923764808604,complex,2,1,1.0,-0.019883747949448548,0,1,-0.03538871939921158,-0.019883747949448548,-0.06934073333512542,-0.18415342072928098
923228751579,complex,2,1,1.0,0.0031995555338017977,0,1,0.0031995555338017977,-0.001934726121112302,0.0019048601959123813,-0.017259793338038967
923904738523,complex,1,0,1.0,0.03909774763041769,0,0,0.03909774763041769,-0.056052200764578036,-0.05280720770956698,-0.07075819605559099
9234260021323,complex,0,1,1.0,-0.00703976229523706,0,1,-0.01505995510424266,-0.00703976229523706,-0.04082146558518433,-0.16590510204782613
923447535864,complex,3,1,1.0,0.01673224964494336,0,1,-0.03268683422853456,0.01673224964494336,0.010424233850191818,-0.0638335755392854
924145412669,complex,2,1,1.0,0.0975904729059432,0,1,-0.04658919720562116,0.0975904729059432,0.09121614048821683,0.030769186818546845
9237743910037,complex,4,1,1.0,-0.004382884640713881,0,1,-0.004382884640713881,-0.20944160799721775,-0.30616899031478406,-0.46436474903698083
9237864416087,complex,0,1,1.0,0.025066921953616636,0,1,-0.0042132352084298524,-0.0030832829208340615,0.00711065233781933,0.025066921953616636
911592914591,complex,0,1,1.0,-0.016773206228777256,0,1,-0.016773206228777256,-0.07700163972614596,-0.1431671337091856,-0.32391916333038107
924121601814,complex,4,0,0.0,0.330456029729451,1,1,0.330456029729451,-0.005892800911893752,0.033229518634100466,0.24517905648252086
923201767290,complex,4,1,1.0,0.07500817560919695,0,1,-0.03785757982857572,0.07500817560919695,0.06471687545524112,-0.004163589372862861
9232165312001,complex,2,1,1.0,0.029057547503498992,0,1,0.029057547503498992,-0.033645314357517525,-0.11784141883458824,-0.23626770403318215
900014873344,complex,2,1,1.0,0.01002607029372652,0,1,0.0034346806563133533,0.01002607029372652,0.0009249810815317693,-0.07646082015444591
9239414612777,complex,1,1,1.0,0.025416962444433918,0,1,0.025416962444433918,-0.08647202937943962,-0.14373177274092866,-0.3044252631601465
923863669430,complex,3,1,1.0,0.00871823593757628,0,1,-0.01689188749498982,0.00871823593757628,-0.01782850029515092,-0.14947851592849187
92397109579,complex,0,1,1.0,-0.002542789247438084,0,1,-0.002542789247438084,-0.01820430091009126,-0.029380638771492384,-0.08690101494936875
9235897617030,complex,1,1,1.0,0.009901285703059644,0,1,-0.004173702225765817,0.009901285703059644,-0.004823588648762464,-0.12210923658898745
9236038620455,complex,2,0,1.0,0.08157676881619658,0,0,0.029944581412613427,0.04552509886718721,0.06346035255052535,0.08157676881619658
923585157504,complex,1,1,1.0,0.09531617940369652,0,1,-0.021176384144826838,0.03303914904218121,0.050886710882275255,0.09531617940369652
924101079985,complex,1,1,4.0,0.10606676115270514,0,1,-0.01783983908485815,0.034532736802858996,0.056367365862217245,0.10606676115270514
9241201311160,complex,4,1,1.0,-0.041656376530190935,0,1,-0.041656376530190935,-0.09086728171232808,-0.1503959917874481,-0.24162984234769053
923526596613,complex,4,0,1.0,0.08297893163368686,0,0,0.08297893163368686,0.034839312679496255,0.03182105227281862,-0.07233666193321324
923606754715,complex,2,1,1.0,0.005662768058664159,0,1,-0.00031131132978388584,0.005547274474452267,0.005662768058664159,-0.028631767828011565
9239594316300,complex,2,0,0.0,0.343309155712848,0,0,0.343309155712848,-0.04042757684302628,-0.03759560846504226,-0.021675961027778398
923698396777,complex,4,1,4.0,0.11974323781390807,0,1,-0.009206167415508539,0.029203663648399977,0.04985646244167738,0.11974323781390807
923626866443,complex,3,0,1.0,0.02048261868691737,0,0,-0.016800311265952224,0.02048261868691737,7.1175132723769186e-06,-0.03560089914867383
9238780919265,complex,2,1,1.0,0.009019626379530573,0,1,-0.05515245077061773,0.009019626379530573,-0.023568370842584233,-0.14463428430163977
90001069321,complex,4,0,1.0,-0.019520889497997372,0,0,-0.019520889497997372,-0.07355210905968432,-0.13654385391290394,-0.28190204264627305
9234087419524,complex,1,1,1.0,0.09340880378782701,0,1,-0.014508023873101135,0.012582046256848771,0.03307213344027944,0.09340880378782701
923206492353,complex,3,0,1.0,0.0894756015631116,0,0,0.0894756015631116,-0.016988433592359686,-0.010823456177407167,-0.0633213403048197
9238259921076,complex,4,1,1.0,-0.013199385496712776,0,1,-0.013199385496712776,-0.20790072633269882,-0.2997334854763569,-0.42652920238361075
9235488918214,complex,1,1,1.0,-0.0132474367351431,0,1,-0.0132474367351431,-0.12469060939384376,-0.13465623751375264,-0.11233347042138518
9240173117694,complex,1,1,1.0,0.03905321406451551,0,1,-0.020115322165631153,0.022463631792070882,0.036216911624070786,0.03905321406451551
9234286410382,complex,4,1,1.0,0.011115855160824226,0,1,-0.013530055237672943,0.0025499167752972528,0.011115855160824226,0.007416380541735351
90003923317,complex,4,0,1.0,0.03171353302567602,0,0,0.03171353302567602,-0.14171784631527345,-0.1571799628709369,-0.10940156128177479
9236785214991,complex,3,0,1.0,-0.017335640401085553,0,0,-0.017335640401085553,-0.020240706085583496,-0.06783402871284971,-0.19127055448923558
923712401512,complex,1,0,4.0,0.18875434199841112,0,0,0.18356132143268372,0.032901497076272226,0.06457635320721901,0.18875434199841112
900011912836,complex,0,1,1.0,-0.003986942112063407,0,1,-0.014444268974390957,-0.003986942112063407,-0.012174754425990059,-0.05760498067061956
9236309620717,complex,4,1,1.0,-0.0008653903720389211,0,1,-0.0008653903720389211,-0.016749484127004596,-0.03661937155045015,-0.1320660501844257
9240693920494,complex,2,0,4.0,0.1435363033885565,0,0,0.13845230721377433,0.07079631226612829,0.06561081080037492,0.1435363033885565
923356241075,complex,0,1,1.0,-0.014821951637928082,0,1,-0.014821951637928082,-0.0949684261638137,-0.16410545908826518,-0.3236007967986506
923989751290,complex,1,0,1.0,0.0009524572834350986,0,0,-0.008951202662167111,-0.02134290126807004,-0.02250604333884271,0.0009524572834350986
923835343281,complex,1,0,0.0,0.12212968775838977,0,0,0.12212968775838977,-0.212247506302983,-0.22845862837514788,-0.35045186565081277
923562059922,complex,2,1,4.0,0.1418833265243586,0,1,-0.04991253572614872,0.09550350777999737,0.12992432731701448,0.1418833265243586
923708306865,complex,4,0,1.0,0.06237298519417614,0,0,0.06237298519417614,0.056378801077862924,0.051326315022666186,-0.022361856058185275
924155216092,complex,0,1,1.0,-0.026210860066129524,0,1,-0.028166533895549604,-0.026210860066129524,-0.06873122457993605,-0.21176318862449153
9232974610355,complex,1,1,4.0,0.14777544728034117,0,1,-0.017782127394895028,9.473597521971258e-05,0.02486361636129308,0.14777544728034117
9240971010719,complex,3,0,1.0,-0.006756055517549642,0,0,-0.006756055517549642,-0.13606660716763572,-0.1476084850965655,-0.17919424526544142
923625039600,complex,1,1,1.0,0.07588204149352448,0,1,-0.01200668768342144,0.07588204149352448,0.06946177738408262,0.035669575642578666
923610492740,complex,4,1,4.0,0.15888977738837512,0,1,-0.013352336118993918,0.007964534076139874,0.03863252227101183,0.15888977738837512
923960401425,complex,4,0,0.0,0.2718957499977591,0,0,0.2718957499977591,0.0026232658037775303,0.003092896221249055,-0.06205379699815629
923542968801,complex,0,1,1.0,-0.007747597764176314,0,1,-0.007747597764176314,-0.011862698646408446,-0.015130963441806679,-0.013643889589198488
923466787116,complex,2,1,1.0,0.00789594050278225,0,1,-0.015062911799454692,0.00789594050278225,-0.01147948101345687,-0.0901047431005722
923906285904,complex,1,1,1.0,-0.0024474437345067927,0,1,-0.0024474437345067927,-0.19702433629256305,-0.2976309951746665,-0.46029482499757624
923636423533,complex,1,0,0.0,0.11148081894107682,0,0,0.11148081894107682,0.047676422792025955,0.04886179701134889,-0.003625015999494788
924021521090,complex,1,1,4.0,0.12048264129581993,0,1,-0.019121645143958338,0.011900469575829253,0.032647213502471434,0.12048264129581993
900030294232,complex,0,1,1.0,-0.016991995967049266,0,1,-0.016991995967049266,-0.21492351577777496,-0.3080530952740253,-0.4799472246640828
9239148818642,complex,2,1,1.0,0.033469206703448315,0,1,-0.032642886314505445,0.033469206703448315,0.03308757175069231,-0.008373637208181683
923424088290,complex,4,1,4.0,0.12529479238432945,0,1,-0.01784818748770508,0.061566635145332775,0.056548292397719344,0.12529479238432945
9233476714402,complex,1,1,1.0,-0.014936105202450239,0,1,-0.02254199025326739,-0.014936105202450239,-0.05247166687298617,-0.17901550234186803
9235447319560,complex,4,0,4.0,0.20782299445683944,0,0,0.1666027765916575,0.07411537095289772,0.10529271271628611,0.20782299445683944
923775842562,complex,1,0,1.0,-0.01810418212973789,0,0,-0.01810418212973789,-0.09265520018922344,-0.15651473873359376,-0.3025011613036825
9240132213909,complex,4,1,1.0,-0.023642264635857023,0,1,-0.023642264635857023,-0.03516330937931901,-0.08127932798626332,-0.19487503937888773
9234537810482,complex,4,0,1.0,0.016038959445781244,0,0,-0.01305420710301338,0.016038959445781244,-0.004392473115713644,-0.09883476516553702
923191514346,complex,4,1,1.0,0.006783585631378351,0,1,-0.017242710617113223,-0.0037733283767277317,0.006783585631378351,-0.004188646764900078
923509232887,complex,4,1,1.0,-0.011614062556565517,0,1,-0.011614062556565517,-0.13306960163896558,-0.21404687555081559,-0.3799786478024123
923993242949,complex,1,1,1.0,-0.008205177257461033,0,1,-0.008205177257461033,-0.16145748267656485,-0.21344563541768288,-0.18129615479237537
923646282625,complex,0,1,1.0,-0.017013517691479,0,1,-0.017013517691479,-0.08056031516369577,-0.14066114496881515,-0.2601740776614878
923970947265,complex,3,1,4.0,0.11940082051656387,0,1,-0.01825961202955817,0.03240083780673961,0.05933227926086792,0.11940082051656387
923599648167,complex,0,1,1.0,0.011685932746780595,0,1,-0.007482008060403032,0.011685932746780595,0.005929516361167165,-0.061215310252330485
923851748462,complex,2,1,1.0,0.016921244264112286,0,1,-0.028343204073651918,0.016921244264112286,-0.01555876090456464,-0.1325118539475629
924176855693,complex,3,1,1.0,0.036018358754336,0,1,-0.01986984383531927,0.036018358754336,0.016328886218208737,-0.07956650125429893
9238035213417,complex,4,0,0.0,0.24697204955850824,0,0,0.24697204955850824,0.029548392664607064,0.059154521385987896,0.21492386876165892
9116020715372,complex,0,1,1.0,0.0017680994792923718,0,1,0.0017680994792923718,-0.2574818750609501,-0.3612977683989464,-0.5451306322648336
9241372215379,complex,1,0,0.0,0.35559449279058286,1,1,0.35559449279058286,-0.057800811921973935,-0.04795381990621718,0.03696751939236506
9231696414473,complex,1,1,1.0,0.07776106929200771,0,1,-0.019912667270743853,0.02412722362664223,0.04094427273880018,0.07776106929200771
9233262711363,complex,4,1,1.0,0.000368262550849513,0,1,0.000368262550849513,-0.27210305051574724,-0.376936462259804,-0.5039098797828563
9235257016297,complex,1,0,1.0,0.09308339567804352,0,0,0.0632341841428321,-0.05139486519133525,0.013396051126729754,0.09308339567804352
9238649014321,complex,4,1,1.0,-0.06732042531907881,0,1,-0.06732042531907881,-0.11996217255194849,-0.14043871275104713,-0.18956491069070042
9236585419959,complex,1,1,1.0,0.09822415601481466,0,1,-0.016405022366352072,0.01981641012675919,0.041128140515694814,0.09822415601481466
923474248892,complex,4,1,1.0,0.06678356219500839,0,1,0.06678356219500839,0.044990802165378256,0.03469141758287997,-0.009091316525091903
92372856117,complex,2,1,1.0,-0.01134295040702946,0,1,-0.01134295040702946,-0.06375064505086513,-0.13768576766488116,-0.31197975058624494
923659836911,complex,4,0,1.0,0.033898465970526606,0,0,0.003465548952223927,0.033898465970526606,0.01825360092151498,-0.06986308628343832
9235602711684,complex,1,1,1.0,-0.017300606061257367,0,1,-0.01942817703717814,-0.017300606061257367,-0.05658929315941042,-0.20243215455439983
9231701514824,complex,3,0,0.0,0.16010560489856124,0,0,0.16010560489856124,0.024523589019327996,0.027291685420213152,0.02103459510821347
9241524938,complex,0,0,4.0,0.10850605331373817,0,0,0.0494289750566701,0.04601576763495528,0.05875428198343766,0.10850605331373817
923802951268,complex,0,0,4.0,0.10809369958600148,0,0,0.05900187568888572,0.055161670148853426,0.0678682566531135,0.10809369958600148
923165728265,complex,2,0,4.0,0.2394858922386675,0,0,0.09924934369120911,0.06755462309109937,0.1144752556250442,0.2394858922386675
9236561413491,complex,1,1,1.0,-0.022842854993974614,0,1,-0.022842854993974614,-0.024366492185831975,-0.07236245113321271,-0.2253426518914468
923638601824,complex,2,1,1.0,0.006249968589993785,0,1,0.006249968589993785,-0.0033526907965081808,0.0007567245005635458,-0.019641662988745888
923326813513,complex,1,1,1.0,0.03918707312553478,0,1,-0.025258311698444134,0.03304195113579593,0.03918707312553478,-0.034103184947218645
9241466111473,complex,2,1,1.0,0.0047638480626339096,0,1,-0.023190598852982,0.0047638480626339096,-0.022014277212013086,-0.10879088271900855
923174202690,complex,4,0,4.0,0.11308720425269174,0,0,0.060451539735552735,-0.04094179965553058,-0.005099848843181969,0.11308720425269174
9236073916710,complex,0,1,1.0,0.003854187076910605,0,1,-0.0008623454430643322,-0.0028889084218297056,0.003854187076910605,-0.008191049907522764
9235613918793,complex,1,1,1.0,0.020732814763586696,0,1,-0.0038461268472448906,-0.0008868850987715608,0.005800204346843068,0.020732814763586696
9235188317394,complex,2,0,1.0,0.07067197462039054,0,0,0.07067197462039054,0.03100977082621183,0.03336591419984765,0.026337535838078505
924032278676,complex,3,0,1.0,0.0005439256015415776,0,0,0.0005439256015415776,-0.06618429907903771,-0.07426468747793538,-0.15832901150577755
923685336359,complex,0,1,1.0,0.007133801636031306,0,1,-0.013014485768543704,0.007133801636031306,0.00390317514199608,-0.012199039350852897
9239124615659,complex,4,1,1.0,0.011842698899214174,0,1,-0.015720110770718575,-0.0048380866769114975,0.007629240827537808,0.011842698899214174
9238531815609,complex,3,1,1.0,0.05381918667109018,0,1,0.05381918667109018,-0.0057943824679490726,-0.029685545037044302,-0.15167128358755877
9240292817951,complex,1,0,4.0,0.19123110249130215,0,0,0.16796587443750866,0.03478001647542679,0.06756491660131039,0.19123110249130215
923670958511,complex,4,0,0.0,0.1508826014446441,0,0,0.1508826014446441,0.025215472673667173,0.02531687740814754,-0.021837364203138712
9237347713883,complex,0,1,1.0,0.04314718350844414,0,1,-0.03271160640911282,0.04314718350844414,0.031353021237364206,-0.04873497987517919
9234907520865,complex,2,1,1.0,-0.005294055980726058,0,1,-0.005294055980726058,-0.043126281448518,-0.10306938105527703,-0.2648326038397464
9237575316933,complex,1,1,1.0,0.004885390546670646,0,1,-0.0029403384462094,0.0007804055809616413,0.004885390546670646,0.004702239245507306
923797347019,complex,4,0,1.0,0.05952867382563285,0,0,0.05952867382563285,0.002346599340291043,0.01095393983117236,-0.06876750316553626
9237097116623,complex,2,1,1.0,0.011069134374767559,0,1,0.0002557087145929719,-0.005375549870287367,0.003578163563538104,0.011069134374767559
9234096418888,complex,3,1,1.0,-0.06030382643679527,0,1,-0.06030382643679527,-0.12650811714819296,-0.09302753288658883,-0.2869605751038494
9239964221159,complex,4,1,1.0,-0.035286281759218996,0,1,-0.035286281759218996,-0.14166462813227107,-0.21234201053481383,-0.28905892006072864
923656591759,complex,2,1,1.0,0.06911998129242733,0,1,-0.0211461670946184,0.06911998129242733,0.051091423648507314,-0.048382329922057266
9241448111543,complex,1,0,1.0,-0.02043267981448564,0,0,-0.02043267981448564,-0.17424310981824262,-0.24000946181241758,-0.32623441830832756
9234181511740,complex,4,0,0.0,0.1182447391815643,0,0,0.1182447391815643,0.07678545510074802,0.07492319037964426,-0.0003952456922283326
9232199712905,complex,0,0,1.0,0.04522039621762196,0,0,0.04522039621762196,0.019813053050148688,0.012244046626806684,-0.003518607232905202
9235506318417,complex,4,0,1.0,0.04401688342537618,0,0,-0.02065587071510199,0.04401688342537618,0.0319533517442559,-0.07729180074103385
923424067770,complex,4,1,0.0,0.22575469813489565,0,1,0.22575469813489565,-0.01141049084118178,0.01733795274934732,0.02330739238329005
9240335316994,complex,2,1,1.0,0.01066904199083284,0,1,0.01066904199083284,0.0028096051401914103,-0.002287281691860401,-0.06896678343510396
9232612118414,complex,4,0,0.0,0.3434310648876451,1,1,0.3434310648876451,-0.03767582355852818,-0.02469142992303948,0.01987746037456009
9234411014109,complex,4,1,1.0,0.0042431542157221475,0,1,0.0042431542157221475,0.0035404810817297357,-0.008117852014535031,-0.12428179902328247
9237175413874,complex,4,1,0.0,0.35952316684074614,-1,0,0.35952316684074614,-0.04039988029018291,-0.02873867683444897,0.03462494042582609
924061408467,complex,4,0,0.0,0.24275991248141443,0,0,0.24275991248141443,-0.003556769866659794,0.018721393301655818,-0.032099981456720134
911600131551,complex,2,1,1.0,0.014553864972961867,0,1,0.0065694808997593356,0.014553864972961867,0.006630732370784657,-0.10435903415065689
9235443817162,complex,3,1,1.0,0.04156586122082138,0,1,-0.014066278782851285,0.034914335599196954,0.04156586122082138,0.017178805265599784
9240543010135,complex,1,1,1.0,0.000985982501161279,0,1,0.000985982501161279,-0.024389368519624418,-0.037999836026913786,-0.10063794372536751
9237449720221,complex,0,0,1.0,0.04669737245625494,0,0,-0.0020734689947049176,-0.0061663985537837515,0.005938564374315898,0.04669737245625494
9239798814477,complex,0,0,1.0,0.06729899050705199,0,0,0.04588247653558167,0.04639549070033065,0.06729899050705199,0.03303044830372864
9240673320296,complex,4,0,1.0,-0.004389543651293567,0,0,-0.0479424703864249,-0.004389543651293567,-0.036586473380374684,-0.14129581368040423
923759222623,complex,4,1,1.0,0.024006832345734128,0,1,0.00023227753369384208,0.000863461923353584,0.009399645682008285,0.024006832345734128
924096886737,complex,0,0,1.0,0.062449088936089664,0,0,-0.0541611123356026,0.01024819905597528,0.022784696080403982,0.062449088936089664
9239251414190,complex,0,0,4.0,0.14132423574897338,0,0,0.07492769576355496,0.05429826404020971,0.07229865814162215,0.14132423574897338
9235259011022,complex,3,1,1.0,-0.00277538495636042,0,1,-0.00277538495636042,-0.012275819305838173,-0.024168836666554495,-0.08626535940721752
923255793248,complex,1,1,1.0,0.09564975281634225,0,1,-0.015241340270517448,0.011027718679794032,0.03126991486201168,0.09564975281634225
924028391232,complex,4,0,1.0,0.02610160679634187,0,0,0.02610160679634187,-0.0039017036218312803,-0.01566450994706209,-0.12650738967226083
9231552912979,complex,1,1,1.0,0.017271264609424974,0,1,-0.015018781306320478,0.017271264609424974,0.012224911212592029,-0.029388958198869455
923314151695,complex,2,1,1.0,-0.03963848591683872,0,1,-0.03963848591683872,-0.145171076484331,-0.20976825827338313,-0.2936317011579276
92320787567,complex,4,0,1.0,0.024830056622765693,0,0,0.024830056622765693,0.023195667476954118,0.01758850131451409,0.01472168845526299
923314534077,complex,1,1,1.0,-0.014493559762348812,0,1,-0.014493559762348812,-0.023400474305878927,-0.06497031699417581,-0.22361486124476065
923688869365,complex,3,0,0.0,0.321278417770742,0,0,0.321278417770742,-0.04164364814411491,-0.026721747417600306,0.06131206300673206
923207022537,complex,2,1,1.0,0.003334526334362667,0,1,-0.008152978110859996,-0.03208070374302485,-0.028935371256588117,0.003334526334362667
923697596252,complex,4,1,1.0,0.004581104656105339,0,1,-0.015260299172575688,-0.06537948235835075,-0.036400589172823725,0.004581104656105339
9232140312288,complex,2,0,1.0,0.08649078101300371,0,0,-0.07699968367013371,0.056233143745673814,0.08649078101300371,0.07942163296267335
924115517587,complex,3,0,0.0,0.14866399954527254,0,0,0.14866399954527254,0.041451210024806506,0.04448222672628326,-0.008073736092790426
923649124563,complex,3,1,1.0,-0.0075407134517451735,0,1,-0.0075407134517451735,-0.12933553184161964,-0.23317318700335438,-0.4135095604533549
9239858717212,complex,1,0,4.0,0.14779138943456424,0,0,0.11135608752247995,0.05906053137608519,0.08511356471887768,0.14779138943456424
9241189018195,complex,2,0,1.0,0.06102863281750896,0,0,0.06102863281750896,0.055182448457787844,0.05323369167164296,-0.021164927243347648
923636726668,complex,1,0,1.0,0.052274213214885665,0,0,-0.006993402878385138,0.051196707247588874,0.052274213214885665,-0.0331436887907085
9236251117750,complex,1,1,1.0,0.011655351766240826,0,1,-0.008425364466558751,0.011655351766240826,-0.007668000174210963,-0.12816683464121656
923190027736,complex,0,0,1.0,-0.02868408355174795,0,0,-0.02868408355174795,-0.10768164429464694,-0.12432204248830567,-0.16970144071974144
923693305191,complex,3,1,0.0,0.1330620031623671,-1,0,0.1330620031623671,0.01884952705185817,0.018246194986035413,-0.04687474233613509
923652426886,complex,3,0,1.0,-0.004874817384616346,0,0,-0.004874817384616346,-0.043304686650215814,-0.10509261110593063,-0.2411068105273111
9238403616483,complex,4,0,0.0,0.10583709504547154,0,0,0.10583709504547154,0.0392684395529968,0.033605356908671696,0.02811751033130115
9239261820187,complex,0,1,1.0,0.004980221360993877,0,1,-0.0017487243198117501,0.004532756223568878,0.004980221360993877,-0.05834218747584929
911600747097,complex,2,0,1.0,0.0338954144726514,0,0,-0.014908253689237278,0.0338954144726514,0.017002393363912436,-0.07810943700690237
923704566651,complex,0,1,4.0,0.11799664228208293,0,1,-0.020081343021979798,0.007923830546647817,0.033447291630097804,0.11799664228208293
923695578652,complex,1,1,1.0,0.003610708715024495,0,1,0.003610708715024495,-9.374873007751347e-05,0.002649638344190103,-0.030698375122661353
9234185110065,complex,3,1,1.0,0.013688528415673515,0,1,-0.012587970907407986,0.0027473011305489316,0.009938379008099775,0.013688528415673515
9240493117798,complex,2,0,1.0,0.007634794616133641,0,0,-0.006060452892416829,0.004202253742675525,0.007634794616133641,-0.007612892238936686
9239918418593,complex,0,1,1.0,0.0037373968249876655,0,1,0.0007394055714758964,-0.00018336857668339174,0.0037373968249876655,-0.025697453335364877
9239267919998,complex,3,1,4.0,0.10244177621998429,0,1,-0.03344070856660987,0.04163407160251727,0.055132183357862234,0.10244177621998429
9240110618688,complex,1,1,1.0,0.07185119735127561,0,1,-0.032852404525902726,0.055015997255774926,0.07185119735127561,-0.012070509215138081
923897902862,complex,3,0,1.0,0.05923279037372493,0,0,-0.003811051280916515,0.05923279037372493,0.032540850094068555,0.0035440001274208294
9233444319469,complex,0,0,4.0,0.18666810425818156,0,0,0.18001461430019908,0.03467399374878754,0.06365261879248701,0.18666810425818156
9235942418815,complex,0,1,1.0,0.00834553659693412,0,1,-0.004241843356769404,0.007440583648800191,0.00834553659693412,-0.02103316806436141
9241270810183,complex,0,0,1.0,0.04498425374355411,0,0,0.04498425374355411,0.023864839868701263,0.018038833338207487,0.004817971171418911
9235966020981,complex,3,1,1.0,0.010742043383116058,0,1,-0.01119852797812286,0.010742043383116058,-0.005615927032966345,-0.08032265844266735
9240127815763,complex,2,0,0.0,0.2569132706436087,1,1,0.2569132706436087,0.006458010823361209,0.003884937837959828,-0.04483349171985754
924029013157,complex,4,0,1.0,-0.007963449067752343,0,0,-0.04433700018786598,-0.1425562056542899,-0.09677884745019161,-0.007963449067752343
92331328123,complex,0,0,0.0,0.19045767685525236,0,0,0.19045767685525236,0.024770603985821656,0.044454242380118046,0.025745227593213627
907132124230,complex,2,1,1.0,0.000991186459921925,0,1,0.000991186459921925,-0.010120876309259386,-0.04261764247160014,-0.17067124438594494
923274063439,complex,1,1,1.0,0.03380753935458783,0,1,-0.038481448854594244,0.03380753935458783,0.017469459075210452,-0.08020601168040059
924052003875,complex,1,0,0.0,0.16019944800232194,0,0,0.16019944800232194,0.02748574390334937,0.032386347226429815,0.007468577697621201
9240559821320,complex,2,0,1.0,0.02276605265011783,0,0,0.01596627327491107,0.01624849044901745,0.01836494423711262,0.02276605265011783
9238405510582,complex,4,1,1.0,-0.011967303954862597,0,1,-0.011967303954862597,-0.18501661673145453,-0.2749204972270337,-0.4346742681839132
9239590612110,complex,2,1,1.0,0.03492403327002122,0,1,-0.02973435136709807,0.03492403327002122,0.022046902027186708,-0.04323376724374434
9240818320491,complex,0,0,1.0,0.020469716132117483,0,0,-0.019344835016785907,0.020469716132117483,0.006062498131607828,-0.043592674864442155
9237470412184,complex,1,0,1.0,-0.1276508637089383,0,0,-0.1276508637089383,-0.29865736076806104,-0.37256883102749233,-0.41675428360948497
923609118924,complex,3,0,4.0,0.14950955566783503,0,0,0.09355897247907591,0.056492501555135674,0.07762907619771525,0.14950955566783503
92410032886,complex,0,0,1.0,-0.005724705616500195,0,0,-0.005724705616500195,-0.0147901061025544,-0.020807536476394037,-0.03998646414916556
923552614705,complex,1,0,0.0,0.11088659308009464,1,1,0.11088659308009464,0.013978689043343522,0.027446915327630547,0.0020875892819727238
923768028836,complex,2,1,1.0,0.009719191143310171,0,1,-0.0023952052268108905,0.009719191143310171,0.005511999863395182,-0.04795288478817795
924012081323,complex,1,0,0.0,0.32559087331138636,1,1,0.32559087331138636,-0.04299355688524238,-0.0321584246567231,0.05164290792186263
923458609279,complex,0,0,0.0,0.2816020400017816,1,1,0.2816020400017816,-0.0211614806481681,-0.01225601028490126,0.028582514427657565
923642971931,complex,4,1,1.0,0.028244125044237206,0,1,-0.0035120037269439283,-0.000652148281618338,0.009499272372857647,0.028244125044237206
9233894415497,complex,0,0,1.0,0.018811542231474743,0,0,-0.021774376716303997,0.018811542231474743,0.01651825104331934,-0.025072440574809708
9238445020267,complex,4,0,1.0,0.09654246712520106,0,0,0.09654246712520106,0.04475507734369689,0.03719231568242447,-0.002603209850173163
92323349562,complex,3,1,1.0,0.04129527373295322,0,1,-0.012536591655027025,0.04129527373295322,0.01581745733405806,-0.04787860826424356
923741141714,complex,1,0,0.0,0.3051434854916481,0,0,0.3051434854916481,-0.020735181786026475,-0.020191291201666742,-0.0544156648465252
9233926513380,complex,4,1,1.0,0.02974651409377921,0,1,-0.03780383678072088,0.02974651409377921,0.006842878300353853,-0.007161234794206703
923382467238,complex,0,1,1.0,0.011787997434594126,0,1,-0.009166661413658062,0.011787997434594126,-0.009059486697961375,-0.13875583808386685
923379656876,complex,1,0,0.0,0.2941255761122084,1,1,0.2941255761122084,-0.018129411718508254,-0.012926066070444543,-0.003943285018134221
923438478762,complex,3,1,4.0,0.10331760485118296,0,1,-0.02990467748915602,0.019995935105430268,0.04451720713947185,0.10331760485118296
9238221721026,complex,3,0,1.0,0.04190526387544284,0,0,0.041105680072639525,0.02004731965470357,0.02183955167753434,0.04190526387544284
9231683312942,complex,3,0,1.0,0.04485531486688964,0,0,0.011325463240784029,-0.05239929487115309,0.009913610301110529,0.04485531486688964
9236791913215,complex,4,1,1.0,0.0020962466350935155,0,1,-0.03108335240239065,0.0020962466350935155,-0.014665330629277624,-0.07018906149117247
9239871613537,complex,0,0,1.0,0.047505239704065824,0,0,0.018663665260349904,0.047505239704065824,0.03847930663957746,0.03147845443100701
923955842336,complex,3,0,1.0,0.0060852415441136395,0,0,-0.003798432004293431,0.0060852415441136395,0.0026631508466175707,-0.06270980705302656
9237375421049,complex,4,0,1.0,0.037216632878724384,0,0,0.00604072504521648,0.01717113260809973,0.017881926015074438,0.037216632878724384
923534999785,complex,2,0,1.0,0.059172012264369855,0,0,0.015239535793291514,0.0468736556987073,0.059172012264369855,0.022208710947007784
9234844812547,complex,2,0,1.0,-0.0958583289733617,0,0,-0.0958583289733617,-0.20477460452307003,-0.24120554546847206,-0.30382561935719066
9234870416035,complex,4,1,1.0,0.004014283353379101,0,1,0.004014283353379101,-0.004672520291958873,-0.002690463738465921,-0.05704114866640923
9235417410474,complex,0,0,1.0,0.008661113739693277,0,0,-0.018784846138226615,-0.06706444040094475,-0.021125150855090515,0.008661113739693277
9236056112247,complex,2,1,1.0,0.012770518503163884,0,1,-0.020014576565691954,0.012770518503163884,0.0032809417687258667,-0.06511226274824983
923342312037,complex,0,0,1.0,0.001191545937630368,0,0,0.001191545937630368,-0.11026258468485152,-0.12850953133332813,-0.21401933454677524
9241218415466,complex,4,1,1.0,-0.001411661338893054,0,1,-0.010134549724505094,-0.001411661338893054,-0.032354601919449444,-0.16953913381209312
923199385957,complex,1,1,1.0,0.009793662564613823,0,1,-0.001623343032606358,0.009793662564613823,0.004628360080224506,-0.05299282144063308
9238631614714,complex,0,1,1.0,-0.02295914923465092,0,1,-0.02295914923465092,-0.15802909337391163,-0.23791323318406604,-0.3666193900188428
923685692497,complex,2,1,1.0,-0.00743492741564759,0,1,-0.00743492741564759,-0.01856246362456006,-0.022709357419319832,-0.03151228207930883
9233991915341,complex,4,0,1.0,0.07633435678429489,0,0,-0.010653196434501098,0.031045084842771777,0.043152671877248694,0.07633435678429489
923713475918,complex,4,0,0.0,0.24943524007110118,1,1,0.24943524007110118,0.013790313950921083,0.012354482986702945,-0.06423218110730337
9235463516658,complex,0,0,1.0,0.005338536928470968,0,0,-0.009589354304904051,0.005338536928470968,-0.012179888250029846,-0.08640780487729358
9240710910436,complex,0,0,1.0,-0.001283092430096968,0,0,-0.011343071679820124,-0.001283092430096968,-0.029990747016277512,-0.12885993485264494
924085298927,complex,2,1,1.0,-0.006167015539097688,0,1,-0.015083328726919535,-0.006167015539097688,-0.042934534123431775,-0.16694278146747898
9239669115679,complex,2,0,0.0,0.2881046987889473,0,0,0.2881046987889473,-0.008376309558210771,0.030683137336816452,0.18277821958544072
9241256418986,complex,2,1,1.0,-0.005288593901474261,0,1,-0.005288593901474261,-0.05765818338574122,-0.11840889939001789,-0.26401304154917493
924022139754,complex,4,1,1.0,0.0834598214151382,0,1,-0.027999690617353155,0.05841992060746793,0.07149337442256452,0.0834598214151382
9233269515893,complex,1,0,1.0,-0.022788781229865468,0,0,-0.022788781229865468,-0.07887389085371706,-0.11792111630546565,-0.1624300749560449
923344204905,complex,3,0,0.0,0.2863029740615669,1,1,0.2863029740615669,-0.024906404758551645,-0.012937464592932622,0.04562397327510612
923953906508,complex,4,0,1.0,0.05840392182809468,0,0,0.05840392182809468,0.035778046146188645,0.03151244175728095,0.04564057729096184
923572431155,complex,3,0,0.0,0.2091122950733189,1,1,0.2091122950733189,0.042570864062240046,0.049334785189995324,0.006405231706384781
92349962515,complex,2,0,1.0,0.05228212892000911,0,0,-0.011189941540299089,0.0016521142874668208,0.016074278621305827,0.05228212892000911
923280136482,complex,2,0,1.0,-0.0045804770989736655,0,0,-0.0045804770989736655,-0.017192573036518322,-0.02512617043113011,-0.054598032667835306
907138624479,complex,3,1,1.0,-0.00902278646526571,0,1,-0.00902278646526571,-0.16072158043081156,-0.27351294410280425,-0.4091324917001861
9234467811747,complex,2,0,1.0,-0.029312194919504844,0,0,-0.029312194919504844,-0.05986018884255538,-0.0638644625664715,-0.11007998954822862
9240854717315,complex,1,1,1.0,-0.019551036085151872,0,1,-0.019551036085151872,-0.05035657953261703,-0.08699576141627263,-0.19291775172449577
923932863039,complex,1,0,1.0,-0.009968998011127175,0,0,-0.009968998011127175,-0.08991000870881213,-0.13456283061443317,-0.23377317796640948
9232721620410,complex,4,0,1.0,-0.018893352921990146,0,0,-0.018893352921990146,-0.02757304230599065,-0.046637054340772074,-0.13902250258957022
924076757132,complex,2,0,1.0,-0.048213370638346034,0,0,-0.048213370638346034,-0.08911192730729113,-0.1463234845885816,-0.16447725654361234
923571536395,complex,1,0,2.0,0.11314414859865246,0,0,0.024933335730194135,0.05846269768187495,0.11314414859865246,0.06441570544749284
9235663219568,complex,0,1,1.0,-0.043343561066782194,0,1,-0.043343561066782194,-0.13726173821046783,-0.19777367469495702,-0.3673902267300413
9237590512424,complex,1,1,1.0,-0.04019781018911385,0,1,-0.04019781018911385,-0.09805492540569612,-0.1473069932338914,-0.28691688903143897
923238913644,complex,1,1,1.0,0.003077051195536945,0,1,0.0011917034021588224,-0.004250772902122672,0.0026136975224752487,0.003077051195536945
9241146614112,complex,1,1,1.0,0.001981922004764259,0,1,0.0016441407603590974,-0.002112574606340307,0.001981922004764259,-0.011849985033622806
9238770413675,complex,4,1,1.0,-0.04981710483472763,0,1,-0.04981710483472763,-0.11886017767996729,-0.09100376072394213,-0.18320013250788247
923205016945,complex,1,1,1.0,0.02170140891943109,0,1,-0.014336550197138545,0.02170140891943109,0.009551243349327377,-0.07104975142453147
915924344924,complex,1,1,1.0,-0.005003184172509556,0,1,-0.005003184172509556,-0.018698910313243538,-0.02880675953269905,-0.06798833777784731
9234162814908,complex,2,0,0.0,0.11549235524916525,0,0,0.11549235524916525,0.07256066078298525,0.06957264927498116,0.006860362635335557
9237433020299,complex,1,1,1.0,-0.03072925053535709,0,1,-0.03072925053535709,-0.09068166338122646,-0.0822202921225071,-0.2065430110638531
923387111961,complex,2,0,1.0,-0.0018107012918263145,0,0,-0.0018107012918263145,-0.011135408855888162,-0.01678998058446669,-0.04380041759178155
923193197912,complex,3,0,0.0,0.2040854464901778,0,0,0.2040854464901778,-0.0012557080957490124,0.03600049327947746,0.2030830327174531
9240992914225,complex,3,0,1.0,0.01059765015637825,0,0,-0.014702148206620178,0.006220222446566425,0.01059765015637825,-0.00688235128067434
923655368722,complex,4,0,1.0,0.05536636958024485,0,0,0.049696353326879536,0.018981569217340434,0.05536636958024485,-0.0008401734965900881
9237010420163,complex,2,1,1.0,-0.006052749206766846,0,1,-0.006052749206766846,-0.12203943394915699,-0.20766879618187267,-0.3554379140809825
9234422612816,complex,1,1,1.0,-0.02217550412424347,0,1,-0.02217550412424347,-0.19003164235068082,-0.28745463962184464,-0.4603647732149191
923658275912,complex,2,0,1.0,0.060518767239159485,0,0,-0.0788863411491713,0.03371670022351933,0.060518767239159485,-0.008825813054158471
9238930418914,complex,3,0,1.0,0.03631671584940033,0,0,-0.02258497921308869,0.03631671584940033,0.016782599063807885,-0.0648568310086147
9233799920044,complex,3,1,1.0,0.014738615326159702,0,1,-0.02588609947537577,0.014738615326159702,0.013819760590339188,0.00010649589112510238
924000201472,complex,1,0,0.0,0.2337678951273286,1,1,0.2337678951273286,0.010674213284804963,0.013660673848745478,-0.020034923084946754
923514345309,complex,4,0,1.0,-0.052102895694235186,0,0,-0.052102895694235186,-0.22399459323080864,-0.2858668829216398,-0.34712058584543115
924004457563,complex,2,1,1.0,-0.026769995038332103,0,1,-0.026769995038332103,-0.08077339359175906,-0.14876431672451304,-0.2545990085171476
9238338411251,complex,4,1,1.0,0.0632676243331798,0,1,0.0632676243331798,0.016589808997445006,0.014063973305793603,-0.056459801399827834
923834193727,complex,2,0,0.0,0.21281672556093856,0,0,0.21281672556093856,-0.011501875590233763,0.027017554480017827,0.16426508839447407
923961785860,complex,1,1,1.0,0.02101364093614821,0,1,0.005959454599973116,0.02101364093614821,0.014357672349404913,-0.05717119188982128
923702329610,complex,2,1,1.0,0.017157167917971963,0,1,-0.0017439944375989384,-0.007388015244464016,-0.0038600260775778945,0.017157167917971963
9234641618148,complex,3,0,1.0,0.025624850815800564,0,0,0.025624850815800564,0.010846328484479919,0.009166512496802726,0.0060068864649590326
9238625017999,complex,2,1,1.0,0.04954723016618663,0,1,-0.013462898432816884,0.030744697289431074,0.04954723016618663,0.04321427077452383
9237660517763,complex,1,0,1.0,0.07794190337157614,0,0,0.038526235477437776,0.036477572960871785,0.05636021770085192,0.07794190337157614
9240092419712,complex,4,0,1.0,0.037721621350597215,0,0,-0.009292916203607872,0.011872172248255597,0.021074684171162584,0.037721621350597215
91592496356,complex,4,1,1.0,-0.0028043422335372707,0,1,-0.026823381103180277,-0.0028043422335372707,-0.03083613898234057,-0.1157108589791626
924039123437,complex,4,1,4.0,0.1073687633289528,0,1,-0.039949483348558114,0.07174839821848003,0.0809928109549538,0.1073687633289528
923424395680,complex,0,0,4.0,0.12472493679430904,0,0,0.029701298939927352,0.02963355375888034,0.044914400599333236,0.12472493679430904
9236412419428,complex,2,1,1.0,0.052394998088947375,0,1,-0.003489148374826643,0.009190875827508532,0.024962371514650843,0.052394998088947375
9237819515176,complex,4,0,0.0,0.11940420591371637,0,0,0.11940420591371637,0.05151807564148599,0.05567331337356711,-0.007821434378119732
9240912915749,complex,4,1,1.0,0.04925865387463581,0,1,-0.002182379453906265,0.03432481890169011,0.04041786600599612,0.04925865387463581
9236220913102,complex,4,0,4.0,0.18275649956113693,0,0,0.11814717705249048,0.10251811548086706,0.134002782419452,0.18275649956113693
923685769193,complex,3,0,1.0,0.00965557256488288,0,0,0.009619458856587732,0.00965557256488288,0.0038219557944433463,-0.040714235789167226
923531997276,complex,1,0,1.0,0.021812518061049856,0,0,0.021812518061049856,-0.004617522720858778,-0.003863514366312621,-0.07797984452871064
9236127716726,complex,0,1,1.0,0.008399758994162634,0,1,-0.004229939535798217,-0.001688329370306052,0.006800161144548109,0.008399758994162634
9237726818742,complex,2,0,1.0,0.008300615325051535,0,0,-0.013307954532646705,0.008300615325051535,-0.01503200623334369,-0.10707219616414042
923659437173,complex,2,0,1.0,-0.005617125309387242,0,0,-0.10521479650595733,-0.005617125309387242,-0.03525839456775463,-0.08066718215822613
9233292513384,complex,0,1,4.0,0.12656168332941342,0,1,-0.018140115317999517,0.0037386109018525265,0.030868264827391044,0.12656168332941342
9236486810598,complex,1,1,1.0,0.007630817426285238,0,1,-0.0022033411957816523,0.006169201926986816,0.007630817426285238,-0.019669411249051506
9241275810661,complex,3,0,1.0,0.03176436553962139,0,0,0.03176436553962139,-0.03564746309043643,-0.04964629129516064,-0.13912273619957688
92341181589,complex,0,1,1.0,-0.01343247516719714,0,1,-0.01343247516719714,-0.03819461701248026,-0.0908219239200409,-0.2603074545786118
92336162939,complex,0,0,1.0,0.04237314862829877,0,0,0.037603851171983504,0.026807734948988395,0.04237314862829877,0.002789857984197036
9240843912378,complex,3,1,1.0,-0.0320351228060802,0,1,-0.0320351228060802,-0.050480667576092,-0.11897707932967111,-0.2760706140625643
9232245095,complex,1,0,1.0,-0.024080246464122296,0,0,-0.024080246464122296,-0.1851233494506321,-0.28384597742382667,-0.4570611854614268
9239790819298,complex,3,0,0.0,0.24995469568589057,0,0,0.24995469568589057,-0.013194363177400912,-0.0023083454975722575,-0.03363854114408506
923550516314,complex,4,1,1.0,-0.035233824755689896,0,1,-0.035233824755689896,-0.041479837828822336,-0.08538211246447017,-0.21608097116578306
923815388256,complex,4,0,0.0,0.19547437793203837,0,0,0.19547437793203837,-0.050784542027302114,0.0023600602580387577,0.011516401788919814
9240061021274,complex,4,0,1.0,-0.00761005495481696,0,0,-0.011972520188240299,-0.00761005495481696,-0.027630117602010427,-0.03758845900080986
9240421018617,complex,0,0,4.0,0.13024651299116782,0,0,0.1070951291080633,-0.05515712451018491,-0.007011325472488457,0.13024651299116782
924021326085,complex,0,1,1.0,0.016447546498706708,0,1,-0.007938852320706399,0.016447546498706708,0.012311096803922783,-0.0240152034859243
923786978538,complex,3,1,1.0,0.016878408959119594,0,1,-0.03656394489405484,0.016878408959119594,-0.002047133204593505,-0.1051581122099944
924096586505,complex,2,0,4.0,0.14996916823239598,0,0,0.11857333082301974,0.01912295274219999,0.0536063130917457,0.14996916823239598
9236827316652,complex,2,1,1.0,0.008407808564513577,0,1,-0.002905259262858957,-0.001369787636138018,0.006228323719446118,0.008407808564513577
923428397815,complex,3,1,1.0,0.07457570392305463,0,1,0.004414361781311389,0.008891924329829106,0.02781480649475012,0.07457570392305463
923178898520,complex,1,1,1.0,0.00549882156694596,0,1,0.0005008973554100279,0.0028411101624693895,0.00549882156694596,-0.02191644470012606
923510692189,complex,0,0,0.0,0.22936309627229082,0,0,0.22936309627229082,-0.017478235942544607,0.03649237644455502,0.20398602893555515
9239844815120,complex,3,0,1.0,0.041228977292804087,0,0,-0.04099806808634797,-0.029089080955298385,-0.006992179395588542,0.041228977292804087
923523804098,complex,4,1,1.0,7.665912540300718e-05,0,1,7.665912540300718e-05,-0.2788866140416637,-0.38560248490200866,-0.5410565778418032
9240174115482,complex,3,0,1.0,-0.00897874616185429,0,0,-0.00897874616185429,-0.012040456024944536,-0.023747530227711994,-0.08675436638153883
9237651315305,complex,3,1,1.0,0.01017643576207699,0,1,-0.013053752173947317,0.0037541186519038875,0.01017643576207699,0.007712683152719502
923458237546,complex,0,0,1.0,0.09677798417839141,0,0,0.09677798417839141,0.06768231166441345,0.049093160257865844,0.0010670766216695493
923860791071,complex,1,1,1.0,-0.03302935905066462,0,1,-0.03302935905066462,-0.10830839034139964,-0.17944416178588202,-0.2809650076795578
923887731084,complex,0,0,1.0,-0.011849294434622775,0,0,-0.030825917801494563,-0.011849294434622775,-0.04667825169158589,-0.13645869185416856
9234313520607,complex,3,0,1.0,0.027287814723832002,0,0,0.027287814723832002,-0.17214999467200548,-0.24739866405624752,-0.35191708533200916
923249703474,complex,1,1,1.0,0.011113474804206235,0,1,-0.0020109574254696186,0.011113474804206235,0.00526435767177939,-0.06828064864082845
923910393987,complex,1,1,0.0,0.20550455766950593,0,1,0.20550455766950593,0.0416471941248813,0.04309565987564104,-0.006649164208942404
9237434120700,complex,1,1,1.0,-0.01995809400119701,0,1,-0.01995809400119701,-0.02486569458548238,-0.04951838072188813,-0.14434263067537006
9240747414017,complex,2,0,1.0,0.0798144032349219,0,0,0.0798144032349219,-0.33175237645604855,-0.46217466899070286,-0.5697691496888849
9240917718802,complex,2,0,1.0,0.05588757163960137,0,0,0.05588757163960137,0.03967194527653299,0.037547377905909285,-0.03235764246543824
9235458720551,complex,3,0,1.0,-0.009209571571886475,0,0,-0.009209571571886475,-0.13055861251508621,-0.13078777280564008,-0.0205932297868053
923678218969,complex,1,1,1.0,0.0031640559369492775,0,1,0.002605538650326058,0.0031640559369492775,0.0009733671681921956,-0.0045965506041071025
923423465405,complex,0,1,1.0,0.03509628734796681,0,1,0.03509628734796681,-0.1571447613671848,-0.2744385684248574,-0.3634897738903722
9231960310206,complex,3,1,1.0,-0.022819119109703336,0,1,-0.022819119109703336,-0.18098883142079367,-0.2193863131358944,-0.28113920319027874
9241495917669,complex,3,1,1.0,-0.03564527810730448,0,1,-0.04935451730419692,-0.03564527810730448,-0.09835951961628131,-0.25620304159914975
9240774719419,complex,2,1,1.0,0.009425546170051674,0,1,-0.006655318517012631,0.00043182468204353355,0.007296858767583087,0.009425546170051674
923796786494,complex,1,1,2.0,0.10616705677658844,0,1,-0.044134923325219774,0.09750862251705998,0.10616705677658844,-0.016631077667388194
9236761514605,complex,4,1,1.0,0.0035947526952900023,0,1,-0.00023568043549837894,-0.0006634393527500532,0.0035947526952900023,-0.02467773020698645
923431889168,complex,0,1,1.0,0.005107917392403696,0,1,0.005107917392403696,-0.004260433024425865,-0.009597368221547015,-0.012745708862996821
923449503528,complex,3,1,4.0,0.1546050752840783,0,1,-0.003438799579443156,0.006491894531189894,0.0387217140301857,0.1546050752840783
924118223776,complex,2,1,1.0,0.007577314800361265,0,1,0.0017037715866584195,-0.005574766607344284,0.003026676767743725,0.007577314800361265
923569709471,complex,2,1,1.0,0.00043329684712391583,0,1,0.00043329684712391583,-0.02596800678912856,-0.034724265979128296,-0.06494566390915106
923865585553,complex,4,1,1.0,-0.02164291067839489,0,1,-0.06377561655089897,-0.02164291067839489,-0.04910979844208164,-0.22374552124648994
92380313687,complex,0,0,4.0,0.1408209168046424,0,0,0.1044346182278723,0.05430880339221879,0.07896665737777847,0.1408209168046424
9234238412891,complex,2,0,0.0,0.20612380653916357,0,0,0.20612380653916357,0.041752933550033206,0.0468204195688289,0.0057459290688470915
9237421617008,complex,1,1,1.0,-0.021082707507319852,0,1,-0.021082707507319852,-0.231979799730812,-0.3044293549872733,-0.38566426547283916
923442285499,complex,3,1,1.0,0.05962142957641931,0,1,-0.024277042598761844,0.048621922758606814,0.05962142957641931,0.03297990116006183
9238431514654,complex,1,0,4.0,0.10799953952842356,0,0,0.012917751836812416,0.036661013635778034,0.05207673625498058,0.10799953952842356
9235863412100,complex,0,0,1.0,0.0024346779339412504,0,0,-0.003091994610721814,0.0024346779339412504,-0.027825747686059894,-0.15535403698486258
90003721921,complex,2,1,1.0,0.08395297746696595,0,1,0.08395297746696595,-0.14228695050515686,-0.19009264898833644,-0.1663065928322572
9241533810948,complex,3,1,1.0,0.011016927797969497,0,1,-0.01960856630167608,0.011016927797969497,0.008755605557611922,-0.06078127307937107
9239966812803,complex,4,1,1.0,-0.02939742338896545,0,1,-0.02939742338896545,-0.06534920985417121,-0.11648855085624833,-0.2402830193788642
923617236973,complex,4,1,1.0,0.03212602059433787,0,1,-0.01362389710066498,0.03212602059433787,0.021969726640029833,-0.052867262288706536
9240524510178,complex,4,1,1.0,-0.006842969054897643,0,1,-0.02366726174772698,-0.006842969054897643,-0.03395502309446458,-0.17643032315602403
923223529780,complex,0,0,0.0,0.14371738310809115,0,0,0.14371738310809115,0.0223572391303664,0.02576155610226869,-0.03328243933271183
9240011414398,complex,3,0,1.0,0.0542562827113362,0,0,0.003923850925052326,-0.0015468233830314964,0.009697262874382974,0.0542562827113362
923681215701,complex,2,0,1.0,0.015359827101828597,0,0,0.015359827101828597,-0.2501477723506827,-0.3615895777437314,-0.47947615881456723
9234630617794,complex,3,1,1.0,-0.03376054729344771,0,1,-0.03376054729344771,-0.0499845340046939,-0.086966218429291,-0.20883231269246766
9240125317029,complex,3,0,0.0,0.20154461213574731,1,1,0.20154461213574731,-0.03584709886890744,0.18362956676887898,0.19799952509163526
9234256313423,complex,3,0,1.0,0.08079480055948696,0,0,0.08079480055948696,0.026764916474509078,0.07175614594485918,-8.741078793517154e-05
923670614318,complex,1,1,1.0,0.013023095645527717,0,1,-0.012264334133065102,0.013023095645527717,-0.010191846017389376,-0.13409763950103848
9232347917152,complex,2,1,1.0,-0.004971536886942466,0,1,-0.004971536886942466,-0.02685427779433588,-0.030300470752605797,-0.032236662363141204
92338897333,complex,3,1,4.0,0.1570670732011229,0,1,-0.017560853507504554,0.007455336332086898,0.04010492294999619,0.1570670732011229
9236105610643,complex,1,1,1.0,0.0037193107616637806,0,1,0.0007684106247518654,0.003522110580930212,0.0037193107616637806,-0.032446132580324444
9240122612414,complex,0,1,1.0,-0.02480703766119711,0,1,-0.02480703766119711,-0.19759940508209328,-0.2827348242527154,-0.39097066961073057
9233853520574,complex,3,0,1.0,0.005858094558285502,0,0,-0.0010384693825140172,-0.0001668910011440542,0.005858094558285502,0.0024635058367890733
9232869616409,complex,3,1,1.0,0.007418281444519221,0,1,-0.0036991671940005758,0.007418281444519221,0.005179709256419349,-0.04140519936552836
9235528811464,complex,3,0,0.0,0.27229886335582965,1,1,0.27229886335582965,-0.013437819418868275,-0.004842572764574962,0.013257030854250423
924137956529,complex,4,0,0.0,0.3222921557962732,1,1,0.3222921557962732,-0.03795653595349056,-0.025984078199843903,-0.05916521338302487
923196856061,complex,0,0,1.0,0.009694687648357715,0,0,-0.00464654858416343,0.009694687648357715,-0.015535743983715888,-0.10447618844178683
9239283316057,complex,0,1,1.0,-0.0031276446446526253,0,1,-0.0031276446446526253,-0.007769045214414079,-0.027711705650002267,-0.14057004700948975
90004345161,complex,1,1,4.0,0.1497988616941547,0,1,-0.013935546020563003,-0.002208995420825543,0.027101454996951515,0.1497988616941547
9240714418702,complex,3,0,0.0,0.15305883808301002,1,1,0.15305883808301002,-0.00677509116092259,0.032068736098929886,0.05699059698876016
9240471516099,complex,3,0,0.0,0.2311778190397331,0,0,0.2311778190397331,0.011895874245702669,0.02029597249267661,0.05982478271578656
900010381896,complex,2,0,1.0,-0.004347233618575069,0,0,-0.004347233618575069,-0.27312386347503625,-0.31782109482427173,-0.38160649700200083
9240802520199,complex,1,1,1.0,0.023905037985760796,0,1,0.023905037985760796,-0.14212996112693493,-0.14903074731443816,-0.3141285342408525
9241073720807,complex,0,1,1.0,-0.004693502021303732,0,1,-0.004693502021303732,-0.03794119617459646,-0.09387591277045029,-0.2640000517028913
9241432713596,complex,0,0,1.0,0.016283564555613632,0,0,0.016283564555613632,-0.009845357353666345,-0.03440308227320263,-0.17725596157028808
9235451114302,complex,4,0,0.0,0.37148625603895163,0,0,0.37148625603895163,-0.04360310471013091,-0.03826086940096894,-0.055884004048738625
9236666521306,complex,2,0,1.0,-0.006484246540814753,0,0,-0.006484246540814753,-0.06893972216568917,-0.1423002573908753,-0.31645562708974917
923725649275,complex,3,1,1.0,0.026339262918892468,0,1,0.026339262918892468,-0.2542141514986404,-0.3979463574536007,-0.5545233862548149
923520886151,complex,3,0,1.0,-0.00029004171044141186,0,0,-0.00029004171044141186,-0.13353750099688524,-0.14547175881628416,-0.1590537219581566
9237734013924,complex,4,1,1.0,-0.02940176816636883,0,1,-0.02940176816636883,-0.16700597391939964,-0.24716275473422875,-0.3453649110118586
9235802614635,complex,0,1,1.0,0.047657092824279115,0,1,-0.03888589804069917,0.047657092824279115,0.02405675835903443,-0.04387548533129135
9240979620385,complex,4,0,1.0,0.07853911789555897,0,0,-0.012459365358128173,0.0429834519245271,0.055060669698909145,0.07853911789555897
923562902047,complex,4,1,0.0,0.1421993687432088,0,1,0.1421993687432088,0.00880579212009297,0.020107069945636897,0.045035250076385244
923548487575,complex,1,0,1.0,0.008401493445096098,0,0,-0.015351597741657765,0.008401493445096098,-0.010462727812271509,-0.10970433871673183
923964271806,complex,3,0,1.0,0.006111205425444206,0,0,0.006111205425444206,-0.2473315367315441,-0.36742015426401897,-0.47540121944121994
9236958616021,complex,0,0,0.0,0.15814892277525405,0,0,0.15814892277525405,0.04345047308970423,0.06491197526610973,0.14526545506807173
923799739863,complex,0,1,1.0,0.009594670891073888,0,1,-0.0033020000075563993,0.009594670891073888,0.0042806585356328225,-0.0672158568044153
923157724612,complex,0,0,1.0,-0.00274616711053538,0,0,-0.00274616711053538,-0.1674598031404031,-0.20000376849167653,-0.302584517549106
924066545997,complex,4,0,1.0,-0.06353460622557082,0,0,-0.0872386857513601,-0.17987306867877778,-0.13024579965153846,-0.06353460622557082
9231995611878,complex,2,1,1.0,0.012303489560086353,0,1,-0.045674769103775825,-0.07498435491372564,-0.05034742316247148,0.012303489560086353
9237001213474,complex,2,1,1.0,-0.047417059879147516,0,1,-0.047417059879147516,-0.1081318685717494,-0.15362675413618493,-0.29409461638757317
924113655761,complex,2,1,1.0,0.013804162387310828,0,1,-0.015505173714009928,0.011499381297022437,0.013804162387310828,-0.0008905301474334132
9236257612946,complex,4,1,1.0,-0.0200929927691984,0,1,-0.02669334178551601,-0.0200929927691984,-0.056274477671468884,-0.20446074138274245
923801543011,complex,0,1,1.0,0.017462285014227447,0,1,-0.01914757031645239,0.009314690783492344,0.017462285014227447,0.004420302684263661
923467027679,complex,3,0,1.0,0.009360854862294949,0,0,0.009360854862294949,-0.236501581028562,-0.3703628532118293,-0.523234360349402
9234389013054,complex,3,1,1.0,-0.0369314643629193,0,1,-0.0369314643629193,-0.12712528316672803,-0.15917243386540336,-0.2676999062456882
923667775820,complex,3,0,1.0,0.07002983906922294,0,0,0.04965939746079008,0.003457003622169762,0.047057881257624605,0.07002983906922294
923354133046,complex,0,1,1.0,0.005489084149457167,0,1,-0.006954425768619384,0.005489084149457167,-0.01675373491618915,-0.11499012424823309
9236872814221,complex,2,1,1.0,0.009832229499151909,0,1,-0.0010477285325084483,0.009832229499151909,0.004825514861655011,-0.05237078112571625
9241229416613,complex,0,1,1.0,0.04498197859630038,0,1,-0.033592569912928624,0.04498197859630038,0.021626384466885452,-0.0036982825215966797
923346126262,complex,3,0,1.0,0.05892112838616252,0,0,0.05892112838616252,0.0428677740288126,0.04017159831280263,-0.021459608086331135
924065919931,complex,4,1,1.0,-0.021690720206595484,0,1,-0.07296936469601026,-0.03071534172684632,-0.021690720206595484,-0.12530886745378883
923994239737,complex,0,0,4.0,0.20901455371595026,0,0,-0.07265836580368855,0.00937670691010152,0.14886864916384904,0.20901455371595026
9239280217929,complex,2,0,0.0,0.17268387181134212,0,0,0.17268387181134212,0.050993164268671023,0.0495998259506996,-0.02900559174309504
923643798913,complex,1,0,0.0,0.14163880904376197,0,0,0.14163880904376197,0.030138379673322595,0.035070130825487766,0.019127472780673727
923503054968,complex,4,1,1.0,-0.0023960284554850053,0,1,-0.0023960284554850053,-0.020823948419708783,-0.03686274717953322,-0.12076351835348925
9235129215740,complex,0,1,1.0,0.03916841542269662,0,1,0.0010505443758262699,0.03916841542269662,0.029137940622539917,-0.04464975791958288
9241028410635,complex,0,1,4.0,0.12077826772960484,0,1,-0.033729237783930416,0.027819001930714543,0.05137681007108421,0.12077826772960484
9241743218097,complex,0,1,1.0,0.00163133304503605,0,1,0.00163133304503605,-0.01798672971112964,-0.03442916344683282,-0.1421970924342311
9239705416295,complex,0,0,0.0,0.30613538316645333,0,0,0.30613538316645333,-0.03081741902428796,-0.020787784248310043,0.016056667793199003
923596051417,complex,3,1,1.0,-0.00879693232510061,0,1,-0.00879693232510061,-0.06979174095236226,-0.14004408721513736,-0.23175275609762025
9236035419832,complex,1,1,1.0,0.06073781169516512,0,1,-0.013908290160296377,0.018974077803576506,0.04142540804008832,0.06073781169516512
9236739514838,complex,4,0,1.0,0.029898754671621418,0,0,0.029898754671621418,-0.09670730160139071,-0.1250819957298097,-0.226131009117984
923320092478,complex,2,1,1.0,-0.002701468260384504,0,1,-0.002701468260384504,-0.17247148385681663,-0.26888724817806225,-0.3905372697859143
923625565818,complex,4,0,1.0,0.05903827152008199,0,0,0.05903827152008199,0.03666893829333632,0.03286636717178834,0.05556693254758373
915929414405,complex,4,1,1.0,-0.0012224764313605863,0,1,-0.0012224764313605863,-0.016156141287948955,-0.03648007165902291,-0.1275887432188615
90001063932,complex,2,0,4.0,0.12222953215641863,0,0,-0.012940777698219944,-0.02739784193459988,-0.004811035188064281,0.12222953215641863
9241093913962,complex,4,1,1.0,0.018846149344049733,0,1,-0.016728954527845237,0.018846149344049733,0.0012612230025324557,-0.06194806140392833
923380118512,complex,4,0,1.0,0.09067145027915585,0,0,0.09067145027915585,0.04653315047565144,0.036282605675981294,-0.007283732638983589
9240213721313,complex,1,0,0.0,0.2997437152608924,0,0,0.2997437152608924,-0.026824921696046115,-0.01895566265621339,0.028416213504364546
923644646135,complex,3,1,1.0,0.016665036349546802,0,1,0.00694483254102579,-0.0031951883523368228,0.004425254015791778,0.016665036349546802
9235001411666,complex,0,1,1.0,0.020107103339747287,0,1,0.020107103339747287,-0.016029329281424406,-0.044940387674623036,-0.15441606428641846
923200905353,complex,3,1,1.0,0.08022851645355784,0,1,0.08022851645355784,0.011680104743191396,0.03317974411643023,0.02768812163166065
9241005813058,complex,2,0,1.0,0.008192436292741283,0,0,-0.009707288927273103,0.008192436292741283,-0.00844807795348251,-0.0878293590325689
9234305212389,complex,3,0,4.0,0.13946207504030195,0,0,0.09682630528736691,0.06285206838230158,0.08431357813846949,0.13946207504030195
9236714815692,complex,4,0,0.0,0.17706484349510734,0,0,0.17706484349510734,0.07478389971458593,0.06477469483971703,0.0012969950214213183
9231757015237,complex,3,1,1.0,0.007338401666533221,0,1,-0.0019557323966105655,0.007338401666533221,0.004353885633407797,-0.05486529992685835
923584078471,complex,4,0,0.0,0.16051511483351333,0,0,0.16051511483351333,0.04643769987260243,0.04426149540091012,-0.008452367763668256
915922806436,complex,4,1,1.0,0.009845134906404318,0,1,-0.013300681979481845,0.009845134906404318,-0.008174014751342204,-0.08231935063626826
923433518898,complex,2,1,1.0,0.04622367294742791,0,1,-0.01952916275304944,0.00580229791623223,0.01699133999974867,0.04622367294742791
923897038035,complex,3,0,1.0,-0.03030672845509809,0,0,-0.03030672845509809,-0.10851453923730252,-0.13420464212235614,-0.19761956580880735
923719923311,complex,3,1,1.0,-0.012809631829480805,0,1,-0.012809631829480805,-0.2170894436068612,-0.3404934790390154,-0.47130205692040356
9241447211051,complex,0,1,1.0,0.031627375785789946,0,1,0.031627375785789946,-0.059182588617136725,-0.049666079573205464,-0.11934721058151203
90002457783,complex,1,1,1.0,-0.028118057840010244,0,1,-0.028118057840010244,-0.10832146321182273,-0.1853780190351705,-0.33106355160482054
9235006214568,complex,1,0,1.0,0.08155794945434636,0,0,0.08155794945434636,0.05074804260141501,0.0514183253323138,-0.015290549558724532
923478963152,complex,3,1,4.0,0.10131955042946356,0,1,-0.020187665437749747,0.02263296296302452,0.0482178068125585,0.10131955042946356
9233830915427,complex,4,0,4.0,0.11948361867991382,0,0,-0.001765136377492857,0.03387747748374581,0.04871292079470661,0.11948361867991382
923394295867,complex,1,0,0.0,0.28017616815618623,1,1,0.28017616815618623,-0.023441555090046824,-0.01892111471765161,-0.04679135654676478
900007572050,complex,2,0,1.0,0.024280719365535542,0,0,-0.01735608414138506,0.024280719365535542,0.012697578389795513,-0.041539257103182806
9240865115397,complex,0,0,1.0,0.007097573086910797,0,0,-0.012826257952412028,0.007097573086910797,-0.01963993943297361,-0.11293328687879044
923760199948,complex,0,0,1.0,0.0018327038958733353,0,0,0.0018327038958733353,-0.016596586665354386,-0.03394590254573926,-0.144452923718512
924074998311,complex,3,0,0.0,0.2618692388139233,0,0,0.2618692388139233,-0.010037137278403952,0.0018609350999298502,0.06907686268999391
923690955833,complex,1,1,1.0,0.0034968492484424435,0,1,0.0034968492484424435,-0.1285662821028531,-0.16642428412914645,-0.23903116973155722
9234588415542,complex,1,1,1.0,0.06440187220861003,0,1,-0.0016629618667476365,0.05238887452498037,0.06440187220861003,-0.08638076579181281
9234551816643,complex,4,0,1.0,-0.008461420677633141,0,0,-0.008461420677633141,-0.03939715851005531,-0.09381161141170523,-0.26628827415131473
9231731920197,complex,0,1,1.0,-0.02756177268615778,0,1,-0.07675095089782256,-0.043053325509953416,-0.02756177268615778,-0.15144268046289208
923797758800,complex,2,0,1.0,0.03560494362441388,0,0,0.03560494362441388,-0.031895345440360184,0.008632079389636487,0.0042181322586278824
9233838818212,complex,4,0,1.0,-0.00038106007117801044,0,0,-0.013162100046564089,-0.00038106007117801044,-0.016660333172353006,-0.0822100131813364
9238252521341,complex,3,0,1.0,0.0470864102556994,0,0,0.0470864102556994,0.04430973262214635,0.04144355284710675,-0.012659264789558283
9233942111678,complex,0,0,0.0,0.18269149808205495,0,0,0.18269149808205495,0.021670331560960973,0.08882212895426725,0.09979349623205072
923436843767,complex,1,1,1.0,0.07908120899853195,0,1,-0.03003482373898645,0.06381281147679219,0.07908120899853195,0.0086433515170255
9234321715486,complex,3,0,0.0,0.22253504245262684,1,1,0.22253504245262684,0.006229202891573847,0.008573815218451027,-0.02832672202744034
923156136120,complex,1,1,1.0,0.04126152549870031,0,1,-0.01735994932887531,-0.08100143056647419,-0.038987247109783976,0.04126152549870031
923426733423,complex,0,1,4.0,0.1042426055356043,0,1,-0.029159329069546876,0.03369473739254634,0.05347960582362559,0.1042426055356043
9234326815974,complex,2,0,0.0,0.22897765355385136,0,0,0.22897765355385136,0.012195541742241685,0.014980929929609556,0.014662148197640668
923408587808,complex,0,0,0.0,0.14044580467825027,0,0,0.14044580467825027,0.025012280962327008,0.011805841496705445,-0.03684617975013664
9237766610272,complex,3,1,1.0,-0.0026305247939418155,0,1,-0.01243923274718376,-0.0026305247939418155,-0.03892399494369578,-0.17863508826242097
9239965820988,complex,4,1,1.0,0.00420559457484182,0,1,0.00420559457484182,-0.14855340633025743,-0.23738258464690984,-0.4338650172841502
923435843569,complex,2,1,4.0,0.13536864145324334,0,1,-0.01861558878193321,0.007012677563227401,0.03652480674769669,0.13536864145324334
9236371918678,complex,2,1,1.0,0.01685969993814468,0,1,0.0027606372818219857,-0.008120713484069075,0.0026777939140952313,0.01685969993814468
923890247851,complex,0,0,1.0,0.024531244027943173,0,0,0.024531244027943173,0.022464585846616536,0.014938460682278831,-0.016284725252895253
923569655295,complex,2,1,1.0,-0.017538980361928486,0,1,-0.017538980361928486,-0.07220858803228464,-0.14921601294501138,-0.32093486540026983
9239003815088,complex,0,1,1.0,-0.06618065412725145,0,1,-0.06618065412725145,-0.2084909908715326,-0.18752963864325622,-0.2013924691888577
9116001010647,complex,1,0,4.0,0.10349647012255081,0,0,0.024682990091977858,-0.027234786253962365,0.0032370213601883822,0.10349647012255081
9241421319006,complex,0,0,1.0,0.012571720324905486,0,0,-0.007483808374393244,0.012571720324905486,0.004299434021818177,-0.05604175251463667
924126468597,complex,0,1,1.0,-0.04321386554891764,0,1,-0.04321386554891764,-0.2381527527086697,-0.31461089617347304,-0.4123909657027677
923252309717,complex,2,0,0.0,0.27718292263546207,0,0,0.27718292263546207,-0.004086621898264729,0.0006067907421843065,0.020087942961554223
924080306128,complex,3,0,0.0,0.26942444371385815,1,1,0.26942444371385815,-0.011237931070852579,-0.0031447715018533898,0.017408233626890035
92315413220,complex,4,0,1.0,0.0521639482021332,0,0,0.0521639482021332,-0.025340147116515756,-0.02975220485104942,-0.11632254110675663
923589913803,complex,0,0,0.0,0.23162800512260362,0,0,0.23162800512260362,0.009028709635333858,0.008427769175320982,-0.007943245872664949
9240550712104,complex,0,0,0.0,0.3474237510610958,0,0,0.3474237510610958,-0.04736252906163957,-0.041071285848835605,-0.0555492978961904
923761459695,complex,0,1,1.0,0.022996354216709498,0,1,0.022996354216709498,-0.03393729012535985,-0.06158604131047052,-0.1418589311871722
9237198511745,complex,3,0,1.0,0.09047772247744819,0,0,0.09047772247744819,0.030294265609621444,0.030670881588146008,0.019211090766140998
923363411748,complex,4,0,0.0,0.13267946321712037,0,0,0.13267946321712037,0.017350471318294654,0.05195997550166938,0.07883078182966712
923896534100,complex,1,0,0.0,0.350378854365927,1,1,0.350378854365927,-0.06003258750812368,-0.04500435011991377,0.08398623471683059
924010483761,complex,0,0,1.0,-0.059261249587708106,0,0,-0.059261249587708106,-0.15380955768432025,-0.18725679410613894,-0.2356472528788162
92415924148,complex,2,0,1.0,0.034692322012724326,0,0,0.034692322012724326,-0.10382931585265802,-0.18237279913042714,-0.33896728618595034
92335201195,complex,3,1,4.0,0.2365036147693128,0,1,0.011374783617579116,-0.022722548699931247,0.061923970126299084,0.2365036147693128
923482644549,complex,0,1,1.0,0.03279796141396243,0,1,-0.03907130708969182,0.031663580532300346,0.03279796141396243,-0.06642917128978543
9237766218998,complex,2,1,1.0,0.006300699991436089,0,1,-0.004257453149317133,0.004070323846181233,0.006300699991436089,-0.015758471311851874
92322005158,complex,2,0,0.0,0.2732937833647142,0,0,0.2732937833647142,-0.001411582821584937,0.009612562955807227,-0.004384812659460113
9232749614429,complex,2,1,1.0,-0.026790227431006643,0,1,-0.026790227431006643,-0.06187276731396228,-0.12666645175548866,-0.24980819099927312
900004383259,complex,1,1,1.0,0.010918642313683679,0,1,-0.0031445880063110804,0.010918642313683679,0.006547473053413532,-0.05126674921894137
9239517918029,complex,1,0,1.0,-0.03537629599738995,0,0,-0.03537629599738995,-0.07215030630755206,-0.12568227096879037,-0.22098384089127387
923561787945,complex,2,0,1.0,0.0030713501106763713,0,0,0.0030713501106763713,-0.009410705587145834,-0.03600838956360575,-0.15167117232838984
9238712516527,complex,2,0,1.0,0.05492573180865615,0,0,0.05492573180865615,0.04222029103068485,0.038962850565737214,-0.003153661831912735
92389388690,complex,2,0,4.0,0.12645823780985585,0,0,0.04530404301818409,0.047545366023763275,0.07142214282757235,0.12645823780985585
9237641811811,complex,4,1,1.0,0.040559287144335446,0,1,-0.0033859618491292667,0.02400471929067447,0.029075561301526418,0.040559287144335446
9232307221206,complex,4,1,1.0,-0.026204164063287676,0,1,-0.026204164063287676,-0.1383998250531991,-0.21484333732073885,-0.38060141044032536
923743769774,complex,2,1,1.0,0.05566366140271917,0,1,-0.017114586821782293,0.022849150055575387,0.03946155642329052,0.05566366140271917
9237160420957,complex,3,1,1.0,0.004506770711141252,0,1,-0.004143974816886744,0.004506770711141252,-0.001685495347403202,-0.0984051569167147
924175313942,complex,4,0,1.0,0.011619066316928078,0,0,-0.022622199429699,-0.06466188884667029,-0.02194740816612938,0.011619066316928078
92334380549,complex,1,1,1.0,0.03478197536174449,0,1,-0.015187108768630692,0.009592560093268889,0.01945585859882976,0.03478197536174449
9237907710393,complex,4,0,1.0,0.050141291499504914,0,0,-0.015390243201082981,0.004904039743660514,0.04711823750719736,0.050141291499504914
923963912855,complex,3,1,1.0,-0.03051193845913485,0,1,-0.03051193845913485,-0.1929671670065712,-0.301255211761721,-0.4515967348824109
9237698818933,complex,3,1,1.0,0.08340209258102116,0,1,-0.03684149895901302,0.03004090403376959,0.050366192386677146,0.08340209258102116
9234304119243,complex,0,1,1.0,0.054073690193670115,0,1,-0.005955007189695823,0.006815987534067425,0.006946621776976129,0.054073690193670115
924081213882,complex,2,1,4.0,0.10840421061020361,0,1,-0.0223688982699411,0.02679608759422786,0.050080720190805034,0.10840421061020361
9240646911705,complex,3,0,1.0,0.015022115522921254,0,0,0.015022115522921254,-0.08573563758897693,-0.11241358566348228,-0.12673419606392702
92362683112,complex,2,0,1.0,0.013577496238789443,0,0,0.013577496238789443,-0.014274322076386054,-0.05372745144860655,-0.18797947087713013
924171008028,complex,2,0,0.0,0.11459632452427745,0,0,0.11459632452427745,0.06169790863747189,0.0870601905517484,0.03156693096611836
923665249655,complex,4,0,1.0,0.04018533613515229,0,0,0.02263097919665725,0.04018533613515229,0.033766908034044835,-0.01251911495426175
9237359715143,complex,2,1,1.0,0.0056343659873513245,0,1,0.0056343659873513245,-0.27948674897237846,-0.4091485922069918,-0.5301570502543628
923600432523,complex,4,0,0.0,0.10056111973528895,0,0,0.10056111973528895,-0.022927450596873435,0.04219835317223619,0.06420349845178487
9159189111169,complex,0,0,1.0,0.0009741221677213932,0,0,-0.0024793218807818707,0.0009741221677213932,-0.03181274023596519,-0.1307621604179415
9236508612307,complex,3,0,0.0,0.24357449007448267,0,0,0.24357449007448267,0.007588672600614287,0.013703051111588191,0.01517392860924878
923439479809,complex,4,0,0.0,0.11063631180412192,0,0,0.11063631180412192,0.04399818678776512,0.048470356239520354,0.002612499844974109
923664674431,complex,1,0,1.0,-0.005878130428860564,0,0,-0.005878130428860564,-0.0301909438827371,-0.07629875390905566,-0.26817997074615063
923227024331,complex,2,1,0.0,0.2566525470157342,0,1,0.2566525470157342,0.00020153927880938935,0.002267639467045595,-0.042129918005273145
9237879619293,complex,2,1,1.0,0.0034887301679212557,0,1,0.0034887301679212557,-0.0027447499738770705,0.0018272683762624482,-0.013969643161636236
9240555519814,complex,0,1,1.0,0.03400037213726566,0,1,-0.03248900542369161,0.03400037213726566,0.03177619875797548,-0.01678750672496912
9239246514581,complex,0,0,0.0,0.31152275969546034,0,0,0.31152275969546034,-0.031312979041210776,0.008963474484366067,0.20727301578074028
924097908322,complex,4,0,0.0,0.327786255864349,0,0,0.327786255864349,-0.024368335381360712,-0.022042038116170677,-0.045702683133841696
9241240410962,complex,4,0,1.0,-0.0010206196201918913,0,0,-0.0010206196201918913,-0.005802759146466191,-0.010549045567742932,-0.013818397018818804
923591858577,complex,0,0,4.0,0.2497958270131598,0,0,-0.04306404018591092,0.026556123434695468,0.1079604726332749,0.2497958270131598
9236434220407,complex,0,0,1.0,-0.004351022133565887,0,0,-0.02323346899393938,-0.004351022133565887,-0.03372763635943703,-0.10081004971411268
923960908212,complex,2,1,1.0,0.013770376391033946,0,1,-0.03278407899950658,0.013770376391033946,-0.004656414745191375,-0.06491610141314075
9235808020541,complex,3,0,1.0,0.02838663719056321,0,0,0.00918745569981827,-0.05595666679963392,-0.0310627841076695,0.02838663719056321
923976821936,complex,2,1,1.0,0.08641529006412399,0,1,0.08641529006412399,-0.2755552913833738,-0.4629525022254045,-0.3830551787791079
9240366019258,complex,4,1,1.0,0.033070221769618754,0,1,-0.0027915026597196274,0.033070221769618754,0.03199617051662229,0.019342826199277033
923937163972,complex,2,1,1.0,0.05311466018224287,0,1,-0.013836959036004754,-0.0007765385390103401,0.013273759659136599,0.05311466018224287
92384104303,complex,1,1,1.0,0.012566238708530426,0,1,-0.0037243521026367396,0.012566238708530426,0.0045865060643439926,-0.07567198516283126
9237261813393,complex,4,0,1.0,0.08325240404509639,0,0,0.01010564097641491,0.05892409168709525,0.06750610607142894,0.08325240404509639
924116129042,complex,1,0,1.0,-0.018572785706867427,0,0,-0.018572785706867427,-0.10110699043511995,-0.12523988896417565,-0.20726822131647585
9234032314469,complex,0,0,0.0,0.14449757349919504,0,0,0.14449757349919504,0.03094706879641125,0.027852617512014864,0.0034810617092116275
923466002041,complex,2,0,1.0,0.045423085828644655,0,0,-0.0023645899699637866,0.000818279813376007,0.044441199187702146,0.045423085828644655
92377172760,complex,0,0,1.0,0.06969539342756025,0,0,0.06969539342756025,0.0382407061346909,0.057449801519290154,0.03091324787841139
923645122708,complex,3,1,4.0,0.13284901147196215,0,1,-0.01882600052526391,0.024603151340155123,0.05364208290851053,0.13284901147196215
9235532113260,complex,3,0,1.0,0.07158974128994736,0,0,0.07158974128994736,0.012932874525826718,0.01096860879193503,-0.07041067755943337
9237985616630,complex,0,1,1.0,-0.0095560316594437,0,1,-0.019824867982819436,-0.0095560316594437,-0.04860314127060378,-0.18219100802664595
92359947327,complex,3,0,1.0,-0.03449990828857214,0,0,-0.03449990828857214,-0.11750856905085116,-0.08781632028591395,-0.04100664743664974
923335555731,complex,0,1,1.0,-0.0142736798076375,0,1,-0.0142736798076375,-0.2648423429058245,-0.37006005288320826,-0.5308479094119882
9238663815922,complex,3,0,1.0,0.09739862467009952,0,0,0.09739862467009952,0.05251343951228185,0.05254140031035918,-0.008082162224348807
923944901795,complex,4,1,1.0,0.007006618760534135,0,1,0.0009198987607965982,0.007006618760534135,0.005869693535843785,-0.04461898056618897
9240110413295,complex,1,1,1.0,-0.019932758378946286,0,1,-0.035668328402188074,-0.019932758378946286,-0.057460898158491466,-0.13747415582974676
923204971652,complex,2,1,4.0,0.11929009782421188,0,1,-0.011518020542897255,0.00524313937350256,0.03402626072241198,0.11929009782421188
9240692212400,complex,2,1,1.0,0.02174092199336382,0,1,0.02174092199336382,-0.02650050513451577,-0.01825966133796206,0.009393006309854998
9237133716814,complex,3,0,1.0,-0.004708243651053545,0,0,-0.004708243651053545,-0.023319955609646607,-0.032390959913027685,-0.08158619876046871
9240805917179,complex,4,1,1.0,-0.031195204331612082,0,1,-0.031195204331612082,-0.12454810518693984,-0.08241041140018009,-0.03442020564361421
924125235870,complex,3,1,1.0,0.002695055100553888,0,1,-0.02174626681739672,0.002695055100553888,-0.016194167151186854,-0.0907419599321731
923724571018,complex,4,0,1.0,0.07811746070649618,0,0,0.046657801254683905,0.03392603250577635,0.07811746070649618,0.0552635923014695
9236705013556,complex,0,0,4.0,0.10596659177848691,0,0,-0.0038915191627998252,0.010758314630056089,0.027594423006474265,0.10596659177848691
9231596216521,complex,2,1,1.0,-0.004917732196357327,0,1,-0.004917732196357327,-0.015199045908848085,-0.024157844854729816,-0.05883323810311953
9241563711125,complex,4,1,1.0,0.006223326120467738,0,1,-0.004747079601597336,-0.0027142779751308313,0.006223326120467738,0.004736796937814383
923421862833,complex,4,1,1.0,0.08838179289018784,0,1,-0.021552462957972293,0.025839952291344885,0.04423851535801111,0.08838179289018784
9233184720164,complex,0,0,1.0,0.09103389494112102,0,0,0.004684588386792584,0.022444513651301255,0.03632711432855165,0.09103389494112102
9234799314522,complex,0,0,1.0,0.025234261918281403,0,0,0.025234261918281403,-0.00990887981885119,-0.020422683507876932,-0.08440259537034747
900014134004,complex,0,1,1.0,-0.0026040756855676087,0,1,-0.012175106898534935,-0.0026040756855676087,-0.03479749861284549,-0.14623856341234628
923539528730,complex,3,0,0.0,0.1697794340572929,0,0,0.1697794340572929,0.01048692180555018,0.02019146181033292,0.0006583274607608602
924028762463,complex,2,1,1.0,-0.03323920211665464,0,1,-0.03323920211665464,-0.1250681202806858,-0.158389431236323,-0.21027277927458604
923429317801,complex,2,0,0.0,0.2198697126483646,1,1,0.2198697126483646,0.02406239903126151,0.022205331862946206,-0.04457664819189332
923954044650,complex,4,1,1.0,0.0018590052871614651,0,1,0.0018590052871614651,-0.025779947941275784,-0.04299216884533215,-0.1508468249510344
924071898719,complex,0,0,1.0,0.0441496292875848,0,0,0.011477439608469038,0.0441496292875848,0.03939765750487675,-0.0243141237194889
92388658182,complex,0,1,1.0,0.03995172935349629,0,1,0.010736904817339818,-0.002149521627193285,0.016087842765082475,0.03995172935349629
9233336414992,complex,2,1,1.0,-0.002529674283133807,0,1,-0.002529674283133807,-0.025302382767833354,-0.02866134802463002,-0.03398634966250297
9239867016275,complex,0,0,0.0,0.2396869675930383,1,1,0.2396869675930383,-0.004744562760986712,-0.0003942677123918714,0.03334151642316305
924160832763,complex,3,1,1.0,-0.036092799950449575,0,1,-0.036945673547637795,-0.036092799950449575,-0.06932037431756488,-0.1882581780918604
923431487906,complex,4,1,1.0,-0.023623103992776825,0,1,-0.023623103992776825,-0.07008994799962967,-0.1334886557522642,-0.30691667205359335
9235748311079,complex,2,0,1.0,-0.002807072284365126,0,0,-0.002807072284365126,-0.029291243203064313,-0.031166122027871657,-0.027151364492710953
9233976611573,complex,4,0,1.0,0.050241113797957676,0,0,0.050241113797957676,0.025445553795408936,0.019844208663406238,-0.07267577660243951
923410213502,complex,1,0,0.0,0.10762186676898049,0,0,0.10762186676898049,0.036438345717433165,0.03852631146848602,0.011599965526018274
923193437295,complex,0,0,0.0,0.21228850191489276,0,0,0.21228850191489276,0.008029931797220266,0.009613623244697292,0.019472821557632095
923495956641,complex,1,1,1.0,-0.025136176030573408,0,1,-0.025136176030573408,-0.03319867501054216,-0.08317200889670347,-0.21140734795426544
923284381335,complex,3,0,1.0,0.008494452047153525,0,0,0.00015915005248917646,0.008494452047153525,-0.0035576066457398345,-0.0706927674743619
9241111815188,complex,4,0,0.0,0.30818478017920964,0,0,0.30818478017920964,-0.0013166538452905954,0.040289109095995396,0.24194972396573294
9234774610607,complex,2,1,2.0,0.10851466050966614,0,1,-0.06179336095501675,0.0974318888816023,0.10851466050966614,0.04321255620569886
9238189920512,complex,2,1,1.0,-0.001438458701754488,0,1,-0.0066416356064736455,-0.001438458701754488,-0.006641130840796431,-0.03206087554460048
9238896316659,complex,0,1,1.0,0.009324572892111804,0,1,-0.0008390328488435961,0.009324572892111804,-0.006915203547839012,-0.1065756810966543
923529847157,complex,4,0,1.0,-0.0010711673594280477,0,0,-0.009008880966994821,-0.0010711673594280477,-0.007960925968739468,-0.04145240903501339
9235869615263,complex,0,0,1.0,0.04992851426655527,0,0,0.04992851426655527,0.03333398491844184,0.025305319651771928,0.0012520967667735416
923775238432,complex,0,1,1.0,0.004787429615406947,0,1,-0.0005899960324464958,0.0033869076497260453,0.004787429615406947,-0.04603454127459418
900039993663,complex,0,1,1.0,0.06472243547881643,0,1,0.06472243547881643,-0.04648526524450974,-0.02846963782405601,-0.06954279150319545
9235277918295,complex,2,0,1.0,0.06909283467312553,0,0,0.06909283467312553,0.0072561205773193395,-0.02115148096721223,0.016632021002971648
923470681766,complex,3,1,1.0,0.037480001745049736,0,1,-0.06376017415637919,0.032716261356009683,0.037480001745049736,-0.04851174860928942
9240937716982,complex,0,1,1.0,0.013793358666100559,0,1,-0.022619899674060907,0.013793358666100559,0.0021462094708998743,-0.06159107324572483
9240869213373,complex,2,0,0.0,0.15075489133075437,0,0,0.15075489133075437,0.040887061181409876,0.12532798583218355,0.123249726479214
9233448118863,complex,1,1,1.0,0.045640073733792835,0,1,-0.006951162945949128,-0.0015393619447304809,0.007832508113509534,0.045640073733792835
9240259667,complex,2,0,0.0,0.2600940879323893,1,1,0.2600940879323893,0.001726319418058269,0.014152366395788481,0.003676544616314184
9241494120003,complex,1,1,0.0,0.11961587172430481,0,1,0.11961587172430481,-0.1331927363661901,-0.2260631370630191,-0.2914343432682238
9238448316690,complex,2,0,1.0,-0.05528908552473982,0,0,-0.05528908552473982,-0.07291166152747759,-0.11447272489377168,-0.12444523009689511
9239954820727,complex,2,0,1.0,0.07056320648218649,0,0,0.07056320648218649,0.026034055399650546,0.033273411881592496,0.050665876336489946
9234832910038,complex,4,1,1.0,0.06394724479243924,0,1,-0.038557974917589256,0.06394724479243924,0.0620788435841854,0.0087515212263828
924077777969,complex,2,0,0.0,0.22345993537026212,1,1,0.22345993537026212,0.043283887452564423,0.05139954771207293,0.042190121870417124
9239325220495,complex,1,0,0.0,0.2172149095112461,0,0,0.2172149095112461,0.020285544120558992,0.029586409931001267,0.003389593485152012
9240534619257,complex,2,0,1.0,0.03410857161699338,0,0,0.02040657951708998,0.03410857161699338,0.029457677421461898,-0.02209416870178938
923157029437,complex,1,0,1.0,0.03126491775460434,0,0,0.03126491775460434,-0.027422142671623895,-0.01784769819058345,-0.051658740511879284
923188395122,complex,1,1,1.0,-0.01621423379031134,0,1,-0.01621423379031134,-0.04340858177330886,-0.09327596309086904,-0.25436770898863076
9236256415103,complex,2,0,0.0,0.2441878779195221,0,0,0.2441878779195221,0.018957883311068454,0.02327147355361554,-0.011790763771074318
923651187564,complex,1,1,1.0,-0.000991481727071232,0,1,-0.000991481727071232,-0.29750459733445717,-0.4278843110358667,-0.5769346794783563
923618322799,complex,0,1,1.0,0.006921654446895006,0,1,-0.005098165691634984,0.00021105934611537203,0.006921654446895006,-0.010830211488485314
9235216313029,complex,3,1,1.0,-0.06744010478211339,0,1,-0.06744010478211339,-0.06859041078214952,-0.09787619459793248,-0.2529446479388463
9240859010663,complex,0,1,1.0,0.009877205035007046,0,1,-0.012306948193763125,0.009877205035007046,-0.010834093605324308,-0.12553506208402548
923245141791,complex,1,1,1.0,0.004079178255387835,0,1,0.003056377688668885,0.003989211123884933,0.004079178255387835,-0.04984280917188881
923502233876,complex,2,1,1.0,-0.009085976341859939,0,1,-0.018319243344699563,-0.009085976341859939,-0.04751895142707964,-0.16647153913880708
924130239959,complex,2,0,0.0,0.2495005544536681,1,1,0.2495005544536681,0.0002349342677274678,0.0037029861008214364,-0.04041557922027471
9236045715545,complex,4,1,1.0,-0.015823742556963914,0,1,-0.015823742556963914,-0.2012692583449265,-0.2909883470165855,-0.4036239016354471
923457094755,complex,3,1,1.0,0.00040934477230968394,0,1,0.00040934477230968394,-0.023796790078486445,-0.028440558399209802,-0.03590844811670352
9241213121168,complex,3,0,0.0,0.28719694260050055,1,1,0.28719694260050055,-0.01645107542998942,-0.013827813460006423,-0.04884790844442083
923594906123,complex,2,0,1.0,0.024153031083316703,0,0,0.007240502150516637,0.024153031083316703,0.018820096739576967,-0.03762849813720994
923513669971,complex,0,1,1.0,-0.02884004744606965,0,1,-0.02884004744606965,-0.21453330077826505,-0.26711090920134123,-0.3394595193479242
923447972573,complex,4,0,1.0,0.08780033484224552,0,0,0.0042193945991892065,0.004832068868718391,0.05002932048151959,0.08780033484224552
915922143833,complex,1,1,4.0,0.11793571542861625,0,1,-0.01754690985217914,0.025849912034715598,0.04781663850279114,0.11793571542861625
9235225419565,complex,1,0,1.0,0.06096766223362693,0,0,-0.00544963097548546,-0.005002751988760181,0.008911791565381775,0.06096766223362693
923528646636,complex,2,0,1.0,0.06548381488484736,0,0,0.06548381488484736,0.052067080359649645,0.04902100850988299,0.008506993753391645
923922402993,complex,1,0,0.0,0.30015954032897124,1,1,0.30015954032897124,-0.029831126164554054,-0.019296863877681616,0.0429378127658365
9000010734,complex,2,0,1.0,-0.00115557684034975,0,0,-0.027691919072747772,-0.00115557684034975,-0.030575738357671942,-0.11093326568498464
9239304510680,complex,1,1,1.0,-0.01732163272727613,0,1,-0.01732163272727613,-0.11446413491018922,-0.17253178129538185,-0.34013709660846214
923801191037,complex,1,1,1.0,0.016317922559289478,0,1,-0.005553943424207258,0.010391383256284893,0.016317922559289478,0.0028771612023162085
9241405910378,complex,1,1,1.0,0.022757526146410325,0,1,-0.02922460252968638,0.022757526146410325,0.00822018744419942,-0.047406314002310185
923520627655,complex,0,0,2.0,0.12138406796728096,0,0,0.11397100029978731,0.08221271953358317,0.12138406796728096,0.09969432288540134
9234650111716,complex,2,0,1.0,0.035185936599327644,0,0,0.035185936599327644,-0.06173681909325232,-0.060766070083660154,-0.13341716976168505
9237967316729,complex,3,0,1.0,0.04544761550634292,0,0,0.04544761550634292,-0.1713656971596076,-0.26690298370340326,-0.32905453329717427
92404605796,complex,3,0,0.0,0.15222136671903613,0,0,0.15222136671903613,0.025798992705094198,0.030409027010239634,0.040392912802780345
9234228419600,complex,1,1,1.0,-0.007310462396607896,0,1,-0.035169277410257896,-0.007310462396607896,-0.034248920873737806,-0.14563996151648712
9234101490,complex,2,0,1.0,-0.03415372281306028,0,0,-0.03415372281306028,-0.06950984312238474,-0.11541730123698735,-0.18721721579239786
923479592421,complex,1,1,1.0,0.0145444226238708,0,1,-0.0054483740378114855,0.0145444226238708,0.009852700703087355,-0.06627231552439111
9236900617675,complex,4,0,0.0,0.10438227009470094,0,0,0.10438227009470094,0.03749064486521081,0.03411829316242336,0.05452976401359817
923565115669,complex,3,1,4.0,0.11885722815309357,0,1,-0.032968099739485376,0.026130698171352898,0.054693310968982216,0.11885722815309357
923173328337,complex,0,1,1.0,-0.06577908885292998,0,1,-0.06577908885292998,-0.15328113637677288,-0.17315498668095813,-0.3220150228285431
923590923685,complex,1,0,1.0,0.06643924957436925,0,0,-0.0018898814871864747,0.06643924957436925,0.06504136673595612,0.0286902101940672
9231973814780,complex,4,0,0.0,0.10561735094861655,0,0,0.10561735094861655,-0.01767899435241859,0.017524678296745668,-0.013980690196201226
923613733651,complex,1,0,1.0,0.08427100357475598,0,0,0.08427100357475598,-0.046113023262097416,-0.0015211965038589466,0.04528818313987165
9234444013365,complex,0,0,1.0,0.020885498038589398,0,0,0.020885498038589398,-0.019933497092868374,-0.04170749207862023,-0.11454254879339451
923753127760,complex,0,1,1.0,0.013081384234510954,0,1,-0.004098015577661162,0.013081384234510954,-0.0076137412949167545,-0.1445496130175527
923474255198,complex,3,0,1.0,-0.004476051690439563,0,0,-0.08988643876601736,-0.004476051690439563,-0.028649843198071547,-0.07851389955407538
9237498620749,complex,0,1,1.0,0.019332318484434494,0,1,0.019332318484434494,-0.06538297599843405,-0.1000515139520915,-0.18790684088770665
923780886768,complex,3,0,1.0,0.02265876875601651,0,0,0.008749324513371688,-0.04602682692878697,-0.003122016345016909,0.02265876875601651
9235780514531,complex,0,0,0.0,0.30230005683974404,0,0,0.30230005683974404,-0.02015242380471001,0.02138775883972307,0.21628627950494775
923919376849,complex,1,1,1.0,-0.010193151575164067,0,1,-0.010193151575164067,-0.27857924526709144,-0.40841026483580184,-0.5551047130942315
923486136910,complex,4,0,1.0,-0.007867162081297889,0,0,-0.007867162081297889,-0.019480168959721197,-0.021762477118600125,-0.019588588114878673
9240588312018,complex,0,1,1.0,0.0029970068585608856,0,1,0.002267390182343638,0.0017762531729688877,0.0029970068585608856,-0.041985276428079164
9236686316159,complex,0,0,1.0,0.03928227876594286,0,0,0.03928227876594286,0.022276012587593527,0.015595183196505415,-0.002912841519580822
9236046216385,complex,4,1,1.0,-0.019641161378179388,0,1,-0.019641161378179388,-0.11199906878621174,-0.1836156242580542,-0.3203782437105771
9241280214948,complex,0,0,1.0,0.044180536984539165,0,0,-0.003452712402988896,0.0001266290052714461,0.011468811294492648,0.044180536984539165
9234993316548,complex,2,0,1.0,0.07711551864202135,0,0,0.07711551864202135,0.027765752363383665,0.03729567418097446,0.06838260148564654
924166411770,complex,4,1,4.0,0.12495188160778627,0,1,-0.010884809591969129,0.0324539349689267,0.05390864766382045,0.12495188160778627
923963007695,complex,3,0,4.0,0.12850665730149835,0,0,-0.026027882293030997,-0.0013660631091586394,0.02143908992518479,0.12850665730149835
923275278810,complex,2,1,1.0,0.019054531618388503,0,1,0.019054531618388503,-0.07423151255706664,-0.15687397389194013,-0.17486610997764823
923747077783,complex,4,1,1.0,0.08541734826285302,0,1,0.08541734826285302,0.02779187570323044,0.02256114131790238,-0.058481827833912245
923562896419,complex,4,1,1.0,0.04382458429383642,0,1,0.04382458429383642,-0.011237397799847441,-0.0055702731458895025,-0.021022937262178534
9236032211991,complex,0,0,1.0,0.07291664858395702,0,0,-0.009942112910594766,0.044659183020486465,0.05616707854180188,0.07291664858395702
9232014812231,complex,3,1,1.0,0.04584468377187468,0,1,-0.012599345486067545,0.031234073553838226,0.04584468377187468,0.036080733811645394
9233237212694,complex,3,1,1.0,0.0024291798111859605,0,1,-0.0051937362175545,0.0024291798111859605,0.00169271524497824,-0.05878761985972383
9235747710504,complex,3,1,1.0,0.030451221179628937,0,1,-0.024770888896998904,0.030451221179628937,0.02557578205087057,-0.043428129285345854
9235332016404,complex,3,1,1.0,0.010605956028066021,0,1,0.00757896554904239,-0.0024700466527912152,0.004394462531508929,0.010605956028066021
9231930218585,complex,0,1,1.0,0.010734056354850592,0,1,-0.005891638579628759,0.010734056354850592,-0.0024214783583038704,-0.0814860156280887
911597393468,complex,1,0,1.0,-0.07435586133707409,0,0,-0.07435586133707409,-0.08184606586965698,-0.10340546559997837,-0.11706062649561386
9236479419370,complex,1,1,1.0,-0.025162928581681357,0,1,-0.025162928581681357,-0.15959614662272353,-0.25073178898896104,-0.42412993895373646
9240837611886,complex,3,1,1.0,0.007212338265558969,0,1,-0.01603604882760514,0.002968837323448074,0.007212338265558969,-0.017225819042751292
9234978721044,complex,4,0,1.0,0.027752341112130673,0,0,0.021524807858775172,0.027752341112130673,0.022201389185227533,0.0007009254953443261
9240519718974,complex,4,0,0.0,0.20948931541169755,0,0,0.20948931541169755,0.03404895077701139,0.0429968632987268,0.027386314784332705
9233737921370,complex,4,1,1.0,0.0476256809534576,0,1,0.0476256809534576,-0.25733938880346074,-0.34223316694861416,-0.48284945950535924
923933966375,complex,1,0,1.0,0.04103831489440401,0,0,0.04103831489440401,0.03460019163302287,0.034420886449982854,-0.018788289729347735
923550093543,complex,1,1,1.0,-0.045275061549996096,0,1,-0.045275061549996096,-0.08459295425386015,-0.13660616281624627,-0.21352806285668546
924113986839,complex,4,1,1.0,0.007469878876977126,0,1,-0.024072971525335017,0.007469878876977126,0.006441136298510498,-0.03309464229929654
923474962527,complex,2,1,1.0,0.00390462461422951,0,1,0.00390462461422951,-0.01621253154604285,-0.036037007915474734,-0.12126404726163996
9235370213587,complex,1,1,1.0,-0.03175598747130323,0,1,-0.04253490212662846,-0.03175598747130323,-0.05210536588155977,-0.19060383105939555
9234798016153,complex,2,1,1.0,0.04018488227979618,0,1,-0.055546646628246196,0.04018488227979618,0.02931778703761281,-0.02226999969309057
923779988921,complex,3,0,0.0,0.16275870203250403,0,0,0.16275870203250403,0.02480191684875494,0.030492665127768333,0.037548106029930015
9234684721302,complex,3,1,1.0,0.0004665750068493287,0,1,-0.0198255287290022,0.0004665750068493287,-0.03231317585258093,-0.14218647635603035
924060186827,complex,3,0,1.0,0.02451885720044538,0,0,-0.007368941188405691,0.01945631872549844,0.02451885720044538,0.02319135554006914
9237020119164,complex,2,0,1.0,0.031162048948887598,0,0,0.031162048948887598,0.026734510709399095,0.01583875277932081,-0.0647719336054849
9241037717865,complex,4,1,1.0,0.004288829619971585,0,1,0.004288829619971585,-0.003048739147849887,-0.0005198725801535409,-0.044544064179505655
9241464011579,complex,3,1,1.0,-0.034278832111470196,0,1,-0.045431995640689504,-0.034278832111470196,-0.09884256182864382,-0.26401198024883277
9237293415504,complex,4,0,1.0,-0.038171490896959655,0,0,-0.038171490896959655,-0.14268280186260585,-0.14252507742991202,-0.17354148727539082
9231735010669,complex,4,0,0.0,0.15650836468891907,0,0,0.15650836468891907,0.03825859296345218,0.03108958677328619,0.005045814339521296
923605873183,complex,1,1,1.0,0.00469974033698721,0,1,0.00469974033698721,-0.0003093887590602702,8.685013776543737e-05,-0.04171214812293288
9241148814839,complex,0,0,4.0,0.19298541872541627,0,0,0.14453886395442253,0.13306228051972369,0.10217353610677687,0.19298541872541627
9234997614639,complex,4,1,1.0,-0.002782243024204198,0,1,-0.002782243024204198,-0.21521676251462793,-0.31356038822633997,-0.48779057772994144
923475526308,complex,0,1,1.0,-0.0022262689960830216,0,1,-0.0022262689960830216,-0.23490753488683325,-0.3349298987111421,-0.49371475862615044
9241785211500,complex,1,1,1.0,-0.007378392931769815,0,1,-0.012017249435353317,-0.007378392931769815,-0.030928941236991647,-0.13835645228167082
92398848919,complex,4,1,1.0,0.03588664145958198,0,1,-0.02475555732815944,0.03588664145958198,0.03215722255314056,-0.005853107354589479
923324084403,complex,3,0,1.0,0.019988641093534217,0,0,-0.005959163814648231,0.019988641093534217,0.01006984318080139,-0.05988455285054537
9241194313764,complex,4,1,1.0,0.001820329298931958,0,1,0.001820329298931958,-0.3430325424690266,-0.45260822267684164,-0.529250746717649
9237480512840,complex,2,1,1.0,0.004344937351619865,0,1,0.004344937351619865,0.0025776761323770374,0.0010423172405376428,-0.0443157120026087
9238197318238,complex,1,1,1.0,0.014983584441043096,0,1,-0.013490560735643302,0.014983584441043096,0.011355723985878075,-0.03103889233431565
923660149511,complex,0,0,0.0,0.30875302308941216,1,1,0.30875302308941216,-0.035784967823468766,-0.02338822923382184,0.039219269381849595
924012171440,complex,2,0,0.0,0.1934157740651721,0,0,0.1934157740651721,0.02475249002011327,0.03362794466979306,-0.030172367416888585
901504195087,complex,2,0,0.0,0.13332100584214734,0,0,0.13332100584214734,0.028345598216999817,0.0703407785010147,0.04857357487840734
9235068321310,complex,3,1,1.0,0.004056289436992055,0,1,-0.0010952921206358948,0.0006362531772682849,0.004056289436992055,-0.02083474408956537
923652879661,complex,2,1,1.0,0.007625601272285631,0,1,-0.002935869988743057,0.007625601272285631,0.006971947690528026,-0.028455730090121104
9240413013236,complex,2,0,1.0,-0.04530183529717498,0,0,-0.04530183529717498,-0.07170208236638954,-0.13823413885451757,-0.24460828374120214
923428126779,complex,4,0,0.0,0.13100688977233976,0,0,0.13100688977233976,0.006533584618185213,0.04473839299930474,0.012563904224970945
9235243817648,complex,0,1,0.0,0.24638965563872092,0,1,0.24638965563872092,0.005193008055237938,0.016948657464276047,-0.00047634884886935125
9239132817986,complex,4,0,1.0,0.09358864475452973,0,0,-0.0017131445749977436,0.046413861939583835,0.05856119419071436,0.09358864475452973
923369778479,complex,0,1,1.0,0.002205914904898524,0,1,-0.0108696508045138,0.002205914904898524,-0.027426198515243406,-0.12926632938615595
923535172975,complex,3,0,0.0,0.32884409395524133,0,0,0.32884409395524133,-0.0395813206257205,-0.0341678947384372,-0.05647431967027733
923462498519,complex,1,1,1.0,0.09269233478358536,0,1,0.09269233478358536,0.039152145532250535,0.04047956931391837,0.00021483992261675522
92416206981,complex,3,0,1.0,0.03516033084408101,0,0,0.023212437381952056,0.033782585120607875,0.03516033084408101,-0.02182980739840508
9237868919846,complex,3,1,1.0,0.050164835238417554,0,1,-0.024694289965926708,0.050164835238417554,0.032499637639818016,-0.0242129131601993
923538163148,complex,4,0,1.0,0.061096294124834374,0,0,0.006963592983786716,0.03510821030258054,0.05111218129888505,0.061096294124834374
9232998913308,complex,4,1,1.0,0.015244839108440426,0,1,0.013554685828391044,0.015244839108440426,0.010069216091621484,0.009711959963787362
924168392781,complex,0,1,1.0,0.03250023228227045,0,1,-0.005389197815530138,-0.00386941791109692,0.007381679529426401,0.03250023228227045
9240121518638,complex,4,0,1.0,0.041687863979860795,0,0,0.03252282385249935,0.041687863979860795,0.03493312470031075,-0.010534717198771956
9239108410700,complex,2,1,1.0,0.018594958761214555,0,1,-0.03718587329878571,-0.02264982554494609,0.018594958761214555,-0.07753012279485366
9238588614227,complex,4,1,1.0,-0.005246803449994279,0,1,-0.005246803449994279,-0.20774027851058782,-0.29308670803812403,-0.4473679422935741
923602988341,complex,3,0,1.0,0.014817742654194173,0,0,0.014817742654194173,-0.15739642444461618,-0.2623774633331301,-0.38456353763348156
9240540112976,complex,1,0,0.0,0.2428982337292091,0,0,0.2428982337292091,-0.004211240825471616,0.005330480572542918,0.06395427958186062
924094999140,complex,1,1,1.0,-0.008247620230279626,0,1,-0.008247620230279626,-0.23169977440946138,-0.3018585028717588,-0.36215274585084184
923885452465,complex,1,1,1.0,0.005269317777706534,0,1,-3.2386850345889756e-05,-0.002402609149607441,0.00436336903132014,0.005269317777706534
923258931041,complex,0,1,1.0,-0.04860764313301115,0,1,-0.04860764313301115,-0.16712564346128922,-0.15141880895709708,-0.16502904252035455
923281406453,complex,3,0,1.0,0.024738857564459094,0,0,0.009725866707460068,0.024738857564459094,0.02049876792880788,-0.0394949145077419
923340027080,complex,4,0,1.0,-0.003740159172776744,0,0,-0.04824966452894335,-0.12041973527379216,-0.06326620356055174,-0.003740159172776744
9234603511647,complex,2,1,1.0,0.01776096949858663,0,1,-0.005678214857063855,0.01776096949858663,0.009216967013262325,-0.052155478926991176
923659644263,complex,3,0,1.0,0.05563669857341335,0,0,0.014917060064426916,0.0446213011271743,0.05563669857341335,-0.007049878213355926
923767406081,complex,2,1,1.0,0.03849599174705438,0,1,0.03849599174705438,0.03619012756872081,0.03303244555115056,-0.02073708511637777
923178836530,complex,4,1,4.0,0.13613021217859644,0,1,-0.009959180247267413,0.01736721169059096,0.041846497775057764,0.13613021217859644
9236863921122,complex,3,1,1.0,0.019743012287226046,0,1,-0.023812591287238595,0.014151666644843826,0.019743012287226046,0.004575001992004446
923424618551,complex,0,0,1.0,-0.016493565900096638,0,0,-0.04202619170089979,-0.016493565900096638,-0.07777830461667404,-0.09324134441924306
9234827512699,complex,2,1,1.0,0.08977083598205512,0,1,-0.0418449491244903,0.08117068024783251,0.08977083598205512,0.06831159174113582
923462966328,complex,4,0,0.0,0.13844105374163881,0,0,0.13844105374163881,0.036312728141095894,0.04697759955769487,0.0054020652224255755
9231857617780,complex,2,1,1.0,0.09054736486268938,0,1,-0.025164251245730077,0.03474668658780608,0.057305398623366394,0.09054736486268938
924052068156,complex,3,0,0.0,0.12029542966749253,0,0,0.12029542966749253,-0.02177792501352699,0.02228672170846368,0.030486755740070037
923891634215,complex,1,1,1.0,0.021929185591424195,0,1,-0.016936676272566904,0.021929185591424195,0.013624884010257663,-0.03281804565627225
9238376918766,complex,3,0,4.0,0.14986171013687383,1,1,0.05904414103618176,0.06306943619181342,0.08874584406607175,0.14986171013687383
923569428783,complex,1,0,1.0,0.025331394794655227,0,0,0.006452213552069458,0.025331394794655227,0.023528057687497553,-0.049656780681191726
9234911614890,complex,3,1,1.0,0.00692774488668858,0,1,0.00692774488668858,-0.008265480301006134,-0.010449911891784465,-0.004055856120798201
9232795114988,complex,3,1,1.0,0.0035866556217482946,0,1,-0.013696370125045335,0.0035866556217482946,-0.02833750664671899,-0.18201081300546582
92395869406,complex,2,1,1.0,0.024101186442863392,0,1,-0.011075443008854224,0.024101186442863392,0.009235279429004716,-0.09135377390348841
9234935120992,complex,2,0,1.0,0.03795056408086474,0,0,0.014920671498702777,0.03795056408086474,0.032888255955266954,-0.024707699788717986
923260795502,complex,4,1,1.0,0.004350351640172809,0,1,-0.00629995173910361,-0.00038854525628181577,0.004350351640172809,-0.027044810289403462
9237824014615,complex,1,0,1.0,0.02107723909439739,0,0,0.02107723909439739,-0.06909205722662395,-0.07241111994618504,-0.26661828148276523
9233382416692,complex,0,1,1.0,-0.0063837309683442475,0,1,-0.014646023660024637,-0.0063837309683442475,-0.04194785210442399,-0.18433673531520015
9238308319663,complex,0,1,1.0,0.02535078766096352,0,1,-0.005042854267207044,0.010715405153831958,0.01598532984863943,0.02535078766096352
923288563367,complex,4,1,1.0,-0.009198971744310239,0,1,-0.009198971744310239,-0.20931357995305222,-0.30290396212222964,-0.43605758043202136
9233241821132,complex,0,0,0.0,0.10953322793848626,0,0,0.10953322793848626,0.03145336636385165,0.024478709033701945,-0.0016058640511142364
923634447281,complex,2,0,1.0,0.0011324847408015308,0,0,0.0011324847408015308,-0.23755918249536423,-0.32119121736025896,-0.4028418444237991
924025816649,complex,3,1,4.0,0.12188382281660198,0,1,-0.02948190222327833,0.051610256356896506,0.07492106442060864,0.12188382281660198
9232807319472,complex,0,0,1.0,-0.006412399107553604,0,0,-0.10285153039111448,-0.006412399107553604,-0.03635923913193003,-0.0811238903158874
9235272415892,complex,4,1,1.0,0.07943454148631886,0,1,-0.04517188133609918,0.046120006870777726,0.06535842436619564,0.07943454148631886
923424767985,complex,2,0,0.0,0.17285348301799142,0,0,0.17285348301799142,0.036624490418409705,0.036944603422853786,0.010590700631040922
9236065216366,complex,3,1,1.0,0.035924297136386715,0,1,0.035924297136386715,-0.03449505951933,-0.05953016908349841,-0.09900368392200222
9240695020719,complex,1,1,1.0,0.01486554865163196,0,1,-0.015592515979298366,0.01486554865163196,-0.007059296463572274,-0.11702534048257944
923629855645,complex,0,1,1.0,0.03636651702410798,0,1,0.023292851925212753,0.03636651702410798,0.027929915937153008,-0.031167715229573838
900011281526,complex,2,1,1.0,-0.019660912184713716,0,1,-0.025755128824361057,-0.019660912184713716,-0.05106637859724106,-0.1792663488096508
9240234710174,complex,2,1,1.0,0.0027424694972942934,0,1,-0.004584390930502967,0.0027424694972942934,-0.0016684996231204306,-0.02436485779544064
923675763219,complex,3,0,4.0,0.12965902800308116,0,0,0.017148093072187728,0.0445089693831059,0.09672635145672778,0.12965902800308116
923505561476,complex,0,1,1.0,-0.062185140839624425,0,1,-0.062185140839624425,-0.16265428448770847,-0.18453844853924478,-0.2577411596826206
923643095148,complex,3,1,1.0,0.005642970533451183,0,1,0.004717281574930097,-0.0021486217652167666,0.00431101862506434,0.005642970533451183
9237708915731,complex,2,1,1.0,0.01420567627797686,0,1,-0.007132475446266166,0.01420567627797686,0.006645626343498728,-0.055935312503479356
9235165013971,complex,4,0,0.0,0.237101952266559,0,0,0.237101952266559,0.01891570717913439,0.016213477837114614,-0.007523470924329159
92398729226,complex,4,0,0.0,0.10540075667396598,0,0,0.10540075667396598,0.04269060332026265,0.03934913472947893,0.016406914670851716
9238626513621,complex,4,1,1.0,-0.005058691069151848,0,1,-0.005058691069151848,-0.2590225941880452,-0.3573571666650239,-0.5188236788598481
9235236912446,complex,1,0,1.0,0.07653293982018639,0,0,0.07653293982018639,0.019501086116585655,-0.0026327707746613173,-0.011597251023620483
9238664812397,complex,0,1,1.0,-0.020093740799463227,0,1,-0.020093740799463227,-0.25884345144615856,-0.35904521209317375,-0.4921786813104154
9238366615303,complex,4,1,1.0,0.03176488188671299,0,1,0.021420819759503842,0.03176488188671299,0.021841558173532272,-0.022539889745218138
923221059518,complex,0,1,1.0,-0.014911589971777096,0,1,-0.014911589971777096,-0.0478456326083844,-0.10163157593630104,-0.2329545109126734
9233746917814,complex,0,0,1.0,0.08550168193406879,0,0,-0.0583058188936737,-0.03875427879490646,-0.0035582882046146166,0.08550168193406879
9240252511798,complex,0,1,1.0,0.020750182857812334,0,1,-0.01921863742631973,0.01666295956040001,0.020750182857812334,0.002573143580192311
923503693163,complex,4,0,1.0,0.043477064233553006,0,0,-0.033194358153900386,-0.0706101198722694,-0.05808410559940541,0.043477064233553006
923601419618,complex,1,1,1.0,0.013061915845315207,0,1,-0.011558686391687528,0.013061915845315207,9.949369370630678e-05,-0.08667877113940682
923705366928,complex,4,0,1.0,0.0025431235966574123,0,0,-0.025611678411962123,0.0025431235966574123,-0.038029719078971284,-0.17531420872784198
9234862311001,complex,3,1,1.0,0.015210877283936495,0,1,-0.024257537595841136,0.015210877283936495,0.003053912242567479,-0.08987539773454484
923660287339,complex,4,1,1.0,0.02854777642479908,0,1,-0.022550375707173137,0.02854777642479908,0.024407255857096178,-0.0885022683321436
9236653817213,complex,4,1,1.0,-0.006341098330022998,0,1,-0.006341098330022998,-0.30733158060167465,-0.4119012062671286,-0.5073532760553628
9238114620984,complex,0,1,1.0,-0.016565167859388944,0,1,-0.016565167859388944,-0.0487462203671487,-0.10274631652121943,-0.2515537401976671
92391858773,complex,1,1,1.0,-0.0018743783171327952,0,1,-0.010367469221150921,-0.0018743783171327952,-0.015459530838205927,-0.08529295344571294
923626443010,complex,3,1,1.0,0.024544215095434373,0,1,0.024544215095434373,0.018413096149067415,0.013929798159491975,-0.02327684933378183
923993654140,complex,3,1,1.0,-0.006119298711778777,0,1,-0.006119298711778777,-0.08272693939245622,-0.16670565614022098,-0.3495577560749748
9239294113833,complex,0,1,1.0,-0.02268253488921827,0,1,-0.02268253488921827,-0.025032726730194667,-0.05891830686088483,-0.15080422280716146
923475226772,complex,3,1,1.0,-0.009127322027172181,0,1,-0.009127322027172181,-0.1585002124115217,-0.2663023883682024,-0.35972278108808486
9237973118572,complex,3,0,4.0,0.12783679873773102,0,0,0.08898381118652147,0.06285529045450404,0.0822968267095811,0.12783679873773102
9235246217096,complex,3,1,1.0,0.012731172520168754,0,1,-0.007076758846397125,0.0015749723378383745,0.008614399314487535,0.012731172520168754
9236147120837,complex,1,1,1.0,-0.01663691898823705,0,1,-0.01663691898823705,-0.193351729418628,-0.2980673991172333,-0.45237153536710184
9237264318142,complex,1,1,1.0,-0.03773405361656513,0,1,-0.03773405361656513,-0.06865578705515683,-0.0632557877286924,-0.1874354718492855
9233388516602,complex,1,0,1.0,0.014344896057767235,0,0,-0.027245789457932705,0.014344896057767235,-0.0010329416025245328,-0.04938432755632382
9240514119382,complex,4,0,1.0,0.012606279863920572,0,0,0.012606279863920572,-0.021741113997968103,-0.09552367476742554,-0.10492747614780716
9237219012303,complex,2,1,1.0,0.013401987892064777,0,1,-0.012551287847670293,0.013401987892064777,0.012851254300468993,-0.014477878170447739
9235082617474,complex,2,1,1.0,0.061242366494683745,0,1,-0.06172973015536526,0.03152356074088389,0.061242366494683745,-0.035611068056642214
923567935930,complex,2,0,1.0,-0.0064223073690292225,0,0,-0.010439013878566692,-0.0064223073690292225,-0.045362813687551615,-0.1940287841129949
9237230417760,complex,1,1,1.0,0.01562747588992822,0,1,-0.018429881647086983,0.01562747588992822,-0.002627445763911003,-0.09259769780645362
9236259414690,complex,4,1,1.0,-0.028311245532428315,0,1,-0.028311245532428315,-0.07731390269067581,-0.13715217020231357,-0.2763206185902519
923368126460,complex,4,0,0.0,0.15935371230601011,0,0,0.15935371230601011,0.03992088063996869,0.037884678555429,-0.014022920254683408
9238962021275,complex,3,1,1.0,0.007233218718533453,0,1,-0.013289244125191578,0.007233218718533453,-0.016009311304100663,-0.11470355128325774
9232143613980,complex,4,1,1.0,-0.020533502174272113,0,1,-0.020533502174272113,-0.19271266919810487,-0.27948840158371063,-0.38387848800936575
923205052821,complex,2,0,1.0,-0.00746792731391439,0,0,-0.00746792731391439,-0.20560401944892476,-0.23048134230328782,-0.27481100853459844
9241412813505,complex,2,0,2.0,0.14133942204085462,0,0,-0.024659809415559213,0.12692310353571618,0.14133942204085462,0.11271330686312042
923740216684,complex,0,0,1.0,0.07841907176105875,0,0,0.0036887315635383937,0.052469661406223694,0.06725492804863498,0.07841907176105875
92366487810,complex,1,1,4.0,0.12193875511059626,0,1,-0.01934301708202018,0.022364843881544975,0.03908649669667277,0.12193875511059626
923328755014,complex,4,1,1.0,0.004153316329434217,0,1,0.004153316329434217,0.0007508789598565449,0.0010133591744480447,-0.0482321616867305
92344734244,complex,3,1,1.0,-0.029100028465157246,0,1,-0.029100028465157246,-0.046302716595869695,-0.11091052763576201,-0.276523695348237
923732569613,complex,3,0,0.0,0.21387792527809174,0,0,0.21387792527809174,0.018811178262650163,0.029454910697165555,0.024072209470608175
9233913213949,complex,3,0,1.0,0.06827670728239496,0,0,0.06827670728239496,0.028685408825690747,0.02895890815565514,0.0226586605737788
9238554220888,complex,3,0,0.0,0.11379517892913271,0,0,0.11379517892913271,-0.01820593021644268,0.03196135349392842,0.024052443650926056
923752787591,complex,0,0,0.0,0.11100791111994651,0,0,0.11100791111994651,0.04362409430843933,0.03867058563757079,-0.018685595863121143
9236022715595,complex,2,0,1.0,0.06517108188402244,0,0,-0.0553671732379796,0.029846228713161675,0.06517108188402244,-0.03293011334931868
9237158215619,complex,2,0,0.0,0.1314544532882494,0,0,0.1314544532882494,0.03369015850911265,0.08705557062186005,0.07270982399172399
923181328771,complex,3,0,1.0,0.044357873756451116,0,0,0.02573158677414046,0.04232729896502667,0.04433043133356041,0.044357873756451116
923440288320,complex,4,1,1.0,-0.0219184217281589,0,1,-0.0219184217281589,-0.055431948913089335,-0.04669247294475824,-0.1754382251315859
924145869201,complex,4,0,0.0,0.14375607377749186,0,0,0.14375607377749186,0.002468677005443898,-0.2396296552593074,-0.2934918309500969
923984559811,complex,3,1,1.0,0.06973078121169593,0,1,0.06973078121169593,0.028559765292089874,0.02829606816102711,0.01697115995717119
9239687418539,complex,0,0,4.0,0.10713107789534812,0,0,0.07155418069604938,0.05353678441310096,0.0693770755315147,0.10713107789534812
923527257277,complex,3,0,1.0,-0.012863850413484874,0,0,-0.012863850413484874,-0.02301052167873083,-0.0739076400263899,-0.20055975106475546
923846389992,complex,4,0,1.0,0.050427371546672296,0,0,0.050427371546672296,0.009089226621945341,0.05024727820929051,0.02435308656753689
923999131902,complex,2,0,1.0,0.08522472918890484,0,0,-0.015061233285611871,-0.00498970682623678,0.01527452294149308,0.08522472918890484
9240716218924,complex,3,1,1.0,0.0011569889523264307,0,1,-0.003355039409836051,-0.0003134640339444456,0.0011569889523264307,-0.04453573631439433
924175863813,complex,2,0,0.0,0.3818755821757566,0,0,0.3818755821757566,-0.0664570532198808,-0.05109272217437201,0.043311605005842024
923918111973,complex,0,0,1.0,-0.027138921399916634,0,0,-0.027138921399916634,-0.10988036270023684,-0.17205923538730133,-0.24928738241309886
9235820811546,complex,3,1,1.0,-0.007224047352755886,0,1,-0.022189987621915548,-0.007224047352755886,-0.03481187928982267,-0.1708556101554482
923654796027,complex,3,1,1.0,-0.021016872706166576,0,1,-0.06332894807092371,-0.021016872706166576,-0.032640687368867806,-0.20112382439309426
9241195118180,complex,3,1,1.0,0.05009957916975781,0,1,-0.005308517393140186,0.001910297261474363,0.012671893710638413,0.05009957916975781
92409571362,complex,4,1,1.0,0.004543739288912239,0,1,-0.005016266777193891,0.004543739288912239,-0.0018076919329335604,-0.08341251856252907
924004162787,complex,4,0,1.0,0.01954105976865196,0,0,-0.005598651577256003,-0.015211389912438672,-0.015473807877573683,0.01954105976865196
9239341413644,complex,2,0,1.0,0.049429366781117715,0,0,0.049429366781117715,0.03086315205651066,0.0314124683089909,0.01750589047552195
9236581912970,complex,1,1,1.0,0.027943981232380493,0,1,-0.027602426128850686,0.027943981232380493,0.018437039593795817,-0.01651741235299621
9237558414075,complex,3,0,1.0,0.09864406209498974,0,0,0.04033850376774948,-0.03504976919333004,-0.032280561292688685,0.09864406209498974
923220825842,complex,3,1,1.0,0.013658886540774887,0,1,-0.024649242600950493,0.013658886540774887,-0.0071957890715808465,-0.11243863904930478
9237759017686,complex,3,0,1.0,-0.009466285176905134,0,0,-0.07209667499174809,-0.05173356931477538,-0.044851336831247195,-0.009466285176905134
9232848716610,complex,1,1,1.0,-0.006818920197270383,0,1,-0.01354233176940256,-0.006818920197270383,-0.043309347402409534,-0.2022053265839449
9234455610731,complex,2,0,4.0,0.11737056092586101,0,0,0.05113104051428159,0.04470871854415981,0.06819416970256632,0.11737056092586101
923158144937,complex,4,1,1.0,0.0019227289549525114,0,1,0.0019227289549525114,-0.025949270608417188,-0.032841209850321545,-0.05904980595940115
9232597313958,complex,2,1,1.0,0.042815556991977255,0,1,-0.007975642464761245,-0.004253353879386062,0.009179207108127505,0.042815556991977255
9235776810730,complex,2,0,1.0,0.01740708660836725,0,0,-0.020172279476538105,0.01740708660836725,-0.003470531850829923,-0.09401243444628637
923637919651,complex,2,0,1.0,-0.01141470999405625,0,0,-0.018181094619697424,-0.01141470999405625,-0.054860904647174635,-0.1841204104799085
9235425019944,complex,3,1,1.0,0.007741988065007033,0,1,0.004361672216984615,-0.0026465877124729736,0.004101426904602929,0.007741988065007033
923398823868,complex,4,1,1.0,0.02552667318035931,0,1,-0.01022962568501392,-0.001024991556424222,0.010508545673408056,0.02552667318035931
923893626430,complex,2,1,1.0,0.010725449101553625,0,1,-0.03428359282664267,0.010725449101553625,-0.013050482996290844,-0.10445441481775913
9234509613158,complex,3,1,4.0,0.10003240335851571,0,1,-0.004030118704580796,0.022536754422259837,0.0466505207006002,0.10003240335851571
9235422212050,complex,1,1,1.0,0.016936675199570202,0,1,-0.01061501100031742,0.016936675199570202,0.008143531511348518,-0.0756523523340675
9235936910487,complex,4,1,1.0,-0.0010642679202896438,0,1,-0.02365919520851617,-0.0010642679202896438,-0.004884838756803466,-0.035060276317758
923723358251,complex,0,0,4.0,0.1637472230745959,0,0,0.08711007643585832,-0.0746713409940623,-0.003937934450571161,0.1637472230745959
923650538920,complex,1,1,1.0,0.017211266487848303,0,1,-0.008868852788061377,0.017211266487848303,0.010038537851186833,-0.06429168398721835
923251991731,complex,2,0,0.0,0.3606360085069301,0,0,0.3606360085069301,-0.06208787061100354,-0.02091941301520042,0.013719517734881309
923424442360,complex,4,1,1.0,-0.025601360642217692,0,1,-0.025601360642217692,-0.14525288192110128,-0.21950771243312134,-0.30641335909085105
923932002356,complex,4,0,1.0,0.021105290783629875,0,0,0.021105290783629875,-0.13093144089033842,-0.18991383683010074,-0.2837634653432014
9235507018531,complex,4,1,1.0,0.04705582822848804,0,1,0.011087815255336763,0.03658499120717345,0.04705582822848804,-0.0028707854092870216
9233859712635,complex,3,0,2.0,0.15721701559413936,0,0,0.071563859883153,0.12049536099901138,0.15721701559413936,0.11785716747557398
9236654221170,complex,2,0,0.0,0.2009021699455208,1,1,0.2009021699455208,0.02609842741610176,0.026454359163120455,0.0030070426838352954
9235623419276,complex,3,1,1.0,-0.01919306681831668,0,1,-0.03778188901127394,-0.01919306681831668,-0.04448838042680639,-0.1461438968268993
923580155766,complex,0,0,1.0,-0.015500745740801902,0,0,-0.06135445610137073,-0.022918288331949727,-0.015500745740801902,-0.07946102159224883
9234861110674,complex,4,0,1.0,0.02404367628151053,0,0,0.02404367628151053,-0.12281310985131672,-0.22700119920902026,-0.23831018119666242
923259683688,complex,1,1,1.0,0.002073086679472473,0,1,0.002073086679472473,-0.012596267280959621,-0.053589876917500195,-0.26928453144843845
923444813053,complex,4,0,1.0,-0.005134736231032992,0,0,-0.005134736231032992,-0.10152136293319677,-0.11155709225761822,-0.157167641195252
9115983320056,complex,0,1,1.0,0.006641491113306551,0,1,-0.00037765279738524726,0.006641491113306551,0.004210616618531872,-0.06603505541869617
9236614714779,complex,0,1,4.0,0.11792173130384517,0,1,-0.024231913518566548,0.008075069822603163,0.03462229544298547,0.11792173130384517
915930085732,complex,3,0,4.0,0.1565328759755097,0,0,0.09583507542992138,0.05557562361809863,0.07742459275938501,0.1565328759755097
9234737818223,complex,1,0,0.0,0.1535406572815451,0,0,0.1535406572815451,0.017105996471658922,0.028801703268893485,0.020940999234791743
923344467943,complex,4,1,4.0,0.1585094944930932,0,1,-0.03486166687294829,0.03862402142335956,0.06608012717999051,0.1585094944930932
9239666318085,complex,1,0,4.0,0.22190808462471567,1,1,0.16710182468817214,0.03235348831843171,0.07364571745948617,0.22190808462471567
9115927317778,complex,2,0,1.0,0.04980762883084848,0,0,-0.004396919135842236,0.04628759341266833,0.04980762883084848,-0.03964225150174994
923675605932,complex,4,1,1.0,0.009261681150677856,0,1,-0.017497380934280604,0.0033611814342412345,0.009261681150677856,-0.01075251129087812
9239938913223,complex,0,1,1.0,0.0015845261901954004,0,1,0.0015845261901954004,-0.009659016129517188,-0.03391501528160432,-0.17555196810278315
923627683483,complex,0,0,1.0,-0.017950354143797923,0,0,-0.017950354143797923,-0.0300526836126197,-0.06811739695351832,-0.1324401109550052
923178032660,complex,3,1,1.0,-0.019468038374622784,0,1,-0.019468038374622784,-0.26128221646119293,-0.40907803044657876,-0.537246726832751
9238821217344,complex,3,1,1.0,0.06953683132194866,0,1,0.002741195093969532,0.01756447769630398,0.03732860061694152,0.06953683132194866
9234092511021,complex,1,1,1.0,0.007221838597242857,0,1,-0.006806024787579579,0.007221838597242857,-0.006692639745325194,-0.11021193379029437
923554147310,complex,0,0,1.0,0.011231881304053738,0,0,0.011231881304053738,-0.10696339541505984,-0.15289469222853644,-0.2364850371837481
924049621988,complex,1,1,1.0,-0.015279868992907605,0,1,-0.015279868992907605,-0.1655963467441962,-0.26144942246552555,-0.4342108382901359
9239665816260,complex,1,1,1.0,-0.016569347898114976,0,1,-0.016569347898114976,-0.07166276228748904,-0.13064733172898815,-0.2936584677918703
900046283816,complex,2,1,1.0,-0.003882731250362953,0,1,-0.016144084576070795,-0.003882731250362953,-0.036307438275414404,-0.14914767574396415
923474174162,complex,4,1,4.0,0.11181736899451013,0,1,-0.01643659295547198,0.023806744229773864,0.046124030083572784,0.11181736899451013
924124716559,complex,2,0,0.0,0.1870972084971924,0,0,0.1870972084971924,0.0217534527452428,0.06047794990842868,0.169942616679695
923770987146,complex,4,1,4.0,0.12566377214238494,0,1,-0.03220414330450581,0.0392169627499384,0.06149671195698943,0.12566377214238494
92346836512,complex,0,0,1.0,0.015120005105304701,0,0,-0.04707785582581586,-0.03974126524342585,0.000491613353945479,0.015120005105304701
9236196618483,complex,2,1,4.0,0.11214447260758187,0,1,-0.0025730869073994946,-0.002948295043092238,0.026043748187624307,0.11214447260758187
9238483414934,complex,3,0,0.0,0.16176663993103607,0,0,0.16176663993103607,0.008176397412613308,0.03377993072538125,0.02755289821818191
9240850020193,complex,0,0,1.0,0.06015501331430542,0,0,-0.00013636489718467024,0.02925977221086591,0.03953028213108436,0.06015501331430542
923530288019,complex,1,0,1.0,0.015115470061893382,0,0,-0.006200854627968436,0.015115470061893382,0.00875696528516343,-0.03892174615141825
9235562513288,complex,1,0,1.0,-0.006736645029358796,0,0,-0.009842498896485682,-0.006736645029358796,-0.02547649703825675,-0.10761993817709037
9239769021225,complex,4,1,1.0,0.06184519754246161,0,1,-0.02283048166904112,0.008223843033709311,0.024132246140320047,0.06184519754246161
9233526019021,complex,2,0,1.0,-0.03002846086059355,0,0,-0.03121228806001419,-0.03002846086059355,-0.052367394495626426,-0.14830925583239407
9234588714449,complex,4,0,1.0,0.04406932988808012,0,0,0.04371125104725878,0.04406932988808012,0.03596406776552766,-0.014538193818841881
923823551046,complex,4,0,4.0,0.16163728453070747,0,0,0.03951763090048317,0.014818836221820904,0.062350061914559454,0.16163728453070747
9237213712809,complex,2,1,4.0,0.8435301245024613,0,1,0.15779880262519988,0.07948570936153128,0.30181798395422477,0.8435301245024613
9234442816062,complex,3,1,1.0,0.005290374775660538,0,1,-0.0018234836312481795,0.005290374775660538,0.004952969808506926,-0.038342655721376497
9234987411698,complex,3,1,1.0,-0.0028411993107640005,0,1,-0.0028411993107640005,-0.01498217956459062,-0.029641455924879736,-0.11366927682495237
9238431614511,complex,1,1,1.0,0.005993233686618804,0,1,-0.011941064197824883,0.005993233686618804,-0.01982394405782925,-0.1536026027256665
9234504013157,complex,3,1,1.0,0.0028803564954124807,0,1,-0.039745197451909534,0.0028803564954124807,-0.034357943018069964,-0.1517938283659219
9237642313529,complex,0,1,1.0,0.07708150795731297,0,1,-0.03255990201229339,0.043757169491512836,0.054115025207428356,0.07708150795731297
9237990820982,complex,2,0,1.0,-0.0026944909463348307,0,0,-0.0026944909463348307,-0.014494665809491904,-0.024462310708851704,-0.06681595877931303
9235689019279,complex,4,1,1.0,-0.0017171027937293686,0,1,-0.007198644765026213,-0.0017171027937293686,-0.03152787704018026,-0.11354479837278462
9240014718672,complex,3,1,4.0,0.12178439798059199,0,1,-0.013310722722221127,0.01784750458486721,0.046681026373862906,0.12178439798059199
923692899400,complex,2,0,0.0,0.11516897646299859,1,1,0.11516897646299859,0.036448509123740605,0.034317575047209045,-0.0325956328178226
924013273958,complex,0,0,4.0,0.13428354182539354,0,0,0.0798607295730231,0.06195304010299056,0.08150450673690843,0.13428354182539354
9235951312766,complex,4,0,0.0,0.21419588228064396,1,1,0.21419588228064396,0.017341702218487534,0.0185016597116987,0.02776394571645066
924009158773,complex,2,0,4.0,0.2592577927249812,0,0,0.024122564756929154,0.08597669866402477,0.1050766060303752,0.2592577927249812
92390809957,complex,0,0,1.0,0.055913375505992735,0,0,0.055913375505992735,-0.07356943351797432,-0.0906706271382837,-0.13426123247683508
9237546717564,complex,3,1,1.0,-0.005781345245521832,0,1,-0.005781345245521832,-0.024169909023269327,-0.07404014036527856,-0.19721692237638644
923738438273,complex,1,1,1.0,0.03862276606681367,0,1,-0.03265315075983197,0.03862276606681367,0.03658025886837386,-0.008974275819482902
923373258659,complex,4,0,1.0,0.05401467388867347,0,0,0.05401467388867347,0.036118663304680915,0.03024357001288897,0.014769295397372526
923541319836,complex,3,1,1.0,0.03990124291557723,0,1,-0.020644279231468284,0.03990124291557723,0.03244700865198943,-0.009001597394299926
9241127313172,complex,2,1,1.0,0.028195621297664408,0,1,-0.03666033443909815,0.028195621297664408,0.013131615156703306,-0.046708147833172176
9235004518606,complex,4,0,0.0,0.10699336312688665,0,0,0.10699336312688665,0.04256996279717804,0.03740560866154709,0.005693504897664167
9233608416740,complex,3,0,1.0,0.03606909976892993,0,0,0.013033918570340792,0.03606909976892993,0.031870890272019926,-0.022846729447496973
9234844916148,complex,3,0,1.0,-0.006001878949823741,0,0,-0.0067636290365616705,-0.006001878949823741,-0.016914167735337507,-0.05106261462438059
9236212919514,complex,2,1,1.0,0.03825438389390873,0,1,0.03825438389390873,-0.29115170821132813,-0.41973130811822507,-0.5863641714427594
9234247921375,complex,0,1,0.0,0.24394313673049003,-1,0,0.24394313673049003,0.00767163034845883,0.009867116277262708,-0.0075590421929858514
923174934852,complex,4,1,1.0,-0.004775206643011856,0,1,-0.004775206643011856,-0.02465773612991199,-0.02627704719730217,-0.011357258091243376
9238509919684,complex,4,1,1.0,0.036664245794994485,0,1,-0.04643313784790815,0.0347897409460383,0.036664245794994485,-0.07210268630010823
9236660819831,complex,3,0,4.0,0.11633162343791448,0,0,0.046207264410479724,0.04970463445842374,0.06617290767852893,0.11633162343791448
9238945716408,complex,4,1,0.0,0.1366170589890827,0,1,0.1366170589890827,0.04176821411491022,0.03626330979742755,-0.06791668839143719
9239209512525,complex,2,0,4.0,0.1123319416335884,0,0,0.03637726807914558,0.08217734240769003,0.10365069752381582,0.1123319416335884
9239910913510,complex,2,0,0.0,0.12596978402116846,0,0,0.12596978402116846,0.029297829981020016,0.03369940307016285,0.035740442611546866
9234568510053,complex,1,0,1.0,-0.03285980123204757,0,0,-0.03285980123204757,-0.19209303158921515,-0.26634986357609225,-0.3854104458847311
92371160808,complex,3,1,1.0,0.025715513187966374,0,1,-0.03593539029290102,0.025715513187966374,0.00825155094802562,-0.07132260753724173
923416576003,complex,3,1,4.0,0.14671936660604362,0,1,-0.005213138067630789,0.012849684059778,0.04346958660595459,0.14671936660604362
923682987053,complex,4,0,1.0,-0.04322724883664241,0,0,-0.04322724883664241,-0.19918692168571556,-0.2649568063192952,-0.325824556100611
92371011710,complex,0,1,1.0,0.0009252582214177608,0,1,0.0009252582214177608,-0.011431878286494626,-0.03307976047766363,-0.1490280477034605
923844532193,complex,0,1,1.0,0.013273601630112347,0,1,-0.0169561496456701,0.013273601630112347,-0.02032344936436503,-0.17405186040548248
9236868414994,complex,2,1,1.0,0.014474349908357522,0,1,-0.02745544500378178,0.014474349908357522,-0.012918626449241875,-0.11140610112521468
9237531010426,complex,3,1,1.0,0.0007641135189562515,0,1,-0.011048909671442654,0.0007641135189562515,-0.010076216066812298,-0.06946036385237889
9235009214523,complex,1,1,1.0,0.03636070109584478,0,1,0.03636070109584478,-0.0073792923862334055,-0.023927939363827682,-0.1349169768710352
9232666321139,complex,0,1,1.0,-0.008074393516661884,0,1,-0.016814958121310886,-0.008074393516661884,-0.047522792083898334,-0.16024984453059696
9241289819727,complex,4,0,0.0,0.23764046817062937,0,0,0.23764046817062937,0.002357450955491412,0.0015463595504361105,0.04356379446151089
923749585771,complex,3,0,0.0,0.15904315880912845,1,1,0.15904315880912845,0.024951567257661025,0.027731798402029315,0.021200534554319694
923412249538,complex,0,0,1.0,0.0874724918617117,0,0,0.0874724918617117,0.03434961549667044,0.054266049766023707,0.022215922857965656
9237005013567,complex,0,0,1.0,0.017418717736983457,0,0,0.017418717736983457,-0.12267125679907816,-0.15863051236292064,-0.21658039105318652
923201942295,complex,3,1,2.0,0.1283941101293708,0,1,-0.04166101980084777,0.07666639520317474,0.1283941101293708,0.11168463962583958
923412485135,complex,3,1,1.0,0.011373212515325205,0,1,-0.012361574916728804,0.011373212515325205,-0.002227385505244296,-0.09365203169404562
924039357214,complex,0,0,0.0,0.21161360096823395,0,0,0.21161360096823395,0.01975409553156525,0.02110721486040963,-0.006871500731994336
923777939466,complex,2,1,1.0,-0.0026290958808761165,0,1,-0.0026290958808761165,-0.010690684968008405,-0.013552890398864089,-0.02360129986283921
923678675542,complex,3,1,1.0,0.013252144826446455,0,1,-0.01709262597417402,0.013252144826446455,-0.006308713224771317,-0.10010153367524238
9236197210249,complex,2,0,1.0,0.007842513866855343,0,0,-0.007591776516654079,0.007842513866855343,-0.005218419588395005,-0.0698726455026103
9234866710622,complex,1,1,1.0,-0.03058165138472468,0,1,-0.10989204630998926,-0.03058165138472468,-0.032891813583917726,-0.15503152625050873
9232709520453,complex,2,1,1.0,0.023860584487131412,0,1,-0.02182280246147127,0.023860584487131412,0.012805835498207543,-0.053585819029030604
9115949920399,complex,4,0,0.0,0.12877606103121694,0,0,0.12877606103121694,0.011509323819629842,0.016588449173581,-0.02780708047138876
923317983451,complex,3,1,1.0,0.005625352680941005,0,1,-0.004637429810558511,0.0016414738452798072,0.005625352680941005,-0.016241908875379053
923209124726,complex,2,1,1.0,0.008500120902842558,0,1,0.0017014503798018638,0.008500120902842558,0.003057636128097802,-0.05864785164854693
9235240316600,complex,3,0,1.0,-0.02250295322706182,0,0,-0.02250295322706182,-0.02940935828413775,-0.050376658736214594,-0.1408140086769925
9239874617024,complex,4,0,1.0,-0.014125343609626924,0,0,-0.014125343609626924,-0.19588939430215915,-0.28212020599283855,-0.3617970286392019
923537627720,complex,4,1,1.0,0.01061133335964145,0,1,-0.010876124156186419,0.01061133335964145,0.01041273305177089,-0.021902034474562855
923277864893,complex,0,1,1.0,0.005348952923533899,0,1,-0.0014196477444420215,-0.0005312715044942726,0.005348952923533899,-0.009271281605300788
9240952620589,complex,1,1,1.0,0.0873890161793418,0,1,-0.01993140655252445,0.019940065208058837,0.03609299711776315,0.0873890161793418
924032399314,complex,1,0,4.0,0.10448746109743015,0,0,0.006797250545770919,0.027357247348558763,0.04669048824602812,0.10448746109743015
923586444585,complex,0,1,1.0,-0.006174207553143622,0,1,-0.006174207553143622,-0.2711802923327793,-0.37894522281931736,-0.5442144033589796
923619325695,complex,1,0,1.0,0.055520038701545676,0,0,0.055520038701545676,0.021035696994278718,0.03300749448540698,0.05377125135184441
9236401417353,complex,3,1,4.0,0.1315239690963334,0,1,-0.01746737976997579,0.013919220655426832,0.04357879535193924,0.1315239690963334
9240890216422,complex,1,1,1.0,-0.04582866482825773,0,1,-0.04582866482825773,-0.11498424670638681,-0.1677352222091448,-0.23247176981667306
924155188940,complex,3,0,1.0,-0.0022822259731370333,0,0,-0.002971935007876708,-0.0022822259731370333,-0.03391848946276594,-0.07029687277337177
9241356228,complex,2,1,1.0,0.07881315621552207,0,1,-0.054739071234020664,0.07489543695795982,0.0666631829350267,0.07881315621552207
9236932115081,complex,2,0,1.0,0.07129858649950245,0,0,0.04773455063599212,0.03436135721559,0.07129858649950245,0.05794538360014373
924125776420,complex,3,0,0.0,0.15178444945791258,0,0,0.15178444945791258,0.032552524710129926,0.040104038127945794,0.13569621007238236
923673427224,complex,4,0,0.0,0.3113187346131442,1,1,0.3113187346131442,-0.02672397464659613,-0.013931634091133339,0.03201284306442895
924121879699,complex,0,1,1.0,-0.0223236221536046,0,1,-0.0223236221536046,-0.04711793317641889,-0.0973869540808743,-0.22078471262661176
923308154853,complex,3,1,1.0,0.010903098160393998,0,1,-0.010975584757615092,0.010903098160393998,0.0020182048071022557,-0.07582404562786524
911602426382,complex,3,0,4.0,0.13562741546474782,1,1,0.03202602163882803,0.1139883119509169,0.11324525233129684,0.13562741546474782
9237129219160,complex,2,0,1.0,-0.0019612033335972834,0,0,-0.005902910262063268,-0.01554778180654259,-0.014766117755774102,-0.0019612033335972834
923703663913,complex,1,0,0.0,0.21755550886758723,0,0,0.21755550886758723,0.006645839889884413,0.014510605351117877,0.06250126791902222
9241287117738,complex,2,1,4.0,0.10684504261542044,0,1,-0.024400887628145834,0.020319913624972406,0.04512679005125088,0.10684504261542044
9237481115891,complex,2,0,0.0,0.10870821575742035,0,0,0.10870821575742035,0.028349978224379267,0.03503544475823191,-0.02935252392516602
915927727617,complex,4,1,1.0,-0.01204212377044949,0,1,-0.01204212377044949,-0.07825584813078193,-0.14583481228148953,-0.3243373347540338
923584563738,complex,0,0,0.0,0.22801306333786697,0,0,0.22801306333786697,0.007411540278666598,0.016296999978887505,-0.008799679734963137
924051876534,complex,3,0,1.0,-0.013994657207711002,0,0,-0.013994657207711002,-0.015553026213245495,-0.05804504071120979,-0.20315447016277619
924031721676,complex,1,0,0.0,0.21586166412515667,0,0,0.21586166412515667,0.015919375520230105,0.018684521395514003,0.002657767984520401
9236079317356,complex,1,1,4.0,0.12434567612057945,0,1,-0.024741018713028348,0.029730437425260933,0.040702870028909766,0.12434567612057945
923566103041,complex,2,0,1.0,-0.026189583291062978,0,0,-0.026189583291062978,-0.07380153654960607,-0.06902961572097165,-0.10237994783040984
9237292416577,complex,2,0,1.0,0.07453122482894718,0,0,0.0433331195581592,0.06797514324840412,0.07453122482894718,-0.005311891426862364
923681507042,complex,1,0,1.0,-0.23311015127724433,0,0,-0.23311015127724433,-0.4110459435430944,-0.5634839797232927,-0.4290982339360461
923474505673,complex,3,0,1.0,0.07212521282807433,0,0,0.07212521282807433,0.031069776183083653,0.03340161380675124,0.042090305893056665
9240301920853,complex,4,1,1.0,0.002509067067822845,0,1,-0.0004960265168942081,-0.0036335554454258595,0.002509067067822845,-0.01899104349019126
9241227414810,complex,0,1,0.0,0.14424091563395128,0,1,0.14424091563395128,0.022886678104421576,0.018210825436285077,-0.006625231165134048
923362075174,complex,3,0,1.0,-0.0005240929121071661,0,0,-0.020476928067780675,-0.0005240929121071661,-0.03784191749902615,-0.18867276375856057
9234304812811,complex,0,0,1.0,0.02371919776053584,0,0,0.02371919776053584,-0.007610642392599808,-0.005337425675562519,0.008896885173978575
900047723425,complex,4,1,1.0,0.05551602706715271,0,1,-0.03680064106841594,0.042729166540997676,0.05551602706715271,0.04125044712065519
923386832644,complex,3,1,1.0,0.05777004766015038,0,1,-0.01623972553385157,0.03564704554370232,0.05777004766015038,0.04990670434074912
923705389203,complex,1,0,1.0,-0.005256487918893452,0,0,-0.005256487918893452,-0.012224771796218791,-0.015259218694711033,-0.0138170412395291
9241655711593,complex,1,0,0.0,0.15953753376056523,1,1,0.15953753376056523,0.02178068585340558,0.029955400319661128,0.044885880905584485
9237757520519,complex,2,0,1.0,-0.030214272137568488,0,0,-0.030214272137568488,-0.09139873595526912,-0.1586920328146243,-0.29104152071437284
924060205988,complex,3,0,1.0,0.07360905046738596,0,0,0.07360905046738596,0.0008790188105807315,0.004699936224100674,-0.06781613040487428
9234489511037,complex,3,1,1.0,0.02915556485504038,0,1,0.02915556485504038,0.01791661801283259,0.015391343798368609,-0.002144004111575837
9235560918706,complex,2,1,1.0,0.019758377355611863,0,1,0.019758377355611863,-0.017801772401401395,-0.05634412207009515,-0.18657870589016
923216042597,complex,0,0,1.0,0.02285818462693638,0,0,-0.025839601409735232,0.02052485084584816,0.02285818462693638,0.002265631503809179
9234253210075,complex,4,0,1.0,-0.05315538608659466,0,0,-0.11173080335602548,-0.055464411436053275,-0.05315538608659466,-0.12732931827219174
924145964974,complex,0,1,1.0,0.044669458764248215,0,1,0.044669458764248215,0.03658065074310038,0.02831875086156991,-0.01850100639998939
9238433919543,complex,4,1,1.0,0.009580336576391367,0,1,-0.020853326456308975,0.009580336576391367,-0.0004273310011021318,-0.05990207833678405
9235510015015,complex,0,0,1.0,0.07388148376665651,0,0,0.012165229716348211,0.05629842043131533,0.06711868707362281,0.07388148376665651
9240742310590,complex,1,1,1.0,0.07397294634377036,0,1,-0.032802363006461305,0.06938424286524694,0.07397294634377036,-0.006685298271112028
9241147217593,complex,0,0,1.0,0.05760095005733227,0,0,-0.0044688413214788725,0.05040096717289061,0.05760095005733227,0.05448020737043163
923599967884,complex,0,0,1.0,0.0796611976633104,0,0,0.0520018404248921,0.028544832880176882,0.0796611976633104,0.07404147755216911
924124166811,complex,3,1,1.0,0.003023455363723738,0,1,-0.03311827892211238,0.003023455363723738,-0.0356181055384993,-0.20174635798061627
923430316280,complex,3,0,4.0,0.1912938182255286,0,0,0.17607656944487643,0.04605538060407897,0.07519580925775443,0.1912938182255286
923851434038,complex,0,0,1.0,0.022455985738217672,0,0,-0.0005792414094479316,0.022455985738217672,-0.00038209160811576715,-0.09558089301083383
9239586117103,complex,0,0,1.0,0.04222218947557653,0,0,0.04222218947557653,0.021667126723122626,0.018744738123985825,0.02793033432834896
923452409818,complex,3,0,1.0,-0.005416981571713598,0,0,-0.005416981571713598,-0.15558405088172117,-0.16591285056642166,-0.21291916305194458
9234402612558,complex,1,1,1.0,0.05226001636072436,0,1,-0.042418265265299,0.03846412873582607,0.05226001636072436,-0.028948586663199938
923679927421,complex,2,0,0.0,0.21393032715324203,0,0,0.21393032715324203,-0.01709469008725691,0.015105405525016265,0.010913450868307348
923450853379,complex,2,0,0.0,0.13062007025213107,1,1,0.13062007025213107,0.0020052033997276716,-0.005948796377763865,-0.030772862999940358
923187661480,complex,2,1,1.0,0.07339713097777778,0,1,-0.02247368088262339,0.0316114524310316,0.05448731060501166,0.07339713097777778
9238246614111,complex,1,1,1.0,-0.019416033840338118,0,1,-0.019416033840338118,-0.08259255746645723,-0.14825066833089484,-0.30973583157520934
92355386178,complex,2,1,0.0,0.2088220484636087,-1,0,0.2088220484636087,0.028215330018543715,0.028836716035509805,-0.004686190824327974
9234559517148,complex,2,0,1.0,-0.005324941365530848,0,0,-0.014921369267430113,-0.005324941365530848,-0.03905823632289096,-0.15001818353663066
9234694819085,complex,4,1,1.0,0.03375059925011334,0,1,0.03375059925011334,0.00399490791896303,-0.0069560533898210125,-0.11203484465522195
900013252661,complex,1,1,1.0,-0.00664083320162575,0,1,-0.00664083320162575,-0.0068122571227461765,-0.01353739875238905,-0.04580538543810081
9236169119187,complex,3,0,1.0,0.013147960265813727,0,0,-0.006460828180469915,0.013147960265813727,0.007268749260254365,-0.04330551412486579
9238618517753,complex,3,1,1.0,0.02010459226101491,0,1,0.02010459226101491,-0.08192808330012104,-0.0965656577962673,-0.1525488067535814
923561548751,complex,0,1,1.0,0.012863885715274647,0,1,-0.013372649049806212,0.012863885715274647,0.009082097039650433,-0.040359657322483734
9236446919801,complex,3,1,1.0,0.003176889919866909,0,1,-0.0028540726242978903,0.003176889919866909,0.0023162293288598278,-0.05366030384527747
923928989441,complex,3,1,1.0,-0.002337975540545323,0,1,-0.002337975540545323,-0.02234580840999143,-0.033788459334259474,-0.10314625511923814
923776072996,complex,2,1,1.0,0.05715275437207548,0,1,0.008981285433586717,0.047324930899619574,0.05715275437207548,0.0034975930666106964
9234130612727,complex,4,0,0.0,0.30458310046684534,1,1,0.30458310046684534,-0.025458639976005358,-0.00247732293012597,-0.041217840715829526
923436489445,complex,4,0,0.0,0.18249477510416226,0,0,0.18249477510416226,0.0009172829592713969,0.0381778457738563,0.017449178878330696
923511299750,complex,1,0,1.0,0.006467636968222251,0,0,0.006467636968222251,-0.2107749679169259,-0.32207781124946416,-0.5191688906628943
923842877086,complex,3,0,1.0,0.058740898082009024,0,0,0.03089744680198021,0.040429197717917136,0.056783687576006096,0.058740898082009024
9239207721376,complex,3,1,1.0,-0.014578318464117633,0,1,-0.023546626703370786,-0.014578318464117633,-0.06088911926988193,-0.19060630968740033
9240308313219,complex,1,1,4.0,0.1661604742924533,0,1,-0.007137147812377148,0.02254843247546728,0.058393786059300484,0.1661604742924533
9233772321277,complex,0,0,1.0,0.030697058158290026,0,0,0.030697058158290026,-0.0365675450314072,-0.047160890714401174,-0.12488486269973856
9240537315525,complex,4,1,1.0,0.01379172874831238,0,1,0.01379172874831238,-0.19652134823951736,-0.2869001530924972,-0.43807368836493527
9240681618516,complex,1,1,1.0,0.012026123392171052,0,1,-0.005562268362687285,0.012026123392171052,0.0017040244073985925,-0.08628642848130402
923161171031,complex,1,1,1.0,-0.008166396246531964,0,1,-0.008166396246531964,-0.08591858948040614,-0.1571780013796851,-0.35394408203967115
9241624019313,complex,2,0,0.0,0.2286856311986154,0,0,0.2286856311986154,-0.0014826926620164806,0.037745298307277436,0.1630831595767927
900043351756,complex,1,0,1.0,-0.01762346464523607,0,0,-0.01762346464523607,-0.02353479346942307,-0.06464971346355207,-0.22000630584820138
923489266706,complex,0,1,1.0,0.09163884200789554,0,1,-0.030065418900207305,0.03615415092939662,0.055355316434100084,0.09163884200789554
923757153019,complex,3,1,1.0,-0.013827755382353944,0,1,-0.013827755382353944,-0.06225084985833672,-0.1362020251547617,-0.3365951389339119
9234741911564,complex,3,0,1.0,0.0035800093667355155,0,0,0.0035800093667355155,-0.021756676993594994,-0.02600424023391,-0.03064036051357414
9231700718028,complex,0,0,1.0,0.061244554206088764,0,0,0.061244554206088764,0.046902343904598714,0.03962773904489802,-0.02047836118829477
9240613913328,complex,2,1,4.0,0.11478326967974034,0,1,-0.017565407144408022,0.014965581754067706,0.04180291305396534,0.11478326967974034
923625986543,complex,1,0,1.0,0.007120016050885577,0,0,0.007120016050885577,-0.07311303078357913,-0.07540513262390754,-0.11835287430807201
923332994297,complex,3,1,1.0,0.007609786264582566,0,1,-0.017598514385185338,0.007609786264582566,0.004985946353546853,-0.0689747661939425
9232377317168,complex,3,1,1.0,-0.007852851351484367,0,1,-0.007852851351484367,-0.03949633277682342,-0.09939010828568998,-0.2665376776753554
9237956712093,complex,4,1,1.0,-0.017894706997903832,0,1,-0.017894706997903832,-0.1630293852546544,-0.24736515611625337,-0.4215968554074288
923565858543,complex,4,0,0.0,0.24286715866314618,0,0,0.24286715866314618,0.009601560704774033,0.015224591113750793,0.07168207542554418
9231983715813,complex,2,1,1.0,0.04963735488042538,0,1,-0.01636382445896498,0.0019606919072045308,0.014702386626882186,0.04963735488042538
9232744818358,complex,1,0,1.0,0.04377600938950339,0,0,-0.011291856566252437,0.04377600938950339,0.03672072460991124,-0.04118358080896105
923796825781,complex,4,0,1.0,0.06528799169112558,0,0,-0.005877073982539012,0.058014073730130865,0.06528799169112558,-0.010133552595393933
923471757470,complex,1,0,0.0,0.21265006548509502,0,0,0.21265006548509502,0.020296798127652862,0.024859804310688637,-0.004006533067884704
9234684511794,complex,0,1,1.0,-0.02583864882277379,0,1,-0.02583864882277379,-0.09077884935002761,-0.15462984638894547,-0.2847110090889182
923525792766,complex,2,1,1.0,0.015480919581464258,0,1,0.003388611936955485,0.015480919581464258,-0.004841762422624227,-0.1268040441819002
9240211420362,complex,4,0,4.0,0.14011951510805865,0,0,0.03950877427485712,0.065203153502596,0.08021624611585716,0.14011951510805865
9239631117596,complex,0,0,1.0,0.012850492706025611,0,0,-0.008210411407693765,0.012850492706025611,0.003208033526027377,-0.03742704053577596
9238692215186,complex,4,1,1.0,0.0009636327249192972,0,1,0.0009636327249192972,-0.02708351888125194,-0.040197597672911006,-0.12285925735966959
9231820416861,complex,2,1,1.0,-0.027588479879123762,0,1,-0.027588479879123762,-0.10213272027738066,-0.04547518634473516,-0.1514516227044564
9233418614671,complex,3,1,1.0,-0.037299659654308474,0,1,-0.037299659654308474,-0.09000286240912832,-0.14343164252711074,-0.2757334857925435
9232903217904,complex,1,0,1.0,0.0077878606201361965,0,0,-0.0012834180780091804,0.002611609185514247,0.0077878606201361965,-0.005869316171099759
9235469417896,complex,0,1,1.0,-0.005107761748725813,0,1,-0.006705938478681856,-0.005107761748725813,-0.037975431592160935,-0.1667982981530266
924098113797,complex,2,0,1.0,-0.01855860596087276,0,0,-0.01855860596087276,-0.229603427709755,-0.2831658318161459,-0.3558215582123014
9237290018620,complex,2,0,4.0,0.10485635168096652,0,0,-0.022858402437409196,-0.01701229171050943,0.020978676551244257,0.10485635168096652
9240135319057,complex,4,1,1.0,0.019911064792559857,0,1,0.013315463046431197,0.019911064792559857,0.015913971874329778,0.008914563524409141
923847877212,complex,1,0,4.0,0.1671035606135571,0,0,0.11023362471537676,0.05457194450700904,0.08077983900113311,0.1671035606135571
923647362827,complex,0,1,1.0,0.014517035532322219,0,1,-0.010160337416085716,0.014517035532322219,-0.0014937451023959297,-0.11814874096732572
9234043217236,complex,3,1,1.0,0.00010379555513452023,0,1,-0.009186133029591832,0.00010379555513452023,-0.008457640336416297,-0.06161553779390351
923968943172,complex,0,1,1.0,-0.017312805269599555,0,1,-0.017312805269599555,-0.11341216922892823,-0.18518656888440468,-0.3274391081346384
907138114237,complex,1,0,1.0,0.046945438539141154,0,0,0.03951124239790627,0.046945438539141154,0.04654432498578677,-0.016787277936302386
923633224214,complex,2,1,1.0,0.007191998692104743,0,1,0.007191998692104743,0.004573647701977403,0.00020949019305270197,-0.060585243049294794
9235031116106,complex,4,1,1.0,-0.06186395242257701,0,1,-0.06186395242257701,-0.10868900827165381,-0.15781239064590147,-0.23033684906814106
9237601713293,complex,0,1,1.0,0.020501475839901563,0,1,0.020501475839901563,-0.0010470847125686258,-0.02520977930992795,-0.12164968268941079
92344093122,complex,2,1,4.0,0.11778007932520146,0,1,-0.03055294115727381,0.023892449177826732,0.0470684005055184,0.11778007932520146
9239296114455,complex,1,1,1.0,-0.021494326319150436,0,1,-0.021494326319150436,-0.16064071205741215,-0.2519578052359325,-0.39819487783610324
923573209924,complex,1,0,0.0,0.3240057471697228,1,1,0.3240057471697228,-0.042389158784374534,-0.03145107717960992,0.05863851206738291
9231813912181,complex,3,1,0.0,0.21042288684485244,0,1,0.21042288684485244,-0.04639186544247957,-0.020500859909677045,-0.0127820876155679
9240096919399,complex,3,0,1.0,0.04664098869943554,0,0,-0.017824241768622927,0.045814244646696756,0.04664098869943554,0.0077066070499385575
923764175419,complex,1,1,1.0,0.03168920459377947,0,1,0.03168920459377947,0.00988412772897777,-0.0020102729850772875,-0.09189258869463268
9234523918556,complex,0,1,4.0,0.14836637323397084,0,1,-0.021709862955789947,0.0036542397959640135,0.03275581941434617,0.14836637323397084
9236689120651,complex,2,1,1.0,0.000409857581331826,0,1,0.000409857581331826,-0.2641433144773323,-0.37949609240005566,-0.5276175558192242
923861863002,complex,3,0,1.0,0.005450796784145494,0,0,0.004444719384901555,0.005450796784145494,0.0029170062454636596,-0.003975769039346086
9234614018052,complex,0,0,1.0,0.018965186806979777,0,0,-0.010592588720892322,0.01701689746178256,0.018965186806979777,0.004162102888571731
9241462017810,complex,2,1,4.0,0.1254503723262178,0,1,-0.04179924905968874,0.038723432000846325,0.06338005106118681,0.1254503723262178
9235958720305,complex,4,0,1.0,0.0760634434428062,0,0,-0.03310322275649348,0.0705207027390041,0.0760634434428062,0.052673493814765784
923841212308,complex,3,0,1.0,-0.006038713463602746,0,0,-0.020118237495563913,-0.006038713463602746,-0.038898515495997654,-0.16061021940169223
923654739882,complex,1,1,1.0,0.0046803804614001625,0,1,0.0025495106796149802,0.0046803804614001625,0.0030070792628576586,-0.05036042005370647
923818161314,complex,4,0,1.0,0.048809026367882064,0,0,0.048809026367882064,-0.042726818476588616,-0.050988783076450495,-0.10323597084149465
923894798112,complex,0,1,1.0,0.04361967967579297,0,1,0.023081957590411706,-0.0340949180341501,0.02124931940983992,0.04361967967579297
923428808069,complex,0,0,0.0,0.2999791984143878,1,1,0.2999791984143878,-0.026019483723532286,-0.024698713989947406,-0.03218278414854768
9231854712071,complex,1,0,0.0,0.10104496627632437,0,0,0.10104496627632437,0.0465498166593271,0.05072306047557526,-0.012902821523765082
924108946860,complex,2,1,1.0,0.013359661479040347,0,1,-0.012026240773442057,0.012956985678589047,0.013359661479040347,-0.004415318118564326
924047737361,complex,1,0,1.0,-0.030182112290659563,0,0,-0.030182112290659563,-0.09415508048253964,-0.11654457887347233,-0.14722775232707846
923283011115,complex,4,1,1.0,0.0033015772879692387,0,1,0.0033015772879692387,0.0022617942552455896,-0.0015207968383277627,-0.07582332984309954
924140626630,complex,4,0,1.0,-0.014966358088244439,0,0,-0.014966358088244439,-0.02637630343187488,-0.0740547743973039,-0.2256220468581866
9238261117942,complex,0,0,1.0,-0.04072267192973229,0,0,-0.04072267192973229,-0.1491363663970101,-0.18325480323079932,-0.18632024502627612
9241660814146,complex,3,1,1.0,-0.016383677197204585,0,1,-0.016383677197204585,-0.01731857297751308,-0.030958545510925677,-0.11945840219311402
9237480816669,complex,1,1,1.0,0.015712014394221995,0,1,-0.003974575274864868,0.015712014394221995,0.005089119785468717,-0.07802437111002664
923578763444,complex,4,1,1.0,0.00725754234643608,0,1,0.00725754234643608,-0.27431788349509345,-0.37347499438662585,-0.4226622513475867
923705961507,complex,2,1,4.0,0.11855915547319404,0,1,-0.014099886168175247,0.00791289516272892,0.035523728984669586,0.11855915547319404
9239012220710,complex,2,1,1.0,0.02759877544314793,0,1,0.02759877544314793,-0.23979252653423086,-0.369755656887995,-0.5578946148692026
9240314814551,complex,3,1,4.0,0.13324777322966253,0,1,-0.037710777420432794,0.024194004239267985,0.05376938918627588,0.13324777322966253
923389669666,complex,0,0,1.0,-0.0013326339232607558,0,0,-0.0013326339232607558,-0.004868882586821645,-0.011332935261268402,-0.03143140977416729
9235629918840,complex,4,1,1.0,-0.039662379457708306,0,1,-0.039662379457708306,-0.051139275379445924,-0.09888634335445136,-0.19253411923017785
9233026717013,complex,0,0,1.0,-0.0009104744898780388,0,0,-0.0009104744898780388,-0.009746797143819964,-0.015701269874452035,-0.02840540876412305
9240452513124,complex,0,1,1.0,-0.02959425896341324,0,1,-0.02959425896341324,-0.19868379957150023,-0.2905082657571529,-0.4546586514749087
924108438947,complex,4,1,4.0,0.170168659687085,0,1,-0.023330373936080867,0.009844806781156706,0.04319017153073376,0.170168659687085
9236246214154,complex,0,1,1.0,0.007077897511219421,0,1,0.002327499767026512,0.007077897511219421,0.0023100244637212254,-0.0865922096491272
923224129388,complex,3,1,1.0,0.007541194993996848,0,1,0.007541194993996848,-0.0031702444633277312,-0.007347092264567558,-0.023712293385251756
9239588414403,complex,4,0,1.0,-0.0036775092985837556,0,0,-0.02854682279352394,-0.0036775092985837556,-0.04490691248337434,-0.17576016226023566
923782879494,complex,3,0,1.0,0.04780566306387411,0,0,-0.07470218143568896,0.04780566306387411,0.018401112030665447,-0.1774302540917401
9232003313168,complex,1,1,1.0,0.05041674218477626,0,1,0.05041674218477626,-0.08795251087278046,-0.13333112993397722,-0.0953255346934597
9233031118699,complex,1,0,1.0,0.006728242203080326,0,0,0.006728242203080326,-0.15026618468059885,-0.18277197542198048,-0.10040183292643934
923435317109,complex,2,0,0.0,0.2422103000472235,0,0,0.2422103000472235,0.03723383518503057,0.04694045091408702,0.053096024036863504
92320342183,complex,0,0,1.0,0.05775340348539591,0,0,0.05775340348539591,0.020981880250902175,0.016002165897754432,0.019658304180421027
9241034912150,complex,2,0,0.0,0.1586152111126499,0,0,0.1586152111126499,-0.01868382549863994,0.033264723112746475,0.04610076698600392
923222184981,complex,0,1,1.0,-0.003961101104473855,0,1,-0.006523782799063859,-0.003961101104473855,-0.025398842826746395,-0.11317694814688685
924069288983,complex,4,0,1.0,-0.03985982672490736,0,0,-0.05357526904953407,-0.03985982672490736,-0.06762058294543682,-0.13734419469203088
9239400417782,complex,1,1,1.0,0.043429266322016685,0,1,0.043429266322016685,-0.10397741956485962,-0.17858738447339992,-0.3998105760220901
9239355817065,complex,1,0,0.0,0.1887993435841549,0,0,0.1887993435841549,0.027924602601899867,0.027274168180635192,0.016670446131721958
9235222014241,complex,1,1,1.0,-0.0018082897318892482,0,1,-0.008777526671952099,-0.0018082897318892482,-0.009155629438924225,-0.05565120209783551
9234591213594,complex,2,1,1.0,0.026840279845334335,0,1,-0.03209380107289855,0.026840279845334335,0.0102578484086048,-0.06535529614660954
9234596413777,complex,4,1,0.0,0.1522731798240468,0,1,0.1522731798240468,0.034371626627195645,0.030786564090918008,0.02416404478915296
923515609895,complex,3,0,1.0,0.09982565589962492,0,0,0.09982565589962492,0.045022371688693635,0.04443735997364152,-0.014995270702012203
923321135132,complex,4,1,1.0,-0.016375692552214553,0,1,-0.0251587795025741,-0.016375692552214553,-0.04196266434703186,-0.07883462529947359
923388274827,complex,4,1,1.0,-0.000322470343745683,0,1,-0.015465432414284004,-0.000322470343745683,-0.02792320986789853,-0.1413182333369688
9232028419110,complex,4,1,1.0,0.03548298014132771,0,1,0.02064954404798152,0.03357539528074934,0.03548298014132771,-0.030930694613052943
9234761115657,complex,1,1,1.0,0.011557764612160893,0,1,0.00442660212945549,0.011557764612160893,-0.0004245989347073549,-0.12243631212587716
9233256514603,complex,2,0,0.0,0.11306785213181103,0,0,0.11306785213181103,0.04149954506221977,0.039449675640699025,-0.0107411384922168
92359962423,complex,1,0,1.0,0.04626819405776181,0,0,0.04626819405776181,0.023321407351759454,0.0284161510694567,0.0278697082750545
923348922072,complex,3,0,0.0,0.32703200293532403,1,1,0.32703200293532403,-0.03738556984764793,-0.02589245444224437,0.023059580309139432
923538911772,complex,1,0,1.0,0.07789651974878448,0,0,0.02962795295427101,0.06653815032764945,0.07789651974878448,0.055749879888788045
9239726813663,complex,3,0,1.0,0.05560255966261891,0,0,0.045725208581659446,0.04874370019034882,0.05560255966261891,-0.009010832534859674
9231994914422,complex,2,1,1.0,0.02299317621487058,0,1,0.02299317621487058,-0.27167803039988075,-0.39946427036446613,-0.5369090792197031
923369371381,complex,1,1,1.0,0.006107964598933317,0,1,-0.0010291207669785966,0.0003114953401949054,0.006107964598933317,0.001303043664011197
923912881179,complex,3,0,1.0,0.0467700464429487,0,0,0.0467700464429487,-0.09811917990402057,-0.07360707088465192,-0.06807184893844644
9238257017754,complex,3,1,1.0,-0.005162534248453015,0,1,-0.012243631691128964,-0.005162534248453015,-0.0257618366294614,-0.075351614136905
924179017842,complex,2,1,1.0,0.07285258956356022,0,1,-0.006245453691564595,-0.0008711642806473879,0.01824856045722725,0.07285258956356022
9234565415226,complex,0,1,1.0,0.0804522789693377,0,1,-0.04627087930480027,0.0804522789693377,0.07293342721671012,0.012121113225372654
923983551368,complex,3,0,1.0,-0.016499662727152517,0,0,-0.016499662727152517,-0.03105716571007649,-0.08182408781969175,-0.21152238833586728
9238600118564,complex,1,1,1.0,-0.0077848934215383955,0,1,-0.0077848934215383955,-0.23797179864502005,-0.3496236871982583,-0.49655895202535005
923251229040,complex,4,1,1.0,0.030877575809325777,0,1,-0.006633229125089568,-0.009075856306445237,-0.008593986579904605,0.030877575809325777
923420864197,complex,0,1,1.0,0.01361650413175343,0,1,0.01361650413175343,-0.12055080854805138,-0.13929143723103418,-0.230840318594135
9239259121196,complex,1,1,1.0,0.009703173388344633,0,1,-0.0008205303239254419,0.009703173388344633,0.00425326841926486,-0.0585060597081746
92341954594,complex,0,0,0.0,0.16585448081796816,0,0,0.16585448081796816,0.026806882940464058,0.0243086427478197,0.016951643707186617
9236631620646,complex,4,0,1.0,-0.003208087635401296,0,0,-0.003208087635401296,-0.024921270701981947,-0.030915130668309563,-0.057270740400966254
9240828510235,complex,2,0,1.0,0.039295656160599435,0,0,0.02179128651313912,0.033809844954276316,0.039295656160599435,-0.020386671645549137
924088888630,complex,3,1,1.0,-0.01154230237942757,0,1,-0.01154230237942757,-0.09804099687442248,-0.17545977174232835,-0.35204843527151375
900010203295,complex,4,1,1.0,-0.007565973642150899,0,1,-0.007565973642150899,-0.11517371281236716,-0.19433635499156732,-0.38516878042459374
923570177165,complex,1,0,1.0,0.011350146749625672,0,0,0.0008362963829271729,0.007273501475973786,0.004712794338128681,0.011350146749625672
923499856340,complex,1,0,1.0,0.03895611221631009,0,0,0.03895611221631009,-0.06670524130249393,-0.11950568181483864,-0.3004334544923031
9239067812115,complex,3,0,1.0,0.07768012619898051,0,0,0.07768012619898051,0.014557009389147812,0.01240364450399626,-0.07692653190392161
9241514711981,complex,0,0,1.0,0.031370025150653486,0,0,-0.027746441542209118,-0.03830643997385416,0.0036758243649822123,0.031370025150653486
923261161231,complex,1,0,1.0,-0.01598400509042333,0,0,-0.01598400509042333,-0.025548879620039155,-0.06722276650827322,-0.21066691167930862
923608878882,complex,4,0,1.0,0.007458855433523388,0,0,-0.0017652080675069973,0.0029051707186859323,0.007458855433523388,-0.0100247623347446
923356522737,complex,3,0,0.0,0.12815207996502054,0,0,0.12815207996502054,0.029590380908748812,0.03734573676124505,-0.01306449506371496
9240232718920,complex,1,0,1.0,0.09578213948943126,0,0,-0.009296020948123512,0.007874370991366442,0.023844832792971168,0.09578213948943126
923688878204,complex,0,0,1.0,0.031130517159701773,0,0,0.031130517159701773,-0.06849151181719557,-0.04825247180514336,-0.05823863648120407
901079165208,complex,0,0,0.0,0.11316759140454927,0,0,0.11316759140454927,0.017415398998501003,0.013920558191391395,0.010614107293972719
9236365610517,complex,2,1,1.0,0.0029410910205767936,0,1,0.0029410910205767936,-0.0033453800420997666,0.002145231205447306,-0.0089297008687787
923912804026,complex,0,0,1.0,0.09446122612459996,0,0,0.09446122612459996,0.02723557126428898,0.023337599851795156,0.023030448687473032
923680368712,complex,1,1,1.0,0.008662369499519644,0,1,-0.024635402390011073,0.008662369499519644,-0.016495222630357388,-0.12186088221682309
9233009110276,complex,4,1,1.0,-0.01868974447793754,0,1,-0.057277079504228064,-0.022005881569168724,-0.01868974447793754,-0.10164075440289967
9238021615644,complex,1,0,1.0,0.0630688184661056,0,0,-0.012394622736609948,0.029191118259293995,0.040801270067841455,0.0630688184661056
923651285425,complex,2,1,1.0,-0.03700208066357996,0,1,-0.03700208066357996,-0.06984782531059121,-0.138755479498147,-0.3012812698394678
9237114513279,complex,4,1,1.0,0.003797299777821575,0,1,0.003797299777821575,0.0029819323745653367,-0.0019607745098937576,-0.08169383350323191
923403631261,complex,3,1,1.0,0.00022409904407706856,0,1,-0.034074317065658,0.00022409904407706856,-0.020318375168141122,-0.07237928347012251
923767466009,complex,3,0,1.0,0.022489483069564102,0,0,-0.039400556555506755,0.022489483069564102,0.00624607222918671,-0.0657688980052258
9238018114638,complex,3,0,4.0,0.11793169499932687,0,0,0.06524669319275131,0.05773672861556965,0.07715493592419992,0.11793169499932687
923320065060,complex,0,1,1.0,0.01856440134750453,0,1,0.01856440134750453,-0.03714861892076906,-0.08322776204339954,-0.2655190468108103
9237562018518,complex,0,0,1.0,-0.0022842683668743997,0,0,-0.008032330101696392,-0.0022842683668743997,-0.03125647336932243,-0.12862428182920377
9235924812090,complex,3,0,0.0,0.1385853812429379,0,0,0.1385853812429379,0.03396838465295059,0.03777004323788639,-0.006601539613415822
923745542549,complex,2,1,1.0,-0.04111518315072053,0,1,-0.04111518315072053,-0.08221487996375744,-0.08666714366620956,-0.2086576019730078
923478582543,complex,3,0,2.0,0.7191735261529272,0,0,-0.049600192793396086,0.37167468031675815,0.7191735261529272,0.47074704413887786
9239135316949,complex,0,0,0.0,0.3175889466546608,0,0,0.3175889466546608,-0.04056384689880389,-0.023446660544400047,0.0362296918242373
9235241311594,complex,2,0,1.0,-0.0014061787522497704,0,0,-0.021678726341787646,-0.0014061787522497704,-0.035200626842896425,-0.14399529674746075
9240048210681,complex,1,0,4.0,0.11484401292694546,0,0,0.04352539456123121,0.04643864863517841,0.08541905079203932,0.11484401292694546
924023339034,complex,0,1,1.0,-0.006215012821958028,0,1,-0.006215012821958028,-0.015394796763645996,-0.05753700700546294,-0.20383919047012405
9240521016696,complex,0,0,1.0,-0.04174023132874927,0,0,-0.04174023132874927,-0.06052654000974125,-0.11488000085840458,-0.2564761373577348
9235149310985,complex,2,1,1.0,0.015033090657310916,0,1,0.00210378700708588,0.015033090657310916,-0.001292111936172284,-0.10776466575361421
9236161715140,complex,0,1,1.0,-0.009647197914417139,0,1,-0.009647197914417139,-0.03849355963792602,-0.09028074209478679,-0.2157485939297804
9233753110397,complex,4,0,1.0,0.023004851635195646,0,0,-0.021954652668716428,0.023004851635195646,0.009863364244977173,-0.06096064402137388
9236198513399,complex,4,0,1.0,-0.005397669884333621,0,0,-0.005397669884333621,-0.01879674782761663,-0.029297542116270548,-0.08058515363453296
923468139862,complex,3,0,1.0,-0.003611308806332054,0,0,-0.003611308806332054,-0.11853353308161148,-0.20923041172813373,-0.3596185397678546
923940028099,complex,4,1,1.0,0.0028052329094682624,0,1,0.0028052329094682624,-0.028629840916185485,-0.03961288083917723,-0.10769274928051656
9233183619274,complex,1,1,1.0,-0.01794631380669226,0,1,-0.01794631380669226,-0.12378301811000614,-0.2011704901434423,-0.35426342871766753
923561565468,complex,0,0,1.0,0.0195283715005144,0,0,0.0195283715005144,0.011604937463077062,0.006084565980655442,-0.0014083880011779848
9239467918925,complex,4,0,4.0,0.1312874764309691,0,0,-0.06773991546372207,0.08103338785385145,0.11482535265784978,0.1312874764309691
9238541920210,complex,4,1,1.0,0.037135786524645026,0,1,-0.006918303923545414,0.037135786524645026,0.035168543807769084,0.003699298242967733
9238037320333,complex,1,0,1.0,0.05958721334356823,0,0,0.05958721334356823,0.004436168952820476,-0.010796963367341327,0.011668604391315743
923460768695,complex,3,1,1.0,-0.0027342079223830838,0,1,-0.029243661961532386,-0.0027342079223830838,-0.04444618164385502,-0.18049772582401521
9235321210932,complex,0,1,1.0,0.004421571320057022,0,1,-0.00019274887918669867,-0.004125505720385864,0.003717164831763778,0.004421571320057022
923350408624,complex,1,1,1.0,0.004864967936719148,0,1,0.0016229721766102267,0.004864967936719148,0.004280054610897796,-0.04399446254851355
9241642211617,complex,4,1,1.0,-0.04310019970786785,0,1,-0.060232434656872884,-0.04310019970786785,-0.08459884794646445,-0.17113058744789317
923659762154,complex,3,1,1.0,0.06635898078259622,0,1,-0.04028293602946434,0.04294471006975517,0.06635898078259622,0.04592534303897816
9237233315954,complex,0,0,1.0,0.02122841714774713,0,0,0.02122841714774713,0.007109265406757034,0.0007177380698978816,-0.005400045079791832
9237727210416,complex,3,0,1.0,-0.0076019342091920294,0,0,-0.0076019342091920294,-0.014511292011253818,-0.021326522219421693,-0.05473883003414316
9241170119800,complex,2,1,1.0,-0.013525541324754645,0,1,-0.013525541324754645,-0.17190476116635547,-0.25492667994286167,-0.4130756182670012
915922155796,complex,1,0,1.0,-0.00219527765644794,0,0,-0.006421320459403773,-0.00219527765644794,-0.008835937237606017,-0.03561915287134182
923902121592,complex,1,1,1.0,0.010792524176929018,0,1,-0.009389653119353837,0.010792524176929018,-0.006654185469042773,-0.11591197721294305
9236298421128,complex,2,1,1.0,0.011035722677659662,0,1,0.002285932006694028,0.011035722677659662,-0.003334347156145584,-0.09674421685929543
9238358213844,complex,3,1,1.0,0.009356030192910801,0,1,-0.008828655543831158,0.009356030192910801,-0.007492987730114149,-0.13848067900183983
9238764510029,complex,1,1,1.0,0.04288007579456715,0,1,0.00770908908579147,0.03958871697883093,0.04288007579456715,0.01886186943068001
923166949706,complex,0,0,1.0,-0.027647852896355875,0,0,-0.027647852896355875,-0.08982918443645008,-0.0780674191562788,-0.05067850003358477
924027376038,complex,3,1,1.0,-0.032242542659728694,0,1,-0.032242542659728694,-0.06915741669351178,-0.1466434670507618,-0.2905302660008671
923358821283,complex,4,0,1.0,0.0950373224345477,0,0,0.02099269691490712,-0.004976273424193357,0.041826299139403805,0.0950373224345477
923554065884,complex,0,0,1.0,0.03249755420746096,0,0,0.029581248314328318,0.03249755420746096,0.02447317435127693,-0.030327797686246744
924107885679,complex,2,0,1.0,0.025641561497341907,0,0,0.025641561497341907,0.00040796831537347547,0.006728207888649414,0.017588262702311272
923753621302,complex,4,1,1.0,0.09337163092099073,0,1,-0.026710111320250682,0.03301620456231275,0.054026661296605744,0.09337163092099073
924100659756,complex,1,1,1.0,0.011070713748789263,0,1,-0.0027183322319103767,-0.0006520476035762994,0.004905494707724053,0.011070713748789263
9232074317827,complex,3,1,1.0,0.05322711059726428,0,1,0.05322711059726428,0.0010467652290810769,-0.0014944928644188352,-0.08161936012493587
923161539012,complex,0,1,1.0,-0.011850403991398823,0,1,-0.011850403991398823,-0.2191326628581043,-0.30794868966621436,-0.46639221659356356
9235352411588,complex,0,1,1.0,-0.0013789304288599237,0,1,-0.0013789304288599237,-0.024911376321036974,-0.03214894975792628,-0.05673999365808194
923563795482,complex,2,0,1.0,0.06344844145761432,0,0,0.03163846070617117,0.057224878946851895,0.06344844145761432,0.00015639242538798004
923839076193,complex,2,0,1.0,-0.004217259048340853,0,0,-0.009790042102135094,-0.004217259048340853,-0.026952644065548103,-0.11478665437345206
9236771514766,complex,0,0,1.0,0.09983338203954359,0,0,0.09983338203954359,0.030170761268573335,0.05801069087242985,0.02149544192384932
9235430815268,complex,0,1,1.0,-0.005183034719925244,0,1,-0.005183034719925244,-0.17405259452617794,-0.2664490895796066,-0.43793075503083667
923663498718,complex,1,1,1.0,0.046266960647296185,0,1,0.046266960647296185,-0.06243256189672275,-0.10831499075478752,-0.09322684509560447
9241347815300,complex,2,1,0.0,0.3591271929580317,-1,0,0.3591271929580317,-0.03484244767277293,-0.030016520703591707,-0.042978284462664454
9237589180,complex,4,1,1.0,0.004028780080518574,0,1,0.0007119889569238078,0.004028780080518574,-0.0010791268521626284,-0.07748839437871936
923229261844,complex,0,0,1.0,-0.009559360399722269,0,0,-0.009559360399722269,-0.24362957475004715,-0.32078831460695967,-0.3535679513859358
9237372317002,complex,2,0,0.0,0.17972743439346736,0,0,0.17972743439346736,0.021417051259120825,0.05636589247100192,0.13924884179243502
9240154320994,complex,3,0,4.0,0.1339196616544369,0,0,0.01443315582575054,0.07806333062748164,0.1296510920138234,0.1339196616544369
924139834635,complex,1,1,0.0,0.16514152886416616,-1,0,0.16514152886416616,0.026341822335263793,0.03135648781231849,-0.010402370613086992
924085443391,complex,0,1,1.0,0.010427059526371657,0,1,-0.008562912999515896,0.005561609435641671,0.010427059526371657,-0.014450842101151981
923705712347,complex,4,1,1.0,-0.012974951681771683,0,1,-0.02350178181463241,-0.012974951681771683,-0.05358216236596432,-0.13965806260185398
924105357754,complex,4,0,1.0,-0.002545531665020348,0,0,-0.005503310090917479,-0.002545531665020348,-0.009300773400300614,-0.028276998728945957
9236775510652,complex,2,1,1.0,0.0013624767522423427,0,1,-0.008642816549583796,0.0013624767522423427,-0.05156564424062701,-0.08649732477019967
923542876590,complex,2,1,1.0,0.0032707782835578875,0,1,0.0032707782835578875,0.00232324823460334,0.002072568094418508,-0.03687572919846737
92348848765,complex,1,1,1.0,0.06961737913261162,0,1,-0.016233538142354127,0.01806220981235893,0.03490035334293633,0.06961737913261162
9238622018083,complex,2,0,0.0,0.38005250878649816,1,1,0.38005250878649816,-0.06736181265554819,-0.05006527626120094,0.055023512635108074
923200817374,complex,1,0,1.0,-0.024194565490938444,0,0,-0.024194565490938444,-0.08405293131953662,-0.10715785680881638,-0.13742317584228714
923864619884,complex,4,0,1.0,0.08849159309435498,0,0,0.08849159309435498,0.010757747830322337,0.026256629901144957,-0.04466530793720151
924053098014,complex,3,1,1.0,-0.013606729363239582,0,1,-0.013606729363239582,-0.26134913106428975,-0.40775588504065646,-0.527124548955856
924068428765,complex,2,1,1.0,-0.0006450938177215808,0,1,-0.0006450938177215808,-0.14985979089211232,-0.24872548854223647,-0.42064716372314603
923406742396,complex,2,1,1.0,0.0255132160942942,0,1,-0.028295066919396986,0.0255132160942942,0.012770576260149494,-0.0526370318034976
923409655494,complex,0,1,4.0,0.12013098785885615,0,1,-0.023124484957882784,0.010821972314673637,0.03659544076515907,0.12013098785885615
923759906807,complex,2,0,1.0,0.0589665944400163,0,0,0.03524405667897201,0.0589665944400163,0.056628950022405394,-0.015830024650843613
923185907498,complex,3,1,1.0,-0.017896614169381264,0,1,-0.017896614169381264,-0.08829028199168186,-0.1726682034619671,-0.32571539024218055
923668582671,complex,0,0,1.0,0.06196367367454233,0,0,-0.016813431764039006,0.029948233519660653,0.06196367367454233,0.034800348450339746
9234474320110,complex,0,0,1.0,-0.023475571595205694,0,0,-0.023475571595205694,-0.262410660731981,-0.3556910267504142,-0.4372855572715175
923450377329,complex,4,0,0.0,0.1274172290726491,0,0,0.1274172290726491,0.03062356243407275,0.05252225288005179,0.01400229292095359
92392005645,complex,2,1,1.0,-0.013000134891574876,0,1,-0.013000134891574876,-0.1040719184165483,-0.18325791694942634,-0.32175766834719366
923397511111,complex,1,1,1.0,0.011938601063082612,0,1,-0.02143193829306983,0.011938601063082612,-0.0004895846039395108,-0.05861632962824873
9233974211026,complex,3,1,1.0,0.0024587232900427913,0,1,0.0005243024679100622,-0.001372144750367536,0.0024587232900427913,-0.021537632177699308
923448696059,complex,3,1,1.0,0.007512522526417119,0,1,-0.007222409090401918,0.003918027466758749,0.007512522526417119,-0.03455383296115844
9234385920481,complex,2,0,1.0,0.02055153227691928,0,0,0.007950386986604541,0.02055153227691928,0.015589184751331388,-0.029127013563229158
915932361970,complex,4,0,1.0,0.02019826748668624,0,0,0.016660004445011634,0.02019826748668624,0.012712004049929646,-0.008221691422616181
9240944513276,complex,4,1,1.0,0.017043699305057315,0,1,0.017043699305057315,-0.1941387709797718,-0.2856034165040775,-0.44125196618660173
9240444913723,complex,3,0,1.0,0.001126484348250651,0,0,0.001126484348250651,-0.11116515643692851,-0.16661488216669312,-0.17141380309715248
9241740811526,complex,3,0,1.0,0.003951728602703403,0,0,-0.005754767737612847,-0.07226817804706724,-0.048978577846484066,0.003951728602703403
923922104347,complex,1,1,1.0,-0.018093697537389875,0,1,-0.018093697537389875,-0.08558930220836344,-0.15096595537750787,-0.310216531277129
923895051020,complex,4,0,4.0,0.10905173276665485,0,0,0.004390566205943108,0.041919289337642676,0.055036512691370124,0.10905173276665485
924017357404,complex,2,1,1.0,0.07277659290453044,0,1,-0.07150768712305086,0.05471746835612987,0.07277659290453044,-0.012307812160754827
923291847570,complex,0,1,1.0,0.03872747574159837,0,1,-0.00017613907806107373,0.03863921546496072,0.03872747574159837,-0.01397391450596095
9240554219336,complex,3,1,1.0,-0.035674814364421714,0,1,-0.035674814364421714,-0.163405116537682,-0.2736991460140413,-0.4273679861736889
923862861969,complex,1,0,1.0,-0.04805334804981774,0,0,-0.04805334804981774,-0.45728428893872497,-0.7472770785303994,-0.7966901353775298
9232249517822,complex,0,0,1.0,-0.041872667046268186,0,0,-0.041872667046268186,-0.15285978476745155,-0.1729159969334715,-0.2123190208340364
9159309920806,complex,4,0,1.0,-0.010926703216028406,0,0,-0.010926703216028406,-0.03462677747886651,-0.08381508469766728,-0.24039964398347125
923380058776,complex,1,1,1.0,-0.02609737700895807,0,1,-0.02609737700895807,-0.17459758443767198,-0.27674106197222176,-0.45303472236267106
9237935017979,complex,2,1,1.0,0.011467468839079314,0,1,0.0013274052799386038,0.011467468839079314,0.0028216503811581313,-0.073423613176991
923708219454,complex,4,0,1.0,-0.028877349679566407,0,0,-0.028877349679566407,-0.04132436939623851,-0.07467601220927637,-0.187053227221521
9239544416843,complex,1,1,1.0,-0.026813432401052766,0,1,-0.026813432401052766,-0.19232456440432213,-0.2916439318799345,-0.4272863062631865
924128889757,complex,2,1,1.0,0.026548951347359562,0,1,0.026548951347359562,-0.29482814760216214,-0.42887356239572966,-0.566362307857476
923805277852,complex,1,1,1.0,0.07933762899927933,0,1,-0.02782762045052871,0.07137898573190805,0.07933762899927933,0.06236722200185868
9231732620669,complex,4,0,1.0,0.09864736266832473,0,0,-0.010597083445366473,0.01600212335039547,0.03133508408633673,0.09864736266832473
924021842973,complex,0,1,4.0,0.13754195148776288,0,1,-0.02145835444334177,0.0010199289369109549,0.03039298952559484,0.13754195148776288
9237063817838,complex,0,0,1.0,-0.0066066234846810165,0,0,-0.0066066234846810165,-0.019467088508808614,-0.024497166543476702,-0.03576872070360248
92363219787,complex,1,0,1.0,0.016479630757704127,0,0,-0.002640407650763458,0.016479630757704127,0.010904489709052733,-0.035720233091453696
9232929317198,complex,3,0,0.0,0.16483413308457878,0,0,0.16483413308457878,0.04434300908917871,0.05039086015274965,0.05037389853704832
923314818482,complex,4,1,1.0,-0.004242903754917048,0,1,-0.02278804351479654,-0.004242903754917048,-0.0385750187228154,-0.1517744176888164
9234603210491,complex,0,1,1.0,-0.016753503961394783,0,1,-0.016753503961394783,-0.10943115279118108,-0.18457868330133376,-0.3643035791545499
924007825966,complex,3,1,1.0,-0.0024328740077367503,0,1,-0.0024328740077367503,-0.2650704139111896,-0.411224117756718,-0.5233980787605712
9236796312274,complex,4,1,1.0,0.0004908049660840644,0,1,0.0004908049660840644,-0.2733745400943963,-0.37840228872799314,-0.5075627580235541
923418732337,complex,3,0,1.0,-0.01744576087762549,0,0,-0.01744576087762549,-0.1951633521265033,-0.3146031220024969,-0.3916889553563006
923420259189,complex,3,1,1.0,-0.007999004433850675,0,1,-0.007999004433850675,-0.0459405313615227,-0.11171552789777323,-0.27765978221529797
923670268985,complex,0,1,1.0,-0.010058365686781697,0,1,-0.010058365686781697,-0.09101803238428476,-0.162648154007694,-0.32141393881373337
9234019811601,complex,4,0,1.0,0.09739556019293438,0,0,0.09739556019293438,0.034633687684519986,0.03386439132890279,0.019353160483133527
923463365564,complex,0,0,0.0,0.10697294580244178,0,0,0.10697294580244178,0.05423262335161673,0.05369187106674448,0.004915874301342604
9241308810572,complex,1,1,1.0,-0.02506453246327718,0,1,-0.02506453246327718,-0.026654590471940104,-0.05624576191241577,-0.13611146847162392
9240564719651,complex,3,1,1.0,0.0042409138211566815,0,1,-0.007925820438021834,0.0042409138211566815,0.0010009830685130117,-0.07799206007316263
9241192821278,complex,0,1,1.0,0.005621246117650525,0,1,-0.0008921453743913656,0.004156219703062382,0.005621246117650525,-0.03262929017172003
9240375217050,complex,4,1,1.0,0.006061574514026936,0,1,0.0012661768470996482,-0.00020713237852982777,0.006061574514026936,-0.0008721132269715326
923525948780,complex,4,0,4.0,0.1506050424240828,0,0,0.06135934575678274,0.06772587604219316,0.08578231001767604,0.1506050424240828
9238969815653,complex,1,0,1.0,0.011137306380994357,0,0,0.011137306380994357,0.007016530253173222,0.008279773347135772,0.010115798950767974
9241327015157,complex,2,0,0.0,0.27197976416990566,0,0,0.27197976416990566,-0.0026976160059898786,0.005969104981548203,-0.00022341024312683144
9241519011609,complex,0,0,1.0,0.08091163817191466,0,0,0.08091163817191466,0.03599927406071499,0.027482093987176694,-0.012688442989730236
923572338174,complex,1,0,1.0,0.004338549189602543,0,0,0.004338549189602543,-0.07166677133494333,-0.0773315221935661,-1.151069545796135e-05
923354013111,complex,4,0,1.0,-0.06498483690187831,0,0,-0.06899549083255438,-0.09809748782584063,-0.06498483690187831,-0.07439665265745025
9237758916349,complex,0,0,1.0,0.03242176985400544,0,0,-0.007312404614816623,0.009910649703126672,0.018833439468636748,0.03242176985400544
9231953214816,complex,3,1,1.0,0.056653808249020714,0,1,0.056653808249020714,0.04691141712066202,0.04680019881401861,-0.019907041411148782
9237407919692,complex,3,1,4.0,0.16974138915267029,0,1,-0.02064498557064265,0.01224360565101878,0.04575661438294842,0.16974138915267029
923725063671,complex,2,0,0.0,0.335452200352123,0,0,0.335452200352123,-0.02396959415476548,-0.019124461715343,-0.015963711846475354
9233599613966,complex,1,0,1.0,-0.005136442615576128,0,0,-0.016140456778582835,-0.005136442615576128,-0.03169240990037667,-0.13695490862538473
923202791304,complex,2,1,1.0,0.007642790609128976,0,1,-0.0026548898520862077,0.005038976261451292,0.007642790609128976,-0.0158233921934028
9235121020358,complex,4,1,1.0,-0.005111116878530282,0,1,-0.005111116878530282,-0.2217212333304665,-0.3096524671193737,-0.4518007689830545
923458643087,complex,1,0,4.0,0.1553382060127794,0,0,0.006661788529551689,0.0752243573799742,0.11189695483157411,0.1553382060127794
9237747220405,complex,1,1,1.0,-0.028514166671588757,0,1,-0.028514166671588757,-0.16147755172511571,-0.2403600713487298,-0.4057978699809488
92396578320,complex,1,0,1.0,0.02324270112062894,0,0,0.006059708939435842,0.02324270112062894,0.01849807420545654,-0.02671308978493779
923237013300,complex,0,0,0.0,0.28310161740399,1,1,0.28310161740399,-0.023271941707164887,-0.013428771760928528,0.03909013753452423
9238896613438,complex,3,0,1.0,0.04216238501861704,0,0,0.04216238501861704,-0.03244205363562677,-0.07327271180495612,-0.22585708239141603
9233630614868,complex,0,1,1.0,-0.024555816896995496,0,1,-0.024555816896995496,-0.18942135316960207,-0.2733185197067782,-0.3919047663230385
9234264912593,complex,3,0,1.0,0.07884563837291386,0,0,0.06182037171544006,0.01440934386101807,0.04900218450324468,0.07884563837291386
924097626920,complex,1,0,1.0,0.07822343747096944,0,0,0.016378999627319587,-0.07300517972246554,-0.11279779605311004,0.07822343747096944
9235133811297,complex,3,1,1.0,0.01058707907337486,0,1,-0.01964978367093405,0.01058707907337486,0.003777631090309385,-0.09251066074547794
9237710420352,complex,1,0,1.0,0.013575238812836496,0,0,-0.005854750958595077,0.004518448562551694,0.009252765784213437,0.013575238812836496
9238421220642,complex,3,1,1.0,0.008235545221056918,0,1,-0.0009702001872722854,0.008235545221056918,0.0019666885462749813,-0.06619366046402353
923842683760,complex,1,1,1.0,0.09769934246901252,0,1,-0.01627181512821771,0.016615359331593898,0.03843133222059347,0.09769934246901252
923458667903,complex,3,0,2.0,0.2996176663578295,0,0,0.15526167072743347,0.1969615932713609,0.2996176663578295,0.16433979071299443
923965792391,complex,1,0,1.0,0.06330632981535286,0,0,0.06330632981535286,-0.053731687876165043,-0.024864509924373866,0.035633522146164553
9235674812022,complex,4,0,1.0,0.04174825984799403,0,0,0.0014159473714168563,0.04174825984799403,0.03505576933160545,-0.03175854785034886
9235683414446,complex,2,0,1.0,0.07156457759948348,0,0,0.045106557338944156,-0.032730965630794126,0.01955248228907484,0.07156457759948348
9238556420042,complex,4,1,1.0,-0.031238328234759347,0,1,-0.031238328234759347,-0.06230419569465199,-0.12550485248171095,-0.30056549414493966
9236803117553,complex,2,0,1.0,0.04151170954097706,0,0,-0.01893393259695277,0.03533618535125925,0.04151170954097706,0.019842543097278523
9237426512131,complex,2,1,1.0,0.013870799827657206,0,1,-0.01661337924859779,0.013870799827657206,-0.013091923972928746,-0.1250612216644557
923563222513,complex,4,1,1.0,-0.053447717941646884,0,1,-0.053447717941646884,-0.06091101275623295,-0.08794912136846848,-0.22005031069590963
923443184236,complex,2,1,1.0,-0.008226042564851283,0,1,-0.008226042564851283,-0.02703130420302959,-0.02980712095325053,-0.025255372036540873
9235867718716,complex,4,0,1.0,0.031882594487311164,0,0,0.009417506051516145,0.016011287905815928,0.014540155884566832,0.031882594487311164
9240563014033,complex,3,0,1.0,0.003337242250530441,0,0,0.003337242250530441,-0.004106753569816745,-0.020281206194116014,-0.10679597762463419
9236368613879,complex,1,0,4.0,0.19565227911582067,0,0,0.17533178382919762,0.04413297484985869,0.07410407866520631,0.19565227911582067
9237568113359,complex,3,0,1.0,0.015926960189536807,0,0,0.012799748492363204,0.015926960189536807,0.0112501496354609,-0.02634159939165029
9233631314503,complex,0,0,1.0,0.06053157742490603,0,0,0.06053157742490603,0.029166931576590338,0.050416486005640616,0.016831054862738545
92333852728,complex,4,1,1.0,0.0010912621164846162,0,1,0.0010912621164846162,-0.26221910584604424,-0.3635354831141135,-0.44554204869006564
9237568012923,complex,1,1,1.0,3.2748323381622674e-05,0,1,-0.00883630721262476,3.2748323381622674e-05,-0.03823581447516842,-0.22600552140416535
9232863610555,complex,3,1,0.0,0.19507613444060878,-1,0,0.19507613444060878,-0.02707520125780713,0.005353732673482624,-0.006989896509210516
9236190932,complex,1,0,1.0,0.03424379153208934,0,0,0.03424379153208934,0.008682854279605884,0.003886399396167247,-0.019364094369857157
9233722812385,complex,3,0,1.0,-0.017899340116163148,0,0,-0.017899340116163148,-0.018231612707655748,-0.05271123555156085,-0.16726432139603628
923309172675,complex,3,1,1.0,0.07216835530953539,0,1,0.01652819838832408,0.07216835530953539,0.05969021159144639,-0.07513299956796422
923236894377,complex,0,1,1.0,-0.012815782954983718,0,1,-0.012815782954983718,-0.04010562940754547,-0.09107772290475519,-0.24204998804179415
924025306293,complex,2,1,1.0,0.03069975336019939,0,1,-0.03062558463498401,0.03069975336019939,0.027396082210852286,-0.01969699881493544
9241272913479,complex,1,1,1.0,-0.0067528342331725465,0,1,-0.008739021263783061,-0.0067528342331725465,-0.04706915575063165,-0.2877036786732471
923480038950,complex,2,1,1.0,-0.007739617989752746,0,1,-0.007739617989752746,-0.01905162878199484,-0.06985997883075268,-0.23200173200305207
92356625467,complex,2,1,1.0,-0.02205119737085209,0,1,-0.02205119737085209,-0.03236686094382977,-0.09417280593807899,-0.2537879176267529
923680439235,complex,3,0,4.0,0.12729430568369113,0,0,0.04395335920646006,0.046603530746248026,0.06418402068887877,0.12729430568369113
924119767823,complex,1,0,0.0,0.21737444061873767,1,1,0.21737444061873767,0.02321545677465819,0.025319656444648047,-0.003698522700435747
9239667614180,complex,3,0,0.0,0.16141333104782285,0,0,0.16141333104782285,0.030686503767218508,0.03393104555940021,-0.00834584231674948
923743862770,complex,0,0,1.0,0.057472571662731745,0,0,0.057472571662731745,0.022061302390250795,0.016428112170250385,0.013317726552265347
924076888699,complex,3,0,1.0,0.007539798592779992,0,0,-0.017812296630197816,-0.1150219568761774,-0.0574724928270454,0.007539798592779992
9236788314102,complex,2,0,4.0,0.16334695430736712,0,0,0.13951584803139552,0.0384739582521417,0.07016428006154739,0.16334695430736712
9237084217644,complex,1,0,1.0,0.055115046928059575,0,0,0.004286072096625494,0.055115046928059575,0.04981234942660891,-0.05348259443552129
92407135878,complex,2,0,1.0,0.03546485175633851,0,0,-0.005412807165558996,-0.0049450948724166464,0.007634482612443424,0.03546485175633851
9241062520498,complex,2,0,1.0,0.01322885636218615,0,0,-0.010413586013566612,0.01322885636218615,0.012929041028389637,-0.01767569206757829
9115949016265,complex,3,1,1.0,0.0011134579136801454,0,1,-0.012858688562180108,0.0011134579136801454,-0.030214193222605733,-0.15255641242018353
923653614090,complex,2,1,0.0,0.25306306607113005,0,1,0.25306306607113005,0.023034814076512502,0.025919537728848824,0.002199081825258409
923911812369,complex,4,1,1.0,0.017620383830989794,0,1,-0.0002336810777829948,-0.0001918524449270667,0.008173374611610999,0.017620383830989794
924108882591,complex,4,0,1.0,-0.011384801580568815,0,0,-0.011384801580568815,-0.15822792134402378,-0.14614510458736266,-0.1457286217205665
923627653933,complex,1,0,1.0,0.02221655318295335,0,0,0.0008850573766166075,0.02221655318295335,0.017057532667143677,-0.03226640383772658
9241172910305,complex,4,1,1.0,0.04798296628279898,0,1,-0.06080944079615378,0.027042291767540104,0.04798296628279898,-0.04416328805668897
92327152831,complex,4,1,1.0,-0.023486232456481494,0,1,-0.023486232456481494,-0.28330924578051386,-0.3583887131361599,-0.49866319709398504
923674693626,complex,3,1,4.0,0.14018246913267213,-1,0,0.0512385132869433,0.02506916298756228,0.05194482626463962,0.14018246913267213
900015511964,complex,0,0,0.0,0.16264674692188497,0,0,0.16264674692188497,0.09947129655176655,0.05923279216499135,0.036634907331547006
9236012819030,complex,2,1,1.0,0.06409528602315545,0,1,-0.03161399025259551,0.03699721792192889,0.05852199960184078,0.06409528602315545
9232911419198,complex,0,0,0.0,0.25632308719634517,0,0,0.25632308719634517,-0.023654538126023472,-0.002789769314049291,-0.025011104813322797
9237155414946,complex,1,0,1.0,-0.00579796834457914,0,0,-0.00579796834457914,-0.019750704581138954,-0.023894465876979635,-0.027424604161060226
923698977459,complex,1,0,1.0,0.04834677203272207,0,0,0.04834677203272207,-0.0940349526584548,-0.10162521549460402,-0.07382348652071731
923320944216,complex,2,1,1.0,0.03476588105607795,0,1,0.03476588105607795,0.02655529881530062,0.023617759192374476,-0.015351764326176007
9235117712734,complex,3,0,0.0,0.15305922372872643,0,0,0.15305922372872643,0.0382571102616532,0.04912553326461885,0.004513247486470431
9235298619246,complex,0,1,1.0,0.026129766180284092,0,1,-0.0034283173522803197,-0.0023605665216468383,0.007577445415701149,0.026129766180284092
9231678514176,complex,1,0,4.0,0.19264623053133717,0,0,0.044182337910170066,0.03998321390122281,0.06509651886665824,0.19264623053133717
915929179075,complex,1,0,1.0,0.0029235563828449267,0,0,0.0029235563828449267,-0.015145047850750968,-0.021820639070115225,-0.08312443919709182
9237663014510,complex,4,0,1.0,0.006943751431919651,0,0,-0.009831154785099529,0.006943751431919651,-0.018918217312918775,-0.11036238309683075
923966193452,complex,4,1,1.0,-0.04193637918525942,0,1,-0.04193637918525942,-0.19697865077679957,-0.27334154596108423,-0.34785613300396956
923295754741,complex,0,0,0.0,0.19523881761188008,0,0,0.19523881761188008,0.010031219406923642,0.011240976720269573,0.03248310348382692
923168989673,complex,4,0,1.0,0.058221285047861684,0,0,0.04471255142722894,0.029004197757878762,0.04082786901569853,0.058221285047861684
9240262914796,complex,0,0,0.0,0.10854516125866263,0,0,0.10854516125866263,0.04698679476697644,0.04309561094334354,-0.011583784438386563
9240911218466,complex,0,1,1.0,-0.014387963002834656,0,1,-0.014387963002834656,-0.15625210480222024,-0.2400831249702422,-0.39676377493994
923281735936,complex,2,1,1.0,-0.0028729875922706635,0,1,-0.0028729875922706635,-0.01340181183475089,-0.03165168407384189,-0.10491090651683269
923565926134,complex,2,0,1.0,0.08239635496968607,0,0,0.08239635496968607,-0.01568671458026587,-0.03678187272170497,-0.10952738678088081
9234425716988,complex,1,0,0.0,0.24508877137716117,1,1,0.24508877137716117,-0.006165809811618298,0.004574349907724758,0.06086425970649409
923523927796,complex,2,1,1.0,-0.038501320867826,0,1,-0.038501320867826,-0.20149574614588733,-0.24734871727727978,-0.30644860501913174
9240408915302,complex,2,0,1.0,0.05927574096179625,0,0,-0.012456438675135777,-0.00289249109333237,0.012754669475404521,0.05927574096179625
923713279319,complex,1,1,4.0,0.10147604079084233,0,1,-0.02711233538099192,0.04044356507567441,0.05655847786670677,0.10147604079084233
923936737618,complex,1,1,1.0,0.027348624968813854,0,1,0.021925148991350573,0.027348624968813854,0.02418737211816314,-0.009209394984699498
9236158216904,complex,0,1,1.0,-0.013638103744677669,0,1,-0.013638103744677669,-0.17503461217960598,-0.2570547780386756,-0.4208645137214525
92379601128,complex,1,1,1.0,0.0066032259298127,0,1,-0.005974531786194934,0.004649470652218383,0.0066032259298127,0.005262657628014339
924151551382,complex,4,0,1.0,0.028190326157212935,0,0,0.028190326157212935,0.011312340953592098,0.008570823960704386,0.02751301895600107
9239859515977,complex,4,0,1.0,0.08350376432752778,0,0,0.08350376432752778,0.044624322919884475,0.03701870980054603,7.488751956379047e-05
9236148420263,complex,3,1,1.0,0.027557017243654863,0,1,0.016818394393747604,0.027557017243654863,0.016297586452687605,-0.07553656745406995
9233664812159,complex,1,0,1.0,0.07429412415513985,0,0,0.07429412415513985,0.024751513711182446,0.05242464365338331,-0.02630291656365899
90003172442,complex,3,1,1.0,0.0008441362283636844,0,1,-0.040208757488727764,-0.0017245839650084308,0.0008441362283636844,-0.12680501194883592
9235027816445,complex,4,1,1.0,0.08602038916161388,0,1,-0.026846139285946688,0.08373602773603725,0.08602038916161388,0.04660772630977718
9234193610884,complex,2,1,1.0,0.060060095205384884,0,1,-0.00376851788449312,0.03569137514161559,0.050202971124456666,0.060060095205384884
923607745326,complex,2,1,1.0,0.008156398320364574,0,1,-0.04113271841925979,0.008156398320364574,-0.020263509851307777,-0.08886700522909441
923525816569,complex,3,0,0.0,0.26053186892789837,1,1,0.26053186892789837,-0.009339973338732209,0.0011314945878302465,0.05449519730720856
924036089889,complex,2,1,1.0,0.09751541984399498,0,1,-0.03912348560023225,0.058880690808809574,0.07341085428447207,0.09751541984399498
9238317014222,complex,0,0,1.0,-0.013223847501118016,0,0,-0.013223847501118016,-0.14565883203338748,-0.13087721733203217,-0.16899943669783138
923960719225,complex,1,1,1.0,0.015564048158945343,0,1,0.015564048158945343,-0.31839538335765727,-0.45244081452786183,-0.598417196644027
9240590918934,complex,1,1,1.0,0.002540893906434201,0,1,0.000856337313015168,-0.0026415213888921034,0.002540893906434201,-0.003648072410631212
924063437590,complex,1,0,1.0,0.05193762713776036,0,0,0.005369460252773864,0.04459109123708438,0.05193762713776036,0.00021639959381532237
924029321677,complex,1,1,1.0,-0.01018868818819553,0,1,-0.01018868818819553,-0.28278247428935643,-0.411328390756608,-0.5443517852241336
9235591015419,complex,0,0,1.0,-0.037003557258440095,0,0,-0.037003557258440095,-0.11431861966451422,-0.12294591780766162,-0.14944796776296404
9234452412015,complex,3,1,1.0,0.03583643266775969,0,1,-0.03194592573030128,0.00506567751952656,0.03583643266775969,-0.017723046937578646
923822343866,complex,2,1,1.0,-0.033573100242701784,0,1,-0.035232529525091705,-0.033573100242701784,-0.052313155056043587,-0.17289663947776657
923684503390,complex,0,1,1.0,0.014816454139589194,0,1,0.01051247235167838,0.014816454139589194,0.006712021366104024,-0.022374279839881328
923314862280,complex,0,1,1.0,0.09173550029197604,0,1,0.09173550029197604,0.04734287182805148,0.0427600653722393,-0.016718199909316306
923712909866,complex,2,0,0.0,0.2853998779608309,0,0,0.2853998779608309,-0.013012677373131627,-0.006721035184751912,0.022653658377555883
9234351418347,complex,1,0,0.0,0.2545120115188465,0,0,0.2545120115188465,0.002471803380640774,0.006367609543747623,-0.04637861550234286
923570102339,complex,4,0,0.0,0.26755621143518893,0,0,0.26755621143518893,-0.002102851478759167,0.004412369305893119,0.04845335441181593
9237441916251,complex,4,0,0.0,0.3371488064684986,0,0,0.3371488064684986,-0.04570087582758917,-0.02280409078021044,0.09097092398824962
924047769047,complex,0,0,1.0,0.03559366596902616,0,0,-0.020289114776424495,0.03559366596902616,0.02638485491754842,-0.010219868470806852
923173449976,complex,4,0,1.0,-0.02692370294599876,0,0,-0.02692370294599876,-0.16391445336621865,-0.21851352620293954,-0.3097087756989306
9235040621099,complex,3,1,4.0,0.1341502759506062,0,1,0.047296339853223825,0.04492796590968,0.06318950517432737,0.1341502759506062
9235182011516,complex,1,1,1.0,0.07111549804703352,0,1,-0.008885623794878686,0.0033423371450754316,0.01624372229060424,0.07111549804703352
923904797882,complex,0,0,1.0,0.07944202494525074,0,0,0.010870901164461245,0.05318352285949397,0.06432346315842505,0.07944202494525074
9238447119193,complex,3,1,0.0,0.20294770535261025,-1,0,0.20294770535261025,0.014472395045484957,0.01824237264860734,0.01573994076717694
923481137763,complex,2,0,0.0,0.2308711069103658,0,0,0.2308711069103658,0.02696619362937556,0.06135469032146608,0.1556756559349461
9240388716044,complex,0,0,1.0,-0.012075923121095147,0,0,-0.012075923121095147,-0.2075795111470865,-0.2942639413280365,-0.4376124963584207
923580797344,complex,1,1,0.0,0.16943739468392588,0,1,0.16943739468392588,0.03057797444493107,0.033872576020674075,-0.008453934423142975
92334674155,complex,0,0,4.0,0.15045608146315034,0,0,0.10586599508591692,0.04100446502943708,0.05851019447771771,0.15045608146315034
92342920977,complex,3,1,1.0,0.02028466282656688,0,1,-0.004426406982843009,0.02028466282656688,-0.03714524376384245,-0.14924474486632835
923812122341,complex,3,0,1.0,0.002768743457878989,0,0,0.002768743457878989,-0.014587674168901969,-0.01797134454483948,-0.018941867311362062
9236609621389,complex,1,1,1.0,-0.0014533151972678064,0,1,-0.019540742060532572,-0.0014533151972678064,-0.028228488692253084,-0.13449707236809083
9233740412608,complex,0,1,1.0,-0.019507045058301236,0,1,-0.019507045058301236,-0.2232994998153769,-0.31313526815560433,-0.40879797722443356
9239656413274,complex,2,0,4.0,0.11639580122988769,0,0,0.062495293341865224,0.07355055013036917,0.09546480565090977,0.11639580122988769
9238531512234,complex,2,0,0.0,0.12954299802961847,0,0,0.12954299802961847,0.0548869788125638,0.05439041164767976,0.0074163561519426935
9237341519329,complex,0,0,1.0,0.09277887475473245,0,0,0.024608114938199734,0.05637210982842429,0.07273933700329113,0.09277887475473245
9235486117576,complex,2,1,1.0,0.012488517202126629,0,1,0.00011506243614655895,0.012488517202126629,-0.008261466507505862,-0.12175053689878783
924141614725,complex,2,1,1.0,0.024362308690860063,0,1,0.024362308690860063,-0.013507231912020006,-0.05052236489592464,-0.19588547328693848
9236971721297,complex,2,0,0.0,0.2865426136506349,0,0,0.2865426136506349,-0.003008548882786361,0.005288884508480956,-0.0049263406482932814
923659039099,complex,3,0,1.0,-0.007209085731799701,0,0,-0.007209085731799701,-0.04907850213023318,-0.11539524298143322,-0.2906242792991696
9237054615436,complex,0,1,1.0,0.02946235750452251,0,1,0.02946235750452251,0.014385720693713334,-0.0009460806071139374,-0.08484559718031737
900024291907,complex,2,0,1.0,0.02056017435834036,0,0,0.02056017435834036,-0.09395317963080134,-0.12063805556874775,-0.18895137403968393
9238932218252,complex,1,0,0.0,0.31893555701783044,1,1,0.31893555701783044,-0.029657896908336163,-0.027212130509322464,0.010758163193144835
9234564814113,complex,2,1,1.0,0.009953608029762456,0,1,0.0003002063480836495,0.009953608029762456,0.0011085793469278842,-0.06963404440017876
9237456216060,complex,0,0,1.0,-0.00467481720466284,0,0,-0.00467481720466284,-0.021660113592265003,-0.026975301694913995,-0.03745897561364281
9238766412586,complex,3,0,1.0,0.09607787037131515,0,0,0.037755935430780374,0.06057279442653271,0.07623001106967531,0.09607787037131515
9240123715900,complex,4,0,1.0,0.05503801906987811,0,0,0.013007086690565904,0.01979007409814515,0.01972810223835658,0.05503801906987811
923240004980,complex,3,1,1.0,0.007029545686207554,0,1,-0.0018239536387320704,0.003907486461744334,0.007029545686207554,-0.012753924531019561
9234330510292,complex,1,0,1.0,-0.006945130182498545,0,0,-0.006945130182498545,-0.008798781748031403,-0.026465352127004047,-0.11504041918304682
9237759612911,complex,3,1,1.0,-0.06739967351059806,0,1,-0.06739967351059806,-0.07455187023060576,-0.12096087988752133,-0.2656252911595351
9235992216561,complex,2,0,1.0,-0.016620491701684083,0,0,-0.016620491701684083,-0.029944295468540952,-0.08246309555476049,-0.23219102380778092
9237759414306,complex,2,1,1.0,0.01451372349086245,0,1,-0.00671680109617873,0.01451372349086245,0.006411099328729231,-0.05912101285908997
923619353678,complex,0,1,1.0,0.040765962776923334,0,1,0.040765962776923334,0.02195470910683403,0.014765631175028486,-0.0056033977486531356
9237139814665,complex,0,0,1.0,0.03444648470417759,0,0,-0.002111816896294867,0.03444648470417759,0.018628067611741322,-0.06383591600050863
9231782015098,complex,2,1,1.0,0.09446615761879124,0,1,-0.019612015901107772,0.014738992359031308,0.036288809098439984,0.09446615761879124
923309164954,complex,2,1,1.0,0.03443008960145158,0,1,-0.01402361683972356,0.002085387687222783,0.012255660942269517,0.03443008960145158
9234431111083,complex,3,0,1.0,-0.024671689050742976,0,0,-0.024671689050742976,-0.15626187829703886,-0.1299085302945789,-0.11654095991268143
923457172950,complex,1,0,0.0,0.1807493617255912,0,0,0.1807493617255912,0.016213692776122595,0.025047026637912483,0.04031317939059734
923653577105,complex,1,1,1.0,-0.006419279977579843,0,1,-0.006419279977579843,-0.007394324865490461,-0.01849629847333992,-0.08806991962770881
923468274511,complex,3,1,1.0,-0.014681966203929545,0,1,-0.014681966203929545,-0.0601151464056068,-0.13484453781164651,-0.3269050657491525
923502937060,complex,2,1,1.0,0.010448951223339355,0,1,-0.006276300584630412,0.010448951223339355,0.007795419582585238,-0.03353934674953822
9235671311246,complex,0,1,1.0,0.0073969800525480675,0,1,-0.00650914090683043,-0.001288802562160074,0.0073969800525480675,0.00379865137780476
9241042317788,complex,4,0,1.0,-0.01593245189449757,0,0,-0.04145988343293002,-0.01593245189449757,-0.051259941976192325,-0.14420910187998304
9241044117933,complex,3,1,1.0,0.004699984445600519,0,1,-0.009401458204735036,0.002419673436834446,0.004699984445600519,-0.03401498250748278
923475003612,complex,3,0,1.0,0.001369890242304628,0,0,-0.009884998373476672,0.001369890242304628,-0.011516942864286391,-0.07764142522318798
923425073362,complex,2,0,1.0,0.0022578900859481117,0,0,-0.012436510860882401,0.0022578900859481117,-0.01954865442496628,-0.10583825176601093
9238300019247,complex,2,1,1.0,0.01401986564315506,0,1,-0.0024024912841867953,0.01401986564315506,0.004073357441271911,-0.07373343483894892
923582538565,complex,2,0,1.0,0.0975161103259668,0,0,0.011680540416739781,0.022537944698331935,0.07304386326145262,0.0975161103259668
923522052593,complex,0,0,1.0,-0.04365613973882053,0,0,-0.04365613973882053,-0.14502840002558776,-0.21314648453610108,-0.3133254648694207
924083066445,complex,0,1,1.0,0.06279552694098936,0,1,-0.04915564196045495,0.047565532102550864,0.06279552694098936,-0.026963436198412877
923360944953,complex,4,0,1.0,-0.03186673830607387,0,0,-0.03186673830607387,-0.08252222119655833,-0.11688425468977952,-0.0751633152748578
9239646314000,complex,0,0,0.0,0.1490690969138751,0,0,0.1490690969138751,0.027464492310308397,0.032536667090904116,-0.010012032734123703
924071517009,complex,2,1,1.0,0.004258008706265078,0,1,0.0013383668407279357,0.004258008706265078,0.002998015640476231,-0.03914442220638838
923856297242,complex,1,1,1.0,-0.04576304864561269,0,1,-0.04576304864561269,-0.04694867470687941,-0.07892753327719423,-0.2621355207249356
9231945921212,complex,4,1,1.0,-0.027691079394872233,0,1,-0.027691079394872233,-0.19325970060571276,-0.27956683601065163,-0.4284469359197878
923506643713,complex,4,0,0.0,0.1603228905964636,0,0,0.1603228905964636,0.06985554858689605,0.06235424755868166,-0.0497542041422141
9236192920458,complex,4,0,1.0,-0.04855934963745301,0,0,-0.05592838744898015,-0.14521922194136352,-0.09398523422104885,-0.04855934963745301
923559208216,complex,0,0,0.0,0.12382837058324407,0,0,0.12382837058324407,0.03427230109179345,0.05999447949582886,0.033781265868602736
924131017583,complex,3,0,1.0,0.07082161526049521,0,0,0.07082161526049521,0.03220582387786687,0.032212394427726714,0.009416479143520201
9235753714393,complex,1,0,1.0,0.0014355917008310563,0,0,-0.01688036479745754,0.0014355917008310563,-0.022001120957493833,-0.12357493145316256
92323801469,complex,4,0,0.0,0.15091674906709274,1,1,0.15091674906709274,0.03337833655695255,0.03341146880518932,0.06073769369214653
924082019687,complex,0,0,1.0,0.0075419637077125505,0,0,0.0075419637077125505,-0.15468535198592726,-0.2066624934298213,-0.22579940475018234
9237469815222,complex,4,1,1.0,-0.008689248047140809,0,1,-0.01382369949360937,-0.008689248047140809,-0.010920936703462992,-0.02136378620564032
9232341616241,complex,2,1,1.0,0.02843442644991818,0,1,0.02843442644991818,-0.3229448185723909,-0.46242727865575045,-0.5917261214753307
923456622089,complex,1,1,1.0,-0.004490675744536696,0,1,-0.004490675744536696,-0.028092827255196014,-0.03426078070612039,-0.04406022426440821
9233788821216,complex,0,1,1.0,-0.013251437651752341,0,1,-0.013251437651752341,-0.05463551582958727,-0.10018263519286744,-0.20709829853353642
9241220017284,complex,3,1,1.0,-0.021217321452282757,0,1,-0.02817700886677941,-0.021217321452282757,-0.07512665782473225,-0.23322874379858916
9231615219511,complex,2,1,1.0,0.08094940159129504,0,1,-0.03570396610193806,0.08094940159129504,0.07899102869488353,0.04947777451451979
923406914749,complex,0,1,1.0,-0.004071860697907888,0,1,-0.004071860697907888,-0.021429684311397273,-0.030618597088933046,-0.0795818741737121
923806898394,complex,0,0,0.0,0.21584530203672914,0,0,0.21584530203672914,-0.017607365226704405,0.015612003651453446,-0.015594809144518787
923391617475,complex,1,1,1.0,0.006682558812240877,0,1,-0.004006053553890318,0.006682558812240877,0.005992689812554516,-0.018556405099128627
923664349590,complex,0,1,1.0,-0.012878621827911142,0,1,-0.030625507926516016,-0.02935725017318666,-0.012878621827911142,-0.018251032310482723
923630026694,complex,3,1,1.0,0.01218697031381038,0,1,-0.019911400536013375,0.01218697031381038,-0.007416027063633767,-0.0982930886773099
9235017512650,complex,0,0,1.0,0.02043759651619866,0,0,0.02043759651619866,-0.009772519191614301,-0.015914348452288618,-0.057646723385809215
923331745518,complex,0,0,1.0,-0.016705891900004956,0,0,-0.016705891900004956,-0.1798423998500453,-0.255197268067069,-0.3860138672684763
9240401810320,complex,1,0,4.0,0.13428950667113884,0,0,0.06773223183364023,0.006248371067262861,0.027318768127779596,0.13428950667113884
9241177212420,complex,3,1,1.0,0.004379559982279121,0,1,0.00022718235233621167,0.0017055432211190973,0.004379559982279121,-0.02421634013132913
923476991434,complex,1,1,4.0,0.10736549629987902,0,1,-0.020791068652286068,0.0237018251541453,0.043045210239171336,0.10736549629987902
924088109467,complex,0,1,1.0,0.035592294831950005,0,1,-0.04295474279404238,0.035592294831950005,0.02594000811309833,-0.07676707083448117
923176567194,complex,4,0,1.0,-0.014440087565360256,0,0,-0.014440087565360256,-0.023336276540166272,-0.07616689268882347,-0.21399335750144616
92346901635,complex,3,1,1.0,0.013662947656024283,0,1,-0.010666089871591337,0.013662947656024283,0.006374198550897554,-0.042223078261140225
9159264916896,complex,1,0,1.0,0.05347139725607988,0,0,-0.010896147805983553,0.023255586653975136,0.03437001120694691,0.05347139725607988
9240566215329,complex,4,1,1.0,0.025538408681192233,0,1,-0.01930953037688049,0.025538408681192233,0.023950704295588234,-0.0005289933211061748
9231790212535,complex,3,0,1.0,-0.008034224070225377,0,0,-0.008034224070225377,-0.027264767869622102,-0.07751199851551724,-0.22120538722083893
923871286083,complex,0,0,1.0,0.08143061123823928,0,0,0.08143061123823928,0.04029618173966848,0.04650946792449754,-0.005309892542195022
923985281160,complex,3,1,1.0,-0.04888132650789205,0,1,-0.04888132650789205,-0.19171972624110842,-0.27902179489544526,-0.4275934000536666
9236924418312,complex,0,1,1.0,0.04215280264995411,0,1,-0.027257596181024104,-0.052622465997538684,-0.034989933483500914,0.04215280264995411
9237150816538,complex,4,1,1.0,-0.014561791467796896,0,1,-0.014561791467796896,-0.043608047056373875,-0.08905545812696844,-0.15390105602639295
9241347114181,complex,4,0,1.0,0.06252108589507183,0,0,0.06252108589507183,0.036136471592025605,0.03170378140252815,0.025307256980688156
9237371318401,complex,4,0,1.0,-0.003142438500693741,0,0,-0.003142438500693741,-0.2320036764727232,-0.31641924936200955,-0.45252255846439504
9233506719042,complex,4,1,1.0,0.061995225059757374,0,1,-0.027150657576348915,0.061995225059757374,0.043368245007860504,-0.05759996711630626
923155084453,complex,2,0,1.0,0.02255465754104312,0,0,0.02255465754104312,-0.02557557573044531,-0.06780990610375309,-0.18541529326592593
9241045920013,complex,1,1,1.0,0.025911818080061877,0,1,-0.0019306960358441323,-0.003996494507462239,0.005393098128945808,0.025911818080061877
9237788512983,complex,2,1,1.0,-0.0026621995732211273,0,1,-0.0072179657216226295,-0.0026621995732211273,-0.008345054883645637,-0.03538016577215218
9234790912839,complex,4,0,1.0,-0.025224038714730397,0,0,-0.025224038714730397,-0.037737515696363334,-0.04991474551935916,-0.12663922618825812
9231803912582,complex,0,0,1.0,0.09264195915770937,0,0,0.04658152008810161,0.05707088188448234,0.06956528640535709,0.09264195915770937
923760217428,complex,1,1,0.0,0.21161511456200505,0,1,0.21161511456200505,0.008156579587135209,0.013125362413985566,-0.006889286868714359
923346336179,complex,0,1,1.0,0.05988582023727088,0,1,-0.02959163350312018,0.04727323769719778,0.05988582023727088,0.031628281028001554
9238140413855,complex,4,1,1.0,0.0018804649401888071,0,1,0.0018804649401888071,-0.02962669165398797,-0.03835975498809571,-0.09049452854493788
923502365458,complex,0,0,0.0,0.18217057294678635,0,0,0.18217057294678635,0.03800286080298627,-0.07093573420917362,-0.17707539300160877
9240438514965,complex,4,1,1.0,-0.007721885719830554,0,1,-0.007721885719830554,-0.25344328350380313,-0.35247498054984283,-0.4530975277053597
923755171496,complex,0,0,1.0,-0.032368874156201655,0,0,-0.032368874156201655,-0.08410998971983415,-0.1425184762071538,-0.27806037483384966
923535505905,complex,1,0,1.0,0.08250138163133565,0,0,0.08250138163133565,0.037625751518281195,0.04095595169619268,-0.04049088498282834
9236987614117,complex,0,1,1.0,-0.015865104865700894,0,1,-0.015865104865700894,-0.2587546371239371,-0.35991032955449515,-0.5015066342944967
9237795316993,complex,0,0,1.0,-0.007740737858331025,0,0,-0.007740737858331025,-0.011221378864519377,-0.019661957293035805,-0.06008270075470979
923274771377,complex,4,0,1.0,0.08932186608702962,0,0,-0.005711207750985978,0.06125925886445432,0.0721384543259634,0.08932186608702962
92403806891,complex,1,1,1.0,0.06662554909011892,0,1,-0.012456352692263355,0.008828671962011682,0.02551385608089501,0.06662554909011892
923859967741,complex,4,0,1.0,0.024739286092506665,0,0,0.024739286092506665,0.0012619359647265682,-0.01938319525029517,-0.16318647983504986
923713168055,complex,4,1,1.0,-0.0645160177265586,0,1,-0.0645160177265586,-0.1411334940181139,-0.12608911857200364,-0.1215688627007685
9240021017022,complex,2,1,1.0,0.030204390452445943,0,1,0.030204390452445943,0.012660185949542786,-0.0081578518216407,-0.10871479131515584
9235213411410,complex,0,1,1.0,0.017099680756268658,0,1,-0.012061558898774954,0.017099680756268658,0.010152710514813902,-0.021648574936403014
92346048551,complex,3,0,1.0,0.0029424272280210856,0,0,0.0029424272280210856,-0.020897769181890284,-0.023013898417411006,-0.008323728680390031
9238104315084,complex,2,0,4.0,0.1302287212038511,0,0,0.006777500151090032,-0.04757004380533268,0.02993575189433943,0.1302287212038511
9236498214728,complex,1,1,1.0,0.00956711935840272,0,1,-0.04860295182843355,0.0077521060331029006,0.00956711935840272,-0.12109107088718696
923343744383,complex,4,1,1.0,0.00801769138215714,0,1,0.00801769138215714,-0.02999249155465497,-0.04316327855234838,-0.1257334165146296
9238941615819,complex,1,1,1.0,-0.029153946510967116,0,1,-0.029153946510967116,-0.09197841915664375,-0.1643382759876025,-0.3026761005897143
923869254022,complex,2,1,1.0,-0.025804236047447516,0,1,-0.025804236047447516,-0.1277897196992824,-0.22160802498394278,-0.3674949357864446
9159266720849,complex,0,0,1.0,0.04273299899335521,0,0,0.0044573364583075994,-0.09288949956950866,-0.04190684859410116,0.04273299899335521
923252733130,complex,1,0,0.0,0.23346086051215637,0,0,0.23346086051215637,0.014772121091366688,0.02432936825139274,0.040346114494163365
9240537612544,complex,4,1,1.0,-0.0021258270942738147,0,1,-0.0021258270942738147,-0.02482468002592196,-0.027560634763648822,-0.01750732212467522
9236936116720,complex,2,0,0.0,0.16529893906206025,0,0,0.16529893906206025,0.041209236411829386,0.06089105799972401,0.13129714630930744
924100442054,complex,1,1,1.0,0.09999107956324993,0,1,-0.012465146524253186,0.00682532972927612,0.02882145182213709,0.09999107956324993
924103527325,complex,4,1,1.0,0.011483387046869149,0,1,-0.008302368069368356,0.007573824711775066,0.011483387046869149,-0.0043083202568883205
92406038214,complex,4,0,1.0,0.06255403642573472,0,0,-0.009745021070169599,0.03809132732546142,0.0471972543543691,0.06255403642573472
923995988223,complex,1,0,1.0,-0.014902876240054735,0,0,-0.014902876240054735,-0.12469635976284339,-0.1567861617005555,-0.176832849443234
923386256256,complex,3,1,1.0,0.09794798699762075,0,1,-0.047772563704267926,0.06639277806897739,0.0868780338240471,0.09794798699762075
9238554612362,complex,4,0,1.0,0.004612170197327074,0,0,0.004612170197327074,-0.029617570150763245,-0.04078462137570836,-0.11002460550527467
9233471719793,complex,0,0,1.0,0.09069086016193251,0,0,0.010502843089536397,0.035387294070732274,0.04773281535167095,0.09069086016193251
923186129211,complex,2,1,1.0,0.02149812489902393,0,1,0.02149812489902393,-0.006828303039029537,-0.02359891503139314,-0.10776165482247303
923460816010,complex,1,0,1.0,0.018551379765583815,0,0,-0.014900381619917205,0.018551379765583815,0.009003982160325396,-0.07915332805910924
924031887347,complex,2,0,0.0,0.26220792305658575,1,1,0.26220792305658575,-0.022880853416877348,-0.016328545507787538,-0.046187341823392444
9234895318434,complex,0,1,0.0,0.11101368347631871,0,1,0.11101368347631871,0.052205237517159955,0.0652886377532216,0.0006309103240966368
9237126819789,complex,0,1,1.0,-0.004086522833282133,0,1,-0.045029405264599295,-0.004086522833282133,-0.01321165164627804,-0.12314305046285398
923416099133,complex,4,1,1.0,-0.01297977255227463,0,1,-0.01297977255227463,-0.23921073545895508,-0.3342346982480138,-0.43769181668032636
923170865116,complex,1,0,1.0,0.06808942866106568,0,0,0.06808942866106568,0.018234055686367653,0.02653591417218226,-0.021795044111494896
923562386063,complex,3,1,1.0,-0.008910132973435007,0,1,-0.008910132973435007,-0.23573438491674556,-0.37267023663295035,-0.4846432045602291
9236828917952,complex,1,0,0.0,0.265076852390513,1,1,0.265076852390513,-0.009833747130438292,-0.004219342732892203,0.05543008346172179
9236243415447,complex,3,1,1.0,0.07440667499905773,0,1,-0.04330962545783014,0.06537301302404581,0.07440667499905773,0.052230446455454105
90003571993,complex,0,1,1.0,0.010129063389212996,0,1,-0.003666460425483617,0.010129063389212996,-0.012244499049844102,-0.1464926521070692
9234223614625,complex,3,0,1.0,0.04189659791925752,0,0,0.010178385559022464,0.040426377302576325,0.04189659791925752,-0.024094066504602246
923543028700,complex,0,1,4.0,0.10030674495921191,0,1,-0.01371984272238912,0.010454590948810617,0.032222009735424974,0.10030674495921191
923248725471,complex,3,1,1.0,-0.006333571963167167,0,1,-0.006333571963167167,-0.007631972368010808,-0.011721885388739674,-0.024612809289897147
9240532220293,complex,1,0,1.0,0.03366633369536111,0,0,-0.016659451009242744,0.03366633369536111,0.02519753322737837,-0.06928979459998501
9240747619592,complex,3,0,1.0,0.04451532060469522,0,0,-0.028232657850515264,0.04451532060469522,0.04357113903987119,0.007148506186195558
923634223637,complex,2,0,0.0,0.27412890054951383,1,1,0.27412890054951383,0.002678826912993631,0.004870199472996734,-0.007872501145171101
923462715903,complex,4,0,1.0,-0.019771494655612266,0,0,-0.019771494655612266,-0.06032396920068167,-0.0943781285311175,-0.18318536089304555
923652636247,complex,1,1,1.0,-0.025974072764836195,0,1,-0.025974072764836195,-0.19084371958356447,-0.2866216189366909,-0.37701232635863996
9241118720366,complex,2,0,1.0,0.049443346516775954,0,0,-0.01514932468783246,0.000621773678889919,0.013636730006135678,0.049443346516775954
924128458918,complex,0,1,1.0,-0.015891838911320687,0,1,-0.015891838911320687,-0.06287785868413173,-0.1227180446315731,-0.28407261513767557
9235472914467,complex,0,1,1.0,0.049989504057466716,0,1,-0.020412733628392073,0.049989504057466716,0.04772636879139675,0.027115496691418967
9240588413475,complex,4,0,1.0,0.012831164354481991,0,0,0.012831164354481991,-0.17519140280559387,-0.27085679086644565,-0.4698440579042885
9236340713294,complex,3,0,0.0,0.2152501365399414,1,1,0.2152501365399414,0.015849684463365488,0.022698714087600942,0.0002266756797702496
9233908320567,complex,2,0,0.0,0.18394688669084647,0,0,0.18394688669084647,0.02768640217080102,0.019157316422783826,0.1722199740947666
923393115440,complex,0,1,0.0,0.16553410930888418,0,1,0.16553410930888418,0.04073632840567305,0.03769380344352977,0.023336139467041273
923307832719,complex,0,1,1.0,0.098952286944855,0,1,-0.021245167692174684,0.030734613990861054,0.04771435130805692,0.098952286944855
9241676816451,complex,1,1,1.0,-0.014938270355299425,0,1,-0.014938270355299425,-0.03208070180273996,-0.07620578091882388,-0.23658577275681314
9234318518645,complex,1,0,1.0,-0.005127248355535567,0,0,-0.005127248355535567,-0.22700477438790695,-0.324698558810208,-0.3962879610394663
923310769815,complex,4,1,1.0,-0.005761076086366224,0,1,-0.005761076086366224,-0.18486055305843338,-0.26341519355479703,-0.3813484292984073
92326714540,complex,1,0,0.0,0.11664118921351622,0,0,0.11664118921351622,0.050287005650727856,0.04865925049916639,-0.0023299198242095337
9238117015921,complex,3,0,4.0,0.1419679150208538,0,0,0.09529897894825884,0.05940885860391598,0.08326505560225397,0.1419679150208538
9233798121386,complex,4,1,1.0,0.003047199404432585,0,1,0.003047199404432585,-0.2750148497097618,-0.3817441473255697,-0.5241161764001091
9236474418184,complex,3,0,0.0,0.11970041138073191,0,0,0.11970041138073191,0.024287723331155073,0.03453895642287638,0.0005197674283384246
9241474812262,complex,1,0,1.0,0.06918390798002871,0,0,0.06918390798002871,0.03554719152624368,0.036710379419313266,0.019205212869597477
924143849271,complex,1,1,1.0,0.012801412559880817,0,1,-0.0028079510713614683,0.012801412559880817,0.0010014273760739802,-0.10082530139520976
923385363207,complex,0,1,1.0,-0.009752015571363636,0,1,-0.010249191679125445,-0.009752015571363636,-0.04955124904715679,-0.16455478199438178
923332612590,complex,4,0,1.0,-0.017500655239717326,0,0,-0.017500655239717326,-0.017602043303243164,-0.06537436920310327,-0.20318421595047398
923553732868,complex,3,0,4.0,0.1548483019684305,0,0,0.13393783687622107,0.05165804951540781,0.07441147332624373,0.1548483019684305
9234398511842,complex,3,0,0.0,0.22860646299050608,0,0,0.22860646299050608,-0.012332444993417587,0.02936182636597969,0.010171856151032471
923834241266,complex,0,1,1.0,0.051737347177805565,0,1,-0.011227030497723927,0.004622707071377415,0.01762432826085507,0.051737347177805565
923731051373,complex,1,0,1.0,0.04567014226357238,0,0,0.01429823720320401,0.036778729269086735,0.04567014226357238,0.0005810064645497548
923598615161,complex,1,0,1.0,-0.02510385175127309,0,0,-0.02510385175127309,-0.05599454022443577,-0.09676876662592043,-0.26681418350158487
924020497056,complex,4,0,4.0,0.10159711274234738,0,0,-0.020153904979867375,-0.015805294213114475,0.04732607105673069,0.10159711274234738
9240150211098,complex,2,0,0.0,0.18004958239247087,1,1,0.18004958239247087,0.02688468894079901,0.06812323016793767,0.02299459707467144
923324857407,complex,2,0,1.0,0.0695957713236948,0,0,0.0695957713236948,0.01167257690399388,0.011939555065839321,-0.1571618699969753
9234593320511,complex,0,0,1.0,0.024709312502922964,0,0,-0.012783560622766334,0.009548667403833033,0.018276686819553148,0.024709312502922964
9236362817894,complex,4,0,1.0,-0.028443442271513922,0,0,-0.028443442271513922,-0.0564226784007622,-0.1167176671766671,-0.27463127065663195
923587526182,complex,4,0,1.0,0.003511122725509304,0,0,0.003511122725509304,-0.16754813545946062,-0.25863360061875945,-0.44122041872979084
9237092520014,complex,4,1,1.0,0.053120721525547615,0,1,-0.03323883104814584,0.04893349640780275,0.053120721525547615,-0.034216491422921644
923542825551,complex,2,0,1.0,0.03415603233245185,0,0,0.03415603233245185,0.024419340486936354,0.025909884693657775,0.02088441402664072
9237552919436,complex,2,1,1.0,0.025670046866614334,0,1,-0.010616571306438134,0.021046890857111474,0.025670046866614334,0.009794762021871739
9234855120177,complex,4,1,1.0,-0.034651883443324906,0,1,-0.034651883443324906,-0.06712615032310698,-0.11497295190411448,-0.2329153778007258
9236494212658,complex,3,0,1.0,-0.0011676264606553938,0,0,-0.0011676264606553938,-0.17745012959071413,-0.21906146200951082,-0.257000390758368
9240704217635,complex,1,1,1.0,0.011896934639757398,0,1,0.0008357777408686644,0.011896934639757398,0.002621044218243034,-0.0919544402926949
9241261413238,complex,0,0,0.0,0.10861321988843674,0,0,0.10861321988843674,0.027767102127554927,0.02372956640183966,0.022344794443297164
9239576517540,complex,2,1,1.0,0.007066908933778569,0,1,-0.0014477426974121126,0.006300572383872268,0.007066908933778569,-0.02609853095287846
92331289815,complex,3,1,1.0,0.014081795349331136,0,1,-0.02096251308289284,0.014081795349331136,0.006772341252452872,-0.06785366937860038
9234215116430,complex,1,0,0.0,0.13096153247348533,1,1,0.13096153247348533,0.012264817449806478,0.04221295221821811,0.021868081879075227
923156596267,complex,4,0,0.0,0.34189924303363073,1,1,0.34189924303363073,-0.026566674726386554,-0.014929908828934125,0.004145421753592379
924001591130,complex,1,0,0.0,0.19673387517815105,0,0,0.19673387517815105,0.030467596409264403,0.061120507406372565,0.18872727295677577
923167906243,complex,1,0,1.0,0.02759144842903608,0,0,0.015079142446521565,0.02759144842903608,0.023708171868367756,-0.018412601511258286
9240560418041,complex,3,1,1.0,0.011543945934961117,0,1,-0.02722769329450067,0.011543945934961117,-0.014336621303184074,-0.15915702660472636
923828933865,complex,2,1,4.0,0.12709055008110462,0,1,-0.04350063025368603,0.046634263683482766,0.0665369347994966,0.12709055008110462
923372899693,complex,4,0,1.0,0.036334805351700666,0,0,0.036334805351700666,0.014157697720943677,0.008359751174800454,-0.08992357146971106
923203308558,complex,4,1,1.0,0.006027441567930659,0,1,-0.0021027050697651657,0.006027441567930659,0.002020781047921045,-0.059675806816163884
924064609281,complex,0,0,1.0,-0.0018662539083761798,0,0,-0.013578938202551006,-0.0018662539083761798,-0.03363214910584065,-0.16531794655144985
9241782610794,complex,1,1,1.0,0.0028058359316227854,0,1,0.0028058359316227854,-0.013691044186397817,-0.03364579937638107,-0.15421974072164
923928386068,complex,0,1,1.0,-0.010490716268776016,0,1,-0.010490716268776016,-0.07304974057844826,-0.14242101737283197,-0.3366103287065839
923648453666,complex,3,1,1.0,0.052601940210520684,0,1,0.052601940210520684,-0.04400317929895295,-0.09319459352800244,-0.22548567825136503
923562148455,complex,1,0,1.0,-0.12959515987297754,0,0,-0.12959515987297754,-0.13522389693220332,-0.17081992972611046,-0.286687154275919
900002692490,complex,3,0,1.0,0.003024734644228401,0,0,0.003024734644228401,-0.1177740215510347,-0.1464420308143899,-0.24944961740641902
9239821113929,complex,4,1,1.0,0.006387438143346861,0,1,-0.017465926159719425,0.006387438143346861,-0.008414396134265086,-0.09168655830102498
9236227015332,complex,4,1,1.0,-0.018444938293549908,0,1,-0.018444938293549908,-0.06625878544764721,-0.115264291952151,-0.2202069766810401
900010441249,complex,2,1,4.0,0.1483257514179182,0,1,-0.021041763555127716,0.0026453503834407595,0.034452780031094754,0.1483257514179182
92340336482,complex,3,1,1.0,0.002875207118717464,0,1,-0.001734609490636984,-0.0007711214528041774,0.002875207118717464,-0.02315544718817298
9235545119506,complex,4,1,1.0,0.07849382852096504,0,1,-0.04929222564343499,0.07247495933547177,0.07849382852096504,0.00012434682833901978
900039112087,complex,1,0,1.0,0.031876787448792264,0,0,0.031876787448792264,0.018477098213674523,0.02288038341997557,0.030050127575398614
923960098297,complex,4,1,1.0,0.08457545668563783,0,1,-0.017546240155871168,0.054450393214590144,0.07032275306063167,0.08457545668563783
923716478189,complex,0,1,1.0,0.0037585107334614613,0,1,0.0037585107334614613,0.00019196905151123295,0.0016497901753072322,-0.04594783700611837
9232062613592,complex,0,0,1.0,0.04872755037954883,0,0,-0.03730980000230397,0.04872755037954883,0.03402488483161697,-0.04638466106712899
923186837074,complex,0,1,1.0,-0.004273467230755352,0,1,-0.017827011102563278,-0.004273467230755352,-0.040510111636872376,-0.17552097995478075
923164106657,complex,2,0,0.0,0.10262077458893816,0,0,0.10262077458893816,-0.02684157565727018,-0.07940991640019111,-0.05100405641671819
9233989416753,complex,3,1,1.0,0.006977661583293715,0,1,-0.010514805864845995,0.00268410094479867,0.006977661583293715,-0.014850798148239863
9240899219341,complex,3,1,1.0,-0.019309389754324134,0,1,-0.019309389754324134,-0.2450470164675526,-0.1945245073730305,-0.3698360022671211
9235730711291,complex,3,1,1.0,0.016440731394321326,0,1,-0.030772365562943667,0.016440731394321326,0.007750991108189241,-0.08141092797598998
9235312811787,complex,2,1,1.0,0.06494951230539803,0,1,-0.016760338054049254,0.01596892288852469,0.03147267351142831,0.06494951230539803
923277665168,complex,3,0,1.0,0.010226666900045152,0,0,-0.012026440782768225,0.008366141940253325,0.010226666900045152,-0.02487097853022205
9236985112112,complex,2,0,1.0,0.023994063645756764,0,0,0.004126484908056251,0.009870682068495822,0.01936014958689467,0.023994063645756764
9241421811976,complex,2,0,0.0,0.2705445705580551,0,0,0.2705445705580551,-0.007451314877299647,-0.0029915408559067005,0.0020968594086540893
9236930915562,complex,2,0,0.0,0.17531897251145734,1,1,0.17531897251145734,0.02070376045134163,0.022718532201363776,-0.0028003290438375072
9238797416097,complex,4,1,1.0,0.04878295216684604,0,1,0.04878295216684604,-0.00830822467058067,-0.004004864920619598,-0.01991199045102278
9233189117381,complex,2,0,0.0,0.21864466356015116,0,0,0.21864466356015116,0.024564063198278956,0.03148407913938675,0.010164176462174435
9237126620715,complex,4,1,1.0,0.003921636548477641,0,1,0.003921636548477641,-0.0016099777148822839,0.003882678837729265,-0.009281115797977857
9234168520292,complex,0,0,1.0,-0.006790592835480003,0,0,-0.010336008142967684,-0.006790592835480003,-0.01457651392922659,-0.040014307192809406
923651696374,complex,0,1,1.0,-0.005855355692572711,0,1,-0.04053074602215011,-0.005855355692572711,-0.02987804478582101,-0.12841258579780826
9235233112102,complex,2,1,4.0,0.10128067536931601,0,1,-0.02040828693707052,0.023121886496920225,0.048014749258189104,0.10128067536931601
9240925714608,complex,0,0,1.0,-0.02935888605910145,0,0,-0.02935888605910145,-0.10577275485651673,-0.1414381287313788,-0.21770628210771875
9240736910323,complex,0,0,2.0,0.10425913887966626,0,0,0.03751281668720291,0.05413315526961575,0.10425913887966626,-0.036799498861070895
9233629213100,complex,0,1,1.0,0.014350750242852942,0,1,-0.012583270556833472,0.0009461671085491813,0.011406361594924988,0.014350750242852942
900040731220,complex,1,1,4.0,0.1378859546856926,0,1,-0.026354187877689512,0.019310049728308142,0.038013094648648715,0.1378859546856926
923540495390,complex,2,1,1.0,0.014393157676085743,0,1,-0.06343068752165879,0.014393157676085743,-0.036902869175228975,-0.18767052872489476
9239963221190,complex,2,0,0.0,0.2122669628410239,0,0,0.2122669628410239,0.026011123809385677,0.034947871558836566,0.0014266208348842346
9233873411917,complex,3,0,1.0,0.06930027565121752,0,0,0.06930027565121752,0.03898301007361871,0.03593390473508636,-0.018347161880469726
923203402232,complex,2,1,1.0,-0.009784456664267634,0,1,-0.009784456664267634,-0.04502199787384492,-0.10710002997387319,-0.2781221099338284
924048693455,complex,1,0,4.0,0.200727972114572,1,1,0.05543773578015298,-0.07255677275199474,-0.017574680461409035,0.200727972114572
9234941213659,complex,1,1,1.0,0.01271441075334881,0,1,-0.0008620545419287771,0.01271441075334881,0.0012356707864982913,-0.10462743483464164
92331398437,complex,0,1,1.0,-0.02683519342247678,0,1,-0.02683519342247678,-0.12121064163354373,-0.1881717607169615,-0.2776878015785944
9237598821214,complex,0,1,1.0,-0.016213183372793108,0,1,-0.0215451095230533,-0.016213183372793108,-0.061372723319935395,-0.19512718058686135
9237645114883,complex,1,0,1.0,0.0046708964474289835,0,0,0.0046708964474289835,-0.2536276516220533,-0.370470751134689,-0.52536250998813
9236098621343,complex,4,1,1.0,-0.031226266415336885,0,1,-0.031226266415336885,-0.16117880760783768,-0.239230104558425,-0.3818823806415082
9234886318780,complex,0,1,1.0,-0.033549864154828565,0,1,-0.033549864154828565,-0.24806391263924243,-0.32674481801121463,-0.436836043407857
924076729385,complex,4,0,1.0,0.030321982244818538,0,0,-0.03202597504217008,-0.07151962829371769,-0.036775705090008215,0.030321982244818538
9240757818279,complex,0,1,1.0,0.018167783521346556,0,1,-0.004764816307387832,0.018167783521346556,0.008487292263726728,-0.04862028968960249
9233763915752,complex,2,0,0.0,0.2378818420165241,0,0,0.2378818420165241,0.0018933189033636146,0.007969966103884837,0.024293722441500756
9233881212496,complex,2,1,1.0,0.01560657538473682,0,1,-0.009111830165234387,0.01560657538473682,0.012533847796696463,-0.03254654722202606
923711049448,complex,3,0,1.0,0.054548471803631496,0,0,0.054548471803631496,-0.003061303730986049,0.008009401771013468,-0.05563606448798922
923565232231,complex,4,1,1.0,0.008732937101826717,0,1,-8.496708578367013e-05,0.008732937101826717,0.002360874970733097,-0.06849780092111425
924126152805,complex,4,1,1.0,0.025815951370305873,0,1,-0.016729707117243288,-0.004592690590653939,0.009331954543542607,0.025815951370305873
923381664654,complex,2,0,0.0,0.19005651628490883,0,0,0.19005651628490883,0.021060778930631522,0.022845138212725036,0.00740429636124873
9237696012935,complex,1,0,1.0,-0.00548225049375986,0,0,-0.00548225049375986,-0.32025117546745363,-0.45553544474133856,-0.5724377801325096
9238536313967,complex,2,0,1.0,0.014283701924392208,0,0,-0.028701712352815063,0.014283701924392208,-0.012377252062396624,-0.14283289751804898
9233156914032,complex,3,1,1.0,0.011921576568580854,0,1,-0.033459134869489246,0.011921576568580854,-0.015872228763176323,-0.15957961888872227
92398752521,complex,0,1,1.0,0.003741576650809854,0,1,0.00017068002229392656,0.0020101098027014846,0.003741576650809854,-0.048404818728087884
923575612909,complex,4,1,1.0,-0.007763250767314919,0,1,-0.007763250767314919,-0.019978964879820572,-0.02715263966483772,-0.06159881139994865
923486881484,complex,1,1,1.0,-0.018092382852117145,0,1,-0.018092382852117145,-0.18179776646750148,-0.2691107029639587,-0.4341318798281312
923848102929,complex,4,1,1.0,-0.02812837319686841,0,1,-0.02812837319686841,-0.07465109987840712,-0.05740325490000869,-0.15007002042487533
9241100410231,complex,2,0,1.0,0.07559057832010505,0,0,-0.009993853469962889,0.04460161003250694,0.05991144243877687,0.07559057832010505
9240070721308,complex,4,0,1.0,-0.022143683747751976,0,0,-0.022143683747751976,-0.09116571515239197,-0.1578991647371079,-0.31933174709632683
924060507345,complex,4,0,4.0,0.13281408788497506,0,0,0.10671668889062794,0.0882920540357322,0.10195786497716884,0.13281408788497506
92401495971,complex,1,1,1.0,0.002250168334375812,0,1,-0.011875104494028232,0.002250168334375812,-0.011808490386564383,-0.08528867615869556
900035981447,complex,1,1,1.0,-0.005087605630640439,0,1,-0.009638949158047,-0.005087605630640439,-0.03570130310334636,-0.18835519033910475
923702508770,complex,4,1,1.0,0.03397185827217963,0,1,-0.04252155017803099,0.03397185827217963,0.01980655206273087,-0.11973529239609514
9236550015194,complex,0,0,1.0,-0.017244038000135544,0,0,-0.017244038000135544,-0.17502964213558642,-0.25338524428193393,-0.33360395221095884
9233527610347,complex,4,0,1.0,0.04568736908785136,0,0,0.0263317165759986,0.023760463967519123,0.04568736908785136,-0.02126757552786239
923648624502,complex,2,1,1.0,0.006578369713065614,0,1,0.006514889735102846,0.006578369713065614,0.001340896657364133,-0.0653470559471627
923606456490,complex,3,0,4.0,0.12650424306106084,0,0,0.05142754200211883,0.05341831549148052,0.07113044075869049,0.12650424306106084
923243054971,complex,1,1,1.0,0.0007634431815282568,0,1,-0.009486375327721175,0.0007634431815282568,-0.010326194070638207,-0.07536170796598832
900047991143,complex,3,1,1.0,0.08015313201355867,0,1,-0.006960614727273738,0.0263066462743161,0.039154797706214405,0.08015313201355867
9234639610933,complex,0,1,1.0,-0.009904387114372974,0,1,-0.009904387114372974,-0.034079076322484414,-0.08485583393673413,-0.21945517456299857
9234692514199,complex,1,1,1.0,0.01409382033511903,0,1,-0.0009690169454850267,0.01409382033511903,-0.0042448435282892195,-0.1433043112792153
9234041510878,complex,1,1,1.0,-0.016253400388366313,0,1,-0.016253400388366313,-0.05072746877156284,-0.10676421763379618,-0.28798904963234295
9234521213890,complex,4,1,4.0,0.10325465023565362,0,1,-0.020557414941026537,0.03200187177520045,0.05248829735265341,0.10325465023565362
9239640517988,complex,0,1,1.0,0.006660747300439411,0,1,-0.0013035524346482336,0.006660747300439411,0.004880322394902166,-0.06051311834102315
923582013658,complex,2,1,1.0,0.005013690486895556,0,1,0.005013690486895556,-0.0005288944182882498,0.0008460420982581186,-0.031200459068375187
9241490211600,complex,0,0,1.0,-0.002839303435440803,0,0,-0.002839303435440803,-0.017971191744850006,-0.028598036141700006,-0.08153381678709516
9240745215890,complex,0,0,0.0,0.17446230523354514,0,0,0.17446230523354514,0.024813740825081587,0.03175754929055278,-0.003920924645161972
9237582712360,complex,1,0,0.0,0.19789671227485256,0,0,0.19789671227485256,-0.002862704073941586,0.004499024809287263,-0.009656050813275405
9235676514602,complex,1,0,1.0,-0.12167021211103103,0,0,-0.13446586902355906,-0.12167021211103103,-0.15710432129930146,-0.2835685303552905
9237634818456,complex,1,0,1.0,0.011984241354344501,0,0,0.011984241354344501,-0.003867290342645817,-0.04888727616433393,-0.07856103648300986
9234572220448,complex,1,1,1.0,0.00396274767081671,0,1,0.00396274767081671,0.0015622084738274762,-0.00036607675923173294,-0.04897398804014666
9237318021232,complex,0,1,1.0,-0.024737926361585057,0,1,-0.024737926361585057,-0.03774648544828309,-0.08380428256073694,-0.18239369223945107
923994687044,complex,1,0,1.0,-0.015283563030064548,0,0,-0.015283563030064548,-0.10342848173694236,-0.08366733661416538,-0.024413498009139
9237140613398,complex,1,0,1.0,-0.001540384108100118,0,0,-0.01288519695302405,-0.033663759441493316,-0.03700433600335093,-0.001540384108100118
9236229910520,complex,3,1,1.0,0.006649287003137459,0,1,-0.0122929719172548,0.0032143140282295587,0.006649287003137459,-0.022363057891042468
924178216011,complex,0,0,1.0,0.08472523161480339,0,0,0.08472523161480339,0.0409455979542359,0.03358489541743035,-0.011052514371007835
9236961320184,complex,3,1,1.0,-0.013956598058582313,0,1,-0.013956598058582313,-0.0557097342215644,-0.12819586265114513,-0.30314417863732235
923504549941,complex,1,1,1.0,0.00807518341039631,0,1,-0.004706262647978684,0.00807518341039631,0.007176437156531951,-0.019150919302280148
923421898794,complex,1,1,0.0,0.11099422840582963,0,1,0.11099422840582963,-0.1608220079698906,-0.1993527183126864,-0.32016913443017914
923862008116,complex,2,0,1.0,0.028093348798260153,0,0,0.028093348798260153,-0.026019270710218607,-0.02915150229888067,-0.056584750716607485
923245849251,complex,2,1,1.0,0.036385817310504165,0,1,-0.021780896225615787,0.021685837135008382,0.029148471379766994,0.036385817310504165
923308953824,complex,4,0,1.0,0.0838517096257548,0,0,0.00708354629770188,0.05548676554110126,0.0838517096257548,0.0008047488251701346
9241017512009,complex,0,0,1.0,0.004556335409025863,0,0,-0.023870240783594444,0.004556335409025863,-0.007101178295371109,-0.1619879675480845
924044709335,complex,0,0,0.0,0.332973046651486,1,1,0.332973046651486,-0.04719271167345683,-0.0328367125743165,0.029163863002403922
923677507780,complex,2,0,1.0,-0.0035398761787346963,0,0,-0.023814410240348454,-0.0035398761787346963,-0.042238956602438406,-0.1634392956622004
9233279316671,complex,3,0,1.0,0.04552470727476021,0,0,0.04552470727476021,-0.08051639262926101,-0.20646610464390203,-0.13618307535295587
923509317604,complex,4,0,1.0,-0.028095532658025772,0,0,-0.028095532658025772,-0.059598497104232435,-0.13242050582573883,-0.15212694102496005
9238460415635,complex,4,1,1.0,-0.010577562042786329,0,1,-0.010577562042786329,-0.09308418117161174,-0.16506969228022808,-0.33358491585845257
924162336614,complex,2,1,1.0,-0.026257248955632397,0,1,-0.0386774347826197,-0.026257248955632397,-0.07279622341308258,-0.1647675846406244
9235570115878,complex,4,0,1.0,0.033025655855274935,0,0,0.0063498545535036685,0.009406376380746075,0.033025655855274935,-0.014200758012277256
9236299214206,complex,0,0,1.0,0.06366779588065345,0,0,0.06366779588065345,0.042768544722914734,-4.6500638032874464e-05,-0.1035885016394381
923538095757,complex,2,1,1.0,0.0863474070590241,0,1,-0.046996901564013024,0.07561182298473267,0.08559370916840402,0.0863474070590241
923189929944,complex,4,0,1.0,-0.03992785818914101,0,0,-0.03992785818914101,-0.06056253070052821,-0.11466251729630013,-0.23452217734518954
9234344212457,complex,2,0,1.0,0.054305597310112905,0,0,0.054305597310112905,0.05388173981887348,0.05014584225780307,-0.010788999229824417
9237843617071,complex,2,1,1.0,-0.0119272545163682,0,1,-0.0119272545163682,-0.053114740185935275,-0.057133848837923135,-0.17496478803605645
923610446741,complex,3,0,1.0,0.048132242865786955,0,0,0.048132242865786955,0.04114363038768129,0.04604966446026213,-0.013120868944472584
923985243897,complex,2,0,1.0,0.06352604615697183,0,0,-0.013669239354676278,0.009063995959023682,0.02449719008645636,0.06352604615697183
9240008815663,complex,2,1,1.0,0.01477640821715975,0,1,-0.032587281610885394,0.01477640821715975,-0.012435633159732971,-0.09714249780247791
923309871640,complex,3,1,1.0,0.004820019923356707,0,1,-0.0008276977554458644,0.004820019923356707,-0.0030538017477613616,-0.05636384186623877
9231960412711,complex,1,1,1.0,-0.0027719085094354556,0,1,-0.0027719085094354556,-0.3202884960533755,-0.459428571344783,-0.5983065395219593
92387696859,complex,3,0,0.0,0.1559425889712282,1,1,0.1559425889712282,0.03695354037064851,0.042653266161103924,-0.04577594084995096
9240548316418,complex,1,0,1.0,0.015326722805992388,0,0,0.015326722805992388,-0.1023858412278999,-0.12082777921609728,-0.17220121732277188
9240294615183,complex,1,1,4.0,0.13206687303921827,0,1,-0.017484178972212508,0.008841171672636108,0.03204611387428401,0.13206687303921827
923635809204,complex,4,0,0.0,0.35868703778741473,0,0,0.35868703778741473,-0.03578215899920038,-0.027679920928308448,0.00915061232674605
9233150817328,complex,4,1,1.0,-0.0006378675006759212,0,1,-0.00907620218591057,-0.005824269805511088,-0.0006378675006759212,-0.05179193264646638
9234228111605,complex,4,0,1.0,0.01899260668166011,0,0,-0.04588916712105868,0.009840731239184525,0.01899260668166011,-0.08811042724956018
911595614259,complex,3,1,1.0,0.019008140612724572,0,1,-0.010177553085696761,0.0019306642338164284,0.009684863911541254,0.019008140612724572
9234137717265,complex,1,0,1.0,-0.009214540568951816,0,0,-0.009214540568951816,-0.12031386511719125,-0.08889270993820593,-0.028007086770980988
923425982279,complex,3,1,1.0,0.04579028151013448,0,1,0.04579028151013448,0.027805971548427913,0.02425076337243768,-0.015289641647699331
9236349114495,complex,3,1,1.0,-0.020718611337564523,0,1,-0.020718611337564523,-0.09345004726739131,-0.17860311919633967,-0.2955938341251336
923786951094,complex,3,0,0.0,0.13891078597649376,0,0,0.13891078597649376,0.06514197403780576,0.07778286240026364,-0.008994826107718429
9240010819125,complex,1,0,1.0,0.0410395812915082,0,0,-0.03721562865877012,0.010069022624801163,0.03180113037097208,0.0410395812915082
923588906783,complex,2,0,1.0,0.06985964520527657,0,0,0.04315335571443857,0.05746780088426613,0.06985964520527657,0.009466975150349277
9239986815163,complex,0,1,1.0,0.09791635463675938,0,1,-0.025406114474644675,0.02096130496358021,0.04345374377183476,0.09791635463675938
923631118866,complex,4,0,1.0,-0.046236502999705546,0,0,-0.046236502999705546,-0.2056535151030985,-0.27260384533253734,-0.33720596367896294
923641293598,complex,3,1,1.0,-0.013805633621429003,0,1,-0.013805633621429003,-0.25793352997654073,-0.39930906911743774,-0.4811180823821307
923622411191,complex,3,0,0.0,0.15370514757177028,0,0,0.15370514757177028,0.03696348505271344,0.044741383871052955,-0.00324324946533594
900010293698,complex,3,0,1.0,0.036774738925159596,0,0,0.036774738925159596,-0.0116241875227836,-0.011501941067141447,0.011852722452611514
924144664246,complex,1,1,1.0,0.0030075334325823447,0,1,0.0030075334325823447,0.0005087538141573152,0.0014036333681972275,-0.033785628746803485
9240907910603,complex,1,0,4.0,0.10140896276387401,0,0,0.017088772390972472,0.0433905720897112,0.06772683292993587,0.10140896276387401
923291462577,complex,1,1,1.0,-0.032935750226352326,0,1,-0.032935750226352326,-0.04150300098992386,-0.08309141698578346,-0.1990462001156937
900049101449,complex,0,0,1.0,-0.014466312841018677,0,0,-0.014466312841018677,-0.06060464176789847,-0.07538019798402092,-0.18656951874806835
9238197821113,complex,0,1,1.0,0.020081012623339348,0,1,-0.01802993748760624,0.020081012623339348,0.015767446468139983,-0.020672242672796146
923461889625,complex,0,1,4.0,0.118373933984695,0,1,-0.030994121679510076,0.022888462573822092,0.048247809433568885,0.118373933984695
9236094116875,complex,3,1,1.0,0.025128506066108905,0,1,-3.034309069218505e-05,0.025128506066108905,0.018655676409737428,-0.0465994168663031
9241299912975,complex,2,0,1.0,0.01210638025471902,0,0,0.01210638025471902,-0.2900569155373703,-0.41526637876476463,-0.508769270103461
923544261924,complex,3,0,0.0,0.13628249205001042,0,0,0.13628249205001042,0.02171126886806493,0.022072290868737417,-0.035815664499967925
923583109324,complex,4,0,1.0,0.0067167215417582235,0,0,0.0067167215417582235,-0.28104053287337943,-0.3687899438973003,-0.3815325765391889
9232573120117,complex,1,0,1.0,-0.025304778486289904,0,0,-0.025304778486289904,-0.16505087393128803,-0.24975110498294423,-0.34125949116712045
924114455754,complex,1,0,1.0,0.031050507654537644,0,0,0.031050507654537644,-0.035053751139168726,-0.04171539142901508,-0.09475025962160155
924125066580,complex,1,0,1.0,0.0009732940535503304,0,0,0.0009732940535503304,-0.088272374253974,-0.10285395224180637,-0.1274192649474922
9233487114580,complex,0,0,0.0,0.1766924977796713,1,1,0.1766924977796713,0.012919967547498606,0.014217827425550798,0.04700112493229472
923772346285,complex,1,0,1.0,0.048396217251541584,0,0,0.04234356182506374,0.04593777451218273,0.048396217251541584,-0.022506559369877402
9239159518913,complex,2,0,0.0,0.22809733190385112,0,0,0.22809733190385112,0.018630680292466093,0.01591266967039667,-0.03724524306471466
9240274112421,complex,1,1,1.0,0.03563099307465488,0,1,-0.0029047496191180987,-0.002227265134763755,0.0002334100455180961,0.03563099307465488
923556859420,complex,2,1,0.0,0.10621649512668821,0,1,0.10621649512668821,0.04464221809595459,0.042067429885023364,-0.005789244915154618
9238000520462,complex,2,0,1.0,-0.0031995022233172778,0,0,-0.01596329385777506,-0.0031995022233172778,-0.046157606536448806,-0.18848287774025363
9234986219969,complex,2,0,4.0,0.11356299565236222,0,0,0.0004500667358341877,0.029792217662358945,0.05218674349669007,0.11356299565236222
92348057604,complex,1,1,4.0,0.11551668515902141,0,1,-0.025805827629320308,0.03240104156084364,0.05039933246779174,0.11551668515902141
9240560812920,complex,2,1,1.0,0.07447787181732762,0,1,-0.04416169274914483,0.07447787181732762,0.07276962690364751,-0.009847781752129192
923192695874,complex,3,1,1.0,-0.03634518338907279,0,1,-0.03634518338907279,-0.08493974612468942,-0.1487856720466765,-0.2339510552768959
9240783920614,complex,0,0,1.0,0.010917736823973352,0,0,-0.010190774888944803,0.010917736823973352,-0.009937723586793722,-0.10411200137298449
923797636305,complex,1,0,1.0,0.03665100348936384,0,0,-0.01689111018105391,0.031150387380277204,0.03665100348936384,0.02941780026237356
9237612612238,complex,1,1,1.0,0.004939547456274302,0,1,-6.340781435613951e-05,-0.0009866141612382313,0.004939547456274302,0.00021521643616446984
9239755721138,complex,3,1,1.0,-0.027847322081898884,0,1,-0.027847322081898884,-0.132724617964283,-0.24112365714686143,-0.4232996590720502
923833817239,complex,0,1,1.0,0.011909522418814659,0,1,-0.0061332755063762505,0.011909522418814659,-0.00616876653947623,-0.11965501537296441
9234173618234,complex,0,1,1.0,0.03778826547698533,0,1,-0.018182127197920252,0.00348688648432666,0.016605445566798938,0.03778826547698533
90003359846,complex,4,1,1.0,0.08265223334637603,0,1,-0.02903300149170459,0.08265223334637603,0.07643385973318557,-0.006763191341559935
923180551849,complex,1,1,1.0,0.010627579808513147,0,1,0.0014223368770399994,0.010627579808513147,0.0023494781870157,-0.09172743803864844
923722975587,complex,3,1,1.0,-0.09313765175320973,0,1,-0.09313765175320973,-0.11979283901475817,-0.09721802398437882,-0.22592106077996893
923474973634,complex,4,0,1.0,0.07046806698286513,0,0,-0.005534631583173494,0.034527541853988965,0.0439749078798133,0.07046806698286513
923212953510,complex,4,0,1.0,0.06819880562155928,0,0,0.06819880562155928,0.050285624959455454,0.04734750110235608,0.00430183488118116
923330611110,complex,0,0,1.0,-0.12309956555177816,0,0,-0.12309956555177816,-0.12835508221215347,-0.2067841567158073,-0.34645194616071984
923790212234,complex,4,1,1.0,0.006147539840439534,0,1,-0.028273790103480557,0.006147539840439534,0.0045541028849048655,-0.04061210809890297
9237537620249,complex,4,1,1.0,-0.003776001771426337,0,1,-0.003776001771426337,-0.15557062537979857,-0.24305937891800738,-0.39961950856149403
923457566879,complex,3,1,1.0,0.09146551707170705,0,1,-0.038181161295218785,0.07572168690422448,0.09146551707170705,0.06936620212670142
9235765019559,complex,0,0,1.0,0.07302140554569916,0,0,-0.0039651621851852885,0.018455008505081305,0.031515167776447355,0.07302140554569916
900028672568,complex,4,0,1.0,0.018765577853609237,0,0,0.009087342675523712,0.018765577853609237,0.010069736722760975,-0.023520278019266698
9240765911369,complex,0,1,1.0,-0.015417650723491657,0,1,-0.015417650723491657,-0.05040250012597785,-0.10452424283027001,-0.25119946375275026
9237253720744,complex,2,0,1.0,0.026987250558176187,0,0,0.016057201395639386,0.026987250558176187,0.02306591327403133,-0.013466051695939792
9239911915230,complex,2,1,1.0,-0.011904450992207268,0,1,-0.011904450992207268,-0.048124262451224496,-0.07618091693449042,-0.2129937569736216
923574038063,complex,0,0,1.0,0.0739248450817154,0,0,0.0739248450817154,-0.01701836999979027,0.015431145377884072,-0.029211905610747893
923303657163,complex,4,1,1.0,0.0031428654417982697,0,1,0.0031428654417982697,-0.003022333479897974,-0.003899496145428307,-0.07768721393430307
923352598888,complex,1,1,1.0,-0.014817218709883714,0,1,-0.014817218709883714,-0.295659684245241,-0.4216438201075246,-0.5336904790503819
923234684740,complex,3,1,0.0,0.18353158953436843,0,1,0.18353158953436843,0.017434045787932798,0.024275542877861052,0.05552822183440956
9234308013928,complex,2,1,1.0,0.03878599206312122,0,1,-0.04860042797188324,0.03573309584195182,0.03878599206312122,-0.10724992794288984
9232293410658,complex,1,0,1.0,0.02119372401630764,0,0,0.02119372401630764,-0.1377757486236379,-0.13780277359576065,-0.12770077964069093
9234993513984,complex,3,0,0.0,0.14368320496197584,0,0,0.14368320496197584,0.05772680464069867,0.05649548339966411,-0.04178034411532425
9238745119141,complex,3,1,1.0,0.005203166195761409,0,1,-0.002825479613682104,0.0011439782872089983,0.005203166195761409,-0.01482206659589503
9236941618979,complex,2,0,2.0,0.1229683467434989,0,0,-0.026968632960219088,0.08180608504254218,0.1229683467434989,0.10291502112690751
9233427517906,complex,1,0,1.0,-0.007618226385507016,0,0,-0.023869113049092228,-0.007618226385507016,-0.0416385468312108,-0.2125765944811347
9239456217395,complex,1,1,1.0,0.01823599274141206,0,1,-0.01907717266307274,0.015387737785438126,0.01823599274141206,-0.023755363056643608
9239880920652,complex,4,1,1.0,0.0017204234759821066,0,1,3.224786824442341e-05,0.001595438779787569,0.0017204234759821066,-0.05511073087156676
9239256312846,complex,3,1,1.0,-0.008102547650616729,0,1,-0.008102547650616729,-0.26399292611050923,-0.41094422925077384,-0.5302537762555757
924115058683,complex,0,0,1.0,-0.01998414382935979,0,0,-0.01998414382935979,-0.104453313009623,-0.16085868638768352,-0.27299370836943837
923763738454,complex,1,0,1.0,-0.01278512754837248,0,0,-0.026066363778562356,-0.04962194390696294,-0.023366143971471107,-0.01278512754837248
9236268020066,complex,0,1,1.0,0.022255341196214348,0,1,-0.025387363756132226,0.02211859929985277,0.022255341196214348,0.005715517674053566
923588791740,complex,0,1,0.0,0.22603708028010605,-1,0,0.22603708028010605,-0.004334776396862097,0.03094627983598866,-0.028534179151853536
924110946242,complex,1,1,1.0,0.04054880986209056,0,1,0.022394271337310145,0.04054880986209056,0.038797597101933645,-0.02558008100248077
9236423619730,complex,4,0,1.0,0.006743711687908129,0,0,0.0018198924987177165,-0.00012447382905326695,0.006743711687908129,0.006363580881675393
92332725216,complex,3,1,1.0,0.006198549208194725,0,1,-0.011335778206367171,0.006198549208194725,0.0033953561270095266,-0.06873430579792578
9240249714229,complex,3,0,1.0,0.06253469867388806,0,0,0.06253469867388806,0.04014598161340707,0.03752137135381892,-0.011457013970639182
923612549712,complex,1,0,4.0,0.15846476889247196,0,0,0.03626154366498391,0.0063536788537607546,0.008828216368936877,0.15846476889247196
9235229910107,complex,4,0,1.0,0.045664527670061544,0,0,0.006190558561169589,-0.07928548577307024,-0.01632669720820872,0.045664527670061544
9231682718202,complex,2,0,4.0,0.11126354400967434,0,0,0.0152282271808712,0.058336476896227604,0.08288499679590586,0.11126354400967434
9238508118941,complex,3,0,1.0,0.02793652230044005,0,0,0.02793652230044005,-0.1381125635253738,-0.13006365320275604,-0.10989771527050364
923898052204,complex,0,0,1.0,0.0037990941304340275,0,0,-0.020602138800890794,0.0037990941304340275,-0.029324981816420292,-0.13438181758600798
923584907495,complex,4,0,2.0,0.13974626927578038,0,0,-0.0805520542678827,0.13281782803527667,0.13974626927578038,0.07123950526721558
9241622014741,complex,4,0,1.0,0.05288270383270429,0,0,0.03575874166991666,0.05288270383270429,0.04151998362892971,-0.014992244084074638
9232395817351,complex,2,0,1.0,0.03348225246456729,0,0,0.03348225246456729,0.03191587341264353,0.03293778439643896,0.028873725348233445
9236504918453,complex,1,0,4.0,0.1620394625828505,0,0,0.007299580434572517,0.03543167132092291,0.058149121286288685,0.1620394625828505
923746614435,complex,0,1,1.0,0.022139054017389557,0,1,0.022139054017389557,-0.10180539482677473,-0.16480381964656682,-0.3237817004380976
9236924015289,complex,3,0,1.0,0.0027555632184155816,0,0,-0.0139114508201622,0.0027555632184155816,-0.017767060856685578,-0.11009492761023625
900043341459,complex,0,0,0.0,0.1342514052391144,0,0,0.1342514052391144,0.04851401665304038,0.04542621223736291,-0.0011961925617801072
9236749111820,complex,1,1,1.0,0.06287560085266908,0,1,6.058170516281408e-05,0.043282880028086584,0.06287560085266908,-0.031180275145107794
923417456090,complex,3,0,0.0,0.23443614738441426,1,1,0.23443614738441426,0.007094837604979207,0.008236566350040102,-0.057364609222277624
9239956115506,complex,1,0,1.0,0.007201943907167389,0,0,-0.02023564765517783,0.007201943907167389,-0.016137493134241683,-0.13616096492723878
923572168958,complex,2,1,1.0,0.004834644630265211,0,1,-0.0011097415844412428,-0.0004424259947219643,0.004834644630265211,-0.004889388516563606
92417306268,complex,3,1,1.0,0.023853054739558358,0,1,0.023853054739558358,-0.2548160798936053,-0.387328188111217,-0.4895371788007972
9240996220532,complex,1,0,0.0,0.263890112110587,0,0,0.263890112110587,0.0011619019534862933,0.01151526700336888,0.036337383949624324
923992801632,complex,3,0,2.0,0.1619602740242417,0,0,0.049777650645291605,0.14580523933729103,0.1619602740242417,0.10450051123624682
900005961467,complex,0,1,1.0,-0.0036058243630846913,0,1,-0.0036058243630846913,-0.017906172911654056,-0.02663710585158202,-0.0650571020523246
923968566295,complex,1,0,0.0,0.2395808040443569,0,0,0.2395808040443569,0.0065709708674483,0.009076027555560407,0.0035126192122217625
923421805967,complex,0,1,4.0,0.1310747542023712,0,1,-0.03102839164562562,0.013925278076592926,0.04203448031478458,0.1310747542023712
900039061521,complex,1,0,1.0,0.03183571760618156,0,0,-0.04253535222358343,-0.028563752284946505,-0.0050386342041847006,0.03183571760618156
924054117070,complex,1,1,1.0,0.014148757783837309,0,1,-0.008814336625004748,0.014148757783837309,0.008814605810862127,-0.045047307226126175
9240700916970,complex,0,0,1.0,-0.028147701115994152,0,0,-0.028147701115994152,-0.23055057093942982,-0.32464202901863676,-0.4552539174485839
923189473655,complex,4,0,1.0,0.024803096700319948,0,0,0.024803096700319948,-0.14596679766751153,-0.21272360741218363,-0.3618584427292282
923611179452,complex,4,0,1.0,-0.0014270618619816045,0,0,-0.004226432904997485,-0.0014270618619816045,-0.008247781528267828,-0.03559668546237007
923771477953,complex,1,1,1.0,0.006430827211506399,0,1,-0.0009165830354988351,0.00181422293813183,0.006430827211506399,-0.006163532773258318
924146517420,complex,1,0,1.0,0.029677828826544447,0,0,0.029677828826544447,-0.02348416327770517,-0.020202959135591367,-0.06438552833975891
9241555317249,complex,1,0,1.0,0.002448429678362063,0,0,-0.026058714478104865,0.002448429678362063,-0.016839856312416808,-0.07550394161243128
9231820710583,complex,3,1,4.0,0.10642638572957602,0,1,-0.03528105153940492,0.04446214995907674,0.06921805969222311,0.10642638572957602
9240561113071,complex,3,1,1.0,0.08667000688823034,0,1,0.013387401570631355,0.010453501590166203,0.03282662373174397,0.08667000688823034
9240580915837,complex,1,0,4.0,0.15885635696278483,0,0,0.074287157789833,0.05315008201333263,0.07828675672909545,0.15885635696278483
9237641021241,complex,4,1,1.0,-0.022995844411583817,0,1,-0.022995844411583817,-0.03201153780419693,-0.07674412671662507,-0.22392307433564806
923978071810,complex,1,0,1.0,0.0882908427233263,0,0,0.0882908427233263,0.04780141394876185,0.04646518357999241,-0.01434315377965812
923604479778,complex,0,1,1.0,-0.005382656863022172,0,1,-0.029062050836619235,-0.005382656863022172,-0.02422534736048282,-0.1403066280941139
9234232418722,complex,3,1,1.0,0.012910364146384553,0,1,-0.015326305767223165,0.012910364146384553,0.00247463850387215,-0.07247680562668732
9238591679,complex,4,1,1.0,0.009578978582777009,0,1,-0.004544549238969509,1.5788597556194717e-05,0.008358767253718136,0.009578978582777009
924160763755,complex,1,0,0.0,0.26362467213135743,1,1,0.26362467213135743,-0.001549870228529305,-0.0011185049167746104,-0.04819698186908446
923192965850,complex,0,0,1.0,0.07491509957491596,0,0,0.07491509957491596,0.022315348426593114,0.019522684620965215,0.040400329390659795
923194657069,complex,1,1,1.0,-0.03460372887307046,0,1,-0.03460372887307046,-0.05264074958049557,-0.09153477217216535,-0.2741338674614583
923688776077,complex,3,1,1.0,-0.006975171002721261,0,1,-0.024591406732547436,-0.006975171002721261,-0.05112537453003596,-0.2045336660191592
923411106264,complex,3,1,4.0,0.128341850201955,0,1,-0.015531869571030123,0.016255666110151418,0.04792108585080968,0.128341850201955
9236112715443,complex,3,0,1.0,0.020025700445254858,0,0,0.020025700445254858,-0.11619734144465722,-0.12449757633652175,-0.12839405442718377
923919445343,complex,1,1,1.0,-0.007960345002262139,0,1,-0.008007822668730527,-0.007960345002262139,-0.03373658991271415,-0.15209761374321934
9241712710920,complex,0,1,1.0,-0.0026964459822075293,0,1,-0.0026964459822075293,-0.02463297379565716,-0.03073301988667279,-0.04597550205072959
9240662017826,complex,2,1,1.0,0.014388635688215298,0,1,-0.008379341489636701,0.014388635688215298,-0.000305907535794233,-0.08339973339644136
924119957694,complex,0,0,1.0,-0.03525801239056679,0,0,-0.03525801239056679,-0.1610508799333809,-0.19707759344367487,-0.2567654829781726
900003213496,complex,3,0,0.0,0.12255151205911467,0,0,0.12255151205911467,0.03202823651627036,0.056255826593104206,0.043603849162774905
924002743319,complex,1,0,1.0,0.0783957631969511,0,0,0.0783957631969511,0.03749362871363346,0.06577439967235185,0.053266970235005734
9234990710154,complex,0,0,1.0,0.09686872847833272,0,0,0.01336172614934681,0.028770774432027538,0.04231717421081111,0.09686872847833272
923746456106,complex,4,1,1.0,-0.023772277393110275,0,1,-0.023772277393110275,-0.09856635006137954,-0.1667767133974,-0.3399643368471475
92356635289,complex,2,1,1.0,0.06998709355969779,0,1,-0.0275579835015005,0.05101944368564705,0.06998709355969779,0.05239559444534303
9235255615523,complex,0,1,1.0,-0.02197625950713813,0,1,-0.02197625950713813,-0.030935677361798322,-0.06562599856843487,-0.1533624354385974
924008569117,complex,0,0,4.0,0.272955661848559,1,1,0.021379628210205222,0.02939602352352036,0.10327533355043708,0.272955661848559
923443079410,complex,3,1,1.0,0.04392214278456917,0,1,0.04392214278456917,-0.01840700230202917,-0.029076758224149804,-0.13762520505287468
9241232912834,complex,2,1,1.0,0.09485445215234095,0,1,-0.0065545939544049345,0.010835186210989497,0.03521187216259561,0.09485445215234095
9231871214299,complex,2,1,1.0,0.02182844786251111,0,1,-0.020269461557330736,0.02182844786251111,-0.004923006474553966,-0.12172592841640645
9238492010271,complex,4,1,1.0,-0.009709181986518052,0,1,-0.009709181986518052,-0.1544889991384027,-0.24088993383415638,-0.4075148710954619
9237261015969,complex,3,1,1.0,0.01956310781087168,0,1,-0.02048870075927195,0.01956310781087168,0.00979030186638407,-0.0499772307613395
923231334210,complex,3,1,1.0,0.007739989016869278,0,1,-0.005312988851263092,0.007739989016869278,0.0026443397572655583,-0.06532298974229131
9232743420808,complex,0,1,1.0,0.03160477374992686,0,1,-0.038044407279196724,0.03160477374992686,0.029617094059333146,-0.0339056732188113
924170633847,complex,2,1,1.0,0.01263851527175881,0,1,-0.017442317911639544,0.01263851527175881,0.0006617765549301498,-0.05576905004324408
923928301800,complex,1,0,1.0,0.07641752123937745,0,0,0.07641752123937745,0.03846169325011216,0.04215219689662571,-0.039842933461143794
9241329314230,complex,0,0,4.0,0.16711632044991398,1,1,0.15325575253996446,-0.00434519827723677,0.039896042700736316,0.16711632044991398
923504144529,complex,1,1,1.0,0.011562401254770323,0,1,-0.002811984500817377,0.011562401254770323,-0.0019146339022347199,-0.11430525946702064
9241642012619,complex,4,1,1.0,0.0023967473224838567,0,1,-0.011956927721416682,0.0023967473224838567,-0.019458311270940082,-0.14692025126519986
923776748141,complex,3,0,1.0,0.037185887869641054,0,0,0.037185887869641054,-0.039369959269219885,-0.020390525127431655,-0.06659674347872038
923189315973,complex,3,1,1.0,0.08052515913875496,0,1,-0.030294776712926588,0.05537347863421656,0.07068761849963331,0.08052515913875496
9234964020071,complex,2,0,0.0,0.23657797547537582,1,1,0.23657797547537582,-0.1311647609527836,-0.24084735136222377,-0.022327587215415196
915926434391,complex,3,1,1.0,-0.00793530781289701,0,1,-0.00793530781289701,-0.008858896485722743,-0.034300159245587075,-0.140260065811988
924120929206,complex,2,1,1.0,0.020670688316946666,0,1,-0.01833527069286155,0.020670688316946666,0.013258032496136597,-0.04176270697610415
923950652333,complex,3,1,1.0,0.09723136495994622,0,1,-0.012405820446576087,0.018205030896929875,0.04172676990586025,0.09723136495994622
924132331762,complex,3,1,1.0,0.03347733546924952,0,1,0.03347733546924952,-0.02063652361200313,-0.06179449947401412,-0.2141210368291528
923767141192,complex,2,0,1.0,0.06968970046822501,0,0,-0.004581301743294852,0.026296523650166877,0.0421350177805553,0.06968970046822501
