question_id,ground_truth,baseline_prediction,original_selected_alpha,original_selected_score,spuc_selected_alpha,spuc_selected_score,action_prediction,baseline_correct,spuc_correct,repair,break_case
30126858,1,1,4.0,0.3240467097760859,4.0,0.32404670977608757,1,True,True,False,False
30110081,1,1,4.0,0.1362418345077179,4.0,0.13624183450771982,1,True,True,False,False
30115178,1,2,1.0,-0.0250577107606421,1.0,-0.025057710760646244,2,False,False,False,False
30147082,2,2,1.0,0.0202515270330346,1.0,0.020251527033034504,2,True,True,False,False
30096474,1,1,4.0,1.5620394334892296,4.0,1.3392326718157415,1,True,True,False,False
30107040,2,2,1.0,0.0769207014982158,1.0,0.07692058767232969,2,True,True,False,False
30165648,1,1,0.0,0.1126177890832745,0.0,0.11261778908327261,1,True,True,False,False
30127877,2,2,1.0,0.0613092478932097,1.0,0.061309126565361714,2,True,True,False,False
30111369,1,1,1.0,0.0576828114471382,1.0,0.05768281144713896,1,True,True,False,False
30155572,1,1,1.0,0.0828016678463276,1.0,0.0828016678463287,1,True,True,False,False
30122512,0,0,4.0,47.73595719511917,4.0,0.8035579741111144,0,True,True,False,False
30137175,1,1,4.0,5.623877113155502,1.5,1.059977450438536,1,True,True,False,False
30142713,1,1,1.0,0.0855351701312616,1.0,0.08553517013126286,1,True,True,False,False
30146672,1,1,0.0,0.2573350759596778,0.0,0.23732258196136127,1,True,True,False,False
30152678,1,1,1.0,0.0519612273449629,1.0,0.051961227344964424,1,True,True,False,False
30145122,2,2,1.0,0.0069476512197503,1.0,0.006947651219751334,2,True,True,False,False
30134003,1,1,0.0,0.1457125489162444,0.0,0.14571254891624486,1,True,True,False,False
30106573,1,1,0.0,0.1259395442122807,0.0,0.1259395442122804,1,True,True,False,False
30159291,1,1,0.0,0.1215399697079479,0.0,0.12153996970794839,1,True,True,False,False
30139298,1,1,0.0,0.1423464845603016,0.0,0.1423439191276161,1,True,True,False,False
30144738,1,1,0.0,0.1365275937202099,0.0,0.13652759372020842,1,True,True,False,False
30110955,1,1,0.0,0.1061806479683772,0.0,0.10618064796837476,1,True,True,False,False
30157935,2,3,1.0,0.0302255126359137,1.0,0.030225512635918356,3,False,False,False,False
30140612,1,1,1.0,0.052868894924316,1.0,0.052868894924316324,1,True,True,False,False
30107283,1,1,0.0,0.1730218691196945,0.0,0.17302186911969433,1,True,True,False,False
30108986,1,1,0.0,0.1860022783675024,0.0,0.1860022783675008,1,True,True,False,False
30108806,1,1,1.0,0.0851838834561914,1.0,0.08517473417408392,1,True,True,False,False
30166516,1,2,4.0,0.1485423123309234,4.0,0.1485423123309222,2,False,False,False,False
30137107,1,1,1.0,0.0489658878771675,1.0,0.04896588787716886,1,True,True,False,False
30110754,1,1,0.0,0.1277711466671359,0.0,0.127771146667136,1,True,True,False,False
30107825,3,3,1.0,0.02195093775745,1.0,0.021950937757451716,3,True,True,False,False
30154316,1,1,4.0,0.1895362007436814,4.0,0.18953620074368294,1,True,True,False,False
30127340,1,1,1.0,0.0641353848528177,1.0,0.06413538485281856,1,True,True,False,False
30129228,1,1,4.0,0.1810668296745869,4.0,0.18106682967458743,1,True,True,False,False
30126430,2,6,4.0,67.45717008602324,1.5,19.01499772811089,6,False,False,False,False
30112290,1,1,1.0,0.0859786616563899,1.0,0.08597866165639062,1,True,True,False,False
30137874,1,1,0.0,0.1379000194900328,0.0,0.13790001949003353,1,True,True,False,False
30132277,1,1,1.0,0.0509517323185737,1.0,0.05095173231857477,1,True,True,False,False
30097771,3,1,1.5,2.404060925729623,1.5,2.2576206616310697,1,False,False,False,False
30147477,1,2,4.0,0.2305005327420013,4.0,0.2305005327420016,2,False,False,False,False
30150686,2,2,1.5,0.1970087941662307,1.5,0.19700879416624095,2,True,True,False,False
30130098,1,1,1.0,0.0939467640043162,1.0,0.09394676400431767,1,True,True,False,False
30124653,2,2,1.0,-0.0304606604131884,1.0,-0.030460660413188095,2,True,True,False,False
30143761,1,1,1.0,0.0568914248727947,1.0,0.05689142487279331,1,True,True,False,False
30157728,1,1,0.0,0.1774719632533536,0.0,0.17747196325335426,1,True,True,False,False
30098237,1,1,4.0,0.1866993049895394,4.0,0.18669930498954052,1,True,True,False,False
30121647,8,3,4.0,0.7514996537903603,4.0,0.7514996537903614,4,False,False,False,False
30136744,2,2,4.0,0.204621084915926,4.0,0.20462108491592648,3,True,False,False,True
30097344,1,1,0.0,0.1022096040177933,0.0,0.10220960401779286,1,True,True,False,False
30157360,1,1,4.0,0.2558627641180722,4.0,0.2558627641180726,1,True,True,False,False
30154587,1,1,4.0,0.7348836694670765,4.0,0.7348836694670773,1,True,True,False,False
30144226,1,6,4.0,23.230394163727706,2.0,8.593461121131433,6,False,False,False,False
30133801,1,1,1.0,0.0743079896192313,1.0,0.0743079896192319,1,True,True,False,False
30164391,1,1,1.0,0.066454004282198,1.0,0.06645400428219805,1,True,True,False,False
30126319,1,1,0.0,0.1421236164466904,1.5,0.20157342703033715,1,True,True,False,False
30139917,1,1,0.0,0.1239279363789927,0.0,0.12392793637899294,1,True,True,False,False
30153920,1,2,1.5,2.035063706816085,1.5,2.035063706816083,2,False,False,False,False
30130439,1,1,4.0,0.1648925674420724,4.0,0.1648925674420726,1,True,True,False,False
30158354,2,2,4.0,0.3049211140526731,4.0,0.30492111405267425,2,True,True,False,False
30111312,1,1,0.0,0.1028635133247954,0.0,0.10286351332479465,1,True,True,False,False
30113070,3,3,1.0,-0.0048245070707175,1.0,-0.004824507070715642,3,True,True,False,False
30146831,1,1,0.0,0.2347331705028195,0.0,0.21888543039225736,1,True,True,False,False
30133870,2,2,1.0,0.0687519100423278,1.0,0.06875191004233328,2,True,True,False,False
30114502,1,1,4.0,0.2921978113028977,4.0,0.29219781130289857,1,True,True,False,False
30112163,1,1,0.0,0.1716376798015906,0.0,0.1716376798015913,1,True,True,False,False
30101254,2,2,1.0,0.0084765978335594,1.0,0.008476597833559528,2,True,True,False,False
30160318,1,1,0.0,0.146359316260949,0.0,0.1463593162609491,1,True,True,False,False
30136658,1,1,1.0,0.0942569336017381,1.0,0.0942569336017395,1,True,True,False,False
30110132,1,1,0.0,0.1236016311182892,0.0,0.1236016311182892,1,True,True,False,False
30135307,3,3,1.0,-0.1013997919978887,1.0,-0.10139979199787985,3,True,True,False,False
30153586,2,2,1.0,0.0346485031292247,1.0,0.03464850312922691,2,True,True,False,False
30150733,1,1,0.0,0.1651894774102375,0.0,0.1651894774102383,1,True,True,False,False
30116511,1,1,1.0,0.0595131397692911,1.0,0.059513139769290485,1,True,True,False,False
30132120,1,1,4.0,0.1091945095547804,4.0,0.1091945095547807,1,True,True,False,False
30158759,2,1,4.0,0.2815123227079817,4.0,0.2815123227079836,2,False,True,True,False
30150916,1,1,4.0,0.4436574835598175,4.0,0.44367073915087196,2,True,False,False,True
30144457,1,1,0.0,0.1040889274667952,0.0,0.10408892746679563,1,True,True,False,False
30103235,1,1,0.0,0.170917094847241,0.0,0.17091709484724005,1,True,True,False,False
30097673,3,3,1.5,1.270709349500091,1.5,1.2707093495001012,3,True,True,False,False
30165390,2,2,1.0,0.0157032680087151,1.0,0.01570326800871792,2,True,True,False,False
30131483,1,1,0.0,0.1450237112151063,0.0,0.14502371121510682,1,True,True,False,False
30117331,1,1,0.0,0.1538067251686265,0.0,0.1538067251686261,1,True,True,False,False
30100762,1,0,4.0,142.72934417511627,1.5,23.34639834680661,0,False,False,False,False
30109796,1,2,4.0,0.1630576826855656,4.0,0.1630576826855662,2,False,False,False,False
30136291,2,2,1.0,-0.0890784476319669,1.0,-0.10196238726655321,2,True,True,False,False
30144189,1,1,1.0,0.0953390086917968,1.0,0.09533900869179776,1,True,True,False,False
30101142,2,2,1.0,0.0940012194424659,1.0,0.09400121944246471,2,True,True,False,False
30136593,0,0,4.0,50.360558747720205,4.0,0.7690275691806246,0,True,True,False,False
30151604,4,6,1.5,0.3902536516049108,1.5,0.35837352949080753,6,False,False,False,False
30111965,1,1,1.0,0.0690243367406547,1.0,0.0690243367406553,1,True,True,False,False
30142939,2,2,1.0,0.0371874814758135,1.0,0.03718748147580948,2,True,True,False,False
30102766,2,2,4.0,0.2083148303528284,4.0,0.20831483035282927,2,True,True,False,False
30119634,1,1,1.0,0.0874192538775721,1.0,0.08741925387757354,1,True,True,False,False
30126833,1,1,0.0,0.108734787580526,0.0,0.1087347875805251,1,True,True,False,False
30158955,4,4,1.0,0.0115083579194405,1.0,0.011508357919437572,4,True,True,False,False
30124704,1,1,0.0,0.1473451103483164,0.0,0.14734511034831743,1,True,True,False,False
30161025,2,2,4.0,0.1296717861478278,4.0,0.1296717861478279,2,True,True,False,False
30150893,1,1,0.0,0.136635467563407,0.0,0.13663546756340453,1,True,True,False,False
30154080,2,2,4.0,0.1729058216412741,4.0,0.17290582164127377,2,True,True,False,False
30116666,1,1,4.0,0.4120201876629436,4.0,0.41202018766294474,1,True,True,False,False
30120796,1,1,1.0,0.0409129387001203,1.0,0.04091293870012079,1,True,True,False,False
30165510,1,1,0.0,0.1360254544362888,0.0,0.1360254544362896,1,True,True,False,False
30130739,1,1,1.0,0.0786607838964731,1.0,0.07866078389647171,1,True,True,False,False
30112469,1,1,0.0,0.1134586946050267,0.0,0.11345869460502842,1,True,True,False,False
30129053,1,1,4.0,0.1914843123038775,4.0,0.19148431230387786,1,True,True,False,False
30117390,3,2,1.0,0.0173637072210066,1.0,0.017363707221004124,2,False,False,False,False
30134365,1,1,0.0,0.1649207562393361,0.0,0.16492075623933636,1,True,True,False,False
30149538,2,2,4.0,0.4625934558020142,4.0,0.46259345580201594,3,True,False,False,True
30125420,1,1,0.0,0.1257866373533348,0.0,0.12578663735333442,1,True,True,False,False
30114576,1,1,4.0,0.2288597571927682,4.0,0.2288597571927703,2,True,False,False,True
30099194,3,5,4.0,13.986600512310408,1.5,2.3392514727448477,5,False,False,False,False
30115354,1,1,1.0,0.0586823451224793,1.0,0.05868234512247853,1,True,True,False,False
30143136,4,2,1.5,0.1666940160001621,1.5,0.1666940160001673,2,False,False,False,False
30120720,2,2,1.0,0.0169432647806476,1.0,0.016943264780651272,2,True,True,False,False
30131129,4,3,4.0,0.5268077482660919,4.0,0.5268077482660952,3,False,False,False,False
30111205,1,1,0.0,0.1549031859649524,0.0,0.1549031859649532,1,True,True,False,False
30160910,1,1,4.0,0.698027065114069,4.0,0.6980270651140689,1,True,True,False,False
30124607,2,2,1.0,0.0903698126187752,1.0,0.09036981261877707,2,True,True,False,False
30142514,1,1,0.0,0.1093793647319039,0.0,0.10937936473190493,1,True,True,False,False
30165986,3,4,1.0,-0.0467348648728566,1.0,-0.04673486487285469,4,False,False,False,False
30114780,1,1,0.0,0.1445399372054467,0.0,0.1445399372054467,1,True,True,False,False
30101495,4,2,1.5,1.9063842362107155,1.5,1.9063842362107268,2,False,False,False,False
30096870,2,2,1.0,0.0158479128036457,1.0,0.015847912803649104,2,True,True,False,False
30126831,1,1,1.5,3.1515989873159898,1.5,2.2603422797854433,1,True,True,False,False
30166312,1,1,0.0,0.1186003144627063,0.0,0.11860031446270639,1,True,True,False,False
30142289,5,7,4.0,1448.5565093093476,1.5,19.474652191898265,8,False,False,False,False
30108014,1,1,1.0,0.0835255438923154,1.0,0.08352554389231615,1,True,True,False,False
30151531,1,1,1.0,0.0889356282791816,1.0,0.08893312067126014,1,True,True,False,False
30128546,4,4,4.0,0.3860840371274143,4.0,0.3860840371274135,5,True,False,False,True
30130909,1,1,1.0,0.0669812304242,1.0,0.06698123042419846,1,True,True,False,False
30131194,9,8,4.0,0.7135072830899998,2.0,0.3584826307834517,9,False,True,True,False
30102838,1,2,1.0,0.0315789695543002,1.0,0.03157896955429921,2,False,False,False,False
30146964,0,0,4.0,49.19767271170568,4.0,0.8295889564651268,0,True,True,False,False
30147058,1,1,4.0,0.2470513215971953,4.0,0.24705132159719578,1,True,True,False,False
30113327,2,2,4.0,0.2947879395250949,4.0,0.29478793952509497,2,True,True,False,False
30138606,3,4,1.5,0.4740244534446834,1.5,0.4740244534446939,4,False,False,False,False
30151595,1,1,1.0,0.0947740143004881,1.0,0.09477401430048815,1,True,True,False,False
30163956,2,2,1.0,0.0918967909839618,1.0,0.0918967909839624,2,True,True,False,False
30156205,1,1,0.0,0.1170844382430926,0.0,0.11708443824309289,1,True,True,False,False
30151705,2,2,4.0,0.2200587898623895,4.0,0.22005878986239022,2,True,True,False,False
30125770,1,1,4.0,0.1618618887180454,4.0,0.16186895685418556,1,True,True,False,False
30100332,3,3,1.0,-0.0844288555010806,1.0,-0.08442885550106785,3,True,True,False,False
30128718,1,4,2.0,10.140984485750234,2.0,16.797947958392722,4,False,False,False,False
30123184,1,1,0.0,0.1058440586121593,0.0,0.10584405861215973,1,True,True,False,False
30131939,1,1,4.0,0.1943941778368809,4.0,0.19439417783688,1,True,True,False,False
30110882,11,9,4.0,490.6827024294289,1.5,7.785403926714668,9,False,False,False,False
30133759,2,2,4.0,0.1670882967057486,4.0,0.16708829670574804,2,True,True,False,False
30114134,1,1,0.0,0.1249647023350644,0.0,0.12496470233506421,1,True,True,False,False
30139557,3,4,1.5,0.3823324888168178,1.5,0.38506894776032985,4,False,False,False,False
30149760,1,1,2.0,0.1214015452939473,2.0,0.12140154529394806,2,True,False,False,True
30104384,2,2,4.0,0.3345903035979941,4.0,0.33459030359799435,3,True,False,False,True
30149959,1,1,1.0,0.0967190467828345,1.0,0.096719046782835,1,True,True,False,False
30121800,1,1,0.0,0.1169843190755324,0.0,0.11696902085912836,1,True,True,False,False
30135273,2,2,1.0,0.0675401625438242,1.0,0.06754015231940248,2,True,True,False,False
30143491,1,1,4.0,0.2333926169765207,4.0,0.23339489914774436,1,True,True,False,False
30131628,1,1,4.0,0.2101486326243467,4.0,0.21014863262434708,2,True,False,False,True
30148182,1,1,4.0,0.1264852381883863,4.0,0.12648523818838614,1,True,True,False,False
30106339,2,3,1.5,7.776500666136578,1.5,5.75882830775249,3,False,False,False,False
30159201,2,2,4.0,0.1799789813722876,4.0,0.17998842735717924,2,True,True,False,False
30136623,1,1,0.0,0.1354618903954968,0.0,0.1354618903954982,1,True,True,False,False
30114059,2,2,4.0,0.2367183527718276,4.0,0.23671835277182762,2,True,True,False,False
30148853,3,3,1.0,0.0963278589525579,1.0,0.09632785895256148,3,True,True,False,False
30094201,1,3,1.0,-0.0950801316616812,1.0,-0.09508013166167865,3,False,False,False,False
30098554,2,2,1.0,0.020048905632311,1.0,0.020048905632310675,2,True,True,False,False
30147979,1,1,0.0,0.125256131445144,0.0,0.1252561314451447,1,True,True,False,False
30148110,2,1,1.0,0.0924443638433189,1.0,0.09244436384331922,1,False,False,False,False
30152773,2,2,1.0,0.0222856295459493,1.0,0.02228562954595322,2,True,True,False,False
30137666,3,4,1.0,-0.0826648601204554,1.0,-0.0826648601204439,4,False,False,False,False
30158058,1,1,4.0,0.2195613572112,4.0,0.21956135721119954,1,True,True,False,False
30156974,2,2,1.0,0.0695748361271564,1.0,0.06957483612715873,2,True,True,False,False
30146005,1,1,0.0,0.1298638266750012,0.0,0.12986382667500146,1,True,True,False,False
30100268,2,2,4.0,0.2023358173870746,4.0,0.20233581738707526,2,True,True,False,False
30138879,1,1,1.0,0.0829868443211421,1.0,0.08298684432114294,1,True,True,False,False
30121173,1,4,4.0,85.65593921770814,1.5,18.727759448117745,4,False,False,False,False
30113384,1,1,1.0,0.0545848475643529,1.0,0.054584847564354284,1,True,True,False,False
30141545,2,2,1.0,0.0180487222272232,1.0,0.018048722227223805,2,True,True,False,False
30110928,1,1,1.0,0.0963468297746036,1.0,0.09634682977460576,1,True,True,False,False
30121697,1,1,4.0,0.1048204811718062,4.0,0.1048204811718056,1,True,True,False,False
30117846,1,1,1.0,0.0353616332960434,1.0,0.03536163329604356,1,True,True,False,False
30119120,1,2,1.0,-0.0598801496751344,1.0,-0.05988014967513792,2,False,False,False,False
30113330,1,1,0.0,0.1380238598692736,0.0,0.13802385986927415,1,True,True,False,False
30147685,6,5,4.0,0.853589526567148,4.0,0.7723259677274604,6,False,True,True,False
30108459,2,2,1.0,-0.0069594556513157,1.0,-0.006959455651314861,2,True,True,False,False
30160082,1,1,0.0,0.1065847448976526,0.0,0.10658474489765304,1,True,True,False,False
30118997,1,1,0.0,0.1373273640570694,0.0,0.1373273640570701,1,True,True,False,False
30147579,1,1,4.0,0.8525521596722242,4.0,0.8525521596722262,1,True,True,False,False
30115405,1,1,1.5,1.4984025139434571,1.5,1.4984025139434634,2,True,False,False,True
30160442,1,1,4.0,0.1989231450474823,4.0,0.19892314504748287,1,True,True,False,False
30106397,2,2,1.5,0.2184840887938005,1.5,0.218484088793809,2,True,True,False,False
30154211,1,1,1.0,0.07733243844201,1.0,0.07733243844201076,1,True,True,False,False
30153750,1,1,1.0,0.077905268276551,1.0,0.0779052768683875,1,True,True,False,False
30107303,3,3,1.0,-0.0449065002757529,1.0,-0.04490650027575239,3,True,True,False,False
30122616,1,1,1.0,0.0440324597638531,1.0,0.044032459763850666,1,True,True,False,False
30127656,1,1,0.0,0.2313681981930624,0.0,0.1986199347363558,1,True,True,False,False
30159082,1,1,1.5,0.2197407952258563,1.5,0.21974079522586543,1,True,True,False,False
30165490,2,2,4.0,0.1033192636486233,4.0,0.10331926364862377,2,True,True,False,False
30157708,4,2,1.5,2.9437945974663693,1.5,2.9437945974663826,2,False,False,False,False
30141388,1,1,1.0,0.091004582654537,1.0,0.09100458265453748,1,True,True,False,False
30165609,1,2,1.0,0.0189714375399966,1.0,0.01897143753999563,2,False,False,False,False
30116020,1,1,1.0,0.0499481498404379,1.0,0.04994814984043825,1,True,True,False,False
30154251,2,2,1.0,-0.0362021858060019,1.0,-0.036202185806007384,2,True,True,False,False
30106344,1,1,1.5,16.235527037476515,1.5,9.766992523117205,1,True,True,False,False
30136357,1,1,0.0,0.1084466721951498,0.0,0.1084466721951505,1,True,True,False,False
30136289,1,1,0.0,0.1417556017802911,0.0,0.14175560178029067,1,True,True,False,False
30135059,4,4,1.0,-0.0663859181750072,1.0,-0.06638591817499755,4,True,True,False,False
30157329,2,2,1.0,0.0819951436739647,1.0,0.08199514367396507,2,True,True,False,False
30119633,2,2,4.0,0.1014167624519064,4.0,0.10141676245190655,2,True,True,False,False
30138004,1,1,4.0,0.1066042979803159,4.0,0.10660429798031612,1,True,True,False,False
30116669,1,2,1.5,0.2828561234055716,1.5,0.2828561234055714,2,False,False,False,False
30119246,2,3,1.0,-0.0297204124130094,1.0,-0.029720412413008317,3,False,False,False,False
30112859,1,1,1.0,0.0948521797582918,1.0,0.09485217975829294,1,True,True,False,False
30111898,2,2,1.0,0.0906904537769383,1.0,0.09069045377693845,2,True,True,False,False
30117999,0,0,4.0,44.36625495713199,1.5,3.473179836662809,0,True,True,False,False
30093784,3,3,1.5,2.9863186273340068,1.5,2.727893136733572,3,True,True,False,False
30124874,1,1,1.0,0.0653140040123367,1.0,0.06531400401233714,1,True,True,False,False
30156542,2,2,1.0,0.0168069141324855,1.0,0.016806914132486847,2,True,True,False,False
30138598,1,1,1.0,0.0731971325465983,1.0,0.0731971325465986,1,True,True,False,False
30109214,2,3,1.0,-0.0193858111566842,1.0,-0.0193858111566797,3,False,False,False,False
30156128,4,4,1.5,0.2214072517120021,1.5,0.22140725171200268,4,True,True,False,False
30143565,0,0,1.5,62.90697982246956,1.5,48.49084316461576,0,True,True,False,False
30141372,1,1,1.0,0.0941098705055879,1.0,0.09410987050558797,1,True,True,False,False
30139165,1,2,1.0,-0.1123756258509843,1.0,-0.11237562585098843,2,False,False,False,False
30129471,1,1,1.0,0.0411048645151895,1.0,0.041104864515185684,1,True,True,False,False
30132839,1,1,1.0,0.0954435059950794,1.0,0.09543863603924652,1,True,True,False,False
30134128,1,1,1.0,0.0728836068138642,1.0,0.07288360681386538,1,True,True,False,False
30164800,2,1,1.0,0.0458610942229072,1.0,0.04586109422290658,1,False,False,False,False
30122104,2,2,1.0,0.0293927393639826,1.0,0.02939273936398134,2,True,True,False,False
30102541,1,1,1.0,0.0989004663594239,1.0,0.09890046635942382,1,True,True,False,False
30093720,1,1,4.0,0.4781438595515705,4.0,0.47814385955157085,2,True,False,False,True
30154023,1,1,1.0,0.0875532805602785,1.0,0.08755328056027874,1,True,True,False,False
30113788,1,1,0.0,0.1623257591435656,0.0,0.16232575914356603,1,True,True,False,False
30156409,1,1,1.0,0.0602513226904514,1.0,0.06025132269044949,1,True,True,False,False
30111598,1,1,1.0,0.0921574428615237,1.0,0.09215744286152347,1,True,True,False,False
30135715,2,2,1.0,0.0719576584745357,1.0,0.07195765847453488,2,True,True,False,False
30122095,3,3,1.0,0.0445925710303107,1.0,0.044592571030308566,3,True,True,False,False
30159612,5,5,1.5,0.7128883673140132,1.5,0.7128883673140128,5,True,True,False,False
30144117,3,4,1.5,0.1022310020484913,1.5,0.10223100204849438,4,False,False,False,False
30158714,2,2,1.0,0.0488428877899579,1.0,0.048946868843499816,2,True,True,False,False
30109248,1,1,1.0,0.0990026675305899,1.0,0.09900266753058914,1,True,True,False,False
30115602,2,3,1.0,0.0516774954496181,1.0,0.051677495449627124,3,False,False,False,False
30126676,1,1,1.0,0.0684943546671104,1.0,0.06849435466711157,1,True,True,False,False
30149837,1,1,1.5,0.3740160776931703,1.5,0.3740160776931799,1,True,True,False,False
30100938,3,3,1.0,0.0416454798028615,1.0,0.04164547980286372,3,True,True,False,False
30132201,1,1,4.0,0.1563108960519523,4.0,0.1563108960519523,1,True,True,False,False
30100601,2,2,1.0,0.0539326925459408,1.0,0.05393269254594056,2,True,True,False,False
30107336,1,1,1.0,0.0974098110322251,1.0,0.0974098110322256,1,True,True,False,False
30099377,3,2,1.0,0.0317552173266999,1.0,0.031755217326701765,2,False,False,False,False
30123573,4,6,4.0,1.1653712553538056,4.0,0.6981095776347057,7,False,False,False,False
30120136,1,1,0.0,0.1433484877313921,0.0,0.14334848773139228,1,True,True,False,False
30106525,1,1,1.0,0.0623410768676858,1.0,0.06234107686768539,1,True,True,False,False
30111340,1,1,1.0,0.0557688757715109,1.0,0.05576887577151123,1,True,True,False,False
30124431,1,6,4.0,222.73633100885743,1.5,20.277914762214273,6,False,False,False,False
30125426,1,1,2.0,0.1237712256930377,2.0,0.12377122569303872,1,True,True,False,False
30147004,1,1,0.0,0.1277159079759567,0.0,0.12771590797595336,1,True,True,False,False
30120429,1,1,1.5,8.255459977901062,1.5,7.183460165179328,1,True,True,False,False
30121849,2,2,1.0,0.029951382293452,1.0,0.029951382293452032,2,True,True,False,False
30117430,1,1,0.0,0.1127263278408464,0.0,0.1127263278408476,1,True,True,False,False
30145613,1,1,1.0,0.0905188691968765,1.0,0.09051886919687668,1,True,True,False,False
30152697,1,1,1.0,0.0987950003794445,1.5,0.25504881932920254,1,True,True,False,False
30131558,1,2,1.5,0.1073446804842302,1.5,0.10734468048423473,2,False,False,False,False
30128516,2,4,1.5,0.1632480873320339,1.5,0.16324808733203686,4,False,False,False,False
30131526,2,2,1.0,-0.0850361400736543,1.0,-0.08503614007365402,2,True,True,False,False
30149639,1,2,1.0,0.0301515348565174,1.0,0.03015153485651769,2,False,False,False,False
30100728,2,3,1.0,-0.0166388851321236,1.0,-0.016638885132111557,3,False,False,False,False
30146985,2,2,1.5,0.7564478248690008,1.5,0.7564478248690047,3,True,False,False,True
30127615,1,1,0.0,0.1066189969321421,0.0,0.10661899693214019,1,True,True,False,False
30122533,2,3,1.0,0.0828108481658594,1.0,0.08281084816587439,3,False,False,False,False
30101776,2,2,1.5,0.5468647984036367,1.5,0.5468647984036406,2,True,True,False,False
30121955,5,5,1.5,0.1207237256126208,1.5,0.12072372561263037,6,True,False,False,True
30122538,1,1,4.0,10.643811352902524,1.0,-0.031118205716934168,1,True,True,False,False
30154592,1,1,0.0,0.1506858668643916,0.0,0.15068586686439245,1,True,True,False,False
30128395,1,1,1.0,0.0784323300640324,1.0,0.078432330064034,1,True,True,False,False
30156242,1,1,1.0,0.0467389773039834,1.0,0.046738977303983055,1,True,True,False,False
30158458,1,2,1.0,-0.0058061173439313,1.0,-0.0058061173439320855,2,False,False,False,False
30150524,2,2,4.0,0.3960551611653622,4.0,0.3960551611653631,3,True,False,False,True
30125582,1,1,1.0,0.0982461774808898,1.0,0.09824617748088973,1,True,True,False,False
30123623,1,1,0.0,0.1149816902771948,0.0,0.11498169027719563,1,True,True,False,False
30140862,1,15,4.0,19258.05167144444,2.0,6.985058491444396,6,False,False,False,False
30129635,1,1,1.0,0.0555077884503127,1.0,0.05550778845031266,1,True,True,False,False
30139654,2,2,4.0,0.2758637516890131,4.0,0.27586375168901306,2,True,True,False,False
30160205,1,1,4.0,0.1131825209214276,4.0,0.11318252092142783,1,True,True,False,False
30127344,3,3,1.0,-0.002835150564771,1.0,-0.002835150564769552,3,True,True,False,False
30135800,5,4,1.5,0.1678533115904327,1.5,0.16785331159043188,4,False,False,False,False
30152737,2,1,1.5,1.36166150731232,1.5,1.5046886133560406,1,False,False,False,False
30122705,1,1,0.0,0.1967415691361341,0.0,0.19674156913613355,1,True,True,False,False
30157450,1,1,4.0,0.2678500529736943,4.0,0.26785005297369496,1,True,True,False,False
30159507,3,5,4.0,2.2098985448269746,1.5,1.3335105263695362,5,False,False,False,False
30157207,2,2,1.0,0.0339236732214218,1.0,0.0339236732214212,2,True,True,False,False
30114348,1,1,0.0,0.1173135951113433,0.0,0.1173135951113441,1,True,True,False,False
30130612,1,1,4.0,0.191816281541438,4.0,0.1918162815414386,1,True,True,False,False
30123992,2,2,4.0,0.1749320901937379,4.0,0.1749320901937374,2,True,True,False,False
30103428,1,1,1.0,0.0586465307754459,1.0,0.05864653077544526,1,True,True,False,False
30131439,2,2,1.5,3.806820591946966,1.5,3.4847594975362153,3,True,False,False,True
30129203,2,3,1.5,4.862914324004342,1.5,4.341562732756414,3,False,False,False,False
30160114,2,2,1.5,0.6424833902125117,1.5,0.6424833902125237,2,True,True,False,False
30127509,1,1,1.0,0.0969662973421331,1.0,0.09696629734213288,1,True,True,False,False
30122788,3,3,1.0,-0.0047749546116246,1.0,-0.004774954611620261,3,True,True,False,False
30109423,1,1,4.0,0.607519356755138,4.0,0.6075193567551392,1,True,True,False,False
30139358,1,3,1.5,0.9375694624788028,1.5,0.9375694624788012,3,False,False,False,False
30124940,3,2,4.0,0.3201157108881646,4.0,0.32011571088816615,2,False,False,False,False
30157086,7,6,4.0,46.73626586978381,1.0,-1.4191332495110855,6,False,False,False,False
30129074,1,1,0.0,0.1124437253697559,0.0,0.112443725369756,1,True,True,False,False
30114231,2,3,1.0,-0.0753818652363805,1.0,-0.07538186523637976,3,False,False,False,False
30150247,1,1,0.0,0.1042709686379679,0.0,0.10427096863796897,1,True,True,False,False
30156675,1,1,1.0,0.0461621096421611,1.0,0.0461621096421587,1,True,True,False,False
30116360,1,1,1.0,0.0496403318287521,1.0,0.0496403318287524,1,True,True,False,False
30123092,4,15,4.0,44304.75555895599,2.0,9.791396881553805,15,False,False,False,False
30143374,2,2,1.0,-0.0556134121073741,1.0,-0.11122258655266845,2,True,True,False,False
30122057,1,1,4.0,0.1676882297072891,4.0,0.16768822970728958,1,True,True,False,False
30138152,4,4,1.5,0.1211707241669458,1.5,0.1211707241669572,4,True,True,False,False
30138403,1,1,0.0,0.1171607256931585,0.0,0.11716072569315938,1,True,True,False,False
30112031,1,1,1.0,0.0777941504692396,1.0,0.07779415046923965,1,True,True,False,False
30119954,3,3,1.0,0.0127519957914642,1.0,0.012751380016698266,3,True,True,False,False
30136576,1,1,0.0,0.1407616812772347,0.0,0.1407616812772321,1,True,True,False,False
30101538,1,1,0.0,0.1036618318560462,0.0,0.10366183185604572,1,True,True,False,False
30139427,1,1,1.0,0.0545137265099293,1.0,0.054513726509931186,1,True,True,False,False
30152134,1,1,0.0,0.1868623472996326,0.0,0.17531943594161417,1,True,True,False,False
30099472,4,3,4.0,890.3581888156789,1.5,22.87379311634211,5,False,False,False,False
30109277,1,2,1.5,2.2253643458246533,1.5,2.2253643458246497,2,False,False,False,False
30094901,2,3,1.5,0.6307354237760823,1.5,0.6307354237760878,3,False,False,False,False
30141658,1,1,4.0,0.1852954918036418,4.0,0.1852954918035086,1,True,True,False,False
30146710,2,2,4.0,0.2370927254591235,4.0,0.2370927254591233,2,True,True,False,False
30118538,1,1,4.0,0.184354168091954,4.0,0.18435416809195582,1,True,True,False,False
30136989,1,1,0.0,0.1225678867366833,0.0,0.12256788673668442,1,True,True,False,False
30143373,1,2,1.5,0.3947428408939929,1.5,0.31570927852687397,2,False,False,False,False
30128900,1,1,1.0,0.0881012549145839,1.0,0.08810125491458398,1,True,True,False,False
30126132,1,1,1.0,0.0754611381905742,1.0,0.07546113819057626,1,True,True,False,False
30132834,1,1,1.0,0.0788329197064511,1.0,0.07883291970645143,1,True,True,False,False
30116435,6,3,1.5,0.1357709955662062,1.5,0.13577099556620717,3,False,False,False,False
30129264,1,1,4.0,0.3975146338313527,4.0,0.3975146338313533,1,True,True,False,False
30138227,1,1,0.0,0.1383061529821475,0.0,0.1383061529821487,1,True,True,False,False
30096847,2,2,4.0,0.1960254042930594,4.0,0.19602540429306,3,True,False,False,True
30125280,1,1,1.0,0.0894964621696072,1.0,0.08949646216960716,1,True,True,False,False
30102075,1,1,0.0,0.1527606270698787,0.0,0.15276062706987825,1,True,True,False,False
30147298,2,2,4.0,0.2781477423703263,4.0,0.27814774237032525,3,True,False,False,True
30135116,1,1,1.5,0.289150014639781,1.5,0.31607131716732684,1,True,True,False,False
30110876,1,1,1.0,0.0768562587132139,1.0,0.07685625871321322,1,True,True,False,False
30103681,1,1,0.0,0.1593556088548603,0.0,0.1593556088548586,1,True,True,False,False
30135463,1,1,4.0,0.2481167402943426,4.0,0.24811674029434466,1,True,True,False,False
30159008,1,1,0.0,0.1031090057413909,0.0,0.10310900574139031,1,True,True,False,False
30158887,2,2,1.0,0.0253760310997611,1.0,0.025376031099762657,2,True,True,False,False
30105647,3,2,1.0,-0.0208327434825479,1.0,-0.020832743482544124,2,False,False,False,False
30124166,2,5,1.0,-0.7279331445301184,2.0,9.430419388945815,5,False,False,False,False
30166974,2,2,1.0,0.0476747346817823,1.0,0.04767473468178243,2,True,True,False,False
30166900,1,1,0.0,0.2675182633247869,0.0,0.13361781190232938,1,True,True,False,False
30107195,1,1,4.0,0.3027298859517239,4.0,0.30272988595172345,1,True,True,False,False
30145053,1,1,4.0,0.2827881362471143,4.0,0.2827881362471152,1,True,True,False,False
30147973,2,2,1.0,0.0139081620927074,1.0,0.013908162092709052,2,True,True,False,False
30156689,6,7,1.0,-0.281285091227404,1.0,-0.28128509122740336,7,False,False,False,False
30095049,2,3,4.0,0.1659372334293007,4.0,0.16593723342930283,4,False,False,False,False
30125684,1,1,1.5,0.2295735363285131,1.5,0.2295735363285159,1,True,True,False,False
30131355,2,2,1.0,0.090049174408645,1.0,0.09004917440864503,2,True,True,False,False
30138939,1,2,1.0,-0.08060954286308,1.0,-0.08060954286308303,2,False,False,False,False
30116521,1,1,1.0,0.0985520215113847,1.0,0.09855202151138576,1,True,True,False,False
30117397,2,3,1.5,19.443728767132864,1.5,13.824376556041987,3,False,False,False,False
30154433,2,2,4.0,0.1353079781600988,4.0,0.13530797816010084,2,True,True,False,False
30123882,1,1,4.0,0.1558778641172208,4.0,0.1558778641172223,1,True,True,False,False
30116568,3,2,4.0,0.2633612385125575,4.0,0.2633612385125577,3,False,True,True,False
30160322,1,1,0.0,0.1266191819550901,0.0,0.126619181955091,1,True,True,False,False
30145570,1,1,1.0,0.0535323802490327,1.0,0.05353237963429799,1,True,True,False,False
30136933,2,3,1.5,0.2011647401308018,1.5,0.2011647401308084,3,False,False,False,False
30166000,1,2,1.5,0.376581955928666,1.5,0.37658195592867083,2,False,False,False,False
30109719,1,1,0.0,0.1297837394903034,0.0,0.12978373949030064,1,True,True,False,False
30166121,1,1,4.0,3.6853544049293103,1.5,1.115703986214835,1,True,True,False,False
30119426,1,1,0.0,0.1836112828207308,0.0,0.18361128282073091,1,True,True,False,False
30129877,1,1,0.0,0.1089462099877865,0.0,0.10894620998778681,1,True,True,False,False
30111237,6,5,1.5,1.4458964728062795,1.5,0.8553801697622591,5,False,False,False,False
30120491,2,2,4.0,0.166572405924039,4.0,0.16657240592403832,2,True,True,False,False
30147943,3,3,1.0,0.028012644119384,1.0,0.028012644119383735,3,True,True,False,False
30126726,2,2,1.0,0.0801571871550947,1.0,0.08015718715509426,2,True,True,False,False
30146484,2,2,1.0,0.0442395121193231,1.0,0.0442393220189498,2,True,True,False,False
30117016,1,1,4.0,0.4525948387265793,4.0,0.45259483872658074,1,True,True,False,False
30115453,1,1,0.0,0.1914307151625958,0.0,0.19143071516259536,1,True,True,False,False
30132516,2,3,1.5,0.1341789528132209,1.5,0.13417895281323483,3,False,False,False,False
30143504,2,2,4.0,0.1133429393081413,4.0,0.11334293930813988,2,True,True,False,False
30143866,1,1,4.0,0.1547000699450089,4.0,0.15470006994501037,1,True,True,False,False
30158198,1,1,0.0,0.1003283974215836,0.0,0.10032839742158428,1,True,True,False,False
30105730,4,3,1.0,0.076888229865051,1.0,0.07688822986505928,3,False,False,False,False
30102568,2,2,1.0,0.0776754368191322,1.0,0.07767543681913205,2,True,True,False,False
30157704,1,1,0.0,0.3160002380342187,0.0,0.21030541616636325,1,True,True,False,False
30160126,2,2,4.0,0.1451514743552661,4.0,0.14515147435526587,2,True,True,False,False
30135469,3,3,1.0,0.0370075322694137,1.0,0.037013005555800206,3,True,True,False,False
30102435,4,4,1.0,0.0065817289782066,1.0,0.006581728978210048,4,True,True,False,False
30132561,3,6,1.0,-0.2667299314450843,2.0,2.1740209732774636,6,False,False,False,False
30112714,6,7,4.0,2.0272925157830004,1.0,0.09187971348033619,7,False,False,False,False
30110257,1,1,0.0,0.1321754802562743,0.0,0.13217548025627407,1,True,True,False,False
30128644,1,1,0.0,0.1420606109545202,0.0,0.14206061095452083,1,True,True,False,False
30136501,5,4,4.0,1.2242466785403474,4.0,0.8175948589305452,6,False,False,False,False
30155050,1,1,4.0,0.1866013663782864,4.0,0.18660136637828675,1,True,True,False,False
30105750,1,1,1.0,0.0918030600813016,1.0,0.09180306008129985,1,True,True,False,False
30146431,1,1,1.0,0.0792016438513654,1.0,0.07920164569619688,1,True,True,False,False
30133213,2,2,4.0,0.1735870057410155,4.0,0.1735870057410148,2,True,True,False,False
30097768,1,1,2.0,0.2237921060905818,2.0,0.22379210609058092,1,True,True,False,False
30127521,1,1,0.0,0.1074961922791185,0.0,0.10749619227911966,1,True,True,False,False
30122812,1,1,0.0,0.1200745626434766,0.0,0.12007456264347618,1,True,True,False,False
30117628,1,1,0.0,0.116206801315759,0.0,0.11620680131575886,1,True,True,False,False
30144568,4,4,1.0,-0.1445484892856315,1.0,-0.1445484892856278,4,True,True,False,False
30127991,1,1,4.0,0.2075330363438489,4.0,0.20753589892602983,1,True,True,False,False
30166514,1,1,4.0,0.4567953716240214,4.0,0.45679537162402317,1,True,True,False,False
30146245,2,2,4.0,0.3117195874620814,4.0,0.3117195874620819,2,True,True,False,False
30143994,1,1,4.0,0.1165237690077882,4.0,0.11652376900778962,1,True,True,False,False
30131190,1,1,0.0,0.1074932863036562,0.0,0.10749328630365587,1,True,True,False,False
30096363,1,0,1.5,68.86700558201092,1.5,47.46223184850117,0,False,False,False,False
30136651,1,1,0.0,0.1359504879532109,0.0,0.13595048795321069,1,True,True,False,False
30163014,3,3,1.0,-0.0441955148670808,1.0,-0.04419551486708214,3,True,True,False,False
30094080,2,2,4.0,0.2397895497323868,4.0,0.23978954973238453,2,True,True,False,False
30166553,2,2,1.0,-0.026716230413007,1.0,-0.026716230413004152,2,True,True,False,False
30104473,0,0,4.0,47.79105557739544,4.0,0.8528435241279335,0,True,True,False,False
30110373,0,0,4.0,49.785875018161576,4.0,0.9650706461844875,0,True,True,False,False
30153282,1,1,0.0,0.140766940343696,0.0,0.14076694034369572,1,True,True,False,False
30120876,1,9,4.0,2841.189082434956,1.5,30.798588830978954,10,False,False,False,False
30116042,3,3,4.0,0.3217282753375594,4.0,0.3217282753375607,4,True,False,False,True
30092706,2,2,1.0,0.0116960403960279,1.0,0.011696040396031683,2,True,True,False,False
30093840,1,1,4.0,0.193968472657543,4.0,0.1939684726575418,1,True,True,False,False
30106775,1,1,1.0,0.0755996237292276,1.0,0.0755996237292284,1,True,True,False,False
30111476,1,1,0.0,0.1629429687181444,0.0,0.16294296871814487,1,True,True,False,False
30145075,6,5,1.5,0.1892702360693492,1.5,1.4779325449106757,5,False,False,False,False
30109243,1,1,4.0,0.1905872715190978,4.0,0.19058727151909916,1,True,True,False,False
30115882,2,2,1.0,0.0417392614505476,1.0,0.04173926145054657,2,True,True,False,False
30133096,1,1,1.0,0.0718375042035525,1.0,0.07183750420355126,1,True,True,False,False
30142617,1,1,2.0,0.1669739957178491,2.0,0.16323125198577224,2,True,False,False,True
30151989,3,3,1.0,-0.0111489574110606,1.0,-0.01114895741105744,3,True,True,False,False
30154715,1,1,1.0,0.0828159635521613,1.0,0.08281596355216211,1,True,True,False,False
30163988,1,1,0.0,0.1158604947304192,0.0,0.11586049473041665,1,True,True,False,False
30096908,3,2,4.0,0.2265830940539082,4.0,0.22658309405390625,2,False,False,False,False
30119435,2,3,1.0,0.0886003576428839,1.0,0.08860035764288564,3,False,False,False,False
30154061,1,1,1.0,0.086228531881471,1.0,0.08622853188147234,1,True,True,False,False
30120565,1,1,1.0,0.0907081198649597,1.0,0.09070811986496044,1,True,True,False,False
30108370,1,1,4.0,0.406158803600826,4.0,0.40615880360082557,1,True,True,False,False
30128661,2,2,1.0,0.0461917855146787,1.0,0.04619178551467882,2,True,True,False,False
30139540,1,1,1.0,0.0980129576830701,1.0,0.09801295768307021,1,True,True,False,False
30143293,2,2,1.0,-0.1097955363749439,1.0,-0.1097955363749461,2,True,True,False,False
30108232,1,1,1.0,0.0768525119389082,1.0,0.07685251193891585,1,True,True,False,False
30111953,6,9,4.0,20.17990716822271,1.0,-2.572527874317544,9,False,False,False,False
30146729,1,1,0.0,0.1264724638939766,0.0,0.12647246389397646,1,True,True,False,False
30160799,3,4,1.5,1.1947502942661692,1.5,0.7878406776937517,4,False,False,False,False
30106480,1,2,1.0,-0.0215672173088296,1.0,-0.021567217308826762,2,False,False,False,False
30113595,1,1,1.0,0.0966748434853021,1.0,0.09667484348530272,1,True,True,False,False
30160418,1,1,0.0,0.1346871482321631,0.0,0.13468714823216418,1,True,True,False,False
30119613,1,1,4.0,0.4578631570374055,4.0,0.45786315703740565,1,True,True,False,False
30163926,6,6,1.5,0.1163150816331933,1.5,0.11631508163319676,7,True,False,False,True
30155322,1,1,1.0,0.0632966969844026,1.0,0.06329669698439946,1,True,True,False,False
30125398,1,1,1.0,0.0690470569345874,1.0,0.0690470569345876,1,True,True,False,False
30159292,2,2,1.0,0.0723359582799392,1.0,0.07233595827993976,2,True,True,False,False
30166940,2,2,1.0,0.0518377654588796,1.0,0.05183776545888054,2,True,True,False,False
30138965,1,1,1.0,0.0745001995672194,1.0,0.07450019956721912,1,True,True,False,False
30158019,1,2,1.0,-0.0761021278497853,1.0,-0.07610212784978496,2,False,False,False,False
30131502,1,2,1.5,0.9044772085789504,1.5,0.9044772085789639,2,False,False,False,False
30145220,6,2,1.5,30.678837343172773,1.5,21.52316480641792,2,False,False,False,False
30110340,2,2,1.0,0.0074718301313249,1.0,0.007471830131325775,2,True,True,False,False
30115149,1,1,0.0,0.1738008235266281,0.0,0.1738008235266285,1,True,True,False,False
30139122,1,1,0.0,0.1224718500504535,0.0,0.12247185005045441,1,True,True,False,False
30127059,1,1,1.5,2.4658755585492105,1.5,2.6537927106228545,1,True,True,False,False
30113559,2,2,4.0,0.1762252483519596,4.0,0.1762252483519596,2,True,True,False,False
30108072,3,3,1.0,0.0124642028542752,1.0,0.012464202854277379,3,True,True,False,False
30128036,1,1,0.0,0.1110281594521808,0.0,0.11102815945217795,1,True,True,False,False
30108557,1,1,0.0,0.2096080537417043,0.0,0.20772192118662433,1,True,True,False,False
30141691,4,4,4.0,0.3214311120873478,4.0,0.3214311120873493,4,True,True,False,False
30099225,2,2,1.0,0.0657468575418963,1.0,0.06574685754189682,2,True,True,False,False
30157756,1,2,1.0,-0.0128974640279872,1.0,-0.01289746402798,2,False,False,False,False
30139324,1,1,0.0,0.1484832413278885,0.0,0.14848324132788795,1,True,True,False,False
30145467,3,5,4.0,41.52088238552633,1.5,4.1767115917226,5,False,False,False,False
30158104,0,0,4.0,48.66764825206382,1.5,1.6757341773739387,0,True,True,False,False
30161362,2,2,1.0,0.022538447664041,1.0,0.022538447664041235,2,True,True,False,False
30134304,2,2,4.0,0.1295861363884009,4.0,0.12958613638840158,2,True,True,False,False
30126209,5,6,1.0,0.0291679682926593,1.0,0.029167968292660235,6,False,False,False,False
30165957,1,1,1.0,0.0696914272793013,1.0,0.06969142727930158,1,True,True,False,False
30137059,3,3,1.0,-0.018932105292183,1.0,-0.018932105292182137,3,True,True,False,False
30097844,8,6,1.0,-0.1405413858971233,1.0,-0.10943416040898973,6,False,False,False,False
30112145,2,1,4.0,0.1368791524321705,4.0,0.1368791524321725,1,False,False,False,False
30124678,2,2,1.0,0.0333042841369633,1.0,0.033304284136962695,2,True,True,False,False
30147519,1,3,1.5,1.5547726736415113,1.5,1.5547726736415164,3,False,False,False,False
30161896,7,7,4.0,73.53648243053959,1.5,1.31941622020445,7,True,True,False,False
30105812,1,1,0.0,0.1502034331956201,0.0,0.15020343319562185,1,True,True,False,False
30109544,3,3,1.0,0.0023354147306248,1.0,0.002335414730625006,3,True,True,False,False
30131275,1,1,1.5,1.3043777330354085,1.5,1.3043777330354112,1,True,True,False,False
30166442,1,1,1.0,0.0684892359402127,1.0,0.06848923594021311,1,True,True,False,False
30111911,3,2,4.0,0.2296792439123535,4.0,0.22967924391235403,2,False,False,False,False
30155207,2,2,1.0,-0.01343114913184,1.0,-0.013431149131841298,2,True,True,False,False
30165738,1,2,1.5,19.329248505283317,1.5,15.033005098818085,2,False,False,False,False
30139589,1,1,4.0,0.231360126170265,4.0,0.2313601261702662,1,True,True,False,False
30111614,1,1,1.0,0.055401000590361,1.0,0.055401000590362674,1,True,True,False,False
30114857,2,3,1.5,0.1701152613293879,1.5,0.1701152613293912,3,False,False,False,False
30158040,1,1,0.0,0.1297469454496997,0.0,0.12974694544970036,1,True,True,False,False
30160201,6,6,1.0,0.0532504836040453,1.0,0.05325048360404393,6,True,True,False,False
30165351,1,1,1.0,0.0893611281588995,1.0,0.08936112815889999,1,True,True,False,False
30125004,1,1,0.0,0.1072785450668403,0.0,0.1072785450668377,1,True,True,False,False
30141396,1,1,0.0,0.1063549487182986,0.0,0.1063549487182992,1,True,True,False,False
30166867,4,3,1.5,1.3998509927914606,1.5,1.3998509927914669,3,False,False,False,False
30139220,2,2,1.0,0.0084863658542273,1.0,0.008486365854230762,2,True,True,False,False
30097413,1,2,1.0,0.0708788747585442,1.0,0.0724922327611863,2,False,False,False,False
30128057,2,3,1.0,0.0153672174548524,1.0,0.015367217454860081,3,False,False,False,False
30129931,1,1,1.0,0.0909103454664325,1.0,0.09091034546643267,1,True,True,False,False
30099874,2,5,1.5,3.308340374475951,1.5,2.4020603339188766,5,False,False,False,False
30120636,2,2,1.5,0.6056784665240428,1.5,0.6056784665240453,2,True,True,False,False
30160490,2,2,4.0,0.2978873957276135,4.0,0.2978873957276134,2,True,True,False,False
30125896,1,1,0.0,0.1717842270907376,0.0,0.1717842270907382,1,True,True,False,False
30134429,1,1,0.0,0.1024385073262832,0.0,0.10243850732628357,1,True,True,False,False
30143917,1,1,1.0,0.0894635305277587,1.0,0.08946353052775888,1,True,True,False,False
30110610,2,2,1.0,0.0603370945260631,1.0,0.060337094526064346,2,True,True,False,False
30126923,1,1,0.0,0.1273144897020915,0.0,0.12730962682324165,1,True,True,False,False
30116899,1,2,1.5,7.364962879993275,1.5,3.553242358984892,2,False,False,False,False
30153633,1,1,0.0,0.1130704303201243,0.0,0.11307043032012434,1,True,True,False,False
30142718,1,1,0.0,0.1712976003123234,0.0,0.17129760031232555,1,True,True,False,False
30116159,1,1,0.0,0.1592308617381506,0.0,0.15923086173815199,1,True,True,False,False
30123536,1,1,1.0,0.0936356494976836,1.0,0.09363564949768438,1,True,True,False,False
30107646,1,1,1.0,0.0998072422150296,1.0,0.09980724221502982,1,True,True,False,False
30134469,1,1,1.0,0.0460417097446056,1.0,0.04604170974460612,1,True,True,False,False
30119656,1,1,0.0,0.1341358424597031,0.0,0.13413584245970253,1,True,True,False,False
30151502,1,1,4.0,0.2017671676322814,4.0,0.2017671676322831,1,True,True,False,False
30133627,2,2,1.0,0.0359622142732069,1.0,0.03596221427320624,2,True,True,False,False
30158767,3,3,1.5,1.388545160087333,1.5,1.3885451600873442,3,True,True,False,False
30165925,1,1,1.0,0.0714792104907474,1.0,0.0714792104907481,1,True,True,False,False
30144602,1,1,1.0,0.0842728720287118,1.0,0.08427287202871289,1,True,True,False,False
30111356,1,1,1.0,0.0919220890159077,1.0,0.0919220890159079,1,True,True,False,False
30157260,1,1,1.0,0.084128535877247,1.0,0.08412853587724795,1,True,True,False,False
30132652,4,3,4.0,0.3671276209689242,4.0,0.3671276209689257,4,False,True,True,False
30161536,1,1,0.0,0.164684873379901,0.0,0.16468487337990148,1,True,True,False,False
30109620,1,1,0.0,0.1116554443372074,0.0,0.11165544433720762,1,True,True,False,False
30151015,4,3,4.0,0.2190725526065372,4.0,0.21907255260653896,3,False,False,False,False
30106875,1,2,4.0,10.107563922312645,1.5,4.4843171111448346,2,False,False,False,False
30113369,1,1,0.0,0.1276340999615124,0.0,0.12763409996150915,1,True,True,False,False
30101186,2,2,4.0,0.3549203129343533,4.0,0.35492792879022095,3,True,False,False,True
30095259,2,2,4.0,0.4542418495101447,4.0,0.45424184951014523,3,True,False,False,True
30155307,2,2,1.5,0.6507094282134216,1.5,0.6507094282134249,2,True,True,False,False
30139171,1,2,1.0,-0.0092798903602766,1.0,-0.00927989036027661,2,False,False,False,False
30159383,2,2,1.0,-0.0339985377340608,1.0,-0.033998537734062084,2,True,True,False,False
30146192,2,2,1.0,0.0259586584670307,1.0,0.025958658467031444,2,True,True,False,False
30166337,2,2,1.0,0.0647143480304536,1.0,0.06471434803045405,2,True,True,False,False
30150938,1,1,1.0,0.054554330504203,1.0,0.054554330504202476,1,True,True,False,False
30157845,2,2,1.0,0.0821967189240049,1.0,0.08219671892400146,2,True,True,False,False
30166456,3,3,1.0,0.0248435260517263,1.0,0.024843585648317963,3,True,True,False,False
30146123,1,1,1.0,0.050506749438951,1.0,0.05050674943895206,1,True,True,False,False
30153039,2,2,1.0,0.039842584889518,1.0,0.039842584889515274,2,True,True,False,False
30155116,1,1,1.0,0.0476146427656965,1.0,0.047614642765696824,1,True,True,False,False
30153697,1,1,0.0,0.1821921213939615,0.0,0.16928837145934034,1,True,True,False,False
30153405,2,2,1.0,-0.0019500931379549,1.0,-0.0019500931379504028,2,True,True,False,False
30133568,1,1,0.0,0.1556703280905221,0.0,0.15567032809052248,1,True,True,False,False
30153236,6,4,4.0,0.123786000137754,4.0,0.12378600013775572,4,False,False,False,False
30161998,2,2,2.0,0.155343795148545,2.0,0.15534379514854663,3,True,False,False,True
30124493,2,2,1.0,0.0380603754841278,1.0,0.03806037548412671,2,True,True,False,False
30133883,0,0,4.0,618.3836169366192,1.5,33.91102233258584,0,True,True,False,False
30135832,1,1,0.0,0.1053524099892384,0.0,0.10535240998923892,1,True,True,False,False
30099409,1,1,1.0,0.0733855544683173,1.0,0.07338555446831863,1,True,True,False,False
30144892,1,1,1.0,0.0898742660864339,1.0,0.08987426608643459,1,True,True,False,False
30120680,2,2,4.0,0.2245471645879609,4.0,0.22454716458796053,3,True,False,False,True
30147127,3,3,1.5,0.8260019206927184,1.5,0.8260019206927246,3,True,True,False,False
30132556,2,3,1.0,-0.0199256818026169,1.0,-0.019925652248942043,3,False,False,False,False
30135911,1,1,1.0,0.0830063320615931,1.0,0.0830063320615938,1,True,True,False,False
30146475,3,5,1.0,-0.0843926262916809,1.0,-0.08439262629168108,5,False,False,False,False
30133345,3,3,1.0,-0.0173178374021747,1.0,-0.01731783740217546,3,True,True,False,False
30126508,1,2,1.0,0.0402654982327526,1.0,0.04026549823275241,2,False,False,False,False
30128897,2,2,1.0,-0.0669463441781257,1.0,-0.06694634417812391,2,True,True,False,False
30110367,1,2,1.0,0.0333391398201972,1.0,0.03333913982020252,2,False,False,False,False
30121413,2,2,1.0,0.0306208168960931,1.0,0.030620816896093757,2,True,True,False,False
30117680,2,2,1.5,0.6675570976627144,1.5,0.6675570976627218,2,True,True,False,False
30151195,1,1,0.0,0.126176631300111,0.0,0.12617663130010842,1,True,True,False,False
30106931,1,1,0.0,0.1086210520525741,0.0,0.10862105205257519,1,True,True,False,False
30134574,1,1,0.0,0.1300470806251877,0.0,0.1300470806251896,1,True,True,False,False
30140820,1,1,0.0,0.1292631474264081,0.0,0.12926314742640668,1,True,True,False,False
30160340,1,1,4.0,0.5540969598657871,4.0,0.554096959865788,1,True,True,False,False
30104459,2,2,1.0,0.0806028067963293,1.0,0.08060280679632939,2,True,True,False,False
30156539,1,1,4.0,0.3388232643731302,4.0,0.3388354195433203,2,True,False,False,True
30101337,2,3,1.0,0.0293680014297155,1.0,0.02936800142972394,3,False,False,False,False
30110965,2,2,1.0,0.064338280508463,1.0,0.06433828050846355,2,True,True,False,False
30126162,1,1,1.0,0.0208859418049235,1.0,0.02088594180492189,1,True,True,False,False
30106142,0,5,4.0,121.68339677962103,1.0,-1.494785202524445,5,False,False,False,False
30148380,3,3,1.0,0.05283304652929,1.0,0.017264021610134718,3,True,True,False,False
30150242,1,1,4.0,0.1115997206086377,4.0,0.11159972060863928,1,True,True,False,False
30105539,1,1,0.0,0.1226653538053829,0.0,0.12266535380538293,1,True,True,False,False
30151071,1,3,1.0,-0.1137294611207588,1.0,-0.11372946112075373,3,False,False,False,False
30154466,5,5,1.0,0.0213184248930923,1.0,0.021318424893094077,5,True,True,False,False
30115203,1,1,1.0,0.0816964583787514,1.0,0.08169645837875095,1,True,True,False,False
30115586,3,4,4.0,2.292850371518862,1.5,1.1431983435791235,4,False,False,False,False
30157783,1,1,0.0,0.1175849142070741,0.0,0.11758491420707423,1,True,True,False,False
30131740,3,2,1.5,0.7136296518084807,1.5,0.7136296518084801,2,False,False,False,False
30153357,1,1,1.0,0.0856547462704294,1.0,0.08565474627042938,1,True,True,False,False
30107673,2,2,1.0,0.0843567419893306,1.0,0.0843567419893291,2,True,True,False,False
30118682,1,1,4.0,0.1393133766901349,4.0,0.13931337669013483,1,True,True,False,False
30145542,1,1,1.0,0.0800772512191008,1.0,0.08007725121910256,1,True,True,False,False
30107755,1,2,4.0,0.6714928351480455,4.0,0.6714928351480506,2,False,False,False,False
30115426,1,1,4.0,0.3047499371120357,4.0,0.3047499371120357,1,True,True,False,False
30113677,1,2,1.5,14.943453403387664,1.5,10.238157559830142,2,False,False,False,False
30129157,1,1,0.0,0.1443866958993923,0.0,0.14438669589939285,1,True,True,False,False
30155051,1,1,0.0,0.1162446542142481,0.0,0.11624465421424993,1,True,True,False,False
30117267,3,2,1.5,0.6448487460456891,1.5,0.6448487460456991,2,False,False,False,False
30129633,1,1,4.0,0.2796207270682143,4.0,0.2796207270682148,1,True,True,False,False
30113694,6,3,4.0,0.3455258731478446,4.0,0.3455258731478463,3,False,False,False,False
30147043,1,1,1.0,0.0705652099700618,1.0,0.0705652099700616,1,True,True,False,False
30122144,1,1,0.0,0.1163171235559629,0.0,0.11631712355596294,1,True,True,False,False
30129102,1,1,0.0,0.1578379042626743,0.0,0.15783790426267497,1,True,True,False,False
30109061,2,2,1.0,0.0911300937135717,1.0,0.09113009371357333,2,True,True,False,False
30164779,2,2,1.0,-0.1070595742428496,1.0,-0.10705957424285194,2,True,True,False,False
30155807,7,8,2.0,0.1592765261736622,2.0,0.15927652617366592,8,False,False,False,False
30104193,11,8,4.0,2.370430954537681,1.0,-0.17948090310977094,8,False,False,False,False
30141884,1,1,4.0,0.1519617485880133,4.0,0.1519617485880167,2,True,False,False,True
30139493,4,4,1.0,0.0116525105338638,1.0,0.011652510533871173,4,True,True,False,False
30101016,9,7,4.0,115.23349770638406,1.5,6.682413964751587,8,False,False,False,False
30107623,1,1,1.0,0.0728474356730891,1.0,0.07284743567308888,1,True,True,False,False
30110620,1,1,0.0,0.1430701734709625,0.0,0.14307017347096407,1,True,True,False,False
30107573,2,2,1.0,0.0406210847263664,1.0,0.0406210847263671,2,True,True,False,False
30137233,1,1,0.0,0.2356204809813321,0.0,0.21756878448218284,1,True,True,False,False
30140484,1,1,1.0,0.0416572199884441,1.0,0.041657219988440415,1,True,True,False,False
30134155,2,2,1.0,0.0368612055689241,1.0,0.0368612055689256,2,True,True,False,False
30141289,3,3,1.5,2.868182949641453,1.5,2.5859792303628146,3,True,True,False,False
30123039,3,3,1.0,0.0435062810403474,1.0,0.043506281040355026,3,True,True,False,False
30164035,1,1,0.0,0.1157576376225312,0.0,0.11575763762253174,1,True,True,False,False
30094512,4,4,1.0,-0.0951101100765504,1.0,-0.09511011007655283,4,True,True,False,False
30159692,2,5,1.5,1.0547906768923228,1.5,0.501851583970549,5,False,False,False,False
30097873,1,1,0.0,0.1417286769609198,0.0,0.1417286769609193,1,True,True,False,False
30157015,1,1,0.0,0.1040935689636301,0.0,0.10409356896363084,1,True,True,False,False
30102247,1,2,1.0,-0.0511403853518589,1.0,-0.05114038535186046,2,False,False,False,False
30123556,1,1,0.0,0.1184666241607686,0.0,0.11846662416076797,1,True,True,False,False
30142304,1,1,4.0,0.3937526060308328,4.0,0.39375260603083234,1,True,True,False,False
30124027,4,5,4.0,1.8447718872837475,1.5,0.5959200450722624,6,False,False,False,False
30148566,1,1,0.0,0.139271787580589,0.0,0.13927178758059092,1,True,True,False,False
30124018,2,2,0.0,0.1009065454341264,0.0,0.10090654543412703,2,True,True,False,False
30124591,2,2,1.0,0.0978963378043805,1.0,0.09789633780438192,2,True,True,False,False
30117665,1,1,1.0,0.0964876688248636,1.0,0.09648766882486401,1,True,True,False,False
30126760,1,4,4.0,0.1013042465395406,4.0,0.10130424653954391,4,False,False,False,False
30096268,1,1,4.0,0.2353358808946493,4.0,0.2353358808946504,1,True,True,False,False
30098814,1,2,1.0,-0.0360108918841746,1.0,-0.03601089188417181,2,False,False,False,False
30125425,1,1,1.0,0.0929461333804261,1.0,0.09294613338042729,1,True,True,False,False
30123097,3,3,1.0,-0.1538177999484801,1.0,-0.15381779994848058,3,True,True,False,False
30134554,1,2,1.0,-0.0037871477582464,1.0,-0.003787147758246359,2,False,False,False,False
30148556,1,1,1.0,0.0677752878817076,1.0,0.0677752878817092,1,True,True,False,False
30113528,1,2,1.0,-0.0541827819055519,1.0,-0.054182781905551335,2,False,False,False,False
30112136,2,2,1.0,0.003439340165925,1.0,0.0034393401659260758,2,True,True,False,False
30125262,2,2,1.0,0.0257601203922097,1.0,0.025760120392210067,2,True,True,False,False
30131468,2,3,1.0,-0.1011626986738244,1.0,-0.1011626986738244,3,False,False,False,False
30151213,2,2,1.0,-0.0001785906409812,1.0,-0.0001785906409798848,2,True,True,False,False
30102893,2,2,1.0,-0.0079160665829384,1.0,-0.007916066582939738,2,True,True,False,False
30101105,2,2,1.0,0.0301948533119357,1.0,0.030194853311935214,2,True,True,False,False
30164627,2,2,1.0,0.0113877817636219,1.0,0.01138778176362036,2,True,True,False,False
30117677,3,2,1.5,0.3771799056314823,1.5,0.3771799056314886,2,False,False,False,False
30103735,1,1,0.0,0.1321274865703998,0.0,0.132127486570398,1,True,True,False,False
30134217,1,1,0.0,0.1164226604564191,0.0,0.11642266045641972,1,True,True,False,False
30160898,1,1,4.0,0.1377719007013959,4.0,0.13777190070139733,1,True,True,False,False
30159246,1,1,4.0,0.1683941086515942,4.0,0.1683941086515947,1,True,True,False,False
30151717,1,1,0.0,0.1406881773768858,0.0,0.14068817737688627,1,True,True,False,False
30123634,1,1,0.0,0.134212669146398,0.0,0.13421266914639804,1,True,True,False,False
30115336,1,1,4.0,0.1501094709151229,4.0,0.1501094709151234,1,True,True,False,False
30111371,1,1,0.0,0.3466510001400577,0.0,0.23625391425425576,1,True,True,False,False
30110999,2,2,4.0,0.4330543411528261,4.0,0.4330543411528277,3,True,False,False,True
30122807,1,1,4.0,0.313913378946855,4.0,0.31391337894685534,1,True,True,False,False
30120515,1,1,1.5,8.89726066250687,1.5,9.132415820824548,1,True,True,False,False
30119253,1,1,0.0,0.1249795599233997,0.0,0.12497955992340035,1,True,True,False,False
30110101,0,0,4.0,37.02026192452188,1.5,8.011054863402522,0,True,True,False,False
30117634,1,1,4.0,0.3145747929014069,4.0,0.31458587752216455,1,True,True,False,False
30129798,1,1,4.0,0.232452745761982,4.0,0.2324527457619825,1,True,True,False,False
30108965,1,1,0.0,0.126860712678308,0.0,0.12686071267830754,1,True,True,False,False
30139147,3,3,1.0,0.0043408001131756,1.0,0.00434088512573419,3,True,True,False,False
30163677,1,1,4.0,0.3154254742637652,4.0,0.31542547426376555,1,True,True,False,False
30120404,1,1,1.0,0.074201976647488,1.0,0.07420197664748851,1,True,True,False,False
30147273,1,1,4.0,0.2596628145333076,4.0,0.2596628145333094,2,True,False,False,True
30115260,1,1,1.0,0.0536106136772921,1.0,0.0536106136772933,1,True,True,False,False
30151747,1,1,1.0,0.0755746088166086,1.0,0.07557460881660878,1,True,True,False,False
30124068,1,1,0.0,0.1499546890733197,0.0,0.14994981204337487,1,True,True,False,False
30139937,1,1,4.0,0.3393437421040879,4.0,0.3393437421040857,1,True,True,False,False
30166472,3,2,4.0,0.2901081623410459,4.0,0.29010816234104686,3,False,True,True,False
30122521,1,1,0.0,0.1321372378644161,0.0,0.1321372378644158,1,True,True,False,False
30143670,1,1,4.0,0.5745410640226298,4.0,0.5745410640226317,1,True,True,False,False
30102329,1,1,0.0,0.1898359577685838,0.0,0.18983595776858445,1,True,True,False,False
30133572,1,1,0.0,0.1023156939182753,0.0,0.10231569391827591,1,True,True,False,False
30135722,1,1,4.0,0.1837730898282268,4.0,0.18377308982822574,1,True,True,False,False
30100770,6,6,4.0,21.92675370411883,1.5,8.541197311138395,7,True,False,False,True
30153615,1,1,0.0,0.13116556747476,0.0,0.13116556747476057,1,True,True,False,False
30163649,2,2,1.0,0.0823443166770409,1.0,0.08234431667704067,2,True,True,False,False
30095447,1,1,1.0,0.0796845011212528,1.0,0.07968450112125067,1,True,True,False,False
30122256,1,1,0.0,0.1230371142489729,0.0,0.12303711424897396,1,True,True,False,False
30140396,1,1,1.0,0.0574006613626131,1.0,0.057400661362614826,1,True,True,False,False
30148879,1,1,4.0,0.2717351471266683,4.0,0.271735147126669,1,True,True,False,False
30127484,1,1,0.0,0.1215815150662588,0.0,0.12158151506625853,1,True,True,False,False
30115585,4,8,1.0,-0.3776605548669717,1.0,-0.37766055486697553,8,False,False,False,False
30124271,1,1,1.0,0.0946336156676686,1.0,0.09463361566766895,1,True,True,False,False
30149748,4,4,4.0,0.2686081938633633,4.0,0.2686081938633663,5,True,False,False,True
30153747,3,4,1.5,1.7980020454403984,1.5,1.6142407567112569,4,False,False,False,False
30109426,2,2,1.0,-0.0646518690035669,1.0,-0.07153629541896904,2,True,True,False,False
30131054,4,2,1.5,1.3499186143819888,1.5,1.227122890028761,2,False,False,False,False
30135889,1,2,1.0,0.0118511919619361,1.0,0.011851191961938177,2,False,False,False,False
30099541,1,2,1.0,0.0418139098752843,1.0,0.04181390987528551,2,False,False,False,False
30137884,2,2,1.0,0.0156064669591356,1.0,0.01560646695913577,2,True,True,False,False
30142137,4,4,4.0,0.1658430715306366,4.0,0.16584307153063746,4,True,True,False,False
30126787,1,1,1.0,0.0958635767046542,1.0,0.09586357670465462,1,True,True,False,False
30097432,2,2,4.0,0.3122704771854983,4.0,0.3122704771854976,3,True,False,False,True
30161634,1,1,2.0,0.1276775674626178,2.0,0.1276775674626218,2,True,False,False,True
30147748,3,3,1.5,0.4902108986150498,1.5,0.4902108986150584,3,True,True,False,False
30127524,1,1,1.0,0.0788445339311519,1.0,0.0788445339311531,1,True,True,False,False
30109476,2,2,1.0,-0.027051928384509,1.0,-0.027051928384508032,2,True,True,False,False
30113390,3,3,1.5,0.5709788574494197,1.5,0.570978857449435,4,True,False,False,True
30155559,1,1,1.5,0.6503502974024511,1.5,0.6503502974024566,1,True,True,False,False
30107019,1,1,0.0,0.1053503022033723,0.0,0.10535030220337241,1,True,True,False,False
30150702,1,2,1.0,-0.0644183144001462,1.0,-0.06441831440014609,2,False,False,False,False
30132734,1,1,4.0,0.3063439816032285,4.0,0.30634398160322823,1,True,True,False,False
30166858,1,1,0.0,0.1322258671053396,0.0,0.13222586710534032,1,True,True,False,False
30126117,2,2,1.0,0.0519444914540061,1.0,0.05194449145400613,2,True,True,False,False
30146674,1,1,4.0,0.3244630269075205,4.0,0.3244630269075206,1,True,True,False,False
30127470,1,1,0.0,0.1065321458818344,0.0,0.10653214588183357,1,True,True,False,False
30102557,1,2,4.0,15.140539344031287,2.0,6.457630631035703,2,False,False,False,False
30157996,1,1,4.0,0.2267832091753941,4.0,0.22678320917539324,1,True,True,False,False
30147980,2,2,0.0,0.1326221610569764,0.0,0.13260870041996936,2,True,True,False,False
30161295,2,3,1.5,0.131789783710879,1.5,0.13178978371088335,3,False,False,False,False
30151981,2,2,4.0,0.362080230772984,4.0,0.3620802307729839,2,True,True,False,False
30128626,0,0,4.0,5034.070639306288,1.5,43.1132360982335,0,True,True,False,False
30112144,2,2,1.0,0.0419926202167342,1.0,0.04199262021673276,2,True,True,False,False
30135205,2,2,1.0,0.0866699044730155,1.0,0.08666990447301587,2,True,True,False,False
30163068,2,2,1.0,0.04605228088351,1.0,0.04605228088351028,2,True,True,False,False
30143758,1,1,4.0,2.159358308832041,1.5,0.40019982087676714,1,True,True,False,False
30125038,2,2,4.0,0.1629927752024968,4.0,0.16299277520249672,2,True,True,False,False
30115756,1,1,0.0,0.1013905186787558,0.0,0.10139051867875512,1,True,True,False,False
30148599,2,2,1.0,-0.0073490860698339,1.0,-0.007349086069833352,2,True,True,False,False
30134046,2,2,4.0,0.1141257786684273,4.0,0.11412577866842709,2,True,True,False,False
30110598,1,1,1.0,0.0981388808500106,1.0,0.09813888085001121,1,True,True,False,False
30151550,2,2,1.0,-0.0238149464347136,1.0,-0.0238149464347134,2,True,True,False,False
30144864,11,10,4.0,0.3463350495577799,1.0,-2.5262053044884065,10,False,False,False,False
30143674,1,1,4.0,0.1665557566514394,4.0,0.1665557566514395,1,True,True,False,False
30136440,2,2,4.0,0.1010362256582035,4.0,0.10103622565820418,2,True,True,False,False
30115855,1,1,0.0,0.1740031612283949,0.0,0.17400316122839599,1,True,True,False,False
30139187,1,1,0.0,0.1160616704641673,0.0,0.1160616704641678,1,True,True,False,False
30145224,1,2,1.0,-0.023310183380226,1.0,-0.02331018338022745,2,False,False,False,False
30139785,1,1,0.0,0.1638371078718012,0.0,0.16383710787180086,1,True,True,False,False
30125553,2,2,1.0,0.0971382278043939,1.0,0.09713822780439364,2,True,True,False,False
30112416,2,2,1.5,6.581027162565283,1.5,6.587823263165781,4,True,False,False,True
30149632,1,1,1.0,0.0752394867223439,1.0,0.07523948672234504,1,True,True,False,False
30156765,1,2,4.0,0.1028337003569118,4.0,0.10283370035691224,2,False,False,False,False
30157703,1,1,1.0,0.0599471322396308,1.0,0.05993102849602951,1,True,True,False,False
30139190,1,1,1.0,0.056231782726406,1.0,0.05623178272640595,1,True,True,False,False
30095796,4,6,1.0,0.0956672604083652,1.0,0.09566726040837109,6,False,False,False,False
30143528,2,2,1.0,0.0104678888505699,1.0,0.010467888850569594,2,True,True,False,False
30140593,1,1,0.0,0.1311438752980686,0.0,0.13114387529806895,1,True,True,False,False
30144196,6,3,1.5,0.6402921911480577,1.5,0.6402921911480627,3,False,False,False,False
30154824,1,1,0.0,0.1083928021424972,0.0,0.10839280214249708,1,True,True,False,False
30137724,1,1,0.0,0.1284508863677448,0.0,0.12845088636774085,1,True,True,False,False
30116836,1,1,0.0,0.1154649929415528,0.0,0.11546499294155277,1,True,True,False,False
30115101,1,1,0.0,0.1446321420503784,0.0,0.1446321420503782,1,True,True,False,False
30139429,3,4,1.0,-0.0923567616057929,1.0,-0.09235676160579111,4,False,False,False,False
30143168,2,4,1.5,0.6578095812227017,1.5,0.5413441288589496,4,False,False,False,False
30097554,1,1,0.0,0.1670951422071632,0.0,0.16709514220716268,1,True,True,False,False
30125444,2,2,1.0,-0.031760108520674,1.0,-0.03176010852067194,2,True,True,False,False
30152645,2,1,1.0,0.0985242399055217,1.0,0.09852423990551804,1,False,False,False,False
30092691,1,3,1.5,0.6220907519271245,1.5,0.6220907519271354,3,False,False,False,False
30136918,2,2,1.0,0.0309150477943343,1.0,0.030915047794334134,2,True,True,False,False
30099944,1,1,1.0,0.0642214333753249,1.0,0.06422143337532496,1,True,True,False,False
30134724,1,1,4.0,0.1417301388848761,4.0,0.1417301388848779,1,True,True,False,False
30164283,3,3,1.0,0.0942554614968237,1.0,0.09425547985511176,3,True,True,False,False
30146816,1,1,1.5,2.3028777225989274,1.5,2.3028777225989323,1,True,True,False,False
30110546,1,1,4.0,0.6341639081831505,4.0,0.6341639081831508,1,True,True,False,False
30151406,5,5,1.0,-0.0726954476676068,1.0,-0.07269544766761016,5,True,True,False,False
30166623,3,3,1.0,0.0351240129263574,1.0,0.03512401292635762,3,True,True,False,False
30160249,1,1,0.0,0.1861722168779404,0.0,0.1861722168779396,1,True,True,False,False
30143393,1,1,0.0,0.1124167157308702,0.0,0.11241671573087123,1,True,True,False,False
30146180,2,2,1.0,-0.0627894652582386,1.0,-0.06278946525823878,2,True,True,False,False
30116136,2,2,1.0,0.0204041427223236,1.0,0.02040414272232572,2,True,True,False,False
30113811,1,1,0.0,0.1245151453756348,0.0,0.12451514537563582,1,True,True,False,False
30147136,2,2,1.0,0.0310829756933119,1.0,0.031082975693312608,2,True,True,False,False
30147590,1,1,1.0,0.0914282460462756,1.0,0.09142824604627289,1,True,True,False,False
30126180,1,1,4.0,0.2921846186247449,4.0,0.2921846186247456,1,True,True,False,False
30148089,1,1,1.0,0.0954162625181453,1.0,0.09541374428955501,1,True,True,False,False
30103581,1,1,1.0,0.0936687338049971,1.0,0.09366873380499877,1,True,True,False,False
30140732,1,1,1.0,0.0895768745719547,1.0,0.08957687457195412,1,True,True,False,False
30142213,2,2,4.0,0.3548860330029765,4.0,0.3548860330029776,3,True,False,False,True
30127754,6,7,4.0,3.545635549528367,1.0,-0.3536749684781586,7,False,False,False,False
30147879,1,1,0.0,0.1062541768520448,0.0,0.10625417685204644,1,True,True,False,False
30147674,1,1,4.0,0.1182594284363859,4.0,0.11825942843638633,1,True,True,False,False
30139055,1,1,4.0,0.3525270106674079,4.0,0.3525270106674046,1,True,True,False,False
30134911,1,1,0.0,0.1130228131321199,0.0,0.1130228131321191,1,True,True,False,False
30140798,1,1,0.0,0.13355109400596,0.0,0.13355109400596044,1,True,True,False,False
30112827,2,2,1.5,0.1400820058512552,1.5,0.14008200585125644,2,True,True,False,False
30147283,1,1,4.0,0.1769068690679474,4.0,0.17690686906794756,2,True,False,False,True
30094706,1,1,0.0,0.1148266543179895,0.0,0.11482665431799066,1,True,True,False,False
30128168,3,3,1.0,0.0581080031397804,1.0,0.058108003139780255,3,True,True,False,False
30100178,1,2,1.0,0.0010673721742464,1.0,0.0010673721742463678,2,False,False,False,False
30129600,1,1,4.0,0.2206122297380052,4.0,0.22061222973800554,1,True,True,False,False
30094687,1,1,1.0,0.0838339376347884,1.0,0.0838339376347906,1,True,True,False,False
30134869,1,1,4.0,0.1324178272190447,4.0,0.1324178272190452,1,True,True,False,False
30106693,4,6,4.0,484.2001989449784,1.5,19.44515577975703,6,False,False,False,False
30119430,5,5,4.0,0.4624424654692977,4.0,0.4624424654693,6,True,False,False,True
30127810,1,1,1.0,0.0638727185225112,1.0,0.06387271852251233,1,True,True,False,False
30132727,2,2,1.0,-0.0551561620260554,1.0,-0.05515616202605476,2,True,True,False,False
30164814,1,1,0.0,0.1152345131172688,0.0,0.11522536205961001,1,True,True,False,False
30128184,2,2,4.0,0.1887811080889578,4.0,0.18878110808895884,2,True,True,False,False
30116085,1,1,0.0,0.1754312905477901,0.0,0.17543129054779122,1,True,True,False,False
30137974,2,2,4.0,0.5263295533809214,4.0,0.5263295533809209,2,True,True,False,False
30147313,1,2,1.0,-0.0423230488064908,1.0,-0.04232304880648672,2,False,False,False,False
30148988,1,3,1.0,0.0692610739523495,1.0,0.06926115522956244,3,False,False,False,False
30109722,1,1,0.0,0.1697075579581441,0.0,0.1697075579581432,1,True,True,False,False
30126049,1,1,0.0,0.2448973850403184,0.0,0.18873634515759735,1,True,True,False,False
30117537,2,2,4.0,0.2117961862224768,4.0,0.21179618622247942,3,True,False,False,True
30131197,2,1,0.0,0.1655368996892476,0.0,0.1655368996892462,1,False,False,False,False
30127869,2,2,1.0,0.0469077667297765,1.0,0.04690776672977833,2,True,True,False,False
30124240,1,1,0.0,0.2286020343493165,0.0,0.20714960407250246,1,True,True,False,False
30143536,1,2,4.0,0.1282931966060186,4.0,0.12829319660601904,2,False,False,False,False
30121458,1,1,1.0,0.0948500138918752,1.0,0.09485001389187556,1,True,True,False,False
30117607,1,1,0.0,0.113591557847396,0.0,0.1135733158502441,1,True,True,False,False
30102722,1,1,0.0,0.1242444921287009,0.0,0.12424449212869679,1,True,True,False,False
30106138,0,2,4.0,284.07360278337404,1.5,21.934525446176224,2,False,False,False,False
30139892,0,5,4.0,1.3475554036461128,4.0,1.1955286538251655,5,False,False,False,False
30143899,1,1,0.0,0.1882403103079365,0.0,0.18824031030793675,1,True,True,False,False
30134022,2,2,4.0,0.2315016861664184,4.0,0.23150168616641853,2,True,True,False,False
30113980,1,1,0.0,0.121357449018035,1.0,0.09742703922659504,1,True,True,False,False
30130056,1,1,4.0,0.35598396638433,4.0,0.35598396638433066,1,True,True,False,False
30127884,1,1,1.0,0.0814231577425939,1.0,0.08142315774259465,1,True,True,False,False
30144194,1,1,4.0,0.6044594094920428,4.0,0.6044594094920424,1,True,True,False,False
30134641,1,2,1.5,0.1135853700727481,1.5,0.1135853700727565,2,False,False,False,False
30117243,1,1,0.0,0.1324065728446923,0.0,0.13240657284469204,1,True,True,False,False
30122307,1,1,0.0,0.1849525154142941,0.0,0.18495251541429283,1,True,True,False,False
30166389,2,2,1.5,0.1522878817955179,1.5,0.15228788179552605,2,True,True,False,False
30124187,1,1,0.0,0.1698016721398226,0.0,0.16980167213982364,1,True,True,False,False
30150311,1,1,0.0,0.1384759594162222,0.0,0.13847595941622248,1,True,True,False,False
30130721,1,2,1.5,3.876309716207231,1.5,3.0167440083288293,3,False,False,False,False
30141467,1,1,0.0,0.1222682277969004,0.0,0.12226822779690033,1,True,True,False,False
30103023,2,2,1.0,0.0890269246343315,1.0,0.08902692463433136,2,True,True,False,False
30113027,1,1,0.0,0.1278170079678083,0.0,0.12781700796780887,1,True,True,False,False
30124181,1,1,0.0,0.1026746075905468,0.0,0.10267460759054345,1,True,True,False,False
30093951,2,2,1.0,0.0343802676355469,1.0,0.034380267635547974,2,True,True,False,False
30139995,2,1,0.0,0.2236196521904287,0.0,0.2236141371601215,1,False,False,False,False
30092696,1,1,1.0,0.0976227896778524,1.0,0.09760332925884904,1,True,True,False,False
30139422,2,3,1.0,0.0012392774265828,1.0,0.0012392774265943384,3,False,False,False,False
30131314,1,1,1.5,56.84019391709233,1.5,57.251929115266734,1,True,True,False,False
30124562,1,1,4.0,3.790276607275172,4.0,0.7201476001746686,1,True,True,False,False
30145188,2,3,1.0,0.0734688474911684,1.0,0.07346884749116889,3,False,False,False,False
30113200,1,1,0.0,0.2128371270360654,0.0,0.21283712703606697,1,True,True,False,False
30112331,1,2,1.5,4.443495975679162,1.5,4.350274632984676,2,False,False,False,False
30142930,3,3,1.0,-0.172583331265871,1.0,-0.17258333126586942,3,True,True,False,False
30109886,1,1,0.0,0.1581773207350222,0.0,0.15817732073502225,1,True,True,False,False
30127799,0,0,4.0,52.37419467629046,1.5,1.3386963944141563,0,True,True,False,False
30135293,1,1,4.0,0.106379111088916,4.0,0.10637911108891601,1,True,True,False,False
30095146,2,2,1.5,1.1634332632494984,1.5,1.1634332632494973,2,True,True,False,False
30121665,1,1,4.0,0.3093878226497917,4.0,0.30938782264979237,1,True,True,False,False
30166603,1,1,1.0,0.0851502528878125,1.0,0.08515025288781336,1,True,True,False,False
30157289,2,3,1.0,-0.0442990048796971,1.0,-0.0442990048796991,3,False,False,False,False
30118655,4,5,4.0,0.159477036321584,4.0,0.15947703632158983,6,False,False,False,False
30128133,1,2,1.5,0.3329821012944436,1.5,0.3329821012944485,2,False,False,False,False
30141302,2,2,1.0,-0.028504285625919,1.0,-0.0285042856259189,2,True,True,False,False
30160918,3,2,1.5,0.1248498044307646,1.5,0.12484980443076656,2,False,False,False,False
30138974,1,1,0.0,0.1331869850519576,0.0,0.1331869850519586,1,True,True,False,False
30111109,4,3,1.0,-0.0199369716727483,1.0,-0.019936971672748674,3,False,False,False,False
30106792,2,2,4.0,0.4034415050262542,4.0,0.4034415050262541,3,True,False,False,True
30123584,1,2,1.5,0.2213511674749487,1.5,0.22135116747494762,2,False,False,False,False
30154999,1,2,1.0,0.0806267346466164,1.0,0.08062673464661642,2,False,False,False,False
30122799,3,3,1.5,10.681856702531167,1.5,9.926910263293781,3,True,True,False,False
30121797,3,3,1.0,0.0117037072414672,1.0,-0.040134415070496254,3,True,True,False,False
30140317,2,2,4.0,0.1451827572248034,4.0,0.14518275722480536,2,True,True,False,False
30130812,3,2,2.0,0.1244583968324422,2.0,0.12445839683244153,3,False,True,True,False
30116914,2,3,1.0,-0.0347335464875556,1.0,-0.03473358758125637,3,False,False,False,False
30146894,2,1,1.0,0.0635528870193675,1.0,0.06355288701936901,1,False,False,False,False
30106606,1,1,4.0,0.2566347927011107,4.0,0.2566347927011109,1,True,True,False,False
30146121,2,4,1.0,0.0608354907538234,1.0,0.06083549075382511,4,False,False,False,False
30155776,1,1,0.0,0.1152195790155859,0.0,0.11521957159131438,1,True,True,False,False
30106997,2,2,4.0,0.1764752044877988,4.0,0.17647520448779797,2,True,True,False,False
30137480,1,1,4.0,0.1034324613895613,4.0,0.10343246138956208,1,True,True,False,False
30128189,2,2,1.0,0.0413390987272678,1.0,0.04133909872726882,2,True,True,False,False
30108913,1,1,0.0,0.1584663034752189,0.0,0.15846630347521892,1,True,True,False,False
30136914,2,2,1.0,0.0858962516757066,1.0,0.0858962516757081,2,True,True,False,False
30146119,0,0,4.0,47.80506161034046,0.0,0.27862391241597295,0,True,True,False,False
30142428,1,1,1.0,0.0806148806397161,1.0,0.08061488063971717,1,True,True,False,False
30148145,1,1,0.0,0.1143928977463656,0.0,0.11439289774636718,1,True,True,False,False
30147222,1,1,0.0,0.1687423747942888,0.0,0.16874237479428797,1,True,True,False,False
30163648,2,2,1.0,0.0050253265777223,1.0,0.0050253265777242435,2,True,True,False,False
30156883,2,2,1.5,0.6041993430903917,1.5,0.6041993430903974,2,True,True,False,False
30109155,1,1,4.0,0.477429034360868,4.0,0.4774290343608677,1,True,True,False,False
30164077,1,1,0.0,0.1219937276862399,0.0,0.12199372768624009,1,True,True,False,False
30094181,1,1,0.0,0.2622124999705961,0.0,0.22696844754993153,1,True,True,False,False
30119708,2,2,4.0,0.1938870953400376,4.0,0.19388709534003812,3,True,False,False,True
30130547,2,2,1.0,0.0192088095609242,1.0,0.019208809560925334,2,True,True,False,False
30107545,4,4,1.0,-0.0989176492810777,1.0,-0.09891764928107907,4,True,True,False,False
30125052,1,1,0.0,0.1248514885199643,0.0,0.12485148851996081,1,True,True,False,False
30146396,1,1,1.0,0.0885252004523757,1.0,0.08852520045237643,1,True,True,False,False
30123879,4,4,1.0,0.0098134934009713,1.0,0.009813493400971297,4,True,True,False,False
30163702,2,2,4.0,0.3982000128237253,4.0,0.3982000128237242,4,True,False,False,True
30152214,5,6,4.0,0.1873527813705182,4.0,0.18735278137052153,6,False,False,False,False
30140189,7,7,1.0,-0.0278471827592715,1.0,-0.02784718275926781,7,True,True,False,False
30141159,1,3,1.5,9.928541281892938,1.5,9.944932206648927,4,False,False,False,False
30117105,2,2,1.0,0.0338735094687159,1.0,0.03387350946871607,2,True,True,False,False
30163233,1,1,4.0,10.728029845439025,1.5,0.5780926539940104,1,True,True,False,False
30165744,1,2,1.5,0.6700252641824369,1.5,0.6750573332688636,2,False,False,False,False
30101887,2,2,4.0,0.3374359308703856,4.0,0.3374359308703851,3,True,False,False,True
30101419,2,2,1.0,0.0578461306200235,1.0,0.057846130620023,2,True,True,False,False
30118854,1,1,1.0,0.073035115249269,1.0,0.07304603221667669,1,True,True,False,False
30115859,2,2,1.0,0.0392844251720654,1.0,0.03928442517206656,2,True,True,False,False
30134386,1,1,4.0,0.136916798327608,4.0,0.13691679832760817,1,True,True,False,False
30126291,7,8,4.0,0.6339390397886943,1.0,0.060938977039498785,8,False,False,False,False
30139224,4,3,1.0,-0.0459752936396227,1.0,-0.04597529363961982,3,False,False,False,False
30112019,1,1,4.0,0.341337679840222,4.0,0.341337679840223,1,True,True,False,False
30160550,2,2,0.0,0.1669383409547506,0.0,0.16693834095475205,2,True,True,False,False
30132943,1,1,1.0,0.0732389662146912,1.0,0.07323896621469059,1,True,True,False,False
30111771,1,1,1.0,0.0646478354877816,1.0,0.06464783548778233,1,True,True,False,False
30110630,4,5,4.0,0.7601354818349864,4.0,0.3791648051004415,5,False,False,False,False
30097828,1,1,0.0,0.1774825701050976,0.0,0.17748257010509763,1,True,True,False,False
30138495,2,2,1.5,0.2667542794413717,1.5,0.26675427944137575,2,True,True,False,False
30108067,1,1,0.0,0.2376004673085251,0.0,0.20642925009316324,1,True,True,False,False
30129081,1,1,1.0,0.0794212358163108,1.0,0.07942123581631139,1,True,True,False,False
30143276,2,3,1.5,0.2486403447750619,1.5,0.2486403447750627,3,False,False,False,False
30162988,2,2,1.0,-0.0758724356007412,1.0,-0.1084665801476426,2,True,True,False,False
30144013,5,5,1.0,-0.0282307908837662,1.0,-0.028230790883767357,5,True,True,False,False
30142519,2,2,4.0,0.1480035383373915,4.0,0.14800353833739266,2,True,True,False,False
30110470,2,2,1.0,0.0922573494873048,1.0,0.09225734948730539,2,True,True,False,False
30132698,2,2,1.0,0.0354986006460922,1.0,0.03549860064609324,2,True,True,False,False
30158589,2,2,4.0,0.1783551891477213,4.0,0.17835518914772236,3,True,False,False,True
30142414,3,3,1.0,-0.0085443526258357,1.0,-0.008544352625827438,3,True,True,False,False
30165921,1,1,1.0,0.0975286312736357,1.0,0.0975286312736358,1,True,True,False,False
30130833,1,2,1.0,0.0314527256728826,1.0,0.03145272567288324,2,False,False,False,False
30109823,2,2,1.0,-0.0368716874021155,1.0,-0.03687168740211699,2,True,True,False,False
30116676,4,3,2.0,0.1133887106579634,2.0,0.10964596777236726,4,False,True,True,False
30125702,1,1,1.0,0.0707606965278496,1.0,0.0707606965278493,1,True,True,False,False
30137648,1,1,1.0,0.0667810471243346,1.0,0.06678104712433447,1,True,True,False,False
30119452,2,2,1.0,-0.0095472295890589,1.0,-0.009547229589058022,2,True,True,False,False
30147303,1,1,0.0,0.1186770512316714,0.0,0.11867705123167313,1,True,True,False,False
30143223,1,2,1.0,0.0086269765624355,1.0,0.008626976562436632,2,False,False,False,False
30125326,1,1,0.0,0.109718252634692,0.0,0.10971825263469279,1,True,True,False,False
30151081,2,6,4.0,1553.6907702950978,1.5,36.6267264458657,6,False,False,False,False
30147925,1,1,4.0,0.1688522385605754,4.0,0.1688522385605751,1,True,True,False,False
30158838,2,3,1.0,-0.0598298080928289,1.0,-0.0598298080928228,3,False,False,False,False
30094536,2,3,1.0,0.0531732352924587,1.0,0.05317323529246939,3,False,False,False,False
30124842,3,3,1.0,-0.0154439926572748,1.0,-0.015443992657273928,3,True,True,False,False
30112244,1,1,0.0,0.116305556996244,0.0,0.1163055569962437,1,True,True,False,False
30166578,1,1,4.0,0.1912071632532698,4.0,0.1912071632532692,1,True,True,False,False
30103940,1,1,1.0,0.0985360682512225,1.0,0.09853606825121886,1,True,True,False,False
30126061,1,1,0.0,0.131582139621697,0.0,0.13158213962169812,1,True,True,False,False
30143846,0,2,4.0,1.3666046054152765,2.0,2.9058272092998987,2,False,False,False,False
30160253,2,2,1.0,0.078687188340456,1.0,0.07868718834045671,2,True,True,False,False
30119396,1,1,0.0,0.1400809508404006,0.0,0.14008095084040245,1,True,True,False,False
30094507,3,3,1.0,0.0661448819759736,1.0,0.0661448819759711,3,True,True,False,False
30155633,1,1,4.0,0.2690962457028749,4.0,0.2690962457028746,1,True,True,False,False
30134402,1,1,1.0,0.0891667962922993,1.0,0.0891667962923001,1,True,True,False,False
30121650,0,2,1.0,-0.1403262081662439,1.0,-0.1646795871996264,2,False,False,False,False
30138995,1,1,0.0,0.1329223264660584,0.0,0.13291317319794205,1,True,True,False,False
30106576,6,6,4.0,74.45669279717,2.0,3.633781507552381,6,True,True,False,False
30132030,1,1,1.5,0.2237454080342133,1.5,0.32500772024466557,1,True,True,False,False
30129535,3,4,1.0,0.0760330820016733,1.0,0.07603308200168216,4,False,False,False,False
30155763,1,3,1.5,0.4701521307750727,1.5,0.4701521307750755,3,False,False,False,False
30129697,1,1,4.0,0.1295249965463841,4.0,0.12952499654638508,1,True,True,False,False
30146343,1,1,0.0,0.1188810797375562,0.0,0.11888107973755663,1,True,True,False,False
30159147,1,1,0.0,0.1175364805244315,0.0,0.11753648052443236,1,True,True,False,False
30133630,1,1,0.0,0.1997295034372481,0.0,0.19972950343724907,1,True,True,False,False
30132142,1,1,0.0,0.1353797814931971,0.0,0.13537978149319668,1,True,True,False,False
30129761,1,1,1.5,3.6404126620919546,1.5,2.199407094081804,1,True,True,False,False
30101144,1,1,4.0,0.3388736353673112,4.0,0.3388736353673105,1,True,True,False,False
30130425,1,1,4.0,0.165447041681591,4.0,0.16544704168159063,1,True,True,False,False
30149787,4,4,1.0,-0.0201065891139005,1.0,-0.02010658911389089,4,True,True,False,False
30119189,2,2,1.0,0.07095427642612,1.0,0.07095427642611896,2,True,True,False,False
30139505,1,1,0.0,0.1142170376746833,0.0,0.11421703767468347,1,True,True,False,False
30103201,1,1,1.5,3.459659548514639,1.5,2.744293339988298,1,True,True,False,False
30135736,4,2,1.0,-0.0059394636197444,1.0,-0.005939463619743065,2,False,False,False,False
30156045,2,2,1.0,-0.056387029842981,1.0,-0.05638702984297856,2,True,True,False,False
30149113,1,1,0.0,0.1099605147285696,0.0,0.10995344377640359,1,True,True,False,False
30132522,1,1,4.0,0.1460214798600264,4.0,0.14602147986002803,1,True,True,False,False
30100260,0,0,4.0,32.67185882921008,4.0,0.390294043620659,0,True,True,False,False
30135487,7,5,1.5,0.252542041172679,1.5,0.2525420411726931,6,False,False,False,False
30135546,1,1,0.0,0.1251122400394701,0.0,0.12511224003946886,1,True,True,False,False
30121718,1,1,0.0,0.2140659828223129,0.0,0.21406598282231362,1,True,True,False,False
30152654,1,1,0.0,0.1498693118129064,0.0,0.14986931181290605,1,True,True,False,False
30134524,1,1,4.0,0.2311914999023795,4.0,0.23119149990238114,1,True,True,False,False
30106291,2,2,1.0,-0.0075439704836719,1.0,-0.007543970483673815,2,True,True,False,False
30097492,0,0,4.0,47.38885503884864,4.0,0.4215812321005074,0,True,True,False,False
30156756,3,3,1.0,-0.0003567601931361,1.0,-0.00035676019313406887,3,True,True,False,False
30110602,1,2,1.0,-0.0028812149974195,1.0,-0.0028812149974176225,2,False,False,False,False
30135406,2,2,1.0,0.0816202019335345,1.0,0.0816202019335352,2,True,True,False,False
30154497,2,2,1.0,0.0480228791021741,1.0,0.048022879102175405,2,True,True,False,False
30125708,1,1,0.0,0.227601140752609,0.0,0.21564691810605405,1,True,True,False,False
30095134,2,2,1.0,0.0907537677739853,1.0,0.09075376777398543,2,True,True,False,False
30149679,2,3,1.0,-0.1559836872608697,1.0,-0.15598368726086995,3,False,False,False,False
30165982,1,1,1.5,3.039750631140569,1.5,3.039750631140575,1,True,True,False,False
30106958,2,2,4.0,0.3122617936875992,4.0,0.312261793687601,2,True,True,False,False
30137062,9,9,4.0,6.50777622854878,1.0,-0.5700634808513984,9,True,True,False,False
30157943,0,0,4.0,57.35397410308009,1.5,3.5168141211833936,0,True,True,False,False
30135071,8,8,4.0,6.985938679782884,1.0,-1.3115836403487047,8,True,True,False,False
30131285,1,1,1.0,0.0790275321224817,1.0,0.07902753212248176,1,True,True,False,False
30125588,1,1,1.0,0.0977917289326404,1.0,0.09779172893264129,1,True,True,False,False
30116460,1,1,4.0,0.2077447728301563,4.0,0.20774477283015322,1,True,True,False,False
30106819,2,2,4.0,0.3262365437561036,4.0,0.326236543756104,2,True,True,False,False
30156513,1,1,0.0,0.1899307383877569,0.0,0.18993073838775662,1,True,True,False,False
30150829,1,1,0.0,0.1030538935674501,0.0,0.10305389356744984,1,True,True,False,False
30166927,2,2,4.0,0.1010270617668366,4.0,0.10102706176683877,2,True,True,False,False
30134587,1,2,1.0,0.0340597374399731,1.0,0.034059737439973495,2,False,False,False,False
30156237,1,1,0.0,0.1415722935698365,0.0,0.1415722935698367,1,True,True,False,False
30104816,1,1,1.5,5.175782176561576,1.5,4.389025916004727,1,True,True,False,False
30133501,1,1,1.0,0.0523112968901238,1.0,0.052311296890123184,1,True,True,False,False
30162786,4,3,4.0,198.79565978610896,1.5,25.701099357328932,5,False,False,False,False
30128705,1,1,1.0,0.0906874502740827,1.0,0.09068745027408404,1,True,True,False,False
30133462,1,1,1.0,0.0889417098560909,1.0,0.08894170985609184,1,True,True,False,False
30152563,2,2,1.0,0.0167286245070577,1.0,0.016728624507057525,2,True,True,False,False
30153063,1,1,0.0,0.1967522178124215,0.0,0.19674303389893447,1,True,True,False,False
30094024,0,0,4.0,214.26602819960263,1.5,40.53257572614561,0,True,True,False,False
30155723,1,1,0.0,0.1952949657894212,0.0,0.16730435832103482,1,True,True,False,False
30161597,1,1,1.5,1.2513220619953107,1.5,1.2513220619953158,2,True,False,False,True
30131830,6,6,1.5,0.3791612170439654,1.5,0.36724654101863796,6,True,True,False,False
30150084,1,1,0.0,0.1223406208422658,0.0,0.12234062084226671,1,True,True,False,False
30125679,1,2,4.0,0.5532378986808071,1.5,0.39269784389399265,2,False,False,False,False
30157590,1,1,0.0,0.1422022642396122,0.0,0.14220226423961319,1,True,True,False,False
30138960,1,1,0.0,0.1234826632383992,0.0,0.1234826632383996,1,True,True,False,False
30160687,1,1,0.0,0.1119667711263239,0.0,0.11196677112632411,1,True,True,False,False
30141321,1,1,1.0,0.0858019761817442,1.0,0.08580197618173938,1,True,True,False,False
30121339,2,2,1.0,0.0796554215247296,1.0,0.07965542152473157,2,True,True,False,False
30165685,1,1,4.0,0.205236016274483,4.0,0.20523601627448312,1,True,True,False,False
30120731,1,1,0.0,0.1643533822377033,0.0,0.16435338223770152,1,True,True,False,False
30130343,1,1,0.0,0.1267595686396073,0.0,0.12675956863960788,1,True,True,False,False
30134733,1,1,0.0,0.1259966688816965,0.0,0.12599666888169772,1,True,True,False,False
30161845,2,4,1.0,-1.0377045796127444,2.0,4.450277945203831,4,False,False,False,False
30147996,2,2,4.0,0.1099540253776694,4.0,0.109954025377672,2,True,True,False,False
30115486,1,1,1.0,0.0678892221191106,1.0,0.067889222119111,1,True,True,False,False
30140926,6,6,1.0,0.022148827138757,1.0,0.022148827138757616,6,True,True,False,False
30127303,1,1,0.0,0.1953903318279946,0.0,0.1953903318279951,1,True,True,False,False
30165774,5,5,4.0,0.9866573289963644,4.0,0.3049374984285921,6,True,False,False,True
30141413,2,2,1.0,-0.0493116558763079,1.0,-0.04931165587630617,2,True,True,False,False
30106266,1,1,0.0,0.1245264871077959,0.0,0.12452648710779596,1,True,True,False,False
30134983,1,1,0.0,0.1380466864285969,0.0,0.13804668642859483,1,True,True,False,False
30123654,1,1,1.0,0.0688882116273285,1.0,0.06888821162732908,1,True,True,False,False
30164879,0,0,4.0,49.08293336451522,1.5,1.178383356375429,0,True,True,False,False
30139612,1,1,4.0,0.389487512870659,4.0,0.38948751287065897,2,True,False,False,True
30152069,0,2,4.0,0.460798543816331,2.0,1.4351639738201194,2,False,False,False,False
30116809,0,0,4.0,37.81023205958228,1.5,0.6863856929961663,0,True,True,False,False
30098082,4,3,1.0,-0.1285968771685971,1.0,-0.1285968771685964,3,False,False,False,False
30127741,1,1,4.0,0.1304925288514072,4.0,0.13049252885140938,1,True,True,False,False
30107389,1,1,1.0,0.0664369393236294,1.0,0.06643693932363087,1,True,True,False,False
30131749,1,1,4.0,0.1884804769024857,4.0,0.18848047690248732,1,True,True,False,False
30096703,0,0,4.0,1191.809174397133,1.5,26.74464421935235,0,True,True,False,False
30136799,1,1,4.0,0.1167599154483637,4.0,0.11675991544836406,1,True,True,False,False
30107858,1,1,0.0,0.1038454883011733,0.0,0.10384548830117346,1,True,True,False,False
30161883,3,4,1.5,0.1905468213850722,1.5,0.19054682138508092,4,False,False,False,False
30094098,1,2,1.0,0.0349567084358104,1.0,0.03495670843580711,2,False,False,False,False
30139882,1,1,0.0,0.1139686025091832,0.0,0.11396860250918356,1,True,True,False,False
30128299,1,1,0.0,0.1167465747356455,0.0,0.11674657473564601,1,True,True,False,False
30152684,4,3,1.5,27.133467688315733,1.5,18.472420966048844,3,False,False,False,False
30159653,1,1,0.0,0.1520244097822058,0.0,0.1520244097822065,1,True,True,False,False
30152640,1,1,1.0,0.0926960830887514,1.0,0.0926960830887473,1,True,True,False,False
30132341,1,1,0.0,0.1226053759420202,0.0,0.12260537594202031,1,True,True,False,False
30111230,2,2,1.0,-0.0455376856603898,1.0,-0.04553768566038972,2,True,True,False,False
30114450,2,2,2.0,0.1133118651472186,2.0,0.11331186514722037,3,True,False,False,True
30101794,1,1,4.0,0.141939730575389,4.0,0.1419397305753894,1,True,True,False,False
30123668,1,1,4.0,2.0063365145243486,1.5,0.7259744565094645,1,True,True,False,False
30121501,1,1,4.0,0.2757105432416489,4.0,0.24714709179068853,2,True,False,False,True
30128989,1,1,1.5,0.4601473383199483,1.5,0.4601473383199515,1,True,True,False,False
30138367,1,1,1.0,0.0771687560484703,1.0,0.07716875604847132,1,True,True,False,False
30132712,2,3,1.0,-0.0607752144766924,1.0,-0.06077521447669217,3,False,False,False,False
30096667,1,1,0.0,0.1063379106263829,0.0,0.10633791062638018,1,True,True,False,False
30145200,2,2,4.0,0.2224701461070028,4.0,0.22247014610700455,2,True,True,False,False
30110216,1,1,1.0,0.0957514573755785,1.0,0.09575145737557922,1,True,True,False,False
30125748,1,1,0.0,0.145494040490343,0.0,0.14549404049034295,1,True,True,False,False
30112648,2,2,1.0,0.0271971804568167,1.0,0.027197180456816725,2,True,True,False,False
30159844,1,1,1.5,6.33187598930019,1.5,6.331875989300195,2,True,False,False,True
30134926,1,1,1.0,0.0639827994970062,1.0,0.06398279949700789,1,True,True,False,False
30155061,1,1,0.0,0.1304848440788101,0.0,0.13048484407881147,1,True,True,False,False
30095088,1,1,0.0,0.1190263622646486,0.0,0.11902636226464758,1,True,True,False,False
30158895,1,1,4.0,0.2403530102043623,4.0,0.24035301020436245,1,True,True,False,False
30138837,1,1,1.5,0.504379225821537,1.5,0.5043792258215484,1,True,True,False,False
30113908,1,1,0.0,0.1386366235966652,0.0,0.13863662359666615,1,True,True,False,False
30165160,5,3,1.0,-0.011178737332018,1.0,-0.011178737332016195,3,False,False,False,False
30154929,1,2,2.0,0.1096807202434257,2.0,0.10968072024342847,2,False,False,False,False
30110786,1,1,1.5,4.429781775382999,1.5,4.4922015179648955,1,True,True,False,False
30139434,1,1,4.0,0.1225111365986212,4.0,0.12251113659862127,1,True,True,False,False
30115046,4,9,4.0,3356.530979346894,1.5,41.01481436996295,9,False,False,False,False
30165833,2,2,1.0,-0.0452599169340405,1.0,-0.04525991693403971,2,True,True,False,False
30113769,1,3,4.0,30.48422496887551,1.0,-0.1269598996658094,3,False,False,False,False
30124539,2,3,1.0,0.0120263142766293,1.0,0.01202631427663124,3,False,False,False,False
30127714,3,4,4.0,0.5152311110228961,4.0,0.5152311110228973,5,False,False,False,False
30154653,2,2,1.0,0.022769444265066,1.0,0.022769444265066767,2,True,True,False,False
30110174,6,5,4.0,0.8279699817354399,4.0,0.1467712114742272,5,False,False,False,False
30151424,1,1,1.0,0.0793798666801485,1.0,0.07937986668014914,1,True,True,False,False
30149220,2,2,4.0,0.145554339345625,4.0,0.14555433934562473,2,True,True,False,False
30152160,1,2,1.0,-0.0114362115472517,1.0,-0.011436211547252157,2,False,False,False,False
30149734,4,3,1.0,-0.0095883516213919,1.0,-0.009588351621384718,3,False,False,False,False
30127643,1,1,0.0,0.1012748187929005,0.0,0.1012748187929004,1,True,True,False,False
30154625,2,2,1.0,-0.0283174414598198,1.0,-0.0283174414598207,2,True,True,False,False
30126150,3,3,1.0,0.0473479825821488,1.0,0.04734798258214893,3,True,True,False,False
30156996,4,4,4.0,0.6376769259520633,4.0,0.6376769259520637,4,True,True,False,False
30130704,0,1,4.0,21.72390469520502,1.5,1.7097266460263854,1,False,False,False,False
30108776,1,1,1.0,0.0983670827479436,1.0,0.09836708274794345,1,True,True,False,False
30161660,1,1,4.0,0.2715844265805328,4.0,0.27158442658053317,2,True,False,False,True
30107172,1,1,1.0,0.0941674944473208,1.0,0.09416749444732161,1,True,True,False,False
30158729,1,1,1.0,0.0471101520988248,1.0,0.04711015209882568,1,True,True,False,False
30140496,3,3,0.0,0.185410120215643,0.0,0.15443285456949638,3,True,True,False,False
30103209,4,5,4.0,0.1347758528787629,4.0,0.1347758528787651,5,False,False,False,False
30108190,1,1,1.0,0.0801343369076254,1.0,0.08013433690762253,1,True,True,False,False
30102678,2,2,1.0,-0.0046854867954742,1.0,-0.004685486795474071,2,True,True,False,False
30129434,1,1,1.0,0.0793219014356618,1.0,0.07932190143566185,1,True,True,False,False
30154562,2,3,1.5,0.1175856134953748,1.5,0.11758561349538445,3,False,False,False,False
30117412,1,1,0.0,0.1606195130792255,0.0,0.16061951307922437,1,True,True,False,False
30108594,4,4,1.0,0.0441920180537861,1.0,0.044192018053787516,4,True,True,False,False
30142099,2,2,1.0,0.0143290671622959,1.0,0.014329067162297357,2,True,True,False,False
30150500,2,2,1.5,0.345991988671434,1.5,0.3459919886714389,3,True,False,False,True
30097848,1,2,1.5,5.042452870962454,1.5,5.0646629246374255,2,False,False,False,False
30132302,2,2,4.0,0.1336635963965856,4.0,0.13366359639658576,2,True,True,False,False
30152385,7,7,4.0,1.5319796668561674,1.0,-0.259736207012968,7,True,True,False,False
30166837,6,6,4.0,3.2051250262184605,1.5,1.101339524824337,7,True,False,False,True
30128660,8,6,4.0,60.55076567504854,1.5,6.3034014563962995,6,False,False,False,False
30101892,1,1,4.0,0.1345082425952647,4.0,0.1345082425952658,1,True,True,False,False
30149651,1,1,0.0,0.1209091679435233,0.0,0.12090916794352427,1,True,True,False,False
30149901,4,4,1.0,-0.0123096436412038,1.0,-0.012309643641201289,4,True,True,False,False
30154001,1,1,1.0,0.0962727452849729,1.0,0.09627274528497295,1,True,True,False,False
30131508,3,4,1.0,0.0326976047350967,1.0,0.03269760473510555,4,False,False,False,False
30139340,2,4,1.0,-0.8430593353668903,2.0,2.4504562977943607,4,False,False,False,False
30164390,4,4,1.0,0.0150598727284171,1.0,0.015059872728417401,4,True,True,False,False
30151324,1,1,1.0,0.0576631905984326,1.0,0.05766319059843338,1,True,True,False,False
30141669,2,2,4.0,0.3840900357415126,4.0,0.38409003574151346,3,True,False,False,True
30094737,1,1,1.0,0.0605821468833862,1.0,0.06058214688338672,1,True,True,False,False
30130408,1,1,1.0,0.0712933879067722,1.0,0.07129338790677284,1,True,True,False,False
30104973,4,5,1.0,0.0296198048009267,1.0,0.02961980480093231,5,False,False,False,False
30146276,2,2,4.0,0.3211602889682746,4.0,0.32116028896827437,3,True,False,False,True
30162134,1,2,1.0,-0.0876030134481013,1.0,-0.08760301344810188,2,False,False,False,False
30151587,2,2,4.0,0.1488770142198567,4.0,0.14887701421985683,2,True,True,False,False
30095734,3,4,1.0,-0.1772270641106284,1.0,-0.17722706411062927,4,False,False,False,False
30104286,1,1,0.0,0.2561162870499189,0.0,0.22465655668791593,1,True,True,False,False
30164309,2,3,1.5,0.2381790270639335,1.5,0.2381790270639349,3,False,False,False,False
30106705,1,1,4.0,0.1936412040657996,4.0,0.1936412040657998,1,True,True,False,False
30141293,1,1,1.0,0.0824192712864828,1.0,0.08241927128648374,1,True,True,False,False
30156144,1,1,0.0,0.1214110611405336,0.0,0.12141106114053374,1,True,True,False,False
30155826,2,2,0.0,0.120409325880877,0.0,0.12040932588087819,2,True,True,False,False
30136610,1,2,4.0,0.2356517966805924,4.0,0.23565179668059483,3,False,False,False,False
30158604,1,1,4.0,0.3278587057119423,4.0,0.3278587057119432,1,True,True,False,False
30125138,4,5,1.0,-0.0879359882934223,1.0,-0.0879359882934177,5,False,False,False,False
30162041,2,2,4.0,0.1943706134754258,4.0,0.19437061347542628,3,True,False,False,True
30158571,1,1,1.0,0.0659310421034776,1.0,0.06593104210347756,1,True,True,False,False
30153612,3,3,1.5,5.557263703942553,1.5,5.069634690025801,3,True,True,False,False
30164138,2,1,1.0,0.0767453977501431,1.0,0.07674539775014408,1,False,False,False,False
30095764,1,1,0.0,0.1009612690966731,0.0,0.10096126909666889,1,True,True,False,False
30155464,2,2,4.0,0.1120527875901735,4.0,0.1120527875901741,2,True,True,False,False
30117510,1,1,1.0,0.0929411267182005,1.0,0.09294112671819713,1,True,True,False,False
30115639,1,1,1.0,0.0699267182731704,1.0,0.06992671827317057,1,True,True,False,False
30160786,1,1,4.0,0.111920128617541,4.0,0.11192012861754075,1,True,True,False,False
30138165,3,3,1.0,0.0815277658077719,1.0,0.08152776580777041,3,True,True,False,False
30150860,1,1,1.0,0.0590547484030261,1.0,0.05905474840302636,1,True,True,False,False
30127838,2,2,4.0,0.215298350317721,4.0,0.21529835031772232,2,True,True,False,False
30119128,3,3,1.5,0.2363946489464666,1.5,0.23639464894646764,3,True,True,False,False
30158377,1,2,1.0,-0.0396737558060797,1.0,-0.039673755806078057,2,False,False,False,False
30158056,1,1,0.0,0.1219756410904517,0.0,0.12197564109045014,1,True,True,False,False
30124564,0,0,4.0,45.22267163500816,1.5,5.466901667635969,0,True,True,False,False
30161054,0,0,4.0,177.1412858096703,1.5,47.92540041298473,0,True,True,False,False
30104066,1,1,4.0,0.2413859696763719,4.0,0.24138596967637171,1,True,True,False,False
30116744,1,1,0.0,0.1418876605550479,0.0,0.14188766055504468,1,True,True,False,False
30129214,1,1,1.0,0.093622001862502,1.0,0.09362200186250147,1,True,True,False,False
30157091,3,3,1.5,0.1004383330205385,1.5,0.10043833302053509,4,True,False,False,True
30125587,1,1,0.0,0.1209554335930264,0.0,0.12095543359302569,1,True,True,False,False
30146560,2,2,1.0,0.0079718161103287,1.0,0.007971816110327405,2,True,True,False,False
30139102,1,1,0.0,0.1955854623309386,0.0,0.1955854623309406,1,True,True,False,False
30141252,2,2,1.0,0.0920572687085415,1.0,0.09205726870854171,2,True,True,False,False
30131001,1,2,1.5,0.3942693763049685,1.5,0.39426937630497955,2,False,False,False,False
30094956,3,4,1.0,-0.0334061544798029,1.0,-0.0334061544798071,4,False,False,False,False
30113823,1,1,0.0,0.2963624144069098,0.0,0.2180166193828287,1,True,True,False,False
30110306,1,1,0.0,0.1064129419122624,0.0,0.1064129419122628,1,True,True,False,False
30124838,1,1,0.0,0.131693991580464,0.0,0.1316939915804631,1,True,True,False,False
30122803,1,1,0.0,0.1310087908300815,0.0,0.13100879083008216,1,True,True,False,False
30147139,1,1,4.0,0.1589036910959458,4.0,0.1589036910959465,1,True,True,False,False
30107130,3,3,1.0,-0.0137165735792628,1.0,-0.01371657357926335,3,True,True,False,False
30113518,7,7,1.0,-0.0255460258030732,1.0,-0.02554602580307403,7,True,True,False,False
30145829,12,6,4.0,487.2974882311758,1.5,32.87894623246577,6,False,False,False,False
30106130,2,2,1.0,0.0172159176515444,1.0,0.01721591765154485,2,True,True,False,False
30110607,2,3,1.0,0.0373535120343665,1.0,0.03735351203436672,3,False,False,False,False
30112345,2,2,4.0,0.3987303197793051,4.0,0.39873031977930595,3,True,False,False,True
30131757,1,1,0.0,0.1169490372190523,0.0,0.11694903721905317,1,True,True,False,False
30154801,1,3,1.5,13.79381583394155,1.5,12.694539252225736,3,False,False,False,False
30107840,1,1,4.0,0.1530837491590845,4.0,0.15308374915908565,1,True,True,False,False
30131239,8,5,4.0,0.2701319707842913,4.0,0.27013197078429313,6,False,False,False,False
30098117,5,8,4.0,33.00066386003032,1.0,-1.7309387338884517,8,False,False,False,False
30130512,2,2,1.0,0.071284009534654,1.0,0.07128400953465615,2,True,True,False,False
30159528,1,1,0.0,0.1258663695798091,0.0,0.12586636957980937,1,True,True,False,False
30109789,1,1,1.0,0.0570007343055568,1.0,0.057000734305557264,1,True,True,False,False
30112339,1,2,1.5,5.216194780616043,1.5,3.8749609696542486,2,False,False,False,False
30108978,1,1,1.0,0.0819788716160232,1.0,0.08197887161602488,1,True,True,False,False
30104449,2,2,4.0,0.1681331695445353,4.0,0.1681331695445372,2,True,True,False,False
30150229,4,4,1.0,-0.0594996800393918,1.0,-0.05949962050834664,4,True,True,False,False
30093765,2,2,1.0,-0.0541023549873236,1.0,-0.05410235498732322,2,True,True,False,False
30165576,1,1,4.0,0.4417790825706989,4.0,0.44177908257069964,1,True,True,False,False
30143406,1,1,0.0,0.1160963278376907,0.0,0.11609632783768922,1,True,True,False,False
30148094,1,1,1.0,0.0823144424578892,1.0,0.08231444245788937,1,True,True,False,False
30103455,2,3,4.0,0.5194094488648912,4.0,0.5194094488648952,3,False,False,False,False
30150487,1,1,4.0,0.1994669133552106,4.0,0.19946691335521138,1,True,True,False,False
30162823,2,1,1.5,2.2581557665207512,1.5,2.2581557665207592,1,False,False,False,False
30157572,5,6,1.0,0.094319837548385,1.0,0.09431983754839103,6,False,False,False,False
30098981,5,5,1.0,-0.0601281852428369,1.0,-0.060128185242824546,5,True,True,False,False
30119744,1,1,4.0,0.5351484006955819,4.0,0.535148400695581,1,True,True,False,False
30139806,1,1,0.0,0.1268251209410003,0.0,0.1268251209410009,1,True,True,False,False
30108242,3,3,1.5,18.62852829489881,1.5,17.255839835820645,3,True,True,False,False
30110887,1,1,1.0,0.0753713078783812,1.0,0.07537130787838217,1,True,True,False,False
30098652,1,1,1.0,0.0781313758631795,1.0,0.07813137586318189,1,True,True,False,False
30154355,2,3,1.0,-0.1146991270516959,1.0,-0.11469912705169247,3,False,False,False,False
30130142,3,4,1.0,0.0413263978349816,1.0,0.04132639783498562,4,False,False,False,False
30135697,1,1,0.0,0.1166600181318496,0.0,0.11666001813185042,1,True,True,False,False
30137806,1,1,1.0,0.0902745113756829,1.0,0.09027451137568368,1,True,True,False,False
30143541,2,2,1.0,0.0943742740341821,1.0,0.09437427403418235,2,True,True,False,False
30114794,1,1,0.0,0.1425150968622347,0.0,0.14251509686223396,1,True,True,False,False
30122147,2,2,4.0,0.2151754253907007,4.0,0.21517542539069973,2,True,True,False,False
30146397,1,1,4.0,0.1994441733338933,4.0,0.19944417333389322,1,True,True,False,False
30156132,4,4,1.0,-0.1016663170249193,1.0,-0.10166631702491521,4,True,True,False,False
30159426,9,7,4.0,1.2455743268547446,1.5,0.24510721395942728,7,False,False,False,False
30129493,2,2,1.0,0.0299012196417,1.0,0.02990121964170072,2,True,True,False,False
30125020,8,9,4.0,194.10178863105327,1.0,-3.8625911528478487,9,False,False,False,False
30106596,4,2,4.0,0.2030180245959073,4.0,0.20301802459591092,3,False,False,False,False
30136620,1,1,1.0,0.0895066894475521,1.0,0.08950668944755383,1,True,True,False,False
30141204,2,2,1.0,0.05337944501074,1.0,0.053379445010739886,2,True,True,False,False
30118382,1,1,0.0,0.1514958359967945,0.0,0.15149583599679212,1,True,True,False,False
30138928,1,1,0.0,0.1286147843804671,0.0,0.12861478438046753,1,True,True,False,False
30159520,5,5,1.0,-0.1078436254214225,1.0,-0.10784362542141442,5,True,True,False,False
30144963,1,1,1.0,0.0762238635170816,1.0,0.07622386351708305,1,True,True,False,False
30113647,1,1,1.0,0.050258089546806,1.0,0.05025808954680686,1,True,True,False,False
30111601,3,3,1.0,-0.0639723458719085,1.0,-0.06397234587190803,3,True,True,False,False
30132443,2,2,4.0,0.3662003686648898,4.0,0.36620036866489075,2,True,True,False,False
30110640,2,2,1.0,0.0239384207713646,1.0,0.023938420771364592,2,True,True,False,False
30129095,0,0,4.0,64.73309768552124,1.5,7.970382515721712,0,True,True,False,False
30117911,4,5,4.0,48.69605561010235,1.5,4.517594383603748,5,False,False,False,False
30128503,1,1,0.0,0.120629177763026,0.0,0.1206291777630269,1,True,True,False,False
30146325,1,1,4.0,0.427890804229835,4.0,0.4278908042298354,2,True,False,False,True
30112506,2,2,1.0,0.0675899865594044,1.0,0.06758998655940582,2,True,True,False,False
30138349,1,1,1.0,0.0999039333461335,1.0,0.09990393334613437,1,True,True,False,False
30145436,3,3,1.0,0.03384464360288,1.0,0.03384464360288018,3,True,True,False,False
30137581,2,2,1.0,0.0458436101258342,1.0,0.04584361012583452,2,True,True,False,False
30130711,2,2,1.0,-0.0359433842610856,1.0,-0.03594338426108407,2,True,True,False,False
30109659,2,3,1.0,-0.0074588465573334,1.0,-0.0074588465573337745,3,False,False,False,False
30114628,1,1,0.0,0.1098557447092552,0.0,0.1098557447092551,1,True,True,False,False
30114868,1,1,1.5,0.4755943211668152,1.5,0.4755943211668168,1,True,True,False,False
30160198,1,1,0.0,0.1089035060791911,0.0,0.10890350918485633,1,True,True,False,False
30113308,0,0,4.0,48.07716312204463,1.5,2.6391606877679137,0,True,True,False,False
30120135,1,1,1.0,0.0447990486522181,1.0,0.04479904865221877,1,True,True,False,False
30123958,1,1,0.0,0.1500218568354469,0.0,0.1500218568354468,1,True,True,False,False
30146677,4,3,1.0,-0.0559426219311222,1.0,-0.055942621931123225,3,False,False,False,False
30152958,1,1,1.5,0.3081292318410877,1.5,0.30812923184109114,1,True,True,False,False
30102152,4,3,1.5,18.44941971400986,1.5,16.195565377129498,3,False,False,False,False
30133333,3,4,1.0,0.0605959346400347,1.0,0.06059593464003664,4,False,False,False,False
30113272,2,3,1.0,0.0818923135752819,1.0,0.08189231357528522,3,False,False,False,False
30165677,0,6,4.0,273.5287336998049,1.5,22.23703309199698,6,False,False,False,False
30132062,7,6,1.0,-0.0608989668437768,1.0,-0.06089896684377924,6,False,False,False,False
30105611,3,2,4.0,0.1586253985044392,4.0,0.15862539850443946,3,False,True,True,False
30157120,5,4,1.0,0.066004737960895,1.0,0.06600473796089756,4,False,False,False,False
30104714,2,2,1.0,0.0418023563457262,1.0,0.04180235634572714,2,True,True,False,False
30118506,1,1,4.0,2.181772683859033,1.5,0.5815117276292442,1,True,True,False,False
30101226,2,4,1.0,-0.66523821423897,2.0,1.786995197426504,4,False,False,False,False
30143232,2,2,1.0,0.0436673492533651,1.0,0.04366734925336562,2,True,True,False,False
30140503,1,1,4.0,0.3145009029796579,4.0,0.3145009029796583,1,True,True,False,False
30148799,2,2,4.0,0.1554618906267593,4.0,0.15546189062676047,3,True,False,False,True
30133534,1,1,0.0,0.1186134529722808,0.0,0.11861345297228035,1,True,True,False,False
30113297,1,1,1.0,0.0923348483136557,1.0,0.09233484831365354,1,True,True,False,False
30130728,2,2,1.0,0.0406859062269342,1.0,0.040685906226934423,2,True,True,False,False
30131575,4,5,4.0,3.1626163365936466,1.5,0.39096545557665385,5,False,False,False,False
30110059,1,1,4.0,0.1124262933558438,4.0,0.1124262933558444,1,True,True,False,False
30111736,1,1,4.0,0.2782972959630446,4.0,0.27829729596304564,2,True,False,False,True
30125345,3,4,1.0,-0.0542106868186864,1.0,-0.054210686818689166,4,False,False,False,False
30159102,1,2,4.0,7.8251849252506,1.0,-0.2827638171960938,2,False,False,False,False
30117764,1,1,1.0,0.0845921163955082,1.0,0.0845921163955092,1,True,True,False,False
30108874,1,1,4.0,0.1285489810974203,4.0,0.12854898109742047,1,True,True,False,False
30124917,1,2,1.0,-0.0082275923490773,1.0,-0.00822759234907699,2,False,False,False,False
30160025,0,0,4.0,45.75080894390976,1.5,1.0726415991266662,0,True,True,False,False
30152430,1,2,1.0,-0.1105993922599767,1.0,-0.11059939225997419,2,False,False,False,False
30106601,2,2,1.0,0.0553156284337126,1.0,0.055315628433712634,2,True,True,False,False
30127952,1,1,1.0,0.0831671842671373,1.0,0.08316718426713825,1,True,True,False,False
30149354,3,2,1.5,0.600277921229801,1.5,0.6002779212298048,2,False,False,False,False
30137597,4,4,4.0,9.378690891551589,1.5,4.365377496566327,5,True,False,False,True
30122006,8,5,4.0,10.3473607576922,1.0,-0.7747903244529738,5,False,False,False,False
30118220,1,2,1.5,4.176052661092279,1.5,2.990769912086095,2,False,False,False,False
30141362,2,3,1.5,0.1100365943046818,1.5,0.11003659430468508,3,False,False,False,False
30133742,2,2,1.0,-0.0569381570360151,1.0,-0.05693815703601397,2,True,True,False,False
30125367,1,1,1.5,9.11312260910056,1.5,6.5905645380082065,1,True,True,False,False
30120758,4,6,4.0,0.7849094749036755,4.0,0.6654100446498298,7,False,False,False,False
30119730,2,2,1.0,0.0977674287130286,1.0,0.09776742871303105,2,True,True,False,False
30101650,2,2,1.0,0.0137462289845839,1.0,0.013746228984585093,2,True,True,False,False
30149161,1,1,0.0,0.1538850166893164,0.0,0.15388501668931726,1,True,True,False,False
30143109,3,4,1.0,-0.1254762769259097,1.0,-0.12547627692590613,4,False,False,False,False
30146435,1,1,0.0,0.1250219830591322,0.0,0.1250219830591327,1,True,True,False,False
30135418,2,2,1.0,0.0459079628869101,1.0,0.04590796288691041,2,True,True,False,False
30103863,3,6,4.0,3.0892104940958136,0.0,0.252659196609292,5,False,False,False,False
30109665,2,2,1.0,0.0078243739570869,1.0,0.007824373957085788,2,True,True,False,False
30135080,2,2,1.5,2.129390379725991,1.5,2.1263162769428465,2,True,True,False,False
30159133,1,1,0.0,0.1640559834337137,0.0,0.16405598343371122,1,True,True,False,False
30105868,1,2,4.0,0.1769217058433341,4.0,0.1769217058433345,2,False,False,False,False
30129909,2,3,1.0,-0.0130942772342385,1.0,-0.013094277234232758,3,False,False,False,False
30145871,1,3,1.0,-1.6121861447719223,2.0,12.763796760940716,3,False,False,False,False
30104418,1,1,0.0,0.1205356015978145,0.0,0.12053560159781448,1,True,True,False,False
30114053,1,2,1.0,0.0381582515277609,1.0,0.038158251527762824,2,False,False,False,False
30129622,1,1,0.0,0.2050856485934812,0.0,0.20508564859347947,1,True,True,False,False
30095592,2,2,4.0,0.2634801227325068,4.0,0.26348012273250815,2,True,True,False,False
30117009,1,1,0.0,0.1917807388453234,0.0,0.1917807388453249,1,True,True,False,False
30163911,2,2,2.0,0.1433678772001076,2.0,0.1433678772001086,3,True,False,False,True
30143714,1,1,0.0,0.1387544707385363,0.0,0.13875447073853578,1,True,True,False,False
30144920,8,7,1.0,-0.0018882776034677,1.0,-0.0018882429726936809,7,False,False,False,False
30148297,1,1,1.0,0.0785255018644388,1.0,0.07851635436945184,1,True,True,False,False
30145924,1,3,1.5,0.5207950988252439,1.5,0.5207950988252457,3,False,False,False,False
30132703,3,3,1.0,-0.1145378756947903,1.0,-0.11453787569478976,3,True,True,False,False
30144727,1,2,1.0,-0.0445612023515845,1.0,-0.044561202351584804,2,False,False,False,False
30115502,2,2,1.0,0.0843890989747773,1.0,0.08438909897477655,2,True,True,False,False
30157597,2,2,1.0,0.027843569541055,1.0,0.027843410254098304,2,True,True,False,False
30156720,3,4,1.0,0.0828561552098647,1.0,0.08285615520986722,4,False,False,False,False
30140096,1,2,1.5,2.146956106905444,1.5,1.3382921170682056,2,False,False,False,False
30149716,1,1,4.0,86.59982409326673,1.5,3.9014537441476214,1,True,True,False,False
30157206,1,1,1.5,0.438348560171443,1.5,0.4383485601714456,1,True,True,False,False
30132080,1,1,0.0,0.1160829749071216,0.0,0.11608297490712258,1,True,True,False,False
30106726,2,3,1.0,-0.0190216209838681,1.0,-0.019021620983861898,3,False,False,False,False
30110054,2,3,1.5,0.184826461877315,1.5,0.18482646187731244,3,False,False,False,False
30111015,4,4,1.0,0.0023775247481321,1.0,0.0023775247481329816,4,True,True,False,False
30116891,1,1,4.0,0.1118348384263814,4.0,0.11183483842638138,1,True,True,False,False
30159712,1,1,1.0,0.0837973420375318,1.0,0.08379734203753311,1,True,True,False,False
30128428,1,1,1.0,0.0737626254683298,1.0,0.07376262546833229,1,True,True,False,False
30131080,1,1,4.0,0.2208678852445712,4.0,0.22086788524456985,1,True,True,False,False
30166331,1,1,0.0,0.1144292414777027,0.0,0.11442924147770367,1,True,True,False,False
30144708,1,1,0.0,0.1229128990419698,0.0,0.12291289904196609,1,True,True,False,False
30131647,1,1,0.0,0.176537666606678,0.0,0.17653766660667758,1,True,True,False,False
30158630,1,1,1.0,0.07063001274322,1.0,0.07063001274322084,1,True,True,False,False
30125033,1,2,1.0,-0.0323324568613781,1.0,-0.03233245686137572,2,False,False,False,False
30121659,4,1,1.0,0.0659998610987464,1.0,0.054291678874567435,1,False,False,False,False
30106512,6,6,4.0,1.050092812339988,4.0,0.6111918089410949,8,True,False,False,True
30154364,1,1,4.0,0.3049965489777198,4.0,0.3049965489777207,2,True,False,False,True
30150354,1,1,4.0,0.1093261864480268,4.0,0.10932618644802834,1,True,True,False,False
30100963,2,2,0.0,0.112031995759117,0.0,0.11203199575911763,2,True,True,False,False
30108235,1,1,0.0,0.1141423241205296,0.0,0.11414232412052541,1,True,True,False,False
30108638,1,1,0.0,0.1915760947922757,0.0,0.19157609479227636,1,True,True,False,False
30130864,1,1,4.0,0.1443260799558494,4.0,0.14432607995584862,1,True,True,False,False
30134227,7,6,4.0,16.289712439034282,1.5,4.585908949475039,7,False,True,True,False
30109182,1,1,4.0,0.2231122380130558,4.0,0.22311223801305663,1,True,True,False,False
30123446,2,2,1.0,-0.0612859335242939,1.0,-0.06128593352429625,2,True,True,False,False
30139940,2,2,1.5,2.119039181385519,1.5,2.6319641499811492,4,True,False,False,True
30152092,2,2,1.5,1.0782894213467995,1.5,1.0782894213467968,2,True,True,False,False
30127277,1,1,4.0,0.2017889678170215,4.0,0.20178896781702066,1,True,True,False,False
30124133,2,2,1.0,0.0288187869587981,1.0,0.02881878695879809,2,True,True,False,False
30151066,8,11,4.0,6011.627075531523,1.5,35.092186669350205,13,False,False,False,False
30166951,1,1,0.0,0.113254723427571,0.0,0.11325472196845893,1,True,True,False,False
30156329,1,1,0.0,0.1857774793770185,0.0,0.18111481235412927,1,True,True,False,False
30142642,1,1,1.0,0.0930516167877913,1.0,0.09305161678779147,1,True,True,False,False
30107113,1,1,1.0,0.074310555500018,1.0,0.07431055550001839,1,True,True,False,False
30144160,1,1,2.0,0.2082972741772232,2.0,0.20829727417722296,2,True,False,False,True
30136580,1,1,1.5,140.43381153111355,1.5,41.210584764028226,1,True,True,False,False
30124126,2,2,4.0,0.2440092923530631,4.0,0.24400929235306312,3,True,False,False,True
30138880,1,1,4.0,0.1875426021823524,4.0,0.18754260218234975,1,True,True,False,False
30149908,1,1,0.0,0.1017119792834402,0.0,0.10171197928344036,1,True,True,False,False
30135974,1,1,4.0,0.9533988028908572,4.0,0.9533988028908584,1,True,True,False,False
30112588,1,1,0.0,0.1170674211458596,0.0,0.11706742114586186,1,True,True,False,False
30150214,6,6,4.0,16.429130041196004,1.0,-0.5892861380290503,6,True,True,False,False
30150575,1,1,1.0,0.0745748774040023,1.0,0.07457487740400198,1,True,True,False,False
30106946,1,2,1.0,-0.0999604431882444,1.0,-0.09996044318823895,2,False,False,False,False
30095341,1,1,0.0,0.1173637215381097,0.0,0.11736372153810773,1,True,True,False,False
30115980,1,2,1.0,0.0981587056119616,1.0,0.09815870561196079,2,False,False,False,False
30125497,1,1,4.0,0.4076727453379291,4.0,0.40767274533792985,1,True,True,False,False
30098330,1,1,4.0,0.6545887193510473,4.0,0.6545887193510477,1,True,True,False,False
30165317,1,2,1.0,0.0044666929982755,1.0,0.004466692998285587,2,False,False,False,False
30122883,1,1,1.0,0.089782760588213,1.0,0.08978276058821366,1,True,True,False,False
30116095,2,2,1.0,-0.009918008690946,1.0,-0.00991800869094598,2,True,True,False,False
30145054,1,1,1.0,0.0909365129791747,1.0,0.09093651297917554,1,True,True,False,False
30145080,1,2,1.0,-0.0473877490620589,1.0,-0.04738774906206137,2,False,False,False,False
30123415,1,2,4.0,11.621077206669153,1.5,4.010156504901633,2,False,False,False,False
30111282,1,1,0.0,0.1142258225320358,0.0,0.11422582253203645,1,True,True,False,False
30111603,1,1,1.0,0.0830196107576005,1.0,0.08301961075760192,1,True,True,False,False
30108429,1,1,1.5,0.115652287485438,1.5,0.11565228748544648,1,True,True,False,False
30158051,1,1,0.0,0.1299842078985386,0.0,0.1299842078985387,1,True,True,False,False
30130149,2,2,4.0,0.3114728934902812,4.0,0.3114728934902817,3,True,False,False,True
30165943,1,1,4.0,0.151090205767799,4.0,0.15109020576780016,1,True,True,False,False
30096557,2,2,4.0,0.2572959791180119,4.0,0.2572959791180109,3,True,False,False,True
30160102,3,3,4.0,0.1129228935664162,4.0,0.11292289356641626,4,True,False,False,True
30154113,5,5,1.0,-0.0843487018712291,1.0,-0.08434870187122553,5,True,True,False,False
30125623,1,1,0.0,0.1548260653426799,0.0,0.1548260613547777,1,True,True,False,False
30138034,1,1,0.0,0.1495198754243163,0.0,0.14951987542431633,1,True,True,False,False
30143401,2,2,1.0,0.0399586663919311,1.0,0.039958666391931276,2,True,True,False,False
30126650,1,1,1.0,0.0877597523343859,1.0,0.08775975233438651,1,True,True,False,False
30116106,2,2,4.0,0.1730531926107442,4.0,0.17305319261074498,2,True,True,False,False
30161947,2,3,1.0,-0.0084131951755036,1.0,-0.008413195175496819,3,False,False,False,False
30110867,4,5,4.0,1.4796286849623697,2.0,0.36230758616959235,5,False,False,False,False
30145535,7,6,4.0,3.928573825909498,1.5,0.6462543376360568,6,False,False,False,False
30093891,1,1,0.0,0.1608652739906357,0.0,0.16085270859770814,1,True,True,False,False
30111673,1,1,0.0,0.1404262385568295,0.0,0.14042623855682898,1,True,True,False,False
30153482,1,1,0.0,0.1395761047286916,0.0,0.13957609443291608,1,True,True,False,False
30118415,3,3,1.5,22.95282886028295,1.5,17.758874314945263,3,True,True,False,False
30098270,1,1,0.0,0.1211951185849258,0.0,0.12119511858492593,1,True,True,False,False
30151692,1,1,4.0,0.2471718923428824,4.0,0.24717189234288292,1,True,True,False,False
30140830,1,1,0.0,0.1047573728414869,0.0,0.10475737284148356,1,True,True,False,False
30112435,2,2,1.0,0.0932055697084665,1.0,0.09320556970846676,2,True,True,False,False
30111424,1,1,4.0,0.3331000836482997,4.0,0.33310008364829885,1,True,True,False,False
30147629,5,4,1.0,-0.0177166205784549,1.0,-0.01771662057845184,4,False,False,False,False
30125704,2,2,1.0,0.024434422356804,1.0,0.02443442235680713,2,True,True,False,False
30130608,4,4,1.0,0.0187267788349505,1.0,0.01872677883495273,4,True,True,False,False
30118609,1,1,0.0,0.1588916688002343,0.0,0.15889166880023542,1,True,True,False,False
30129272,1,1,0.0,0.105142034957036,0.0,0.10514203495703656,1,True,True,False,False
30139215,1,1,0.0,0.1030488674379652,0.0,0.10304886743796235,1,True,True,False,False
30111710,2,2,4.0,0.107665771712018,4.0,0.10766577171201928,2,True,True,False,False
30142045,4,14,4.0,37666.61671004978,2.0,3.4857959467420283,15,False,False,False,False
30102064,2,4,1.5,0.1785505926437815,1.5,0.17855059264378176,4,False,False,False,False
30159691,1,1,1.0,0.0782361289638125,1.0,0.07823612896381393,1,True,True,False,False
30139225,3,3,1.0,-0.0109676813854921,1.0,-0.010967681385492083,3,True,True,False,False
30109732,1,1,0.0,0.1371767920559941,0.0,0.13717679205599417,1,True,True,False,False
30110891,1,1,0.0,0.1447847387288948,0.0,0.14478473872889427,1,True,True,False,False
30156207,1,1,1.0,0.0761209616493394,1.0,0.07612096164933943,1,True,True,False,False
30159007,1,1,1.0,0.0855270823861837,1.0,0.08552708238618101,1,True,True,False,False
30121250,1,1,4.0,0.1834869944767357,4.0,0.18348699447673633,1,True,True,False,False
30144670,2,2,1.0,-0.0014317850020745,1.0,-0.0014317850020727028,2,True,True,False,False
30113474,15,13,4.0,20207.651864260657,0.0,1.1641871303433307,12,False,False,False,False
30140452,9,8,4.0,8.923291942459254,1.0,-0.38462556142159426,8,False,False,False,False
30124083,1,1,4.0,0.1112450062657099,4.0,0.11124500626570967,1,True,True,False,False
30113660,2,2,1.0,0.0368402788707274,1.0,0.036840278870728764,2,True,True,False,False
30124394,2,2,1.0,0.0921505577777378,1.0,0.09215055777773885,2,True,True,False,False
30150016,2,2,4.0,0.3915088225699122,4.0,0.391508822569914,3,True,False,False,True
30111393,1,1,0.0,0.1089242055213449,0.0,0.10892420552134544,1,True,True,False,False
30145100,2,2,1.0,-0.0029533219566175,1.0,-0.002953321956615367,2,True,True,False,False
30155364,2,1,0.0,0.1484986686161069,0.0,0.14849866861610356,1,False,False,False,False
30125803,1,1,4.0,0.380264720394661,4.0,0.3802647203946617,2,True,False,False,True
30105274,6,3,4.0,111.11623144690324,1.5,24.079054893830374,3,False,False,False,False
30146957,3,2,1.0,-0.0154711316368727,1.0,-0.0154711316368691,2,False,False,False,False
30117831,1,1,4.0,0.2015321730550018,4.0,0.20153217305500265,1,True,True,False,False
30093760,1,3,1.5,0.1648133235961921,1.5,0.16481332359619238,3,False,False,False,False
30111455,5,5,4.0,0.351816301413358,4.0,0.3518163014133578,7,True,False,False,True
30113209,2,2,1.0,0.0083481480752635,1.0,0.008348148075263358,2,True,True,False,False
30136163,1,1,4.0,0.3446944978389465,4.0,0.34469449783894685,1,True,True,False,False
30126029,3,3,1.0,0.0441162675608337,1.0,0.033962012133491155,3,True,True,False,False
30121053,1,1,0.0,0.112004951536534,0.0,0.11200495153653528,1,True,True,False,False
30142500,1,1,1.0,0.042758234491509,1.0,0.04275823449150524,1,True,True,False,False
30161086,1,1,4.0,0.4869612603303789,0.0,0.14584209138968948,1,True,True,False,False
30132162,2,2,1.0,-0.0031784615488351,1.0,-0.003178461548837906,2,True,True,False,False
30141227,1,1,1.0,0.0934182729796524,1.0,0.0934182729796534,1,True,True,False,False
30123263,1,1,0.0,0.1329981947382734,0.0,0.13299819473827404,1,True,True,False,False
30143948,1,1,4.0,2.074094698848022,1.5,0.32206190860231965,1,True,True,False,False
30106174,1,1,0.0,0.1025155015313938,0.0,0.1025155015313956,1,True,True,False,False
30163969,1,1,0.0,0.1566903134415889,0.0,0.15669031344158932,1,True,True,False,False
30122887,1,1,0.0,0.1257658067436416,0.0,0.1257658067436428,1,True,True,False,False
30160091,3,3,4.0,152.26767561542155,1.5,28.330591667725212,3,True,True,False,False
30120568,1,1,4.0,0.1202458211595337,4.0,0.12024582115953557,1,True,True,False,False
30143606,1,1,1.0,0.0681381843677945,1.0,0.06813818436779545,1,True,True,False,False
30123625,1,1,0.0,0.1231271508454514,0.0,0.12312715084544976,1,True,True,False,False
30152541,1,1,1.0,0.0831595800404447,1.0,0.08315958004044549,1,True,True,False,False
30120887,1,1,1.0,0.0988184786702811,1.0,0.09881847867028129,1,True,True,False,False
30110783,2,1,2.0,0.1034610188590887,2.0,0.10346101885909004,2,False,True,True,False
30147311,1,1,1.0,0.0780211581611874,1.0,0.07802115816118688,1,True,True,False,False
30125476,1,1,4.0,0.1734523350561357,4.0,0.17345233505613666,1,True,True,False,False
30134499,1,1,0.0,0.1417780702877639,0.0,0.14177807028776332,1,True,True,False,False
30142280,2,2,1.0,0.0457483618403014,1.0,0.04574836184030171,2,True,True,False,False
30100697,2,2,4.0,0.1209141934425264,4.0,0.12091419344252759,2,True,True,False,False
30129543,1,1,1.0,0.0781099872057747,1.0,0.07810998720577543,1,True,True,False,False
30144522,2,2,4.0,0.2013954755019167,4.0,0.20139547550191586,2,True,True,False,False
30139262,1,1,1.5,0.7912502071631515,1.5,0.791250207163152,1,True,True,False,False
30163594,2,2,1.0,-0.0081782169481338,1.0,-0.008178216948133055,2,True,True,False,False
30158346,2,2,1.0,0.0056235414192976,1.0,0.005623541419293795,2,True,True,False,False
30142826,4,5,4.0,4.724798634618564,2.0,1.5190820772861175,5,False,False,False,False
30103333,1,1,1.0,0.0915716956379372,1.0,0.09157169563793668,1,True,True,False,False
30157122,2,2,1.0,-0.0356037414980198,1.0,-0.0356037414980213,2,True,True,False,False
30127379,1,1,1.0,0.0874849590479044,1.0,0.08748495904790521,1,True,True,False,False
30100005,2,2,1.0,0.0925205616052385,1.0,0.09252056160523957,2,True,True,False,False
30132176,1,1,4.0,0.1107612201606605,4.0,0.1107612201606606,1,True,True,False,False
30136116,2,4,1.0,-0.7772743153256078,2.0,13.37405086569803,4,False,False,False,False
30131414,1,1,1.0,0.0595094403682009,1.0,0.059509440368201896,1,True,True,False,False
30124958,4,5,1.0,-0.0936613276968771,1.0,-0.09366132769687682,5,False,False,False,False
30110265,2,1,4.0,0.175498227148257,4.0,0.17549822714825886,1,False,False,False,False
30107922,1,1,1.0,0.0549959348656779,1.0,0.054995934865678046,1,True,True,False,False
30147239,4,4,1.0,-0.1206375774069716,1.0,-0.12063757740697281,4,True,True,False,False
30138913,1,1,0.0,0.1362400772636751,0.0,0.1362400772636756,1,True,True,False,False
30141412,2,2,1.0,0.0339796747250321,1.0,0.033979674725032084,2,True,True,False,False
30159119,1,1,4.0,1.780749992849803,4.0,0.5808465337295085,1,True,True,False,False
30119729,1,1,0.0,0.1155211350476842,0.0,0.11552113504768083,1,True,True,False,False
30122421,4,6,4.0,4.199402943788272,1.5,0.7013723726424907,6,False,False,False,False
30149298,2,2,1.0,-0.0009112279045164,1.0,-0.0009112279045153798,2,True,True,False,False
30120789,2,2,1.0,0.0291892151725633,1.0,0.029189215172569664,2,True,True,False,False
30138920,2,2,1.0,-0.0170140970765325,1.0,-0.017014097076530864,2,True,True,False,False
30135589,2,2,4.0,0.3200790263450071,4.0,0.3200790263450075,2,True,True,False,False
30121888,1,1,1.0,0.0947775569291311,1.0,0.09477755692913076,1,True,True,False,False
30146291,1,1,0.0,0.2502907975806718,0.0,0.23774916181479697,1,True,True,False,False
30101050,1,1,0.0,0.1717205542018971,0.0,0.17172055420189705,1,True,True,False,False
30127371,1,1,4.0,7.104412222622287,1.5,0.8205567192927111,1,True,True,False,False
30125060,2,1,4.0,43.954679353298566,1.5,9.43327051783608,1,False,False,False,False
30103512,2,4,1.5,3.94112280949074,1.5,2.4732922125046266,4,False,False,False,False
30131309,1,2,1.0,0.0407776815952241,1.0,0.04077768159523016,2,False,False,False,False
30099710,1,1,0.0,0.1015280046828013,0.0,0.10152800468280268,1,True,True,False,False
30115887,4,5,1.0,-0.0915578268324565,1.0,-0.09155782683245765,5,False,False,False,False
30152451,2,3,1.0,0.0561378201351453,1.0,0.05381503304975011,3,False,False,False,False
30113942,0,0,4.0,44.764896939217664,4.0,0.776119741725987,0,True,True,False,False
30107039,1,1,0.0,0.2466098257823356,0.0,0.21103334712344837,1,True,True,False,False
30138533,1,1,4.0,0.120156886914612,4.0,0.12015688691461258,1,True,True,False,False
30109623,1,1,1.0,0.0947911571145741,1.0,0.09479115711457525,1,True,True,False,False
30106871,4,4,1.0,-0.1183025936700316,1.0,-0.11830258118367312,4,True,True,False,False
30147213,1,1,0.0,0.100662613450898,0.0,0.10066261345089858,1,True,True,False,False
30130082,4,3,1.0,0.0100554984986527,1.0,0.01005556873742807,3,False,False,False,False
30123183,1,1,0.0,0.1630860808590691,0.0,0.16308608085906595,1,True,True,False,False
30140701,1,1,0.0,0.1554003967019543,0.0,0.15540039670195416,1,True,True,False,False
30159845,1,1,0.0,0.1077741165035984,0.0,0.10777411650359855,1,True,True,False,False
30094400,7,6,4.0,0.2585541939598981,4.0,0.2585541939598975,7,False,True,True,False
30123564,1,1,0.0,0.1308761195753841,0.0,0.13087611957538503,1,True,True,False,False
30150648,2,2,1.0,0.0467917521991634,1.0,0.04679175219916323,2,True,True,False,False
30147331,1,1,0.0,0.1310096749338108,0.0,0.13100967493381047,1,True,True,False,False
30127273,8,4,1.5,1.155014740741051,1.5,1.4446026279874438,4,False,False,False,False
30145887,1,1,4.0,0.1001969159962018,4.0,0.10019691599620294,1,True,True,False,False
30121664,1,2,1.0,-0.0023325280037088,1.0,-0.002332528003706435,2,False,False,False,False
30131286,1,1,0.0,0.1916096872112178,0.0,0.19159925816325565,1,True,True,False,False
30152853,2,3,1.5,0.301244299000907,1.5,0.301244299000915,3,False,False,False,False
30116981,5,4,1.5,0.1036881191593952,1.5,0.10368811915940637,4,False,False,False,False
30103179,1,1,4.0,0.3951669771260631,4.0,0.3951669771260625,1,True,True,False,False
30157519,2,2,1.0,0.0919269879552895,1.0,0.09192698795529139,2,True,True,False,False
30107272,1,1,0.0,0.1049237367010182,0.0,0.10492373670101948,1,True,True,False,False
30143883,1,1,1.0,0.0954343054514712,1.0,0.09543430545147139,1,True,True,False,False
30107157,1,2,1.0,-0.0099439932185084,1.0,-0.009943993218508536,2,False,False,False,False
30117698,1,1,0.0,0.1349581328550674,0.0,0.1349581328550681,1,True,True,False,False
30125542,1,1,0.0,0.1723922281591186,0.0,0.17239222815911706,1,True,True,False,False
30118380,1,1,1.0,0.0747710865854041,1.0,0.07477108658539991,1,True,True,False,False
30151091,1,1,0.0,0.1221264716487099,0.0,0.12212647164871054,1,True,True,False,False
30158339,1,1,1.0,0.0837252968748574,1.0,0.0837252968748569,1,True,True,False,False
30097749,6,5,4.0,3.789240572106641,1.5,0.8631732148081138,6,False,True,True,False
30126365,2,2,1.0,0.0964913943574088,1.0,0.0964913943574077,2,True,True,False,False
30130105,1,1,0.0,0.1402992224771915,1.0,0.08077833630054312,1,True,True,False,False
30132469,6,6,4.0,0.6042473239360389,4.0,0.6042473239360413,6,True,True,False,False
30149089,2,2,1.0,0.066389245228154,1.0,0.06681877615793132,2,True,True,False,False
30107000,0,0,4.0,45.48991914893868,1.5,1.6312967110243177,0,True,True,False,False
30166953,1,1,0.0,0.1843664440982121,0.0,0.18436644409820785,1,True,True,False,False
30141399,2,2,1.0,-0.0186955045419374,1.0,-0.01869550454193953,2,True,True,False,False
30136347,1,1,4.0,0.4895566400242593,4.0,0.48955664002425986,1,True,True,False,False
30116275,2,2,1.0,0.0255995630441989,1.0,0.025599563044200108,2,True,True,False,False
30117802,1,1,1.0,0.0770870829917896,1.0,0.07708708299178985,1,True,True,False,False
30158045,2,1,1.0,0.0783734590602149,1.0,0.07721441326210354,1,False,False,False,False
30158573,1,1,1.0,0.0908879826463154,1.0,0.09088798264631584,1,True,True,False,False
30150236,3,3,1.0,-0.0436269031459963,1.0,-0.04362689079572377,3,True,True,False,False
30116563,1,1,1.0,0.0858528072400806,1.0,0.08583928144031422,1,True,True,False,False
30112232,1,1,0.0,0.1410289195613688,0.0,0.14100659799957657,1,True,True,False,False
30139872,1,2,1.0,-0.1095040724476655,1.0,-0.10950407244766211,2,False,False,False,False
30123677,1,1,1.0,0.0501197999961756,1.0,0.05011979999617607,1,True,True,False,False
30145336,1,1,0.0,0.1152344551506928,0.0,0.11523445515069339,1,True,True,False,False
30139881,2,2,1.0,0.0864457273825203,1.0,0.08644572738252036,2,True,True,False,False
30118614,2,2,4.0,0.1687183617996563,4.0,0.16871836179965577,2,True,True,False,False
30149859,4,3,4.0,0.1890161101702202,4.0,0.18901611017021927,3,False,False,False,False
30158532,1,1,1.0,0.0992984695941805,1.0,0.09929846959418072,1,True,True,False,False
30134986,1,1,1.0,0.0950362304231592,1.0,0.09503623042315726,1,True,True,False,False
30097248,4,4,1.0,-0.0017570725570715,1.0,-0.0017570725570707803,4,True,True,False,False
30128122,1,1,1.0,0.0835822120060165,1.0,0.0835822120060161,1,True,True,False,False
30160808,1,2,1.0,0.0052799441063976,1.0,0.005279944106399153,2,False,False,False,False
30113592,1,1,0.0,0.17540843565461,0.0,0.17539479837849123,1,True,True,False,False
30123549,3,3,1.0,-0.0543543858485172,1.0,-0.0543543858485158,3,True,True,False,False
30156488,1,1,0.0,0.1220377957774243,0.0,0.12203779577742363,1,True,True,False,False
30130641,2,2,4.0,0.258395243027393,4.0,0.2583952430273932,2,True,True,False,False
30123595,1,1,0.0,0.1160111548967161,0.0,0.1160111548967164,1,True,True,False,False
30118620,2,4,1.5,0.4594698605773735,1.5,0.4594698605773871,5,False,False,False,False
30151932,1,1,1.0,0.0964769172426087,1.0,0.09647691724260912,1,True,True,False,False
30123713,2,3,1.0,0.0204526529668517,1.0,0.020452652966853002,3,False,False,False,False
30132243,1,1,0.0,0.2933058895033064,0.0,0.21683120405621084,1,True,True,False,False
30133688,2,1,0.0,0.1363452856032321,0.0,0.10417639344585514,1,False,False,False,False
30153970,1,1,0.0,0.1327305053174054,0.0,0.13273050531740602,1,True,True,False,False
30154186,1,1,0.0,0.1724241805718256,0.0,0.17242418057182618,1,True,True,False,False
30122261,2,2,1.0,0.0260702609237546,1.0,0.0260702609237548,2,True,True,False,False
30142082,1,1,1.0,0.0829832088884876,1.0,0.08298320888848726,1,True,True,False,False
30142539,1,1,0.0,0.1228223166020057,0.0,0.12282231660200596,1,True,True,False,False
30151240,1,2,1.0,0.0641214062900839,1.0,0.06412140629008618,2,False,False,False,False
30141906,0,0,4.0,39.2076199179656,1.5,2.3808290435463824,0,True,True,False,False
30162008,2,2,1.0,-0.058911901449589,1.0,-0.05891190144958003,2,True,True,False,False
30127006,2,2,4.0,0.12426113775924,4.0,0.12426687700048612,2,True,True,False,False
30113610,6,5,4.0,0.4016788693795305,4.0,0.40167886937953085,6,False,True,True,False
30139593,2,2,1.0,0.0563473212597155,1.0,0.056347321259716296,2,True,True,False,False
30136870,7,6,4.0,2.7382096476904354,4.0,0.7509354742030191,6,False,False,False,False
30153604,7,6,4.0,11.049437785977162,1.0,0.01160766660467807,6,False,False,False,False
30120303,6,5,4.0,9.029073536395206,1.5,0.8941156764776559,5,False,False,False,False
30137540,2,2,1.0,-0.0233120377310061,1.0,-0.02331203773100591,2,True,True,False,False
30111566,1,1,4.0,0.3640519953251566,4.0,0.3640519953251572,1,True,True,False,False
30112675,4,4,1.0,-0.1629786971258364,1.0,-0.16297869712582305,4,True,True,False,False
30097657,2,2,1.0,-0.0240210682187677,1.0,-0.02402106821876559,2,True,True,False,False
30154698,1,1,0.0,0.109437889010474,0.0,0.10943788901047549,1,True,True,False,False
30149944,1,1,1.0,0.0649202385572102,1.0,0.06492023855721082,1,True,True,False,False
30153346,2,2,0.0,0.1207272777123792,0.0,0.12072201749658068,2,True,True,False,False
30140032,2,2,1.0,0.0479578563709582,1.0,0.0479578563709573,2,True,True,False,False
30146637,2,1,1.5,2.646719215098632,1.5,2.51527456318744,1,False,False,False,False
30101769,3,3,4.0,0.1679190601940986,4.0,0.16791906019409897,4,True,False,False,True
30150189,2,2,1.0,0.091971524183145,1.0,0.09197152418314536,2,True,True,False,False
30157093,1,1,1.0,0.0957714909597179,1.0,0.09577149095971779,1,True,True,False,False
30145586,1,1,0.0,0.1611467782263612,0.0,0.16114190164670097,1,True,True,False,False
30129634,4,2,4.0,0.1629285897072385,4.0,0.16292858970723856,3,False,False,False,False
30125460,2,1,0.0,0.1125997957940869,0.0,0.11259979579408727,1,False,False,False,False
30096724,1,1,0.0,0.1166946148510617,0.0,0.11669461485106128,1,True,True,False,False
30107963,1,1,0.0,0.1259144276494065,0.0,0.12591442764940378,1,True,True,False,False
30151551,7,6,4.0,179.8807040794903,1.5,14.172031586801364,9,False,False,False,False
30142354,1,1,1.0,0.0703248136322241,1.0,0.07032481363222426,1,True,True,False,False
30150604,1,1,4.0,0.2457623513848971,4.0,0.24576235138489813,1,True,True,False,False
30149256,2,2,4.0,0.143591502292551,4.0,0.14359150229255008,2,True,True,False,False
30133851,2,2,4.0,0.2401052463860066,4.0,0.24010524638600858,2,True,True,False,False
30151830,1,1,0.0,0.1715013501567301,0.0,0.17150135015673157,1,True,True,False,False
30129779,1,1,4.0,0.34895047081405,4.0,0.34895746499178387,1,True,True,False,False
30108517,0,2,4.0,3.8324105388349055,1.5,1.2969823553562916,2,False,False,False,False
30143995,1,1,0.0,0.109209795583989,0.0,0.10920979558398644,1,True,True,False,False
30161155,1,1,0.0,0.107184527957009,0.0,0.10718452795700853,1,True,True,False,False
30132377,1,2,1.0,0.0394843303708952,1.0,0.03948433037089534,2,False,False,False,False
30149745,1,1,1.0,0.0694501214413735,1.0,0.06945012144137405,1,True,True,False,False
30107949,0,0,4.0,36.74053596929701,4.0,0.779468952600739,0,True,True,False,False
30117292,1,1,0.0,0.1786505921611089,0.0,0.17864350810848825,1,True,True,False,False
30149899,3,4,1.0,-0.1663845983006057,1.0,-0.1480365554696038,4,False,False,False,False
30149160,1,1,0.0,0.1863366079856294,0.0,0.18633660798562887,1,True,True,False,False
30123063,2,4,1.5,0.6398024452059695,1.5,0.644289801236689,4,False,False,False,False
30114905,2,2,1.0,0.0704430473310162,1.0,0.0704430473310168,2,True,True,False,False
30103693,3,3,1.0,-0.1077408346529798,1.0,-0.10774083465296724,3,True,True,False,False
30166860,1,1,1.0,0.0651312966015612,1.0,0.06513129660156097,1,True,True,False,False
30148233,1,1,4.0,0.4543547380437898,4.0,0.45435473804378956,1,True,True,False,False
30151703,0,0,4.0,47.86165259477907,4.0,0.31630638313266946,0,True,True,False,False
30150186,1,1,1.0,0.0857866913753452,1.0,0.08578669137534639,1,True,True,False,False
30160882,9,8,2.0,0.1054252757092735,2.0,0.10542532144264913,8,False,False,False,False
30147216,1,1,0.0,0.1530530345162476,0.0,0.15305303451624863,1,True,True,False,False
30120530,4,3,1.0,0.0719735257761302,1.0,0.07197352577613003,3,False,False,False,False
30157212,2,2,4.0,0.2234644220871434,4.0,0.22346442208714357,3,True,False,False,True
30111136,1,1,4.0,0.2029784109045145,4.0,0.2029784109045141,1,True,True,False,False
30129120,2,2,1.5,2.990108232237104,1.5,2.9901082322371155,2,True,True,False,False
30111379,1,1,0.0,0.1146348280969762,0.0,0.11463482809697317,1,True,True,False,False
30151838,9,6,4.0,48.96410014995327,1.5,5.777174061507658,6,False,False,False,False
30126741,1,1,1.0,0.0727999298596156,1.0,0.07279992985961553,1,True,True,False,False
30117593,1,1,0.0,0.2138094569437024,0.0,0.21380945694370254,1,True,True,False,False
30163485,1,1,0.0,0.1120109653522811,0.0,0.11201096535228156,1,True,True,False,False
30123368,1,1,1.0,0.080619299373414,1.0,0.08061929937341358,1,True,True,False,False
30132548,2,3,1.5,0.4219760540389777,1.5,0.42197605403897825,3,False,False,False,False
30094678,1,1,1.0,0.060625626502026,1.0,0.06062562650202613,1,True,True,False,False
30151716,1,1,4.0,0.1462149001272714,4.0,0.1462149001272718,1,True,True,False,False
30127365,1,1,1.0,0.0793901043452336,1.0,0.07939010434523353,1,True,True,False,False
30115694,1,1,1.5,0.838793921142913,1.5,0.9211579339844655,1,True,True,False,False
30118229,2,2,1.0,0.043690301339781,1.0,0.04369030133978065,2,True,True,False,False
30128844,1,2,1.0,-0.0377896319767929,1.0,-0.037789631976793095,2,False,False,False,False
30127545,8,7,4.0,2.220345607676997,4.0,0.2760587233836935,9,False,False,False,False
30118555,1,1,0.0,0.2316196414121172,0.0,0.23123913385783954,1,True,True,False,False
30097498,1,1,4.0,0.4855494287722267,4.0,0.48554942877222684,1,True,True,False,False
30120693,2,2,4.0,0.4239883613699082,4.0,0.4239883613699084,3,True,False,False,True
30163164,1,1,1.0,0.0810189087917202,1.0,0.08101890879172147,1,True,True,False,False
30114475,1,1,1.5,0.2121108179700098,1.5,0.21211081797001152,1,True,True,False,False
30166786,1,1,0.0,0.1318437642188064,0.0,0.1318437642188073,1,True,True,False,False
30141113,3,5,4.0,0.2796074055323313,4.0,0.279607405532339,5,False,False,False,False
30117832,1,1,1.0,0.0972725087422233,1.0,0.09725806955438437,1,True,True,False,False
30154403,1,1,0.0,0.1369483183245346,0.0,0.13694831832453494,1,True,True,False,False
30114102,1,1,0.0,0.3003415088559093,0.0,0.1291468189190502,1,True,True,False,False
30144954,1,1,1.0,0.0644884136405096,1.0,0.06448841364050983,1,True,True,False,False
30129486,2,2,1.0,0.0257391641935819,1.0,0.025739164193583283,2,True,True,False,False
30118491,2,2,1.0,0.0826372040368179,1.0,0.08263720403681905,2,True,True,False,False
30159682,1,1,0.0,0.1333094060193193,0.0,0.13330940601931765,1,True,True,False,False
30137270,1,1,0.0,0.1126441250523,0.0,0.11264412505230084,1,True,True,False,False
30131362,2,1,4.0,0.390433409318187,4.0,0.39043340931818715,1,False,False,False,False
30139136,2,2,1.0,0.0337771559183578,1.0,0.03377715591835818,2,True,True,False,False
30106268,1,1,1.0,0.0696445716594761,1.0,0.06964457165947799,1,True,True,False,False
30139474,4,4,1.5,0.2870104198652319,1.5,0.28701041986523773,5,True,False,False,True
30128049,1,1,1.0,0.0928243943830278,1.0,0.09282439438302673,1,True,True,False,False
30131423,1,1,0.0,0.1372243671253,0.0,0.1372243671253002,1,True,True,False,False
30161557,1,1,4.0,0.1053352594157991,4.0,0.10533525941579966,1,True,True,False,False
30151636,1,1,1.0,0.0791122226359205,1.0,0.07911222263592077,1,True,True,False,False
30121265,1,1,4.0,0.5432494728980094,4.0,0.5432494728980073,1,True,True,False,False
30164733,1,1,1.0,0.0684676841312028,1.0,0.06846768413120241,1,True,True,False,False
30114762,1,1,0.0,0.1035933264181366,0.0,0.10358846685500389,1,True,True,False,False
30144396,2,2,1.0,0.0685330477659027,1.0,0.06853304776590362,2,True,True,False,False
30116818,1,3,1.0,0.0495533845039464,1.0,0.049553384503953656,3,False,False,False,False
30102012,1,1,0.0,0.1167199202612298,0.0,0.11671076231385727,1,True,True,False,False
30154449,1,1,0.0,0.1457825523294902,0.0,0.145782552329492,1,True,True,False,False
30123529,1,2,1.5,0.3849578751561827,1.5,0.3849578751561911,3,False,False,False,False
30117742,2,2,4.0,0.1640925798203323,4.0,0.16409257982033426,3,True,False,False,True
30160321,1,1,0.0,0.1332460137361005,0.0,0.13324601373610223,1,True,True,False,False
30115009,2,2,1.0,0.0474113999034402,1.0,0.047411399903440864,2,True,True,False,False
30098186,3,3,1.0,0.0147364527449362,1.0,0.014736452744937584,3,True,True,False,False
30125710,1,1,4.0,0.1032245667316721,4.0,0.10322456673167303,1,True,True,False,False
30158826,2,1,4.0,0.2650729088690945,4.0,0.26507290886909535,2,False,True,True,False
30154915,1,1,1.0,0.0571644260472454,1.0,0.05716442604724697,1,True,True,False,False
30152852,2,2,1.0,0.0119268254878393,1.0,0.011926825487838811,2,True,True,False,False
30150204,1,1,0.0,0.182891347158686,0.0,0.18289134715868616,1,True,True,False,False
30111735,2,2,1.5,0.4394803014501469,1.5,0.4394803014501456,2,True,True,False,False
30140463,1,1,1.0,0.0926904799487604,1.0,0.09269047994875962,1,True,True,False,False
30130667,2,2,1.0,0.0255280107583186,1.0,0.025528010758322055,2,True,True,False,False
30138363,2,2,4.0,0.1062485757780418,4.0,0.10624857577804146,2,True,True,False,False
30108142,1,1,1.0,0.0557081091918289,1.0,0.05570810919182934,1,True,True,False,False
30137886,6,6,4.0,1.1456613660939012,1.0,-0.12824096250747186,6,True,True,False,False
30156465,3,3,1.0,-0.0416314032068671,1.0,-0.041631403206865675,3,True,True,False,False
30095056,1,2,1.0,-0.0252024599180329,1.0,-0.025202459918031765,2,False,False,False,False
30151713,1,1,0.0,0.1533438497712444,0.0,0.15334384977124543,1,True,True,False,False
30148625,2,2,4.0,0.147352893970055,4.0,0.14735289397005527,2,True,True,False,False
30156118,1,1,1.0,0.0812090536358784,1.0,0.08120905363587744,1,True,True,False,False
30120118,1,1,1.0,0.0421116514935467,1.0,0.04211165149354771,1,True,True,False,False
30125851,1,1,1.0,0.0309368481766047,1.0,0.030936848176605296,1,True,True,False,False
30162578,2,2,1.0,0.0530677960542135,1.0,0.05306779605421555,2,True,True,False,False
30117837,0,0,4.0,46.743166840755215,1.5,5.153506054711015,0,True,True,False,False
30159282,1,1,1.0,0.0619478778162299,1.0,0.061947877816231754,1,True,True,False,False
30114624,1,1,1.5,2.7439374648525936,1.5,2.160257384866279,2,True,False,False,True
30116979,2,2,4.0,0.2775525802273482,4.0,0.27755258022734813,2,True,True,False,False
30159604,1,1,1.0,0.097180522398183,1.0,0.09718052239818453,1,True,True,False,False
30138695,8,9,4.0,3.5727803333914583,1.0,-0.26490657595960926,9,False,False,False,False
30154935,1,1,1.0,0.0642088727456148,1.0,0.06420887274561474,1,True,True,False,False
30119472,1,1,0.0,0.1136258590703301,0.0,0.11362585907032943,1,True,True,False,False
30146454,1,2,1.0,-0.1155146548685555,1.0,-0.11551465486855608,2,False,False,False,False
30112279,2,2,4.0,0.2523349076082197,4.0,0.2523349076082199,2,True,True,False,False
30160757,2,2,1.0,0.0624889193230435,1.0,0.06248891932304641,2,True,True,False,False
30151982,10,8,4.0,216.26389713572144,1.5,3.5534729938580605,8,False,False,False,False
30145191,1,2,1.0,-0.0475733503661582,1.0,-0.04757335036615785,2,False,False,False,False
30116284,3,3,1.0,0.0532107801212046,1.0,0.053210780121205246,3,True,True,False,False
30119709,4,4,1.5,1.8284125816451389,1.5,1.833647216882699,5,True,False,False,True
30164090,2,3,1.0,-0.0609579691115468,1.0,-0.060957969111541964,3,False,False,False,False
30105470,1,1,1.0,0.07228395414235,1.0,0.07228395414235184,1,True,True,False,False
30133109,1,1,0.0,0.1265957768516066,0.0,0.12659577685160764,1,True,True,False,False
30098023,1,1,4.0,0.1686989607354185,4.0,0.16869896073541893,1,True,True,False,False
30138437,1,1,4.0,0.9057165421220776,4.0,0.3669751783459116,1,True,True,False,False
30153707,2,2,4.0,0.2363406456911088,4.0,0.23634064569110863,2,True,True,False,False
30151627,1,1,1.0,0.076690597322081,1.0,0.0766905973220823,1,True,True,False,False
30139227,1,1,1.0,0.0688649304701387,1.0,0.06886493047013958,1,True,True,False,False
30159249,2,2,1.0,0.078904712570431,1.0,0.0789047125704315,2,True,True,False,False
30126590,1,2,1.0,-0.0080731116719674,1.0,-0.0633756899156428,2,False,False,False,False
30140745,3,3,1.0,0.0043708823447959,1.0,0.004370882344799076,3,True,True,False,False
30152093,1,1,0.0,0.141765754143364,0.0,0.14176575414336381,1,True,True,False,False
30139948,6,6,4.0,0.5260770695647013,4.0,0.5260770695647017,7,True,False,False,True
30152863,1,1,0.0,0.1387472643040148,0.0,0.1387472643040161,1,True,True,False,False
30094000,2,7,4.0,75.39664845451864,1.5,6.103763552882609,7,False,False,False,False
30127320,1,1,0.0,0.1042945016801207,0.0,0.10429450168012042,1,True,True,False,False
30146656,2,2,1.0,0.026524750269885,1.0,0.026524750269885676,2,True,True,False,False
30155205,0,0,4.0,83.10415592855192,1.5,45.34819268852469,0,True,True,False,False
30142921,6,9,4.0,2273.211655416113,1.5,18.71587661548178,9,False,False,False,False
30144184,2,2,1.0,0.0220042646904641,1.0,0.022004264690465417,2,True,True,False,False
30157822,1,1,1.0,0.0660073685301278,1.0,0.06600736853012917,1,True,True,False,False
30118263,1,1,0.0,0.1155692854839969,0.0,0.11556928548399756,1,True,True,False,False
30148006,2,2,1.0,0.0130371352335427,1.0,0.013037135233543369,2,True,True,False,False
30154348,1,1,0.0,0.1018070771211737,0.0,0.10180707712117387,1,True,True,False,False
30136527,2,2,1.5,0.4834199230708855,1.5,0.48341992307088927,2,True,True,False,False
30110678,2,2,4.0,0.38076772560662,4.0,0.3807677256066201,3,True,False,False,True
30110122,1,1,4.0,0.1755102891905164,4.0,0.17551028919051673,1,True,True,False,False
30153505,1,1,1.0,0.063364991462288,1.0,0.06336499146228919,1,True,True,False,False
30127757,2,2,4.0,0.3119153444776619,4.0,0.31191534447766467,2,True,True,False,False
30141368,1,2,1.0,-0.0490005310126845,1.0,-0.04900053101268237,2,False,False,False,False
30138975,4,4,4.0,0.2114056893716722,4.0,0.21140568937167256,4,True,True,False,False
30108642,2,3,1.0,0.0244438908330434,1.0,-0.014340346893639368,3,False,False,False,False
30099185,2,2,1.5,0.319433258551684,1.5,0.31943325855169097,2,True,True,False,False
30149283,1,1,0.0,0.2663946649916238,0.0,0.2343020521205648,1,True,True,False,False
30100923,9,9,2.0,0.4290248984424243,1.0,-0.18685031984079212,9,True,True,False,False
30162328,1,1,1.0,0.0839480274341596,1.0,0.08394802743415905,1,True,True,False,False
30143029,5,4,4.0,3583.321716604354,1.5,29.27021568871032,4,False,False,False,False
30118088,3,3,1.0,0.0197079611615726,1.0,0.01970796116157795,3,True,True,False,False
30163623,0,0,4.0,70.08581355945942,1.5,50.19583112535584,0,True,True,False,False
30133620,1,1,0.0,0.1160116799915137,0.0,0.11601167999151452,1,True,True,False,False
30121001,2,3,1.5,0.3229169286314088,1.5,0.32291692863140764,3,False,False,False,False
30112668,3,3,1.0,0.0154796661488379,1.0,0.015479666148841864,3,True,True,False,False
30109023,1,1,0.0,0.1358143524553334,0.0,0.13581435245533416,1,True,True,False,False
30136797,4,3,1.0,0.0209722520743052,1.0,0.020972252074301374,3,False,False,False,False
30151108,1,1,0.0,0.1311293562615523,0.0,0.13112935626155367,1,True,True,False,False
30125865,1,1,1.0,0.0395708867401342,1.0,0.039570886740131796,1,True,True,False,False
30145189,1,2,1.0,0.0196527641885268,1.0,0.019652764188526607,2,False,False,False,False
30103326,2,2,1.0,-0.0520942783915038,1.0,-0.05209427839150436,2,True,True,False,False
30107352,1,1,0.0,0.1050264397525397,0.0,0.10502643975253989,1,True,True,False,False
30142695,1,1,0.0,0.1439492918320604,0.0,0.14394929183206032,1,True,True,False,False
30118835,3,3,1.5,0.859377312390956,1.5,0.8593773123909609,4,True,False,False,True
30129846,2,2,1.0,0.0576002268744972,1.0,0.05760022687449794,2,True,True,False,False
30147488,1,1,0.0,0.1404438999394141,0.0,0.14044389993941486,1,True,True,False,False
30119440,2,2,1.0,0.0978356788240428,1.0,0.09783567882404413,2,True,True,False,False
30128555,1,1,1.0,0.0425561972095579,1.0,0.04255619720955841,1,True,True,False,False
30164316,1,1,1.0,0.0528069242017078,1.0,0.052806924201708,1,True,True,False,False
30115256,2,2,1.0,0.0136625778018231,1.0,0.01366257780182665,2,True,True,False,False
30114077,1,1,1.0,0.0911084610543339,1.0,0.09110846105433379,1,True,True,False,False
30115433,1,1,0.0,0.1886155389351594,0.0,0.1886155389351595,1,True,True,False,False
30116898,2,2,1.0,-0.0016747809155129,1.0,-0.0016747809155103158,2,True,True,False,False
30116652,1,1,4.0,0.2889058059657131,4.0,0.28890580596571364,1,True,True,False,False
30148219,1,3,1.0,0.0184941193895501,1.0,0.018494119389553212,3,False,False,False,False
30156135,1,1,1.0,0.0725858303054348,1.0,0.0725858303054353,1,True,True,False,False
30134679,1,1,1.0,0.0651338701592568,1.0,0.06513387015925745,1,True,True,False,False
30158481,5,6,4.0,0.8149858677001437,4.0,0.8074025548598531,8,False,False,False,False
30107559,1,1,4.0,0.1792356499811886,4.0,0.1792356499811883,1,True,True,False,False
30157355,2,2,4.0,0.1295650114236791,4.0,0.12956501142367824,2,True,True,False,False
30165183,6,6,4.0,16.71478561230962,1.5,1.4584918732823637,6,True,True,False,False
30141792,1,1,1.0,0.0865229679522143,1.0,0.0865229679522152,1,True,True,False,False
30139705,2,2,4.0,0.1980342920829134,4.0,0.19803429208291357,2,True,True,False,False
30160086,2,2,4.0,0.2666599628478118,4.0,0.26665996284781235,2,True,True,False,False
30151166,1,1,0.0,0.1020129719884036,0.0,0.10201297198840387,1,True,True,False,False
30119219,1,1,4.0,0.2361513607434122,4.0,0.23615136074341309,1,True,True,False,False
30131634,1,1,1.0,0.0545098298225868,1.0,0.054509829822586474,1,True,True,False,False
30115290,1,1,1.0,-0.0038892080526676,1.0,-0.009434298148566132,1,True,True,False,False
30139835,1,1,4.0,0.2939320774171589,4.0,0.29393207741716115,1,True,True,False,False
30129189,1,1,0.0,0.1393929197085542,0.0,0.1393929197085558,1,True,True,False,False
30110393,2,2,1.0,0.0243928727004894,1.0,0.024392872700489003,2,True,True,False,False
30123517,1,1,0.0,0.120562615566551,0.0,0.12056261556655037,1,True,True,False,False
30122418,2,2,1.0,0.0805236638317331,1.0,0.0805236638317329,2,True,True,False,False
30099823,1,2,1.5,0.965296565427749,1.5,0.9652965654277531,2,False,False,False,False
30099902,1,1,0.0,0.1247340969014033,0.0,0.12473409690140455,1,True,True,False,False
30121078,1,1,0.0,0.1370410353001374,0.0,0.13704103530013653,1,True,True,False,False
30105544,1,1,4.0,0.4716853328098889,4.0,0.4587099414280373,1,True,True,False,False
30137265,1,1,1.0,0.0873236617085405,1.0,0.0873236617085418,1,True,True,False,False
30137662,2,2,1.0,0.0479471285046166,1.0,0.04794690792658324,2,True,True,False,False
30104329,1,2,1.0,0.0906639162477325,1.0,0.09066391624773242,2,False,False,False,False
30119347,1,1,0.0,0.1731596384310937,0.0,0.1731470721165448,1,True,True,False,False
30155436,4,6,2.0,0.7027711492573022,2.0,0.9646304119643127,6,False,False,False,False
30135866,3,4,1.5,0.1470991810128562,1.5,0.1470991810128574,5,False,False,False,False
30105228,1,4,1.5,1.7681320251663446,1.5,1.7823113820179899,5,False,False,False,False
30131369,1,1,4.0,1.1979161144226758,1.5,1.0095254184288625,1,True,True,False,False
30157727,1,1,0.0,0.1203021161208766,0.0,0.12030211612087721,1,True,True,False,False
30150243,2,2,1.0,-0.0158667828144673,1.0,-0.01586678281446713,2,True,True,False,False
30149186,1,1,1.5,2.292914556097706,1.5,2.2929145560977116,1,True,True,False,False
30104371,2,2,1.0,0.04094176302967,1.0,0.040941763029672104,2,True,True,False,False
30115337,2,2,4.0,0.634179006150988,4.0,0.6341790061509881,4,True,False,False,True
30134254,1,1,1.0,0.0519742739174958,1.0,-0.01437850783073942,1,True,True,False,False
30120969,1,1,4.0,79.00585540468676,1.5,0.34778367900734686,1,True,True,False,False
30149266,2,2,1.0,-0.0399729772563487,1.0,-0.03997297725634353,2,True,True,False,False
30144174,2,3,1.0,-0.0290036351316936,1.0,-0.029003635131696175,3,False,False,False,False
30144481,2,3,1.0,0.0701701816228614,1.0,0.07017018162286881,3,False,False,False,False
30156160,3,2,1.5,50.034890236415634,1.5,23.857733091551296,2,False,False,False,False
30155357,4,5,1.0,-0.1069860742349151,1.0,-0.10698607423491557,5,False,False,False,False
30152463,1,1,4.0,0.2258048525279327,4.0,0.22580485252793428,1,True,True,False,False
30141422,1,1,0.0,0.1060185323253439,0.0,0.10601853232534444,1,True,True,False,False
30146293,1,1,0.0,0.137489238316566,0.0,0.13748923831656637,1,True,True,False,False
30155653,3,3,1.0,-0.040578219270086,1.0,-0.04057813517436648,3,True,True,False,False
30141431,1,1,4.0,0.5127698269565638,4.0,0.5127698269565654,1,True,True,False,False
30161163,4,4,1.0,-0.1810851672786785,1.0,-0.1810851672786788,4,True,True,False,False
30160050,3,3,4.0,0.230431657285641,4.0,0.2304316572856414,3,True,True,False,False
30146237,1,1,0.0,0.1309192738973828,0.0,0.1309192738973843,1,True,True,False,False
30156706,6,7,4.0,0.7353252566594333,1.5,0.20843830820191603,7,False,False,False,False
30107047,1,1,4.0,0.2693961804934786,4.0,0.26939618049347924,1,True,True,False,False
30101834,2,2,4.0,0.3371710123638795,4.0,0.3371710123638799,3,True,False,False,True
30162431,2,6,4.0,8.363290270291808,1.0,-0.44526880104584216,6,False,False,False,False
30166005,1,1,4.0,0.4536223274989649,4.0,0.453622327498965,2,True,False,False,True
30129134,1,9,4.0,7054.401956750223,1.5,47.027754811578966,9,False,False,False,False
30117956,4,6,4.0,9.448141476353634,1.0,-0.64928919913096,6,False,False,False,False
30113468,3,3,1.0,-0.1184853265838796,1.0,-0.11848532658387959,3,True,True,False,False
30143533,1,1,1.0,0.0317169573066096,1.0,0.03171695730661076,1,True,True,False,False
30130595,3,5,1.5,0.1789525665094407,1.5,0.1789525665094474,5,False,False,False,False
30144569,3,3,4.0,0.126256683107812,4.0,0.12625668310781338,4,True,False,False,True
30152869,1,1,4.0,0.1860779145642324,4.0,0.18607791456423262,1,True,True,False,False
30134139,2,2,4.0,0.2381774329728852,4.0,0.23817743297288443,3,True,False,False,True
30135941,2,2,1.0,0.0533526222923004,1.0,0.053352622292301255,2,True,True,False,False
30127868,1,1,4.0,0.1124621173008515,4.0,0.11246211730085086,1,True,True,False,False
30166245,6,6,4.0,48.4361368016872,2.0,15.915824032829889,6,True,True,False,False
30140149,1,1,0.0,0.1037689033699306,0.0,0.1037689033699292,1,True,True,False,False
30142431,5,3,1.0,0.0276416943154926,1.5,0.17015874109690207,3,False,False,False,False
30114202,3,3,1.0,0.0072047841526002,1.0,0.0072047970064560846,3,True,True,False,False
30108890,1,1,1.0,0.0506655435756193,1.0,0.050665543575620524,1,True,True,False,False
30132474,1,1,1.0,0.0540887847202442,1.0,0.05408878472024444,1,True,True,False,False
30146654,1,1,4.0,0.5274221779906626,4.0,0.5274221779906628,1,True,True,False,False
30108317,1,1,4.0,0.21932781506319,4.0,0.21932781506318766,1,True,True,False,False
30145935,1,1,1.0,0.076281539509565,1.0,0.07628153950956565,1,True,True,False,False
30112908,5,5,1.0,-0.0240269652425718,1.0,-0.024026965242572203,5,True,True,False,False
30154280,1,1,1.0,0.0838463749138985,1.0,0.08384637491389921,1,True,True,False,False
30147946,1,1,1.0,0.0575947154346923,1.0,0.0575947154346998,1,True,True,False,False
30116109,3,2,1.0,0.0406245443925654,1.0,0.04062454439256568,2,False,False,False,False
30156906,8,7,1.0,-0.0875036126696536,1.0,-0.08750361266965241,7,False,False,False,False
30147455,1,2,4.0,0.1788265510974008,4.0,0.17882655109740045,2,False,False,False,False
30158698,1,2,1.0,-0.0491891941729981,1.0,-0.04918919417299523,2,False,False,False,False
30166921,1,2,1.5,4.014403124689255,1.5,5.76588497033798,2,False,False,False,False
30152642,2,2,4.0,0.2342998531909577,4.0,0.23429985319095878,2,True,True,False,False
30166171,0,0,4.0,45.832059883265686,1.5,1.4097394932473808,0,True,True,False,False
30159966,1,1,4.0,0.1819354918526151,4.0,0.18193549185261612,1,True,True,False,False
30147869,0,1,4.0,13.124873993635932,1.0,0.03332286695910861,1,False,False,False,False
30159271,2,1,4.0,0.4571903964027898,4.0,0.4390168063629991,1,False,False,False,False
30150118,1,3,1.5,9.795088993145908,1.5,7.636844633514907,3,False,False,False,False
30147833,1,1,4.0,0.3628074518289633,4.0,0.36280745182896446,1,True,True,False,False
30102607,2,2,1.5,3.535453013988571,1.5,2.4514830889685686,2,True,True,False,False
30105469,1,1,1.0,0.097907699248889,1.0,0.09790769924888962,1,True,True,False,False
30155324,1,1,1.0,0.0954810983411795,1.0,0.09548109834118074,1,True,True,False,False
30136206,1,3,1.5,13.018998596147432,1.5,10.691637469925213,3,False,False,False,False
30112455,2,3,1.5,0.1371119437963737,1.5,0.13711194379637195,3,False,False,False,False
30138557,1,1,0.0,0.1018635203565426,0.0,0.10186352035654159,1,True,True,False,False
30121033,1,1,1.0,0.0479502821232357,1.0,0.047950282123236924,1,True,True,False,False
30128161,1,1,1.0,0.0684156680128743,1.0,0.0684156680128751,1,True,True,False,False
30163548,1,1,1.0,0.0984556346417113,1.0,0.09618705731839644,1,True,True,False,False
30122271,4,4,1.0,0.0552343607007067,1.0,0.05523436070070493,4,True,True,False,False
30146536,1,1,4.0,0.3051957748697966,4.0,0.3051957748697962,2,True,False,False,True
30144589,8,6,4.0,54.3691836133979,1.5,2.21347485966892,6,False,False,False,False
30121453,3,3,1.0,-0.0370854460324832,1.0,-0.037085446032474816,3,True,True,False,False
30158839,1,2,1.0,-0.0725504095383038,1.0,-0.0725504095383042,2,False,False,False,False
30123729,1,1,0.0,0.1659051732817105,0.0,0.1659051732817116,1,True,True,False,False
30112209,2,3,1.0,0.0021028667943547,1.0,0.0021028667943601854,3,False,False,False,False
30159676,1,1,4.0,1.0526675825507743,4.0,1.0526675825507759,1,True,True,False,False
30123979,1,1,2.0,0.1571314707135208,2.0,0.15526009836450994,2,True,False,False,True
30115390,1,1,4.0,0.1138597793751145,4.0,0.11385977937511539,1,True,True,False,False
30164362,1,1,1.5,22.988594048659937,1.5,20.830022213399708,1,True,True,False,False
30114952,1,1,4.0,0.1150263304607945,4.0,0.11502633046079451,1,True,True,False,False
30113686,2,2,1.0,0.0605968958438871,1.0,0.06059689584388792,2,True,True,False,False
30155810,4,8,2.0,0.1768585831403283,2.0,0.15655914902485998,8,False,False,False,False
30126809,1,1,0.0,0.1006833636010143,0.0,0.10068336360101418,1,True,True,False,False
30150609,2,2,1.0,0.0130212214075131,1.0,0.013021221407514152,2,True,True,False,False
30124819,2,2,1.0,0.0240217190009448,1.0,0.024021719000946594,2,True,True,False,False
30138881,1,1,4.0,0.1234081532868636,4.0,0.12340815328686515,1,True,True,False,False
30117582,1,1,0.0,0.1146222005649053,0.0,0.1146222005649053,1,True,True,False,False
30158873,4,4,4.0,0.2090957746596547,4.0,0.20909577976776006,4,True,True,False,False
30155871,1,1,0.0,0.1364786618635576,0.0,0.13647129667812416,1,True,True,False,False
30140646,3,3,4.0,0.129522002077213,4.0,0.12952200207721326,4,True,False,False,True
30156695,2,2,1.5,0.596781007804257,1.5,0.5967810078042619,2,True,True,False,False
30160530,1,1,1.0,0.0782630157536017,1.0,0.07826301575360331,1,True,True,False,False
30132792,1,1,4.0,0.130498019491702,4.0,0.1304980194917045,1,True,True,False,False
30154299,4,3,1.0,-0.0777178611672058,1.0,-0.07771786116720486,3,False,False,False,False
30151661,1,1,0.0,0.1992977900699524,0.0,0.1992977900699537,1,True,True,False,False
30146282,1,1,0.0,0.1168680739626052,0.0,0.11686807396260687,1,True,True,False,False
30116601,1,1,0.0,0.16965968537969,0.0,0.1696596853796908,1,True,True,False,False
30154329,4,4,4.0,0.8124933275500332,4.0,0.8124933275500347,5,True,False,False,True
30111864,1,1,0.0,0.1706378903061952,0.0,0.17063789030619378,1,True,True,False,False
30110989,2,2,4.0,0.4375824548166485,4.0,0.4375824548166486,3,True,False,False,True
30111824,1,1,0.0,0.1445722379445221,0.0,0.14457223794452242,1,True,True,False,False
30095087,2,2,4.0,1.259859742445729,1.5,0.8437126436541661,2,True,True,False,False
30123767,1,1,1.0,0.0687156730980616,1.0,0.06871567309806123,1,True,True,False,False
30137041,1,1,4.0,0.1099667258842473,4.0,0.10996672588424793,1,True,True,False,False
30132031,1,2,1.0,0.0291150470458304,1.0,0.03062505541789741,2,False,False,False,False
30148310,2,2,1.5,4.158234477556468,1.5,4.158234477556476,2,True,True,False,False
30116140,1,1,0.0,0.1416660159632046,0.0,0.1416660159632043,1,True,True,False,False
30121310,5,5,1.0,0.0702596419835666,1.0,0.07025964198356548,5,True,True,False,False
30110042,1,1,1.0,0.0549412381819988,1.0,0.054941238181998635,1,True,True,False,False
30166885,1,1,4.0,3.090521804080236,1.5,1.1355379266250585,1,True,True,False,False
30119618,2,2,1.0,0.0331599285885125,1.0,0.033159928588512876,2,True,True,False,False
30155824,4,3,1.0,0.015949017608083,1.0,0.015949017608082892,3,False,False,False,False
30134696,1,1,1.0,0.056887391626614,1.0,0.05688739162661587,1,True,True,False,False
30110157,1,1,1.0,0.075960241703125,1.0,0.07596024170312543,1,True,True,False,False
30156016,1,1,1.0,0.0641043652413188,1.0,0.06410436524131669,1,True,True,False,False
30147754,2,2,4.0,0.169414272899412,4.0,0.16941427289941188,3,True,False,False,True
30157947,0,0,4.0,48.20087759794236,1.5,0.8912231511288027,0,True,True,False,False
30136750,1,1,0.0,0.1168808401264008,0.0,0.11688084012640101,1,True,True,False,False
30130465,2,2,4.0,0.2282934183962169,4.0,0.22829341839621625,2,True,True,False,False
30148863,2,2,1.5,2.10871600934042,1.5,2.1087160093404287,2,True,True,False,False
30145226,5,3,1.5,6.338817161328661,1.5,5.772557209536984,4,False,False,False,False
30153853,2,2,1.0,-0.0062405480604245,1.0,-0.006240548060423484,2,True,True,False,False
30095739,2,2,4.0,0.1067436082513209,4.0,0.10674360825132058,2,True,True,False,False
30135264,2,2,1.0,0.0256644032290056,1.0,0.025664403229005144,2,True,True,False,False
30144187,7,6,4.0,0.1758508415236385,4.0,0.17585084152363917,6,False,False,False,False
30135618,3,3,1.0,-0.0369670942912568,1.0,-0.03696709429125617,3,True,True,False,False
30116551,3,2,1.5,0.2828045280145397,1.5,0.28280452801454525,2,False,False,False,False
30138675,2,2,1.0,0.0279086388069644,1.0,0.027908638806966778,2,True,True,False,False
30122900,1,1,1.0,0.0998393256627866,1.0,0.09983932566278646,1,True,True,False,False
30125618,1,1,1.0,0.0929053779454709,1.0,0.09290537794547035,1,True,True,False,False
30125706,3,4,1.0,-0.0389600761517584,1.0,-0.03896007615175776,4,False,False,False,False
30157134,1,1,1.0,0.088760344525018,1.0,0.08876034452501716,1,True,True,False,False
30140057,1,1,0.0,0.1399025243538374,0.0,0.13990252435383355,1,True,True,False,False
30158581,2,2,1.5,0.2603290031648476,1.5,0.26032900316484764,2,True,True,False,False
30112255,2,2,1.0,0.0253191980727279,1.0,0.025319198072729983,2,True,True,False,False
30132596,1,1,1.0,0.096227918641402,1.0,0.09622791864140193,1,True,True,False,False
30157554,1,1,0.0,0.127199534651512,0.0,0.1271995346515125,1,True,True,False,False
30152362,1,1,0.0,0.11992855502699,0.0,0.11992855502698938,1,True,True,False,False
30130965,1,1,4.0,0.3000635573266818,4.0,0.30006355732668194,2,True,False,False,True
30165559,1,1,0.0,0.1168277818107695,0.0,0.116827781810765,1,True,True,False,False
30154203,1,1,0.0,0.1074724428181704,0.0,0.10747244281817,1,True,True,False,False
30138120,1,1,1.0,0.0816528702748278,1.0,0.08165287027482981,1,True,True,False,False
30132074,1,1,4.0,0.2026125988169317,4.0,0.20261259881693172,1,True,True,False,False
30109070,5,5,1.0,0.0049190006230344,1.0,0.004919000623030599,5,True,True,False,False
30094641,1,1,0.0,0.1058456517062529,0.0,0.10584565170625379,1,True,True,False,False
30150182,1,2,4.0,0.1622034483878324,4.0,0.16220344838783224,2,False,False,False,False
30133176,1,1,1.0,0.0938674079141582,1.0,0.09386740791415821,1,True,True,False,False
30154170,1,1,4.0,0.1410874979941838,4.0,0.14108749799418388,1,True,True,False,False
30151896,1,1,0.0,0.1272977531382106,0.0,0.12729775313821018,1,True,True,False,False
30142663,1,1,1.0,0.0738857508510497,1.0,0.0738857508510494,1,True,True,False,False
30118785,2,3,1.0,-0.0426638265858533,1.0,-0.04266382658585046,3,False,False,False,False
30137124,2,3,1.5,0.6351899282596439,1.5,0.6351899282596619,4,False,False,False,False
30108849,1,1,0.0,0.1456530626533956,0.0,0.14564820103307075,1,True,True,False,False
30140883,2,2,1.0,0.0159315668752063,1.0,0.01593156687520733,2,True,True,False,False
30157497,2,2,4.0,0.3960275827467099,4.0,0.3960275827467109,3,True,False,False,True
30140710,1,1,0.0,0.1360173228794921,0.0,0.13601732287949178,1,True,True,False,False
30127591,1,1,0.0,0.1304877514062555,0.0,0.1304877514062548,1,True,True,False,False
30141580,1,1,1.0,0.0926548751013015,1.0,0.09265487510130266,1,True,True,False,False
30120490,1,1,1.0,0.0402756878915962,1.0,0.040275687891596086,1,True,True,False,False
30128710,1,1,4.0,1.3181994522605045,4.0,1.318199452260505,1,True,True,False,False
30120294,3,4,1.0,-0.1008834658609583,1.0,-0.10088346586096195,4,False,False,False,False
30102912,1,1,0.0,0.1112442323447553,0.0,0.11124423234475564,1,True,True,False,False
30158136,2,3,1.0,-0.0806556446710451,1.0,-0.08065564467104425,3,False,False,False,False
30131052,1,15,4.0,28446.65214342664,2.0,6.811078434662058,15,False,False,False,False
30126045,1,1,1.0,0.073000310360041,1.0,0.07300031036003737,1,True,True,False,False
30125821,3,3,1.5,1.687475372597157,1.5,1.6304601129409861,3,True,True,False,False
30149790,3,3,1.0,0.0202906139419238,1.0,0.020290637941790868,3,True,True,False,False
30129563,1,1,4.0,0.2090639569307814,4.0,0.20906395693078106,2,True,False,False,True
30154276,1,2,1.0,-0.0645682368821739,1.0,-0.0645682368821695,2,False,False,False,False
30138989,1,1,1.0,0.0759467571246746,1.0,0.07594675712467541,1,True,True,False,False
30105811,1,1,0.0,0.1018168223960297,0.0,0.1018168223960304,1,True,True,False,False
30109096,1,3,1.5,0.986879183491855,1.5,1.008157122092042,3,False,False,False,False
30155938,2,2,1.0,0.0380694630154187,1.0,0.038069463015419615,2,True,True,False,False
30125344,1,1,4.0,0.1473573168143582,4.0,0.14735731681435835,1,True,True,False,False
30095852,1,1,0.0,0.1385114506035607,0.0,0.13851145060356274,1,True,True,False,False
30162336,2,2,4.0,0.145371550533122,4.0,0.145371550533122,2,True,True,False,False
30107564,2,2,4.0,0.1315841486974734,4.0,0.13158414869747306,2,True,True,False,False
30124472,1,1,1.0,0.0638046732324491,1.0,0.0225627723047169,1,True,True,False,False
30126056,1,1,4.0,0.3887660844382735,4.0,0.38877071880777403,1,True,True,False,False
30140175,2,2,1.0,0.0769443988208991,1.0,0.0769443988209005,2,True,True,False,False
30154387,1,1,4.0,0.1117197037232526,4.0,0.11171970372325253,1,True,True,False,False
30141067,1,1,1.0,0.0742675663366046,1.0,0.0742675634328144,1,True,True,False,False
30140936,2,2,4.0,0.1414626361019859,4.0,0.14146263610198687,2,True,True,False,False
30114703,5,5,4.0,0.2846979625753215,4.0,0.2846979625753198,6,True,False,False,True
30095176,1,2,1.0,0.0031375336568394,1.0,0.0031375336568447137,2,False,False,False,False
30121073,1,1,4.0,0.1886954307040466,4.0,0.18869543070404682,1,True,True,False,False
30119590,1,2,1.0,0.002825225632958,1.0,0.0028252256329584016,2,False,False,False,False
30110700,1,1,0.0,0.1804967814215145,0.0,0.18049678142151476,1,True,True,False,False
30139644,4,3,1.5,7.263992803728346,1.5,6.052084953040252,3,False,False,False,False
30098276,1,2,1.0,0.0263455498150846,1.0,0.026345549815088264,2,False,False,False,False
30148224,6,6,4.0,10.87895192199575,1.0,-0.4493815637721961,6,True,True,False,False
30166234,2,2,4.0,0.5539300689055283,4.0,0.5539300689055285,2,True,True,False,False
30130997,3,3,1.0,-0.018178543530501,1.0,-0.018178543530502696,3,True,True,False,False
30143126,3,3,0.0,0.1096181389317098,0.0,0.10961813904055454,3,True,True,False,False
30166084,2,2,1.0,0.0694005757225498,1.0,0.06940057572254704,2,True,True,False,False
30104569,1,1,1.0,0.0665729140385876,1.0,0.06657291403858784,1,True,True,False,False
30138560,1,1,0.0,0.1508478104235055,0.0,0.15084781042350626,1,True,True,False,False
30104150,2,2,4.0,0.3292480353578051,4.0,0.32924803535780633,2,True,True,False,False
30134325,2,2,4.0,0.2041146559315611,4.0,0.20411465593156025,3,True,False,False,True
30153709,4,4,1.0,-0.2482973782112269,1.0,-0.24829737821122574,4,True,True,False,False
30128478,2,2,1.0,-0.0620984340134064,1.0,-0.062098434013403474,2,True,True,False,False
30166224,1,1,0.0,0.1012558540083204,0.0,0.10125099347797517,1,True,True,False,False
30154430,1,1,1.0,0.07574397815077,1.0,0.07574397815077089,1,True,True,False,False
30108153,5,5,1.0,-0.048783789621241,1.0,-0.04878378962124004,5,True,True,False,False
30156491,2,2,4.0,0.2003726733216825,4.0,0.20037267332168213,2,True,True,False,False
30124588,2,4,1.5,0.4980272410980075,1.5,0.4980272410980088,4,False,False,False,False
30119450,4,3,1.0,0.0269896176081148,1.0,0.026989617608116974,3,False,False,False,False
30115539,1,1,0.0,0.1611987312453464,0.0,0.16119873124534737,1,True,True,False,False
30124106,2,2,1.0,0.0926843457230292,1.0,0.09268434572302887,2,True,True,False,False
30105775,2,2,4.0,0.2468451255567395,4.0,0.24684512555674046,2,True,True,False,False
30159669,1,1,0.0,0.1448073618935464,0.0,0.14480736189354673,1,True,True,False,False
30118389,2,2,1.0,0.0459456754079029,1.0,0.045946030268432136,2,True,True,False,False
30109051,1,1,4.0,35.03198358041178,1.5,18.199427252639314,1,True,True,False,False
30149900,3,3,1.0,-0.1117456740259818,1.0,-0.11174567402598212,3,True,True,False,False
30109672,1,1,0.0,0.1243343947921972,0.0,0.12433439479219649,1,True,True,False,False
30109530,5,5,1.0,0.0236757280508288,1.0,0.023675728050832862,5,True,True,False,False
30122506,1,1,0.0,0.1127234917645838,0.0,0.1127234917645836,1,True,True,False,False
30145349,2,2,4.0,0.1157559568467152,4.0,0.11575595684671697,2,True,True,False,False
30143511,10,11,1.0,-0.547216151468517,1.0,-1.3220461725232042,11,False,False,False,False
30140471,1,1,4.0,0.1169533326572023,4.0,0.11696040057791024,1,True,True,False,False
30140104,1,1,4.0,0.1613494160216708,4.0,0.1613494160216723,1,True,True,False,False
30127034,4,4,4.0,0.1030541242414959,4.0,0.10305412424149807,4,True,True,False,False
30132705,1,1,1.0,0.051474520851202,1.0,0.05147452085120242,1,True,True,False,False
30133444,1,1,0.0,0.107078923837388,0.0,0.1070789238373849,1,True,True,False,False
30105956,1,1,1.5,0.1393830175876899,1.5,0.16522495801052844,1,True,True,False,False
30147677,4,4,1.0,-0.0642881212667739,1.0,-0.06428812126677332,4,True,True,False,False
30124380,1,1,1.0,0.0985276254372707,1.0,0.09852762543727175,1,True,True,False,False
30158529,3,2,1.0,0.091090383048059,1.0,0.09109038304805911,2,False,False,False,False
30121143,1,1,1.0,0.096710409610695,1.0,0.09671040961069546,1,True,True,False,False
30154073,1,1,0.0,0.1173668653133132,0.0,0.11736686531331081,1,True,True,False,False
30148568,1,1,4.0,12.103489382398228,1.5,1.5873456838959394,1,True,True,False,False
30133596,1,1,0.0,0.1935747811527841,0.0,0.19357478115278404,1,True,True,False,False
30134955,6,6,4.0,261.8056803621559,1.5,2.423304880567645,6,True,True,False,False
30159200,1,1,0.0,0.1231638704180957,0.0,0.12316387041809637,1,True,True,False,False
30147521,5,5,1.0,-0.1412044490190623,1.0,-0.14120444901906146,5,True,True,False,False
30148066,2,2,1.0,0.0228463449612142,1.0,0.02284634496121444,2,True,True,False,False
30158329,1,2,4.0,0.3638745262739392,4.0,0.3638745262739391,3,False,False,False,False
30140324,1,1,0.0,0.1289468316760224,0.0,0.12894683167602292,1,True,True,False,False
30144838,1,1,4.0,0.6784450728709749,4.0,0.6784450728709748,1,True,True,False,False
30128639,1,1,0.0,0.1825969515483305,0.0,0.18259695154833147,1,True,True,False,False
30165580,1,1,1.0,0.0694230527761094,1.0,0.06942305277611018,1,True,True,False,False
30149855,2,2,0.0,0.1117493300174029,0.0,0.11174933001740187,2,True,True,False,False
30110860,4,5,1.0,-0.1140504549510506,1.0,-0.11405045495104704,5,False,False,False,False
923407776397,1,3,1.5,2.192552690566397,1.5,2.1925526905664094,3,False,False,False,False
9234412211567,3,2,1.5,1.3049223726582408,1.5,1.334983638796693,2,False,False,False,False
9237831513872,1,1,4.0,2.376351108645645,1.5,1.2404130966512783,1,True,True,False,False
9235276621233,0,1,4.0,10.900244042983283,4.0,0.5191340141574364,1,False,False,False,False
923989397072,0,1,4.0,0.3787422598635913,4.0,0.5693734988530803,1,False,False,False,False
923379491034,6,5,1.0,0.0927723088503743,1.0,0.09277230885037267,5,False,False,False,False
9000376640,1,2,1.5,20.65041170534225,1.5,17.52752733575286,2,False,False,False,False
9159317010545,7,5,4.0,114.22670834024753,1.5,19.07305175942457,6,False,False,False,False
9235669216635,2,2,0.0,0.1326048714802644,0.0,0.13260487148026315,2,True,True,False,False
923736673352,0,1,4.0,10.60190186027032,1.5,1.3872760622019227,2,False,False,False,False
92352701519,0,0,4.0,25.103759735778933,1.5,11.48219427527054,0,True,True,False,False
9233544912842,0,2,1.0,-0.0535790624060559,1.0,-0.05357906240605025,2,False,False,False,False
923418883419,1,2,1.5,1.036241560019804,1.5,1.036241560019812,2,False,False,False,False
9237183913434,0,1,4.0,2.1426368976469083,1.0,0.0958063274460999,1,False,False,False,False
923592265776,1,1,0.0,0.2680424229239007,0.0,0.19168315777570988,1,True,True,False,False
9235121417400,0,1,4.0,9.920367986548865,1.5,0.3999785995121095,1,False,False,False,False
9240132411936,0,2,1.0,0.0530488716135958,1.0,-0.014875095530817825,2,False,False,False,False
9240806520912,1,2,1.0,0.0693821675911056,1.0,0.06938216759110755,2,False,False,False,False
9240086517612,0,0,4.0,26.718925012588954,4.0,0.8729649140367702,0,True,True,False,False
923643958830,8,6,4.0,41.4021184894834,1.0,-0.9774646754420812,6,False,False,False,False
923642909817,2,2,1.5,3.399266990436334,1.5,3.16623119084516,2,True,True,False,False
9240947514812,1,2,1.0,-0.1090804958741531,1.0,-0.10908049587415339,2,False,False,False,False
9237085519067,0,1,4.0,17.292128596044517,1.5,2.0321835723900086,1,False,False,False,False
9236723913560,0,4,4.0,94.84161121728935,1.5,20.85155889939064,4,False,False,False,False
9239035819892,0,1,4.0,0.156501131580766,4.0,0.15650113158076576,1,False,False,False,False
923696743877,1,1,0.0,0.2637693242561766,1.0,0.09629307514531182,1,True,True,False,False
923905673350,1,1,0.0,0.2056061053620093,0.0,0.20560610536201077,1,True,True,False,False
923162955104,7,6,1.0,-0.3192995828393326,1.0,-0.3192996589397433,6,False,False,False,False
923374574208,2,3,1.0,-0.2386916642584693,1.0,-0.22718143880891697,3,False,False,False,False
923599795855,2,2,1.0,-0.0798362749122257,1.0,-0.07983627491222621,2,True,True,False,False
923377781282,1,1,4.0,13.7226340097841,4.0,0.23856059051551243,1,True,True,False,False
923950375763,2,1,4.0,0.1672226575034894,4.0,0.16722265750348903,1,False,False,False,False
9239959213226,1,1,0.0,0.1182487528029739,0.0,0.11824875280297323,1,True,True,False,False
9238775521268,0,1,4.0,15.825121320336711,4.0,0.1579851862107161,1,False,False,False,False
923362582003,1,2,1.0,0.0220438136354576,1.0,0.02204381363545941,2,False,False,False,False
924130499327,0,3,2.0,0.1806853806271509,2.0,0.32771269080523496,4,False,False,False,False
9241112414453,0,0,4.0,82.55947903974794,1.5,8.042837433939793,0,True,True,False,False
923403643983,0,2,4.0,47.6569324665947,1.5,10.39544334526728,2,False,False,False,False
9232777514769,0,0,4.0,93.53658940103736,1.5,14.282711634635568,0,True,True,False,False
923979501758,2,5,1.5,1.2987408089410892,1.5,0.7493500325807831,5,False,False,False,False
923543318849,1,2,1.0,-0.1224444480431687,1.0,-0.12244444804316709,2,False,False,False,False
924002047864,2,2,1.5,1.5898076003616344,1.5,1.0238300692485642,2,True,True,False,False
923899384150,0,1,0.0,0.1097723949127171,0.0,0.10977239491271631,1,False,False,False,False
9238263316942,2,2,1.5,14.4073386508377,1.5,13.440079680597536,3,True,False,False,True
9236928217408,1,1,4.0,16.62392240942259,1.5,2.7514258862126617,1,True,True,False,False
9241311518635,1,2,1.0,0.0850333661475437,1.0,0.08503336614754378,2,False,False,False,False
9240474817802,0,0,4.0,39.83564027551654,1.5,0.8507561658482126,0,True,True,False,False
92320301101,1,2,1.0,-0.0771110269939423,1.0,-0.0771110269939397,2,False,False,False,False
923203513184,2,3,1.5,5.817019388338252,1.5,5.817019388338256,3,False,False,False,False
92352747735,4,6,1.0,-0.0405499261407497,1.0,-0.04054992614073827,6,False,False,False,False
9235280712294,0,1,4.0,0.8330367908743878,4.0,0.4318550408382864,1,False,False,False,False
9237135413033,1,2,1.0,-0.0750902727053309,1.0,-0.07509027270532108,2,False,False,False,False
9240033920977,2,3,1.5,45.91804141404354,1.5,26.79205803360062,3,False,False,False,False
9238748320326,0,0,4.0,42.97602396547995,4.0,1.0697863025975938,0,True,True,False,False
9239460410117,5,3,1.5,0.195313264466059,1.5,0.19531326446606703,3,False,False,False,False
9237707519760,0,0,4.0,37.57262205967314,1.5,1.4128368015035326,0,True,True,False,False
9237901720955,1,2,1.5,3.1682313823785835,1.5,3.1682313823785933,3,False,False,False,False
923809322809,0,0,4.0,97.9519698771326,1.5,21.472388595622643,0,True,True,False,False
9236964716479,1,0,4.0,41.16696621939299,1.5,16.220124167925512,0,False,False,False,False
9234397618225,2,2,1.0,-0.0307378434613983,1.0,-0.03073784346139622,2,True,True,False,False
9236467215719,1,2,1.0,-0.1937527547463776,1.0,-0.19375275474637652,2,False,False,False,False
9241796810886,1,2,1.0,-0.0032850066701171,1.0,-0.003285006670118539,2,False,False,False,False
923889125301,3,3,1.0,0.0458221822447313,1.0,0.04582218224473298,3,True,True,False,False
9239040516797,2,1,0.0,0.3387763188040794,0.0,0.10166644887350254,1,False,False,False,False
9240371210429,0,1,4.0,20.45624391729907,1.5,2.447404912294342,1,False,False,False,False
924054406670,1,2,1.0,0.0570445546687946,1.0,0.05704455466879272,2,False,False,False,False
9238696321163,1,1,4.0,1.1793279568802926,4.0,0.7163092050992632,1,True,True,False,False
923522326713,1,2,1.0,-0.0965267511501836,1.0,-0.09652675115018343,2,False,False,False,False
923265327996,1,2,1.5,0.2465045071604941,1.5,0.24650450716049113,2,False,False,False,False
9236072892,1,2,1.5,19.804877583579085,1.5,16.17810016236954,2,False,False,False,False
923899534114,1,2,4.0,650.9263060949218,1.5,17.189659168583287,2,False,False,False,False
9235041110881,2,2,1.0,0.0002110376805817,1.0,0.00021103768059046058,2,True,True,False,False
9233078815785,0,2,4.0,1.178818286876313,1.5,0.46443805543831856,2,False,False,False,False
923540615566,1,1,0.0,0.1704428780055604,0.0,0.16697125394868184,1,True,True,False,False
923900211656,1,2,1.0,-0.0886079202508716,1.0,-0.08860792025087258,2,False,False,False,False
9236709910659,1,2,1.0,-0.0263021707033603,1.0,-0.10714474832361823,2,False,False,False,False
900001123880,1,2,1.0,-0.0121205738582888,1.0,-0.10080089466039449,2,False,False,False,False
9240443612463,4,2,1.5,7.100064143714449,1.5,4.178908982210922,2,False,False,False,False
9237777310496,2,3,1.0,-0.106659779517749,1.0,-0.13824028913350367,3,False,False,False,False
92370572790,9,5,1.0,-0.1303304959638739,1.0,-0.13033049596387733,5,False,False,False,False
9231894010702,5,5,1.5,0.6752016187805138,1.5,0.7060049186182985,5,True,True,False,False
9241698319040,0,4,4.0,1.1214992805012751,1.5,0.4229203758674589,4,False,False,False,False
923601559943,3,2,1.0,-0.0566847117736854,1.0,-0.05668471177368775,2,False,False,False,False
9237525611922,2,2,1.0,-0.0254957481537923,1.0,-0.0254957481537924,2,True,True,False,False
9237644618579,1,2,1.5,4.952562560046257,1.5,3.7795240988384275,2,False,False,False,False
9236320313192,1,1,1.0,0.0664685689578453,1.0,0.06646856895784611,1,True,True,False,False
9236473817083,2,2,1.5,0.4697659819889171,1.5,0.46976598198892583,2,True,True,False,False
9240833315452,1,1,0.0,0.1027091891423838,0.0,0.10270918914238211,1,True,True,False,False
900010043586,1,2,1.0,-0.0911776994771933,1.0,-0.09117769947719234,2,False,False,False,False
924151149249,0,0,4.0,26.633008418189032,1.5,1.0345859379541866,0,True,True,False,False
9234358016207,0,0,4.0,1009.1246159306314,1.5,30.29255075050146,0,True,True,False,False
9234388517157,0,0,4.0,300.72624437069305,1.5,40.25808909979581,0,True,True,False,False
915930545045,2,2,1.0,0.0454113971412165,1.0,0.04541139714121608,2,True,True,False,False
9236891413485,0,0,4.0,47.67275006801347,4.0,0.39819879127918256,0,True,True,False,False
9233771020595,0,1,1.5,0.6231733890718333,1.5,0.5939268521825255,1,False,False,False,False
923763104031,1,2,1.0,0.0600559511947781,1.0,0.060055951194784636,2,False,False,False,False
923399959753,1,1,0.0,0.2080476802510711,0.0,0.19343310498417857,1,True,True,False,False
923657955662,0,0,4.0,973.8767717322024,1.5,22.210049603652323,0,True,True,False,False
9231774916011,1,1,0.0,0.1305235077796178,0.0,0.12877896826927238,1,True,True,False,False
923183091912,1,2,1.0,-0.1665925295672622,1.0,-0.16659252956726142,2,False,False,False,False
924094611451,0,0,4.0,58.90934901017823,1.5,17.58538400659929,0,True,True,False,False
900023893074,2,3,1.5,0.351559202028131,1.5,0.3515592020281412,3,False,False,False,False
9233684020925,1,2,1.0,-0.1141387168297269,1.0,-0.11413871682972337,2,False,False,False,False
9234816918573,0,0,4.0,28.991029515083437,4.0,0.8891316593828514,1,True,False,False,True
923448188104,1,1,1.0,0.0785034166903247,1.0,0.07849848322462424,1,True,True,False,False
900002831715,0,0,4.0,19.269171203749867,4.0,0.7346179705957099,0,True,True,False,False
92406568729,0,0,4.0,34.54820584455694,1.5,1.3579407273891224,0,True,True,False,False
923378487184,0,1,0.0,0.1576069720580883,0.0,0.12842223593109892,1,False,False,False,False
9233909611540,1,2,1.0,-0.0953403883965417,1.0,-0.09534038839654016,2,False,False,False,False
923642412423,1,2,1.5,8.283950548612719,1.5,6.240681548032775,2,False,False,False,False
923935999370,1,1,2.0,0.1550924742064452,2.0,0.15509247420644898,2,True,False,False,True
924044109614,1,2,1.0,-0.0768761023915211,1.0,-0.07687610239151613,2,False,False,False,False
9240937120909,1,1,0.0,0.1348437843615067,0.0,0.13484378436150726,1,True,True,False,False
9234458210829,2,3,1.0,0.017741979505975,1.0,0.017741979505984946,3,False,False,False,False
923489367703,0,0,4.0,1221.937143865831,1.5,41.73284967703559,0,True,True,False,False
9240962317974,1,1,0.0,0.2896064037120172,1.0,0.09400865470961531,1,True,True,False,False
924132085723,1,1,4.0,1.147308428106191,1.5,0.9055220765389731,1,True,True,False,False
923488553584,1,2,4.0,0.2530610500571572,4.0,0.25306105005715984,2,False,False,False,False
923564652273,1,1,0.0,0.2176047802798152,0.0,0.14786087556328464,1,True,True,False,False
9239604519009,0,0,4.0,111.2359646612705,1.5,11.865407563235358,0,True,True,False,False
9236941213394,0,4,4.0,808.093781498044,1.5,27.094089309441426,5,False,False,False,False
9241154216373,1,2,1.0,-0.0989464913381957,1.0,-0.0989464913381948,2,False,False,False,False
923160761446,4,2,1.5,3.900699989368429,1.5,3.8083183621543126,2,False,False,False,False
9237630519459,0,0,4.0,48.18303824505068,4.0,0.7965077447911806,0,True,True,False,False
923776286969,0,0,4.0,61.71945615382343,1.5,31.493041123593258,0,True,True,False,False
923552869230,0,6,4.0,8206.545317370965,1.5,46.813680569828755,6,False,False,False,False
923653018957,1,1,1.0,0.0730433360547913,1.0,0.07182417899438434,1,True,True,False,False
9115987717145,9,6,4.0,11.043987732124233,1.0,-0.18946993413465316,6,False,False,False,False
9238644017368,4,2,4.0,1.881186975651136,2.0,6.912350762631698,2,False,False,False,False
9234030711016,1,1,4.0,0.4968269329515214,4.0,0.49682693295152336,1,True,True,False,False
9235316816984,0,0,4.0,42.39122663147846,1.5,0.723408907376093,0,True,True,False,False
9237593917537,2,3,1.5,17.828522856162262,1.5,16.594883317399795,3,False,False,False,False
924101817712,0,1,4.0,7.651977672849958,1.5,0.7736125545950346,1,False,False,False,False
924069442882,0,1,0.0,0.1767342221321624,0.0,0.1767342221321637,1,False,False,False,False
923631467640,0,2,1.0,0.0837246989197598,1.5,0.4614034547861412,2,False,False,False,False
92378681522,0,8,4.0,43.417455730218514,1.0,-1.6112781824606404,8,False,False,False,False
9234983115501,0,0,4.0,330.3513435075261,1.5,53.61323436623646,0,True,True,False,False
90000229507,2,3,1.0,0.0039035685782952,1.0,0.003903568578295758,3,False,False,False,False
9240882013554,4,4,1.0,-0.0541630742586561,1.0,-0.05416307425865722,4,True,True,False,False
924063728498,1,1,0.0,0.1351477387262552,0.0,0.13514773872625477,1,True,True,False,False
9232163713395,0,1,4.0,1.9089525365157132,1.0,0.09433906808896485,1,False,False,False,False
924030918229,1,1,0.0,0.2758312023455505,1.0,0.09385004874545158,1,True,True,False,False
923366426026,1,1,0.0,0.2678791263731188,0.0,0.23763268022841313,1,True,True,False,False
924027926286,1,2,1.0,-0.1263778130738626,1.0,-0.1263778130738657,2,False,False,False,False
923455279052,0,2,2.0,0.100370749472888,2.0,1.4316939026470274,2,False,False,False,False
923905216767,1,1,1.5,0.4312759645645836,1.5,0.43127596456457923,1,True,True,False,False
923553691660,0,0,4.0,47.7574488816144,4.0,0.6858425927740094,0,True,True,False,False
9241530614131,0,0,1.5,277.8961116983484,1.5,60.05715380753855,0,True,True,False,False
9237622617670,1,1,0.0,0.1487382903324369,0.0,0.1487382903324366,1,True,True,False,False
923828853536,2,3,1.5,1.912028770126082,1.5,1.6229439009842688,3,False,False,False,False
924090311263,0,0,4.0,47.66974651022218,4.0,1.187710621957532,0,True,True,False,False
923236512717,2,3,1.0,-0.0286192123921104,1.5,0.10524878766059141,3,False,False,False,False
923381085164,2,2,1.0,0.0585132489807321,1.0,0.05851324898073199,2,True,True,False,False
92358583186,1,2,1.0,-0.0190237597436394,1.0,-0.01902375974363934,2,False,False,False,False
9238598620835,3,5,1.0,-0.1653955835762811,1.0,-0.16539558357626857,5,False,False,False,False
9237105115916,2,3,1.0,-0.0138896406609689,1.0,-0.013889640660964294,3,False,False,False,False
92374912716,3,4,1.0,-0.2270093606781145,1.0,-0.22700936067811592,4,False,False,False,False
9240451020902,1,1,4.0,2.564488741008712,1.5,0.2241154770319484,1,True,True,False,False
9241029917646,1,2,1.0,-0.0339347992144241,1.0,-0.0339347992144181,2,False,False,False,False
900033142008,1,2,1.0,0.0224020129590254,1.0,0.02240201295903111,2,False,False,False,False
9235696014951,1,1,0.0,0.2298736297075058,0.0,0.22987362970750566,1,True,True,False,False
923817773093,0,0,4.0,28.21590149669432,4.0,0.9969999873732491,0,True,True,False,False
9235504815107,0,0,4.0,43.0246836619348,1.5,1.1970714828511937,0,True,True,False,False
924152285431,4,3,1.0,0.0848204729265926,1.0,0.08482047292659728,3,False,False,False,False
923483963563,1,2,1.0,-0.0582435963479217,1.0,-0.05824359634791757,2,False,False,False,False
9235320313156,2,2,1.0,-0.009993264943989,1.0,-0.009993264943992115,2,True,True,False,False
923281174623,1,1,0.0,0.2933211208517051,0.0,0.19659002055698702,1,True,True,False,False
9241741817877,1,2,1.0,-0.0010901782737516,1.0,-0.0010901782737524,2,False,False,False,False
9237237718842,0,0,1.5,77.37689129123682,1.5,16.01612275881764,0,True,True,False,False
9240311612760,4,3,4.0,1447.6132716197965,1.5,20.285149683199393,3,False,False,False,False
92376251813,1,2,1.0,0.003950472953524,1.0,0.003950472953525885,2,False,False,False,False
923626568758,1,2,1.0,-0.0481028522966464,1.0,-0.08160581795606736,2,False,False,False,False
9239757518128,3,2,1.5,32.81853892486715,1.5,23.536812538816925,2,False,False,False,False
92387997915,2,2,1.5,0.1341678401585458,1.5,0.13416784015854594,2,True,True,False,False
9236593320540,2,2,1.5,0.4939637755490309,1.5,0.49396377554903986,2,True,True,False,False
9239716311710,0,1,4.0,21.463346517087537,4.0,0.6846242453485093,0,False,True,True,False
923663838746,0,15,4.0,44648.29881999566,2.0,2.999650920433522,5,False,False,False,False
9241620921177,1,1,0.0,0.3060797899358364,0.0,0.21300396938163899,1,True,True,False,False
9233936921256,0,1,0.0,0.1797478725222393,0.0,0.17366097259783594,1,False,False,False,False
923561238075,0,3,4.0,77.07816809991455,1.5,13.655526020358304,4,False,False,False,False
923642236347,0,7,4.0,3802.143835103766,1.5,52.96539601424532,7,False,False,False,False
923428716905,1,2,1.0,-0.051351158888187,1.0,-0.05135115888819092,2,False,False,False,False
923587507867,1,1,1.0,0.0396132778242616,1.0,0.03961327782425914,1,True,True,False,False
9235752620409,1,2,4.0,0.1782564544451109,4.0,0.1782564544451119,2,False,False,False,False
9235192815830,0,2,1.5,5.577112733856581,1.5,4.498639098186004,2,False,False,False,False
924066962670,1,1,0.0,0.1135150651361473,0.0,0.11351506513614643,1,True,True,False,False
923573737714,0,0,1.5,196.5117595497411,1.5,37.1052360995758,0,True,True,False,False
9236760015459,1,1,0.0,0.3031271963129028,0.0,0.11775508207562138,1,True,True,False,False
9240052516817,0,1,4.0,2.129945313211516,4.0,0.10720076535873015,2,False,False,False,False
9231789210671,6,6,4.0,55.17880170338226,1.5,5.257845254226448,6,True,True,False,False
9236147720942,2,3,1.5,53.15521562997932,1.5,32.19650800529602,3,False,False,False,False
9240461013425,0,1,4.0,133.3908205390619,1.5,55.37188730825005,1,False,False,False,False
9239125913453,1,1,0.0,0.147172962711054,0.0,0.14717296271105376,1,True,True,False,False
9234911017879,1,2,1.5,40.33736132979664,1.5,27.10498609682943,2,False,False,False,False
923414346952,2,2,1.5,0.7969399969620119,1.5,0.7969399969620135,2,True,True,False,False
923683991078,2,3,1.0,0.0820049223886152,1.0,0.08200492238862292,3,False,False,False,False
9237070114919,0,0,4.0,48.26497256605255,4.0,1.0462939833790859,0,True,True,False,False
9236953512704,0,1,0.0,0.12797389598467,0.0,0.12797389598467102,1,False,False,False,False
923276195777,1,2,1.0,0.0095245150023752,1.0,0.009524515002376395,2,False,False,False,False
9234527514034,1,2,1.0,-0.077170513888515,1.0,-0.07717051388851356,2,False,False,False,False
923764808604,1,1,0.0,0.2780987580021163,1.0,0.09080097690419478,1,True,True,False,False
923228751579,1,1,0.0,0.1198536758147252,0.0,0.11985367581472614,1,True,True,False,False
923904738523,9,3,1.5,9.2666975765225,1.5,7.609292198592727,3,False,False,False,False
9234260021323,1,1,0.0,0.1431678558038741,0.0,0.1217169647868594,1,True,True,False,False
923447535864,1,1,0.0,0.3716598265410512,0.0,0.19580560197002148,1,True,True,False,False
924145412669,0,0,4.0,126.909495255559,1.5,53.05277064411811,0,True,True,False,False
9237743910037,1,1,0.0,0.1088316346081378,0.0,0.10883163460813697,1,True,True,False,False
9237864416087,1,1,0.0,0.1140626751543276,0.0,0.11406267515432808,1,True,True,False,False
911592914591,1,1,0.0,0.1830293329171501,0.0,0.1327485915972312,1,True,True,False,False
924121601814,0,1,4.0,22.78568970261592,4.0,0.4987773883258697,1,False,False,False,False
923201767290,0,0,4.0,69.47036277147345,1.5,36.50973703882876,0,True,True,False,False
9232165312001,0,0,1.5,120.01458662565024,1.5,41.42758495777005,0,True,True,False,False
900014873344,1,1,0.0,0.1065893640757394,0.0,0.10658936407574066,1,True,True,False,False
9239414612777,3,3,1.5,0.4126604498904034,1.5,0.41266044989040673,3,True,True,False,False
923863669430,1,1,1.0,0.0809467975075151,1.0,0.08094679750751446,1,True,True,False,False
92397109579,2,2,1.0,0.0519492620870505,1.0,0.05194926208704876,2,True,True,False,False
9235897617030,1,1,4.0,0.2728876525605778,4.0,0.2728876525605787,1,True,True,False,False
9236038620455,0,1,4.0,3.4519496014316084,4.0,0.35722850639109793,1,False,False,False,False
923585157504,0,0,4.0,51.01012234530007,1.5,6.801813102531861,0,True,True,False,False
924101079985,0,0,4.0,48.22616503476315,1.5,5.139596924395703,0,True,True,False,False
9241201311160,1,1,0.0,0.1126005313260183,1.0,-0.001806191991773948,1,True,True,False,False
923526596613,2,3,1.0,-0.0588679585140803,1.0,-0.0588679585140786,3,False,False,False,False
923606754715,1,1,1.0,0.0682880462331696,1.0,0.06828804623316945,1,True,True,False,False
9239594316300,1,3,1.0,-0.0226968276943337,1.0,-0.022696827694330825,3,False,False,False,False
923698396777,0,0,4.0,50.50468568641279,1.5,3.795631215531358,0,True,True,False,False
923626866443,0,1,4.0,1.8884173684652088,4.0,0.438544801173652,1,False,False,False,False
9238780919265,0,0,4.0,48.153948438736,1.5,4.076789384889991,0,True,True,False,False
90001069321,2,1,1.0,0.0339797447734596,1.0,0.0339797447734611,1,False,False,False,False
9234087419524,0,0,4.0,47.8399065945787,4.0,1.1078927642013063,0,True,True,False,False
923206492353,5,3,1.5,0.8748880746858899,1.5,0.8748880746858904,3,False,False,False,False
9238259921076,1,1,0.0,0.1375591342534278,0.0,0.10304851732917725,1,True,True,False,False
9235488918214,2,2,1.5,31.26112043226224,1.5,19.358318937162768,3,True,False,False,True
9240173117694,0,0,4.0,46.20804119822492,4.0,1.031071382569948,0,True,True,False,False
9234286410382,1,1,0.0,0.2488241713545968,0.0,0.19423969244525272,1,True,True,False,False
90003923317,2,1,4.0,6.39744854711455,1.5,1.4599921171591763,1,False,False,False,False
9236785214991,1,2,1.0,0.0353412486869263,1.0,0.09666523293826723,2,False,False,False,False
923712401512,0,1,4.0,13.68262908430351,4.0,0.3739457967432117,1,False,False,False,False
900011912836,2,2,0.0,0.1668694055792367,0.0,0.10054551743606627,2,True,True,False,False
9236309620717,2,2,4.0,0.1284616103282074,4.0,0.1284616103282073,3,True,False,False,True
9240693920494,0,3,4.0,11.48930227308311,2.0,9.37599906494305,3,False,False,False,False
923356241075,1,1,1.0,0.0762423016802036,1.0,0.07624230168020033,1,True,True,False,False
923989751290,1,2,1.0,-0.0172817254507771,1.0,-0.01728172545077665,2,False,False,False,False
923835343281,2,5,4.0,1.4993002553987302,1.5,13.032923509284107,7,False,False,False,False
923562059922,0,0,4.0,1517.4234303166788,1.5,48.65576852339503,0,True,True,False,False
923708306865,1,2,1.5,0.1805933836324074,1.5,0.18059338363241795,2,False,False,False,False
924155216092,1,1,1.0,0.0138776295396054,1.0,-0.009926913907148567,1,True,True,False,False
9232974610355,0,0,4.0,47.81898471662831,4.0,1.0734459372640803,0,True,True,False,False
9240971010719,2,3,1.5,9.718727517518436,1.5,9.052433032197795,3,False,False,False,False
923625039600,0,0,4.0,447.4140667150815,1.5,43.179747326257505,0,True,True,False,False
923610492740,0,0,4.0,46.94432591678014,4.0,0.4752720472450291,0,True,True,False,False
923960401425,2,3,1.0,-0.0330701772904956,1.0,-0.03307017729048262,3,False,False,False,False
923542968801,2,2,1.0,0.0998371000210363,1.0,0.0998371000210366,2,True,True,False,False
923466787116,0,0,4.0,45.2479654620067,1.5,1.219064433625146,0,True,True,False,False
923906285904,2,2,1.5,0.7853405734557349,1.5,0.7853405734557352,2,True,True,False,False
923636423533,0,2,1.0,-0.1186180268240121,1.0,-0.11194136040764491,2,False,False,False,False
924021521090,0,0,4.0,54.32461596363244,1.5,1.9451147157311857,0,True,True,False,False
900030294232,1,1,1.0,0.0564287049926862,1.0,0.05642870499268491,1,True,True,False,False
9239148818642,0,0,4.0,44.05270888382198,1.5,1.3522183247656192,0,True,True,False,False
923424088290,0,0,4.0,4655.861846578185,1.5,43.71932736933912,0,True,True,False,False
9233476714402,2,2,1.0,-0.083840551382473,1.0,-0.08773215208868498,2,True,True,False,False
9235447319560,0,1,4.0,49.34867506570769,1.5,1.205208098439904,1,False,False,False,False
923775842562,1,2,1.5,0.4458717158347914,1.5,0.4458717158348026,2,False,False,False,False
9240132213909,1,1,1.0,0.0545079269263439,1.0,0.05450792692634516,1,True,True,False,False
9234537810482,1,2,1.5,0.1826293212068923,1.5,0.30763633753340114,2,False,False,False,False
923191514346,1,1,0.0,0.3697015654561443,0.0,0.2194453540249425,1,True,True,False,False
923509232887,1,1,1.0,0.0607918370482968,1.0,0.06079183704829561,1,True,True,False,False
923993242949,1,1,4.0,5.986650018100608,1.5,1.0402974902243738,1,True,True,False,False
923646282625,1,1,1.0,0.0442079948012009,1.0,0.044207994801197116,1,True,True,False,False
923970947265,0,0,4.0,71.22023634005879,1.5,4.571929699866704,0,True,True,False,False
923599648167,1,1,0.0,0.1670143466014351,0.0,0.16701434660143327,1,True,True,False,False
923851748462,1,1,0.0,0.3542028906913034,0.0,0.1583744613233337,1,True,True,False,False
924176855693,0,0,4.0,550.0177654204276,1.5,34.72856500894596,0,True,True,False,False
9238035213417,0,1,4.0,16.044224453341897,4.0,0.44708624308579026,1,False,False,False,False
9116020715372,2,2,1.5,0.3256610352073344,1.5,0.32566103520734174,3,True,False,False,True
9241372215379,1,2,1.0,0.0206651508526555,1.0,0.020665150852656196,2,False,False,False,False
9231696414473,0,0,4.0,55.77692219594436,1.5,0.7895356455250108,0,True,True,False,False
9233262711363,1,1,0.0,0.1594998707955433,0.0,0.1590519140628526,1,True,True,False,False
9235257016297,6,4,4.0,32.69929748786101,1.5,6.61902152141704,4,False,False,False,False
9238649014321,1,1,1.5,5.4075675535844905,1.5,5.609536399989121,1,True,True,False,False
9236585419959,0,0,4.0,47.815563755454086,1.5,1.965494725292086,0,True,True,False,False
923474248892,2,2,1.0,0.0691675552379416,1.0,0.0691675552379412,2,True,True,False,False
92372856117,1,1,0.0,0.1411633564659642,0.0,0.13057687420682776,1,True,True,False,False
923659836911,3,2,1.0,0.0826200246147494,1.0,0.08262002461475144,2,False,False,False,False
9235602711684,1,1,1.0,0.0183657385509326,1.0,0.019016159505947726,1,True,True,False,False
9231701514824,1,2,1.0,-0.0941195405751433,1.0,-0.09411954057514037,2,False,False,False,False
9241524938,0,1,4.0,3.920250838080342,1.0,0.025346327603065023,1,False,False,False,False
923802951268,0,1,4.0,5.243061340452454,4.0,0.3848494280519422,1,False,False,False,False
923165728265,0,1,4.0,212.37464738662183,1.5,33.52702328135297,1,False,False,False,False
9236561413491,1,1,0.0,0.2615429169342576,0.0,0.10015565023850101,1,True,True,False,False
923638601824,1,1,4.0,0.1130260669943187,4.0,0.11302606699431875,1,True,True,False,False
923326813513,0,0,4.0,59.309671049561096,1.5,3.0810163724232233,0,True,True,False,False
9241466111473,1,1,0.0,0.1387242048352051,0.0,0.11277804633109118,1,True,True,False,False
923174202690,2,7,4.0,11391.03840913032,1.5,45.97981559662271,7,False,False,False,False
9236073916710,1,1,0.0,0.129377746505267,0.0,0.1293777465052668,1,True,True,False,False
9235613918793,1,1,0.0,0.153513452424123,0.0,0.153513452424123,1,True,True,False,False
9235188317394,1,2,1.0,-0.0771256303914447,1.0,-0.07712563039144406,2,False,False,False,False
924032278676,5,3,1.5,13.69965567752725,1.5,12.311466073230967,3,False,False,False,False
923685336359,0,0,4.0,45.11443314075593,4.0,0.5830233331532223,0,True,True,False,False
9239124615659,1,1,0.0,0.3412586196719814,0.0,0.21506654214038148,1,True,True,False,False
9238531815609,3,3,1.0,-0.030148898767945,1.0,-0.030148898767945582,3,True,True,False,False
9240292817951,0,1,4.0,12.60228131834299,4.0,0.21513114401099256,1,False,False,False,False
923670958511,0,3,1.0,-0.0797041256176055,1.0,-0.12450860237977152,3,False,False,False,False
9237347713883,0,0,4.0,46.16913717134725,1.5,7.766180321699888,0,True,True,False,False
9234907520865,1,1,4.0,0.3377339544280759,4.0,0.3377339544280762,1,True,True,False,False
9237575316933,1,1,0.0,0.2038155696869243,0.0,0.20381556968692513,1,True,True,False,False
923797347019,2,4,1.5,0.1440471904130117,1.5,0.14404719041302314,4,False,False,False,False
9237097116623,1,1,1.0,0.0988948364479909,1.0,0.09889484246829744,1,True,True,False,False
9234096418888,0,0,4.0,28.288384935771685,1.5,10.5009602625032,0,True,True,False,False
9239964221159,1,1,1.5,0.27163376274704,4.0,0.48913114680773795,1,True,True,False,False
923656591759,0,0,1.5,57.53890813070951,1.5,40.17521737147721,0,True,True,False,False
9241448111543,0,2,1.5,2.4705406537572023,1.5,2.6362922514668727,2,False,False,False,False
9234181511740,1,2,1.5,3.129777427110244,1.5,2.8998422860420052,2,False,False,False,False
9232199712905,1,2,1.0,-0.0394744252101513,1.0,-0.03947442521015248,2,False,False,False,False
9235506318417,1,2,4.0,17.265523200621814,1.5,8.53298274277554,2,False,False,False,False
923424067770,2,2,1.5,1.883133267746546,1.5,2.1944119683076724,2,True,True,False,False
9240335316994,1,1,4.0,0.1446922380667325,4.0,0.14470515935606437,1,True,True,False,False
9232612118414,1,2,1.0,-0.0568490131619399,1.0,-0.10521942777030666,2,False,False,False,False
9234411014109,1,1,0.0,0.1363718933426039,0.0,0.13635806623710378,1,True,True,False,False
9237175413874,2,2,1.0,0.0371005595342815,1.0,0.03710055953428732,2,True,True,False,False
924061408467,5,4,1.0,0.0363080814940494,1.0,0.03630808149405979,4,False,False,False,False
911600131551,3,3,1.5,2.4216377465323253,1.5,2.122783264887927,3,True,True,False,False
9235443817162,0,0,4.0,58.69495095740818,1.5,1.9201057218566762,0,True,True,False,False
9240543010135,2,2,1.0,0.0635582117542818,1.0,0.06355821175428222,2,True,True,False,False
9237449720221,0,1,1.0,0.0372160822667832,1.0,0.03721608226678403,1,False,False,False,False
9239798814477,1,2,1.5,13.373800322849297,1.5,7.682547018590735,2,False,False,False,False
9240673320296,0,1,1.5,0.1348204593515099,1.5,0.22177554673899574,1,False,False,False,False
923759222623,1,1,1.0,0.0802223292849759,1.0,0.08022232928497586,1,True,True,False,False
924096886737,4,6,1.0,-0.1353510566025908,1.0,-0.13535105660259153,6,False,False,False,False
9239251414190,0,1,4.0,5.856254889108092,4.0,0.5514364438933501,1,False,False,False,False
9235259011022,2,2,4.0,0.5258888831646469,4.0,0.5258888831646494,2,True,True,False,False
923255793248,0,0,4.0,47.81851808806073,4.0,1.1035458742877369,0,True,True,False,False
924028391232,4,3,1.5,7.479250725716816,1.5,6.59447383491233,3,False,False,False,False
9231552912979,1,1,0.0,0.1826786765653375,0.0,0.12958900585748828,1,True,True,False,False
923314151695,1,1,1.5,4.110147916333807,1.5,3.525907133877683,1,True,True,False,False
92320787567,1,2,1.0,-0.0827433152146878,1.0,-0.08274331521468756,2,False,False,False,False
923314534077,1,1,1.0,0.0799866356842999,1.0,0.07998663568429848,1,True,True,False,False
923688869365,1,2,1.0,-0.0322214075692009,1.0,-0.07486807715747132,2,False,False,False,False
923207022537,2,2,1.0,-0.0116117208590618,1.0,-0.01161172085906148,2,True,True,False,False
923697596252,5,5,4.0,16.87416320031555,1.5,9.417173330887625,6,True,False,False,True
9232140312288,7,6,4.0,2125.635453284353,1.5,27.39754232559816,6,False,False,False,False
924115517587,1,2,4.0,1.833103162628214,1.5,0.6879927287281343,2,False,False,False,False
923649124563,2,2,1.0,0.0540154128764687,1.0,0.054015412876466044,2,True,True,False,False
9239858717212,0,1,4.0,10.986735639469158,4.0,0.8647390449903777,1,False,False,False,False
9241189018195,1,2,1.0,-0.0002976281008394,1.0,-0.00029762810082838327,2,False,False,False,False
923636726668,3,2,4.0,4.30914095753658,1.5,0.9903086164578749,2,False,False,False,False
9236251117750,1,1,0.0,0.1822503371180724,0.0,0.17027366749237963,1,True,True,False,False
923190027736,1,2,1.5,15.9323095639818,1.5,12.28512455987754,2,False,False,False,False
923693305191,3,3,1.0,-0.1117151388398394,1.0,-0.1117151388398391,3,True,True,False,False
923652426886,1,2,1.5,0.4503360363184502,1.5,0.45033603631846086,2,False,False,False,False
9238403616483,1,2,1.0,-0.091058170675887,1.0,-0.09105817067588355,2,False,False,False,False
9239261820187,1,1,0.0,0.2158227044009274,0.0,0.2158227065166967,1,True,True,False,False
911600747097,1,2,1.5,0.185484248917977,1.5,0.1854842489179848,2,False,False,False,False
923704566651,0,0,4.0,48.89291207563824,1.5,1.379070500066085,0,True,True,False,False
923695578652,1,1,4.0,0.1797968403150195,4.0,0.17979684031501875,1,True,True,False,False
9234185110065,1,1,0.0,0.2595876801798393,0.0,0.2066791429162119,1,True,True,False,False
9240493117798,0,1,0.0,0.2202729046178845,0.0,0.21340885849728888,1,False,False,False,False
9239918418593,1,1,0.0,0.1130407737938317,0.0,0.1130407737938319,1,True,True,False,False
9239267919998,0,0,4.0,45.70113330185608,1.5,13.937323892581386,0,True,True,False,False
9240110618688,0,0,4.0,52.13642773077482,1.5,4.727031575847236,0,True,True,False,False
923897902862,1,2,4.0,0.6341572806987336,2.0,5.37590175244002,2,False,False,False,False
9233444319469,0,1,4.0,12.47850735427686,4.0,0.8247216397316445,1,False,False,False,False
9235942418815,1,1,1.0,0.0906702757597939,1.0,0.09067027575979328,1,True,True,False,False
9241270810183,1,2,1.0,-0.0205712740915933,1.0,-0.020571274091595128,2,False,False,False,False
9235966020981,1,1,1.0,0.0613272078385261,1.0,0.06132720783852432,1,True,True,False,False
9240127815763,2,3,1.0,0.0894201514475115,1.0,0.08942015144750985,3,False,False,False,False
924029013157,1,3,4.0,119.34716811174825,1.5,12.165992243566098,4,False,False,False,False
92331328123,1,4,1.0,-0.1862542478822367,1.0,-0.1862542478822316,4,False,False,False,False
907132124230,2,2,4.0,0.2775152016864094,4.0,0.2775152016864103,3,True,False,False,True
923274063439,0,0,4.0,46.38278357136362,1.5,5.190324536145362,0,True,True,False,False
924052003875,1,2,1.0,-0.0081231301254022,1.0,-0.0081231301254009,2,False,False,False,False
9240559821320,1,2,1.0,-0.0104777546469331,1.0,-0.010477754646932451,2,False,False,False,False
9238405510582,1,1,0.0,0.1756438009754065,0.0,0.14018069931429145,1,True,True,False,False
9239590612110,0,0,4.0,64.18810846113224,1.5,2.139865730476887,0,True,True,False,False
9240818320491,0,1,2.0,0.1677145565463979,4.0,0.37696475778619853,1,False,False,False,False
9237470412184,4,5,1.0,0.0851590213348582,1.0,0.08515902133485878,5,False,False,False,False
923609118924,0,1,4.0,7.122702429083571,4.0,0.1695612717020952,1,False,False,False,False
92410032886,1,2,1.0,0.0595663200529057,1.0,0.05956632005290589,2,False,False,False,False
923552614705,1,2,1.0,0.0949245771917818,1.0,0.09492457719178639,2,False,False,False,False
923768028836,1,1,0.0,0.2206685757580569,0.0,0.2206685757580574,1,True,True,False,False
924012081323,1,2,1.0,-0.0666201229089592,1.0,-0.06662012290895611,2,False,False,False,False
923458609279,1,2,1.0,-0.1268215647905946,1.0,-0.12682156479059323,2,False,False,False,False
923642971931,1,1,0.0,0.133844307776527,0.0,0.1338443077765287,1,True,True,False,False
9233894415497,0,1,0.0,0.2515038022383644,2.0,0.1357168920324276,1,False,False,False,False
9238445020267,1,2,1.0,-0.1425421660114864,1.0,-0.1425421660114847,2,False,False,False,False
92323349562,0,0,4.0,959.4237437630576,1.5,45.118973341284196,0,True,True,False,False
923741141714,1,3,1.0,0.0055000832134526,1.0,0.005500083213466371,3,False,False,False,False
9233926513380,0,0,4.0,320.5379997603279,1.5,48.681603154229514,0,True,True,False,False
923382467238,1,1,0.0,0.2088561344986867,0.0,0.183731018289837,1,True,True,False,False
923379656876,1,2,4.0,0.2616372572423082,4.0,0.2616372572423119,2,False,False,False,False
923438478762,0,0,4.0,46.424335336044216,4.0,0.6073250975133342,0,True,True,False,False
9238221721026,1,2,1.0,-0.0789321718039438,1.0,-0.07893217180394424,2,False,False,False,False
9231683312942,3,2,1.5,35.79311762725464,1.5,24.80028326424448,2,False,False,False,False
9236791913215,0,0,4.0,41.65296653384612,4.0,1.0092033345976132,0,True,True,False,False
9239871613537,0,2,4.0,0.687430502439649,2.0,1.0256540401111855,2,False,False,False,False
923955842336,2,1,0.0,0.1297849123413417,0.0,0.12978491234134273,1,False,False,False,False
9237375421049,1,2,1.0,0.0996593779394609,1.0,0.028692887234955507,2,False,False,False,False
923534999785,3,2,1.5,0.6950158087309666,1.5,1.1928701709347316,2,False,False,False,False
9234844812547,4,5,1.5,0.6154976679049955,1.5,0.6154976679049983,5,False,False,False,False
9234870416035,1,1,0.0,0.1925353279289796,0.0,0.19251921278499268,1,True,True,False,False
9235417410474,1,5,4.0,45.65514945836223,1.5,6.8958461848521635,6,False,False,False,False
9236056112247,0,0,4.0,42.47801325380556,4.0,0.49451605259016185,0,True,True,False,False
923342312037,13,9,4.0,15669.99435410758,1.5,51.49645457756677,12,False,False,False,False
9241218415466,1,1,1.0,0.079052140915627,1.0,0.07905214091562816,1,True,True,False,False
923199385957,1,1,0.0,0.3012222096850983,0.0,0.22660812433004593,1,True,True,False,False
9238631614714,1,1,0.0,0.2110689378008326,0.0,0.11314905587547236,1,True,True,False,False
923685692497,2,2,1.0,0.0545910008226393,1.0,0.05459100082263813,2,True,True,False,False
9233991915341,0,1,4.0,0.356509573429938,0.0,0.1184916895920694,1,False,False,False,False
923713475918,2,3,1.0,0.0870785356289587,1.0,0.08707853562895719,3,False,False,False,False
9235463516658,1,2,1.0,-0.0301785721150252,1.0,-0.03017857211502597,2,False,False,False,False
9240710910436,3,2,1.0,-0.0112704360602514,1.0,-0.011270436060252569,2,False,False,False,False
924085298927,2,2,1.0,0.0751328077445226,1.0,0.07513280774451969,2,True,True,False,False
9239669115679,0,1,4.0,18.87217552804992,4.0,0.5688026661227729,0,False,True,True,False
9241256418986,1,1,4.0,0.4077994828537826,4.0,0.40779948285377937,2,True,False,False,True
924022139754,0,0,4.0,53.36277589134209,1.5,11.984787658644908,0,True,True,False,False
9233269515893,4,2,4.0,241.03984526488964,1.5,25.199224424154973,2,False,False,False,False
923344204905,1,2,1.0,0.0467889049489544,1.0,-0.08148070339581212,2,False,False,False,False
923953906508,1,2,1.0,-0.105393977746222,1.0,-0.1053939777462193,2,False,False,False,False
923572431155,2,3,1.5,3.5775935905894247,2.0,3.214253354082457,3,False,False,False,False
92349962515,0,1,0.0,0.1101932254106011,0.0,0.11019322541060236,1,False,False,False,False
923280136482,0,2,1.0,0.0305285776693563,1.0,0.03052857766935701,2,False,False,False,False
907138624479,1,1,2.0,0.1052327502158023,2.0,0.10523275021580414,1,True,True,False,False
9234467811747,0,2,1.5,25.90935908079175,1.5,19.893662495408325,2,False,False,False,False
9240854717315,0,0,4.0,40.22863196076279,4.0,1.0843406129242648,0,True,True,False,False
923932863039,3,2,1.5,1.4425056138512304,1.5,1.4425056138512329,2,False,False,False,False
9232721620410,1,2,1.5,3.6336542610343634,1.5,3.5112352987782067,2,False,False,False,False
924076757132,1,2,4.0,7.471749444724466,2.0,3.839609214586694,3,False,False,False,False
923571536395,2,4,1.0,-1.2533922552670216,2.0,3.3255497251359842,4,False,False,False,False
9235663219568,0,0,4.0,29.746453924390348,1.5,2.994812057410353,0,True,True,False,False
9237590512424,1,1,1.5,14.323358184407503,1.5,14.626362997131247,1,True,True,False,False
923238913644,1,1,1.0,0.0639488054216148,1.0,0.06394880542161543,1,True,True,False,False
9241146614112,1,1,0.0,0.1213647165307677,0.0,0.12136471653076866,1,True,True,False,False
9238770413675,0,0,4.0,25.37564710828069,4.0,0.8848259385216946,2,True,False,False,True
923205016945,2,2,1.0,0.0986883310319824,1.0,0.09868833103199331,2,True,True,False,False
915924344924,2,2,1.0,0.0362686764832646,1.0,0.03626867648326149,2,True,True,False,False
9234162814908,2,3,1.0,-0.1001041766948732,1.0,-0.3543223629818785,3,False,False,False,False
9237433020299,0,0,4.0,25.0242423736904,4.0,0.4693687114787043,0,True,True,False,False
923387111961,1,2,1.0,0.0051804569988858,1.0,0.005180456998885299,2,False,False,False,False
923193197912,0,1,4.0,15.960983071294786,1.0,-0.01866664164740372,1,False,False,False,False
9240992914225,2,1,0.0,0.2583967580954155,0.0,0.20234175958980113,1,False,False,False,False
923655368722,1,3,1.5,5.846157596500993,1.5,5.202246187730966,3,False,False,False,False
9237010420163,1,1,1.0,0.0245477654966361,1.0,0.024547765496634254,1,True,True,False,False
9234422612816,0,0,4.0,32.74640804381201,1.5,2.0625322437697835,0,True,True,False,False
923658275912,0,1,1.5,5.501309922509849,1.5,5.263620270218591,1,False,False,False,False
9238930418914,0,2,4.0,1.5750516272964,2.0,1.1381597360275493,2,False,False,False,False
9233799920044,0,0,4.0,44.04850438664365,4.0,0.5801454507198853,0,True,True,False,False
924000201472,2,3,1.0,-0.1802005761127003,1.0,-0.18020057611270127,3,False,False,False,False
923514345309,2,1,1.5,3.376674436833496,1.5,3.7105329079290064,2,False,True,True,False
924004457563,0,0,4.0,34.210368853172355,4.0,0.7553987276909802,0,True,True,False,False
9238338411251,3,3,1.0,-0.1126248085647195,1.0,-0.11262480856472051,3,True,True,False,False
923834193727,0,1,4.0,16.18001738680802,4.0,0.33418981461465513,0,False,True,True,False
923961785860,2,2,1.5,0.2538146822652579,1.5,0.2538146822652648,2,True,True,False,False
923702329610,2,2,1.0,-0.0394629937346586,1.0,-0.03946299373465821,2,True,True,False,False
9234641618148,1,2,1.0,-0.040479693168005,1.0,-0.04047969316800517,2,False,False,False,False
9238625017999,0,0,4.0,48.23061919714323,1.5,1.7680624066833854,0,True,True,False,False
9237660517763,2,6,4.0,176.0118394694116,1.5,7.567637683079677,6,False,False,False,False
9240092419712,0,1,1.0,0.0995819672898745,1.0,0.09958196728987367,1,False,False,False,False
91592496356,1,1,1.0,0.0981372196056634,1.0,0.09073898286528889,1,True,True,False,False
924039123437,0,0,4.0,166.86626497919517,1.5,37.94345401862064,0,True,True,False,False
923424395680,0,1,4.0,2.5309837066336502,4.0,0.1648879821140921,1,False,False,False,False
9236412419428,0,0,4.0,48.01682312917463,4.0,1.1824966886719497,0,True,True,False,False
9237819515176,1,2,4.0,3.430229271507696,1.5,0.9358721258662783,2,False,False,False,False
9240912915749,0,0,4.0,53.21424193061627,1.5,0.9171782066928198,0,True,True,False,False
9236220913102,0,3,4.0,18.916345787381783,2.0,6.750778083732541,3,False,False,False,False
923685769193,1,2,1.0,-0.0253141693429156,1.0,-0.02531416934291357,2,False,False,False,False
923531997276,2,3,1.5,5.652083895787424,1.5,5.368986991449485,3,False,False,False,False
9236127716726,1,1,0.0,0.148187551803731,0.0,0.148187551803731,1,True,True,False,False
9237726818742,1,2,1.0,0.0180270993164383,1.0,0.01802709931643532,2,False,False,False,False
923659437173,9,6,4.0,0.904908572340784,4.0,0.4721067910344356,7,False,False,False,False
9233292513384,0,0,4.0,49.07691155643035,1.5,0.7856554110172287,0,True,True,False,False
9236486810598,1,1,0.0,0.1368787089240214,0.0,0.13687870892401882,1,True,True,False,False
9241275810661,1,4,1.0,-0.0816233163031325,1.0,-0.08162331630313238,4,False,False,False,False
92341181589,1,1,0.0,0.1270955640182106,0.0,0.12709556401821145,1,True,True,False,False
92336162939,1,2,1.0,0.0991962458046059,1.5,0.37731767644971886,2,False,False,False,False
9240843912378,1,1,1.5,0.3221104311549846,1.5,0.37271155782206555,1,True,True,False,False
9232245095,1,0,4.0,28.7510382053544,1.5,3.119236228894167,0,False,False,False,False
9239790819298,1,3,1.5,0.4316676627496433,1.5,1.1816118142572989,3,False,False,False,False
923550516314,1,1,0.0,0.2634305926669434,0.0,0.10294614113478126,1,True,True,False,False
923815388256,6,4,1.5,2.567918973978512,1.5,2.6458104403626703,4,False,False,False,False
9240061021274,5,6,4.0,121.46304683902136,1.5,10.900089061537193,6,False,False,False,False
9240421018617,0,1,4.0,11.87453722932959,1.5,0.13422002068412703,1,False,False,False,False
924021326085,1,1,4.0,0.1331853891656225,4.0,0.13318538916561967,1,True,True,False,False
923786978538,1,1,0.0,0.3257069891939773,0.0,0.15591220118545504,1,True,True,False,False
924096586505,0,1,4.0,19.09269597033758,1.5,0.4565239029097554,1,False,False,False,False
9236827316652,1,1,0.0,0.136973257540395,0.0,0.13697325754039477,1,True,True,False,False
923428397815,0,0,4.0,47.364135765344,4.0,0.3219215533169474,0,True,True,False,False
923178898520,1,1,4.0,0.1667159130596012,4.0,0.16671591305960215,1,True,True,False,False
923510692189,0,1,4.0,18.013350461575452,1.5,1.3674707054121034,1,False,False,False,False
9239844815120,0,1,4.0,74.51110084433392,1.5,26.806678790955516,1,False,False,False,False
923523804098,1,1,0.0,0.2781421190323693,0.0,0.19949999266500984,1,True,True,False,False
9240174115482,1,2,1.0,0.0490850966273616,1.0,0.04908509662736033,2,False,False,False,False
9237651315305,1,1,0.0,0.2591450582788388,0.0,0.206524784000971,1,True,True,False,False
923458237546,3,6,4.0,344.8078870876043,2.0,1.298920074131358,6,False,False,False,False
923860791071,1,1,0.0,0.1277158265828707,1.0,0.004511646304107289,1,True,True,False,False
923887731084,0,1,1.0,0.0488645191427848,1.0,0.08418274319006527,1,False,False,False,False
9234313520607,4,3,1.5,0.7197980840365593,1.5,0.7197980840365763,4,False,True,True,False
923249703474,1,1,0.0,0.1499461375831063,0.0,0.14994613758310385,1,True,True,False,False
923910393987,3,3,1.0,-0.1661651825698755,1.0,-0.22309916492313317,3,True,True,False,False
9237434120700,0,0,4.0,43.95431764937743,1.5,0.6940821444267962,0,True,True,False,False
9240747414017,5,3,1.5,0.196338064161244,1.5,0.19633806416124924,4,False,False,False,False
9240917718802,2,3,1.0,-0.1317110653578108,1.0,-0.1317110653578001,3,False,False,False,False
9235458720551,0,1,4.0,137.87590879730163,1.5,19.747448866181514,1,False,False,False,False
923678218969,2,2,1.0,0.0021297349633685,1.0,0.002129734963369767,2,True,True,False,False
923423465405,0,0,1.5,123.4824254545189,1.5,41.89966617936553,0,True,True,False,False
9231960310206,2,2,1.5,29.176194711280846,1.5,20.242164045942786,3,True,False,False,True
9241495917669,0,0,4.0,75.32917204317653,1.5,8.933530571066806,0,True,True,False,False
9240774719419,1,1,0.0,0.203568509035816,0.0,0.20356850903581641,1,True,True,False,False
923796786494,0,0,4.0,189.81801740115796,1.5,34.865546082705805,0,True,True,False,False
9236761514605,1,1,0.0,0.1619350601363103,0.0,0.16193506013631043,1,True,True,False,False
923431889168,2,2,1.0,-0.0297300900021417,1.0,-0.029730090002142065,2,True,True,False,False
923449503528,0,0,4.0,48.15717788447383,4.0,0.9460372870687719,0,True,True,False,False
924118223776,1,1,1.0,0.0804578011457596,1.0,0.08045780114576004,1,True,True,False,False
923569709471,2,2,1.0,0.04702468779367,1.0,0.04702468779367076,2,True,True,False,False
923865585553,1,1,1.5,2.5537413644773275,1.5,2.906498270388631,1,True,True,False,False
92380313687,0,1,4.0,15.463169424270752,1.5,0.6244908225484362,1,False,False,False,False
9234238412891,1,2,4.0,1.6207365905564093,1.5,0.8961595762663752,2,False,False,False,False
9237421617008,4,4,1.0,-0.0363144451027855,1.0,-0.03631444510278894,4,True,True,False,False
923442285499,0,0,4.0,46.7259536609548,1.5,12.628478796347153,0,True,True,False,False
9238431514654,0,1,4.0,8.016159446017761,1.5,0.4000988470727461,1,False,False,False,False
9235863412100,7,3,1.5,7.154549166995508,1.5,4.416060963580863,3,False,False,False,False
90003721921,0,0,4.0,2249.48467212694,1.5,34.59768098870095,0,True,True,False,False
9241533810948,1,1,0.0,0.2315006529181041,0.0,0.1653681837452497,1,True,True,False,False
9239966812803,0,0,4.0,37.85143874444327,1.5,1.378982335073677,0,True,True,False,False
923617236973,2,2,1.0,-0.1538653334525633,1.0,-0.21096407437406542,2,True,True,False,False
9240524510178,1,1,0.0,0.2805984945719555,0.0,0.1630195048649324,1,True,True,False,False
923223529780,4,3,1.0,-0.1689176224679306,1.0,-0.16891762246792033,3,False,False,False,False
9240011414398,0,1,1.0,0.0928641239838062,1.0,0.09286412398380664,1,False,False,False,False
923681215701,3,2,1.0,-0.0037353532287775,1.0,-0.0037353532287739705,2,False,False,False,False
9234630617794,2,2,1.5,2.426861756811334,1.5,2.51708094771642,2,True,True,False,False
9240125317029,9,11,4.0,3504.1796124550506,1.5,25.27964238428317,11,False,False,False,False
9234256313423,4,5,1.0,0.0405455329171743,1.0,0.040545532917176455,5,False,False,False,False
923670614318,1,1,0.0,0.2845122621664732,0.0,0.166585844639038,1,True,True,False,False
9232347917152,2,2,1.0,0.0409034298078053,1.0,0.040903429807806695,2,True,True,False,False
92338897333,0,0,4.0,47.01679828671852,4.0,0.3765910386792819,0,True,True,False,False
9236105610643,1,1,0.0,0.1771839094225921,0.0,0.17718390942259268,1,True,True,False,False
9240122612414,1,1,0.0,0.1398018591261501,1.0,0.0778054733102774,1,True,True,False,False
9233853520574,0,1,0.0,0.1469017574926495,0.0,0.1469017574926496,1,False,False,False,False
9232869616409,1,1,0.0,0.1144562682939834,0.0,0.1144562682939829,1,True,True,False,False
9235528811464,1,2,1.0,0.0388506939354639,1.0,-0.11083456427949837,2,False,False,False,False
924137956529,2,3,1.0,0.0677496894378024,1.0,0.06959242340865535,3,False,False,False,False
923196856061,1,2,1.0,-0.0623152902807144,1.0,-0.0623152902807163,2,False,False,False,False
9239283316057,2,2,1.0,0.0381738500454454,1.0,0.03817385004544136,2,True,True,False,False
90004345161,0,0,4.0,58.6822590538693,0.0,0.1461770877059529,0,True,True,False,False
9240714418702,1,2,1.5,11.098705552372165,1.5,7.964915062528203,2,False,False,False,False
9240471516099,0,2,4.0,1.975915744608233,2.0,2.6596286295956815,1,False,False,False,False
900010381896,3,4,1.5,0.7964107151619076,1.5,0.796410715161911,5,False,False,False,False
9240802520199,0,0,1.5,26.6638420650358,1.5,2.742396273858351,0,True,True,False,False
9241073720807,2,2,4.0,0.3743125858756806,4.0,0.3743125858756824,3,True,False,False,True
9241432713596,2,3,0.0,0.1705083954672574,1.0,0.0904423317993226,3,False,False,False,False
9235451114302,0,3,1.0,-0.0404825085050951,1.0,-0.04048250850508014,3,False,False,False,False
9236666521306,3,2,1.0,0.0310159772513687,1.0,0.031015977251368915,2,False,False,False,False
923725649275,2,2,2.0,0.2118398938047333,2.0,0.21183989380473592,3,True,False,False,True
923520886151,2,4,4.0,19.246834403420447,1.5,8.777036904367192,4,False,False,False,False
9237734013924,1,1,1.5,5.488685941055559,1.5,3.9484997030872986,1,True,True,False,False
9235802614635,0,0,4.0,49.12849635892423,1.5,29.29142849522959,0,True,True,False,False
9240979620385,0,1,4.0,0.866220877393459,4.0,0.2120624616594174,1,False,False,False,False
923562902047,4,4,1.0,-0.1330030773277901,1.0,-0.13300307732778927,4,True,True,False,False
923548487575,3,2,4.0,58.00816978586533,1.5,0.885263066886807,2,False,False,False,False
923964271806,1,2,1.5,0.6488906528365697,1.5,0.648890652836571,3,False,False,False,False
9236958616021,0,1,4.0,13.237144080434634,1.5,0.5852915921138638,1,False,False,False,False
923799739863,1,1,0.0,0.1493942133367908,0.0,0.1493942133367899,1,True,True,False,False
923157724612,2,4,1.0,0.0896414313434525,1.0,0.08964138112970359,4,False,False,False,False
924066545997,3,1,1.5,17.367726372632703,1.5,6.662127046823593,1,False,False,False,False
9231995611878,2,2,1.5,79.26618028186634,1.5,20.50342794387435,3,True,False,False,True
9237001213474,0,0,4.0,27.843858023793796,4.0,0.6808204666666094,0,True,True,False,False
924113655761,1,1,0.0,0.2857016121625387,0.0,0.18527600941533248,1,True,True,False,False
9236257612946,1,1,0.0,0.2585356185010983,0.0,0.1425354308982069,1,True,True,False,False
923801543011,1,1,0.0,0.4014748541973115,0.0,0.1954859344739763,1,True,True,False,False
923467027679,3,2,1.5,0.1624515044021738,1.5,0.16245150440218148,3,False,True,True,False
9234389013054,0,0,4.0,244.1213341652132,1.5,21.114345007682626,0,True,True,False,False
923667775820,1,2,4.0,37.7600800024273,1.5,19.7193210954575,2,False,False,False,False
923354133046,1,1,4.0,0.1560413571118084,4.0,0.15604135711180608,1,True,True,False,False
9236872814221,1,1,0.0,0.137735069446904,0.0,0.13773506944690184,1,True,True,False,False
9241229416613,0,0,1.5,83.32502949980227,1.5,56.384223896206514,0,True,True,False,False
923346126262,1,2,1.0,-0.1744834922775148,1.0,-0.1744834922775144,2,False,False,False,False
924065919931,0,0,4.0,35.5697094525087,1.5,1.2269172227055196,0,True,True,False,False
923994239737,0,6,4.0,6615.75421706184,1.5,28.870552254692097,6,False,False,False,False
9239280217929,1,3,1.0,-0.0882731154610286,1.0,-0.08827311546102695,3,False,False,False,False
923643798913,0,2,1.0,-0.1180679529783939,1.0,-0.11806795297839232,2,False,False,False,False
923503054968,2,2,1.0,0.0857079592956253,1.0,0.08570795929562672,2,True,True,False,False
9235129215740,2,2,1.5,0.4901043565434901,1.5,0.49010435654349704,2,True,True,False,False
9241028410635,0,0,4.0,66.89136123980703,1.5,4.59114320544551,0,True,True,False,False
9241743218097,2,2,0.0,0.1076640126146603,0.0,0.10766401261465977,2,True,True,False,False
9239705416295,1,2,1.0,-0.1128285308059082,1.0,-0.11282853080591113,2,False,False,False,False
923596051417,1,1,4.0,0.613200614505844,4.0,0.6132006145058432,2,True,False,False,True
9236035419832,0,0,4.0,48.288608597538,4.0,1.277364143472696,0,True,True,False,False
9236739514838,1,3,1.5,2.625318052939941,1.5,2.6328565914142423,3,False,False,False,False
923320092478,1,1,1.0,0.0417042403368947,1.0,0.04170424033689497,1,True,True,False,False
923625565818,1,2,1.0,-0.0809101851818712,1.0,-0.08091018518186983,2,False,False,False,False
915929414405,2,2,4.0,0.1542669583798552,4.0,0.1542669583798561,3,True,False,False,True
90001063932,1,6,4.0,318.9038318330786,1.5,10.88675559762469,8,False,False,False,False
9241093913962,1,1,4.0,0.8123944878251113,4.0,0.8123944878251091,1,True,True,False,False
923380118512,1,2,4.0,0.1324672309099085,4.0,0.13246723090990928,2,False,False,False,False
9240213721313,1,2,1.0,-0.0610229724090736,1.0,-0.06102297240908094,2,False,False,False,False
923644646135,1,1,1.0,0.0703640437955325,1.0,0.07036404379553285,1,True,True,False,False
9235001411666,3,3,1.0,-0.0888446951995701,1.0,-0.08884469519957242,3,True,True,False,False
923200905353,2,2,4.0,6.603950123694,1.5,3.20263149618679,2,True,True,False,False
9241005813058,1,2,4.0,0.2750398865816497,4.0,0.27503988658164896,2,False,False,False,False
9234305212389,0,1,4.0,8.622255485985159,4.0,0.45277280801877007,1,False,False,False,False
9236714815692,0,2,1.5,9.949031938851538,1.5,7.637794552753264,2,False,False,False,False
9231757015237,1,1,4.0,0.1311513037570734,4.0,0.13115130375707287,1,True,True,False,False
923584078471,1,2,1.5,0.3421511745939601,1.5,0.34215117459397154,2,False,False,False,False
915922806436,2,2,1.0,-0.0242472882780529,1.0,-0.02424728827805809,2,True,True,False,False
923433518898,1,1,0.0,0.2931678740597432,0.0,0.19049392394752324,1,True,True,False,False
923897038035,5,2,1.5,26.753602075852758,1.5,21.138277505161163,2,False,False,False,False
923719923311,0,0,4.0,25.700288776252776,4.0,0.47884939083390443,1,True,False,False,True
9241447211051,4,4,1.5,0.6050805800747578,1.5,0.6050805800747607,4,True,True,False,False
90002457783,1,1,0.0,0.1285275911353155,1.0,0.046756288096910785,1,True,True,False,False
9235006214568,1,2,1.0,-0.061557980030848,1.0,-0.06155798003083581,2,False,False,False,False
923478963152,0,0,4.0,48.05256435664701,1.5,0.9494709334954363,0,True,True,False,False
9233830915427,0,1,4.0,0.6829072483861891,0.0,0.12002132999326418,1,False,False,False,False
923394295867,2,3,1.5,0.9417873858658842,1.5,0.9449509816672971,3,False,False,False,False
900007572050,0,1,4.0,3.538179844714331,4.0,0.6981985201358529,1,False,False,False,False
9240865115397,3,2,1.0,-0.0359794073537995,1.0,-0.03824462948343281,2,False,False,False,False
923760199948,3,2,4.0,0.1075680284224119,4.0,0.10756802842241313,2,False,False,False,False
924074998311,1,2,1.0,-0.1192696348271035,1.0,-0.11926963482710248,2,False,False,False,False
923690955833,3,3,1.5,4.441047355845945,1.5,4.451481875572906,3,True,True,False,False
9234588415542,0,0,4.0,35.11602579989379,1.5,16.49417569522645,0,True,True,False,False
9234551816643,1,2,4.0,0.2256878988282853,4.0,0.2256878988282847,3,False,False,False,False
9231731920197,0,0,4.0,28.59162815717547,1.5,2.546077558547322,0,True,True,False,False
923797758800,1,2,1.5,10.708678950164783,1.5,10.446770082552476,2,False,False,False,False
9233838818212,4,2,1.0,0.004442591965773,1.0,0.004442591965769779,2,False,False,False,False
9238252521341,1,2,1.0,0.0694725028588105,1.0,-0.07485526145552382,2,False,False,False,False
9233942111678,4,6,4.0,43.01464145717872,1.0,-1.0746142182801381,6,False,False,False,False
923436843767,0,0,4.0,49.28060079834542,1.5,7.277267727908858,0,True,True,False,False
9234321715486,2,3,1.0,-0.0967606019766671,1.0,-0.09676060197666726,3,False,False,False,False
923156136120,4,4,1.5,29.54781077388678,1.5,16.78157487426107,6,True,False,False,True
923426733423,0,0,4.0,61.23505381272865,1.5,4.412477956031394,0,True,True,False,False
9234326815974,1,2,1.0,-0.0721214008913109,1.0,-0.10963641932188359,2,False,False,False,False
923408587808,5,7,4.0,73.86965989598635,1.5,0.614626463915136,7,False,False,False,False
9237766610272,1,1,4.0,0.1307739686729787,4.0,0.1307739686729797,1,True,True,False,False
9239965820988,2,2,4.0,0.1609630663464105,4.0,0.16096306634641094,3,True,False,False,True
923435843569,0,0,4.0,49.63091434460713,1.5,1.4043261193590366,0,True,True,False,False
9236371918678,1,1,1.0,0.0422573833070085,1.0,0.042257383307009316,1,True,True,False,False
923890247851,1,2,1.0,0.01983624009105,1.0,0.014955845394739646,2,False,False,False,False
923569655295,1,1,0.0,0.143742505887361,1.0,0.09022090595961774,1,True,True,False,False
9239003815088,1,1,1.5,2.9791216460166243,1.5,2.9877696428023772,2,True,False,False,True
9116001010647,5,3,4.0,408.4951571052944,1.5,24.523443090114462,3,False,False,False,False
9241421319006,0,1,4.0,0.1781707897137845,4.0,0.17817078971378236,1,False,False,False,False
924126468597,1,1,1.5,1.603866956841777,1.5,1.9186820615820126,2,True,False,False,True
923252309717,1,2,1.0,-0.0490642407405364,1.0,-0.1014759049101345,2,False,False,False,False
924080306128,1,2,1.0,-0.1197244189603393,1.0,-0.11979302497893929,2,False,False,False,False
92315413220,6,3,4.0,1.0047016244318088,4.0,1.0047016244318112,3,False,False,False,False
923589913803,1,2,4.0,0.1726466936701545,4.0,0.17264669367015523,2,False,False,False,False
9240550712104,1,3,1.5,0.2637557485229024,1.5,0.26375574852291395,3,False,False,False,False
923761459695,2,2,1.5,0.1930907344868764,1.5,0.1930907344868833,2,True,True,False,False
9237198511745,1,2,1.0,-0.1172740703056427,1.0,-0.11727407030564144,2,False,False,False,False
923363411748,0,2,4.0,29.611414224555386,1.5,9.717505406703989,2,False,False,False,False
923896534100,1,2,1.0,-0.0577015560624356,1.0,-0.0560115717493691,2,False,False,False,False
924010483761,2,1,4.0,24.740661863599662,1.5,12.754038410110638,1,False,False,False,False
92415924148,2,3,1.0,0.0236718201555529,1.0,0.023671820155552657,3,False,False,False,False
92335201195,0,0,4.0,4585.907263257625,1.5,48.34976345164743,0,True,True,False,False
923482644549,1,1,1.5,8.342738600417718,1.5,8.342738600417723,1,True,True,False,False
9237766218998,1,1,0.0,0.2233893247573678,0.0,0.22123080509581025,1,True,True,False,False
92322005158,0,2,1.5,1.4005102081639895,1.5,1.1596418446512509,2,False,False,False,False
9232749614429,1,1,0.0,0.191114414032695,1.0,0.08904324194594115,1,True,True,False,False
900004383259,1,1,0.0,0.2159959792881284,0.0,0.20311425568863395,1,True,True,False,False
9239517918029,0,1,1.5,0.4072982042168582,1.5,0.4326702432332101,1,False,False,False,False
923561787945,3,2,4.0,0.1347889015254313,4.0,0.1347889015254326,3,False,True,True,False
9238712516527,1,2,1.0,-0.0537147337785816,1.0,-0.05371473377858362,2,False,False,False,False
92389388690,0,1,4.0,4.570083218977747,1.0,0.03751076466375244,1,False,False,False,False
9237641811811,0,0,4.0,46.83219434684008,1.5,0.9512419052029789,0,True,True,False,False
9232307221206,1,1,0.0,0.2896068909160766,0.0,0.13045167018799345,1,True,True,False,False
923743769774,0,0,4.0,46.69421922888127,4.0,0.9785935098816749,0,True,True,False,False
9237160420957,1,1,0.0,0.1552371714255432,0.0,0.15522094625776614,1,True,True,False,False
924175313942,1,3,4.0,85.85662892459078,1.5,19.996911974846068,3,False,False,False,False
92334380549,0,0,4.0,46.11899587528357,4.0,0.30255473784595266,0,True,True,False,False
9237907710393,3,2,4.0,156.733426806453,1.5,28.85527231666481,2,False,False,False,False
923963912855,0,0,4.0,25.26716520017981,1.5,1.7978958581190034,0,True,True,False,False
9237698818933,0,0,4.0,47.50988704310348,1.5,1.186121510494329,0,True,True,False,False
9234304119243,0,0,4.0,45.99829773193089,1.5,12.65343037967946,0,True,True,False,False
924081213882,0,0,4.0,50.477831337645455,1.5,2.6669338511505383,0,True,True,False,False
9240646911705,0,2,1.5,5.324886182439913,1.5,5.529809059730484,2,False,False,False,False
92362683112,6,3,1.5,1.3730556167746475,1.5,1.3730556167746486,3,False,False,False,False
924171008028,1,2,4.0,15.47383695850691,1.5,6.723654297098284,2,False,False,False,False
923665249655,1,2,1.0,-0.0759585260805982,1.0,-0.10649829558332286,2,False,False,False,False
9237359715143,1,1,0.0,0.2646992118062213,0.0,0.17153048238255394,1,True,True,False,False
923600432523,5,4,1.5,10.101801041292816,1.5,5.731219411525817,4,False,False,False,False
9159189111169,3,2,1.0,-0.0643651999183415,1.0,-0.0643651999183389,2,False,False,False,False
9236508612307,1,2,2.0,0.1471364485220829,2.0,0.14713644852208344,2,False,False,False,False
923439479809,1,2,1.0,-0.15966582813576,1.0,-0.047302216788680705,2,False,False,False,False
923664674431,1,2,4.0,0.4793362132185512,4.0,0.47933621321855224,3,False,False,False,False
923227024331,3,3,1.0,0.0144082556462042,1.0,0.014408255646210531,3,True,True,False,False
9237879619293,1,1,0.0,0.1108858280580792,0.0,0.1108858280580795,1,True,True,False,False
9240555519814,0,0,4.0,43.96773064600214,1.5,1.6783996601563027,0,True,True,False,False
9239246514581,0,1,4.0,19.84650154111415,1.0,0.08504878929606123,1,False,False,False,False
924097908322,1,3,1.0,-0.0624397887682359,1.0,-0.062439788768234895,3,False,False,False,False
9241240410962,3,2,1.0,-0.0152883506564232,1.0,-0.015288350656424195,2,False,False,False,False
923591858577,7,6,1.0,-0.0555174946143885,1.0,-0.055517494614385224,6,False,False,False,False
9236434220407,0,1,1.0,0.0763124665642621,4.0,0.21276507395178856,1,False,False,False,False
923960908212,0,0,4.0,41.9599991677738,4.0,1.022649199833681,0,True,True,False,False
9235808020541,1,5,1.5,4.8729258815530905,1.5,5.687886478505226,6,False,False,False,False
923976821936,7,7,0.0,0.1342142923803474,0.0,0.1342142959459305,7,True,True,False,False
9240366019258,0,0,4.0,49.790158545466085,1.5,1.5264183193507486,0,True,True,False,False
923937163972,1,1,0.0,0.1946452068959206,0.0,0.18256457031694248,1,True,True,False,False
92384104303,1,1,0.0,0.1722965053810973,0.0,0.17229650538109514,1,True,True,False,False
9237261813393,0,1,4.0,3.253064111904733,4.0,0.9030598046528725,1,False,False,False,False
924116129042,2,4,1.5,0.3441227533462409,1.5,0.34412275334623976,4,False,False,False,False
9234032314469,1,2,1.0,-0.0083927652397099,1.0,-0.09795311084106709,2,False,False,False,False
923466002041,3,5,4.0,15.564728896176735,1.5,3.517836681996234,5,False,False,False,False
92377172760,5,6,1.5,2.625161044254638,2.0,3.01986040775075,6,False,False,False,False
923645122708,0,0,4.0,49.83338453496134,1.5,2.8180050388712377,0,True,True,False,False
9235532113260,1,3,1.0,-0.1156826246305547,1.0,-0.11568262463055587,3,False,False,False,False
9237985616630,1,1,1.5,0.1642982800744249,1.5,0.20739689817641288,1,True,True,False,False
92359947327,3,2,1.5,61.11413932410608,1.5,15.708651879381115,2,False,False,False,False
923335555731,1,1,0.0,0.2384087485722632,0.0,0.18919311350815254,1,True,True,False,False
9238663815922,1,2,1.0,-0.12925598447697,1.0,-0.10617457193655379,2,False,False,False,False
923944901795,1,1,4.0,0.1117338415877257,4.0,0.11173384158772721,1,True,True,False,False
9240110413295,1,1,0.0,0.1483905471047694,1.0,0.04289129478994687,1,True,True,False,False
923204971652,0,0,4.0,48.056707168883136,4.0,1.0071063925697323,0,True,True,False,False
9240692212400,3,3,1.0,-0.067474746465566,1.0,-0.06747465428761584,3,True,True,False,False
9237133716814,1,2,1.0,0.0795505310524941,1.0,0.07955053105249538,2,False,False,False,False
9240805917179,0,0,4.0,2851.811585852716,1.5,31.123913654668307,0,True,True,False,False
924125235870,0,0,4.0,41.31588193579358,4.0,1.1090872514287011,0,True,True,False,False
923724571018,7,3,1.5,31.77456978624089,1.5,26.755618795646935,3,False,False,False,False
9236705013556,0,1,0.0,0.1851287273529115,0.0,0.15642190391676422,1,False,False,False,False
9231596216521,2,2,1.0,0.0369240321626546,1.0,0.036924032162655114,2,True,True,False,False
9241563711125,1,1,0.0,0.1933976524441142,0.0,0.19339765244411458,1,True,True,False,False
923421862833,0,0,4.0,48.34326876085864,1.5,1.060434848186707,0,True,True,False,False
9233184720164,0,1,4.0,0.7417410145022976,0.0,0.12670226400508497,1,False,False,False,False
9234799314522,2,3,1.5,0.2832073150677652,1.5,0.2832073150677733,3,False,False,False,False
900014134004,1,1,4.0,0.247377811039804,4.0,0.2473778110398051,2,True,False,False,True
923539528730,1,2,1.0,0.0292561588225398,1.0,0.029256158822550372,2,False,False,False,False
924028762463,1,1,1.5,9.805290834437065,1.5,6.267588815508018,1,True,True,False,False
923429317801,2,3,1.5,0.1905127572145462,1.5,0.19051275721455285,3,False,False,False,False
923954044650,2,2,0.0,0.1305323927948396,0.0,0.13053239279483936,2,True,True,False,False
924071898719,1,2,1.0,-0.1026256611659049,1.0,-0.19950463082540068,2,False,False,False,False
92388658182,6,6,4.0,2.728627672610027,1.5,1.4091349477958486,6,True,True,False,False
9233336414992,2,2,1.0,0.0025711856284595,1.0,0.0025711856284615347,2,True,True,False,False
9239867016275,1,2,1.0,-0.0071722893545565,1.0,-0.0071722893545559194,2,False,False,False,False
924160832763,0,0,1.5,173.09375279366938,1.5,29.447027529641637,0,True,True,False,False
923431487906,1,1,1.0,0.0407566683017444,1.0,0.034991795065008775,1,True,True,False,False
9235748311079,1,2,1.0,0.0037221284098335,1.0,0.0037221284098339826,2,False,False,False,False
9233976611573,1,3,1.0,-0.0059867177617421,1.0,-0.0059867177617381855,3,False,False,False,False
923410213502,1,2,1.0,-0.0917964415670829,1.0,-0.09179644156708323,2,False,False,False,False
923193437295,1,2,1.0,-0.1462407872473844,1.0,-0.14624078724738399,2,False,False,False,False
923495956641,0,0,4.0,36.25076885938146,1.5,8.889981957894566,0,True,True,False,False
923284381335,1,2,1.0,-0.0237150826335589,1.0,-0.02371508263355806,2,False,False,False,False
9241111815188,0,1,4.0,20.32577535960119,4.0,0.7401225117499463,1,False,False,False,False
9234774610607,0,0,4.0,175.02608619083188,1.5,30.890977471925606,0,True,True,False,False
9238189920512,2,2,1.0,0.0134390589049814,1.0,0.013439058904981545,2,True,True,False,False
9238896316659,1,1,4.0,0.3125677029637815,4.0,0.31256770296378067,1,True,True,False,False
923529847157,1,2,1.0,0.0040565466495521,1.0,0.0040565466495491795,2,False,False,False,False
9235869615263,0,2,1.0,-0.0236871076347875,1.0,-0.023687107634781233,2,False,False,False,False
923775238432,1,1,0.0,0.1565129173015542,0.0,0.15651291730155442,1,True,True,False,False
900039993663,4,4,1.5,0.4729400259587517,1.5,0.47294002595875745,4,True,True,False,False
9235277918295,0,2,4.0,4.690430124216438,2.0,11.19189010068212,2,False,False,False,False
923470681766,0,0,4.0,39.50621919921763,1.5,3.904666296941684,0,True,True,False,False
9240937716982,1,1,0.0,0.3052015571623911,0.0,0.1325348257449043,1,True,True,False,False
9240869213373,2,4,1.5,4.381234076326465,1.5,2.9480453024275812,4,False,False,False,False
9233448118863,1,1,0.0,0.1642816102123848,0.0,0.16428161021238435,1,True,True,False,False
9240259667,1,2,1.5,1.5485678372442973,1.5,1.1197060476117646,2,False,False,False,False
9241494120003,0,0,1.5,179.51008174703549,1.5,35.574779378795505,0,True,True,False,False
9238448316690,8,6,4.0,23.77612434764464,1.5,2.243614739248324,7,False,False,False,False
9239954820727,1,2,1.0,-0.1356424273130803,1.0,-0.13564242731308007,2,False,False,False,False
9234832910038,0,0,4.0,55.02876034374516,1.5,18.358419931996984,0,True,True,False,False
924077777969,1,2,4.0,0.8208561879802254,2.0,0.9112781922257879,2,False,False,False,False
9239325220495,1,2,1.0,-0.241885160869036,1.0,-0.2786498349463843,2,False,False,False,False
9240534619257,0,2,1.0,-0.0789626141829383,1.0,-0.07896261418293335,2,False,False,False,False
923157029437,2,4,1.0,-0.4581029496186798,1.0,-0.4552130705240094,4,False,False,False,False
923188395122,1,1,1.0,0.0596090978041238,1.0,0.05960909780412401,1,True,True,False,False
9236256415103,1,2,1.5,1.1853545150326217,1.5,0.8372810848712194,2,False,False,False,False
923651187564,0,0,4.0,24.442144058385217,4.0,0.9338178686056354,0,True,True,False,False
923618322799,1,1,0.0,0.2073045772794945,0.0,0.2073045772794959,1,True,True,False,False
9235216313029,0,0,4.0,31.44947645867748,1.5,6.252465123957698,0,True,True,False,False
9240859010663,1,1,0.0,0.20896223378983,0.0,0.1644104370521884,1,True,True,False,False
923245141791,1,1,4.0,0.3107299302596905,4.0,0.310729930259691,1,True,True,False,False
923502233876,1,1,4.0,0.3826155028499786,4.0,0.3826155028499764,1,True,True,False,False
924130239959,2,3,1.5,0.1720033459687095,1.5,0.17200334596872005,3,False,False,False,False
9236045715545,1,1,1.0,0.076397810565077,1.0,0.06112635624035594,1,True,True,False,False
923457094755,2,2,1.0,0.0210593633512813,1.0,0.021059363351281703,2,True,True,False,False
9241213121168,2,3,1.0,-0.0672363724619986,1.0,-0.06723637246200065,3,False,False,False,False
923594906123,1,2,4.0,0.2323137470390479,4.0,0.2323137470390479,2,False,False,False,False
923513669971,2,2,1.5,5.720470211470171,1.5,5.723245394564917,3,True,False,False,True
923447972573,4,5,4.0,161.3891052465879,1.5,19.280879663930516,5,False,False,False,False
915922143833,0,0,4.0,55.54433540358691,1.5,7.521723170450399,0,True,True,False,False
9235225419565,0,1,1.0,0.0206992593790051,1.0,0.02069925937900558,1,False,False,False,False
923528646636,1,2,1.0,0.023160903051799,1.0,-0.09680699305159982,2,False,False,False,False
923922402993,1,2,1.0,0.0017268617507331,1.0,0.0017268617507392083,2,False,False,False,False
9000010734,2,1,4.0,0.4854248557494256,1.0,0.0931729198517626,1,False,False,False,False
9239304510680,2,2,1.5,1.409176511522865,1.5,1.4091765115228776,2,True,True,False,False
923801191037,1,1,1.0,0.0653514877940689,1.0,0.06535148779407715,1,True,True,False,False
9241405910378,1,1,2.0,0.4269742096864055,4.0,0.6627821232194788,1,True,True,False,False
923520627655,0,6,4.0,503.4672096612265,1.5,33.07526035515133,6,False,False,False,False
9234650111716,5,4,1.5,0.6618728041732946,1.5,0.6618728041733007,4,False,False,False,False
9237967316729,1,2,1.5,0.19760080754472,1.5,0.19760080754472603,2,False,False,False,False
92404605796,1,2,1.0,-0.0986357155464446,1.0,-0.10076536865834293,2,False,False,False,False
9234228419600,0,0,4.0,39.15241381832392,1.5,1.6234565748458523,0,True,True,False,False
9234101490,2,1,4.0,2.0925915087318296,1.5,0.5407143462213662,1,False,False,False,False
923479592421,1,1,4.0,0.5247137166074647,4.0,0.5247137166074646,1,True,True,False,False
9236900617675,0,2,4.0,5.790278949364709,2.0,5.2573957445865425,2,False,False,False,False
923565115669,0,0,4.0,46.24736107985136,1.5,1.343902619723909,0,True,True,False,False
923173328337,0,0,4.0,24.268785134896817,1.0,0.06544937196723387,0,True,True,False,False
923590923685,4,6,4.0,3678.795816130158,1.5,43.289780388563486,6,False,False,False,False
9231973814780,2,3,1.5,0.83862345607423,1.5,0.8497476880109524,3,False,False,False,False
923613733651,3,4,1.5,6.855471866918758,1.5,5.4379781227135435,4,False,False,False,False
9234444013365,8,2,1.5,7.870786845548716,1.5,4.8388627222324025,2,False,False,False,False
923753127760,1,1,0.0,0.1431328112394987,0.0,0.14312141263706202,1,True,True,False,False
923474255198,7,6,1.0,0.0386743246726309,1.0,0.03867432467262893,6,False,False,False,False
9237498620749,3,3,1.5,7.920127021087695,1.5,6.273102846166096,3,True,True,False,False
923780886768,2,5,1.5,1.6467519337681849,1.5,1.0735103604514409,5,False,False,False,False
9235780514531,0,1,4.0,20.81295068978775,1.5,0.7201466402048385,0,False,True,True,False
923919376849,1,1,0.0,0.2263287068911465,0.0,0.17812806808229584,1,True,True,False,False
923486136910,0,2,1.0,0.0668661162155082,1.0,0.06686611621550534,2,False,False,False,False
9240588312018,1,1,1.0,0.0964671653081232,1.0,0.09646716530812216,1,True,True,False,False
9236686316159,1,2,1.0,-0.0278408027090867,1.0,-0.027840802709087002,2,False,False,False,False
9236046216385,1,1,1.0,0.0854878869094659,1.0,0.08548788690946654,1,True,True,False,False
9241280214948,0,1,1.0,0.0554204456754193,1.0,0.055420445675419504,1,False,False,False,False
9234993316548,1,2,1.0,-0.1043205793604647,1.0,-0.10432057936046532,2,False,False,False,False
924166411770,0,0,4.0,96.556134220192,1.5,4.591791275981923,0,True,True,False,False
923963007695,0,6,4.0,2499.749171460236,1.5,39.43543743668328,6,False,False,False,False
923275278810,0,0,4.0,373.52901741408266,1.5,39.188045335479345,0,True,True,False,False
923747077783,3,3,1.0,-0.1251930571340585,1.0,-0.1251930571340554,3,True,True,False,False
923562896419,3,3,1.0,0.0029864476094268,1.0,0.0029864476094287953,3,True,True,False,False
9236032211991,0,1,4.0,1.3947671048522383,1.5,0.8220553749267011,1,False,False,False,False
9232014812231,0,0,4.0,45.659831848891486,1.5,1.9941686008158552,0,True,True,False,False
9233237212694,1,1,0.0,0.1843180734551827,0.0,0.18431807342334489,1,True,True,False,False
9235747710504,2,2,1.5,0.4573256011449972,1.5,0.6594979505951962,2,True,True,False,False
9235332016404,1,1,1.0,0.0634870598582188,1.0,0.06348705985822023,1,True,True,False,False
9231930218585,1,1,1.0,0.067154860989362,1.0,0.06715486098935869,1,True,True,False,False
911597393468,7,6,1.5,0.2171983377221846,1.5,0.21719833772218605,6,False,False,False,False
9236479419370,0,0,4.0,36.58485254834472,1.5,2.857686889130871,0,True,True,False,False
9240837611886,1,1,0.0,0.3012475357401675,0.0,0.2277363280332633,1,True,True,False,False
9234978721044,1,2,1.0,-0.0089781310934258,1.0,-0.008978131093429188,2,False,False,False,False
9240519718974,0,2,4.0,2.547121586927924,1.5,2.1676908998246085,2,False,False,False,False
9233737921370,3,3,1.5,0.2545342361429343,1.5,0.25453423614292625,4,True,False,False,True
923933966375,1,2,1.0,0.0077264541428845,1.0,0.007726454142885118,2,False,False,False,False
923550093543,1,1,4.0,5.968352023774314,1.5,3.7234099180976954,1,True,True,False,False
924113986839,1,1,0.0,0.2906070692814684,0.0,0.16899606638732093,1,True,True,False,False
923474962527,2,2,1.0,0.0803278070290922,1.0,0.08032780702909158,2,True,True,False,False
9235370213587,0,0,4.0,32.54262014743337,4.0,1.176314515020235,0,True,True,False,False
9234798016153,0,0,4.0,48.22346042186672,1.5,2.215190584872817,0,True,True,False,False
923779988921,1,2,0.0,0.1350503743121305,1.0,-0.10748404251534302,2,False,False,False,False
9234684721302,1,1,0.0,0.1045826481549701,0.0,0.10458264815496718,1,True,True,False,False
924060186827,0,1,0.0,0.1466809216238961,0.0,0.14668092162389343,1,False,False,False,False
9237020119164,4,3,1.0,-0.001700070150497,1.5,0.2764911843865887,3,False,False,False,False
9241037717865,1,1,0.0,0.1576994504918575,0.0,0.15769945049185727,1,True,True,False,False
9241464011579,1,1,0.0,0.3154178194602042,0.0,0.1187004273040205,1,True,True,False,False
9237293415504,9,4,1.5,7.04040429279832,1.5,6.334955410058281,5,False,False,False,False
9231735010669,1,2,4.0,0.319484001511061,4.0,0.3194840015110599,2,False,False,False,False
923605873183,1,1,0.0,0.1442308909141287,0.0,0.14423086001697508,1,True,True,False,False
9241148814839,0,6,4.0,137.8916668457472,2.0,8.150904431434224,6,False,False,False,False
9234997614639,1,1,0.0,0.1711789467522089,0.0,0.17052673579870925,1,True,True,False,False
923475526308,2,2,1.5,0.3280611171763609,1.5,0.32806111717636455,3,True,False,False,True
9241785211500,2,2,1.0,0.0716530364265059,1.0,0.07165303642650596,2,True,True,False,False
92398848919,0,0,4.0,46.14359493080497,1.5,2.071309738364214,0,True,True,False,False
923324084403,1,2,1.0,-0.106874637921932,1.0,-0.10687463792193472,2,False,False,False,False
9241194313764,1,1,0.0,0.2904752345387019,0.0,0.19908830881218115,1,True,True,False,False
9237480512840,1,1,0.0,0.1739387992819667,0.0,0.17393879928196657,1,True,True,False,False
9238197318238,1,1,1.0,0.077230995882482,1.0,0.07723099588248072,1,True,True,False,False
923660149511,1,2,1.0,-0.090108758710121,1.0,-0.09010875871011706,2,False,False,False,False
924012171440,2,4,1.5,0.5138770881526336,1.5,0.5138770881526328,4,False,False,False,False
901504195087,1,4,1.5,4.263584637841964,1.5,4.980889386944819,4,False,False,False,False
9235068321310,1,1,0.0,0.1454775585256631,0.0,0.14547755852566363,1,True,True,False,False
923652879661,1,1,1.0,0.0782792296805507,1.0,0.07827922968055046,1,True,True,False,False
9240413013236,0,1,1.5,0.270674641877116,1.5,0.7110959763246582,1,False,False,False,False
923428126779,8,3,1.5,12.03745743111896,1.5,9.293218369663526,3,False,False,False,False
9235243817648,2,2,1.5,1.107716502469887,1.5,1.2283232998039983,2,True,True,False,False
9239132817986,0,1,4.0,1.1698093494762534,1.0,0.05209977321822568,1,False,False,False,False
923369778479,2,2,1.0,-0.0730281878248097,1.0,-0.07302818782480881,2,True,True,False,False
923535172975,1,3,1.5,0.3387131933100427,1.5,0.3387131933100513,3,False,False,False,False
923462498519,2,2,1.0,-0.1318940551082792,1.0,-0.1318940551082822,2,True,True,False,False
92416206981,0,2,1.0,0.0346731021813426,1.0,0.034673102181343195,2,False,False,False,False
9237868919846,0,0,4.0,49.70514362816424,1.5,22.871159163125,0,True,True,False,False
923538163148,0,5,4.0,727.6634771360013,1.5,6.274469781852467,5,False,False,False,False
9232998913308,2,2,1.0,-0.0665066549679243,1.0,-0.06650665496792414,2,True,True,False,False
924168392781,1,1,0.0,0.1232924589522481,0.0,0.12329245895224863,1,True,True,False,False
9240121518638,1,2,1.0,-0.0666306945968438,1.0,-0.08397271704143561,2,False,False,False,False
9239108410700,0,0,4.0,36.17463796541356,4.0,0.8084837870924659,0,True,True,False,False
9238588614227,0,0,4.0,27.751132239869047,4.0,0.41571395847442405,0,True,True,False,False
923602988341,1,2,1.5,0.5744636713538157,1.5,0.5744636713538148,2,False,False,False,False
9240540112976,1,2,1.0,-0.0940103746596213,1.0,-0.11362668823093253,2,False,False,False,False
924094999140,2,2,1.5,1.3512516495792024,1.5,1.3512516495792046,3,True,False,False,True
923885452465,1,1,1.0,0.0702056818793423,1.0,0.07020568187934245,1,True,True,False,False
923258931041,3,3,1.5,16.559420635981052,1.5,14.317952176557071,3,True,True,False,False
923281406453,1,2,1.5,0.4469557377648201,1.5,0.4469557377648274,2,False,False,False,False
923340027080,0,1,1.5,27.508734305943413,1.5,5.166912520023488,1,False,False,False,False
9234603511647,2,2,1.0,0.0007231086176901,1.0,0.0007231086176992993,2,True,True,False,False
923659644263,1,2,1.0,-0.1152828844895048,1.0,-0.000275504210137033,2,False,False,False,False
923767406081,2,2,4.0,0.319019497579026,4.0,0.3190194975790287,2,True,True,False,False
923178836530,0,0,4.0,47.21578173510161,1.5,2.098943727642109,0,True,True,False,False
9236863921122,1,1,1.0,0.0711459079190905,1.5,0.3062382258154878,1,True,True,False,False
923424618551,0,1,1.5,72.37546928231856,1.5,44.30438457959123,1,False,False,False,False
9234827512699,0,0,4.0,120.7173843179571,1.5,23.01331214455702,0,True,True,False,False
923462966328,0,2,1.5,1.2759709486944542,1.5,0.7920790639940388,2,False,False,False,False
9231857617780,0,0,4.0,47.81330005605027,1.5,3.1064351566303405,0,True,True,False,False
924052068156,1,4,1.5,3.890578107969896,1.5,3.76947245093551,4,False,False,False,False
923891634215,1,1,0.0,0.3579472400413241,0.0,0.1222726190346177,1,True,True,False,False
9238376918766,0,3,4.0,155.67867259779098,1.5,37.74589014541875,3,False,False,False,False
923569428783,1,2,1.5,1.3853785883416334,1.5,1.3853785883416425,2,False,False,False,False
9234911614890,2,2,1.0,-0.0272045006754799,1.0,-0.027204500675478853,2,True,True,False,False
9232795114988,1,1,4.0,0.1183461376767547,4.0,0.11834770905658558,1,True,True,False,False
92395869406,1,1,0.0,0.1818236230736719,0.0,0.16353855691270827,1,True,True,False,False
9234935120992,1,2,1.0,-0.1378312586110611,1.0,-0.13783125861106146,2,False,False,False,False
923260795502,1,1,0.0,0.2307454079216599,0.0,0.21854299536059799,1,True,True,False,False
9237824014615,1,0,4.0,98.03049084334324,1.5,6.265711754348715,0,False,False,False,False
9233382416692,1,1,0.0,0.1801782191524573,0.0,0.13804458305152192,1,True,True,False,False
9238308319663,0,0,4.0,47.5283561454479,4.0,1.232486248888335,0,True,True,False,False
923288563367,1,1,0.0,0.1088384729522382,0.0,0.10832159888215881,1,True,True,False,False
9233241821132,1,2,1.0,-0.0355284894507032,1.0,-0.035528489450701174,2,False,False,False,False
923634447281,1,2,1.5,2.748942500035184,1.5,2.74894250003519,3,False,False,False,False
924025816649,0,0,4.0,128.93792090408633,1.5,21.198176868674803,0,True,True,False,False
9232807319472,0,2,4.0,2.805346485460232,2.0,5.960733519571055,2,False,False,False,False
9235272415892,0,0,4.0,55.17150902116013,1.5,4.178484907267115,0,True,True,False,False
923424767985,1,2,1.0,-0.1057752685687389,1.0,-0.17552478416501058,2,False,False,False,False
9236065216366,2,2,4.0,26.97512499504009,1.5,4.8680341746531,2,True,True,False,False
9240695020719,1,1,0.0,0.2914679801833691,0.0,0.13227185800249475,1,True,True,False,False
923629855645,2,2,1.0,-0.1182386597275549,1.0,-0.1182386597275557,2,True,True,False,False
900011281526,0,0,4.0,46.38615698011105,1.0,0.08055711054336134,0,True,True,False,False
9240234710174,2,2,1.0,0.0221574456301804,1.0,0.02215744563017686,2,True,True,False,False
923675763219,1,6,1.0,-0.0476472975683988,1.0,-0.04764729756839717,6,False,False,False,False
923505561476,1,1,1.5,13.78313066263035,1.5,13.202427935134681,1,True,True,False,False
923643095148,1,1,1.0,0.090594484935758,1.0,0.09059448493575872,1,True,True,False,False
9237708915731,1,1,0.0,0.2196706577644207,0.0,0.2093230754276396,1,True,True,False,False
9235165013971,1,2,1.0,0.0947451165858814,1.0,0.09474511658588329,2,False,False,False,False
92398729226,1,2,1.0,-0.0675583291506969,1.0,-0.11268544838882258,2,False,False,False,False
9238626513621,0,0,4.0,27.54757952827431,1.5,3.994534714582699,0,True,True,False,False
9235236912446,0,4,4.0,10.356400134477806,2.0,10.347062026319815,5,False,False,False,False
9238664812397,1,1,0.0,0.1729025188760823,1.0,0.09409814704523531,1,True,True,False,False
9238366615303,2,2,1.0,-0.0526934593499129,1.0,-0.052693459349905845,2,True,True,False,False
923221059518,2,2,1.5,0.5066357996101778,1.5,0.5066357996101791,2,True,True,False,False
9233746917814,0,2,4.0,26.71360355881464,1.5,3.8279015196952666,2,False,False,False,False
9240252511798,1,1,0.0,0.2743337180444229,0.0,0.1194465388826218,1,True,True,False,False
923503693163,0,2,4.0,32.134805895479865,1.5,13.944613764239714,0,False,True,True,False
923601419618,1,1,0.0,0.1414595668367941,0.0,0.14145956683679176,1,True,True,False,False
923705366928,1,2,1.5,1.785057033213756,1.5,1.7178215220147657,2,False,False,False,False
9234862311001,1,1,0.0,0.2495542758441263,0.0,0.17728951583537442,1,True,True,False,False
923660287339,3,3,1.5,23.378253643429264,1.5,22.452696018379132,3,True,True,False,False
9236653817213,1,1,0.0,0.3019340447960228,0.0,0.17166382014249235,1,True,True,False,False
9238114620984,1,1,1.0,0.0938811108336767,1.0,0.09105283011700352,1,True,True,False,False
92391858773,2,2,1.0,-0.0286380113117109,1.0,-0.028638011311710516,2,True,True,False,False
923626443010,2,2,1.0,-0.0729389623711679,1.0,-0.07293896237116584,2,True,True,False,False
923993654140,2,2,1.0,0.0365164599912802,1.0,0.03651645999128029,2,True,True,False,False
9239294113833,0,0,4.0,39.55083235355641,4.0,1.1591278321423872,0,True,True,False,False
923475226772,1,1,1.0,0.0487500169834683,1.0,0.0487500169834666,1,True,True,False,False
9237973118572,0,1,4.0,8.784348710210509,4.0,0.6370075893181526,1,False,False,False,False
9235246217096,1,1,0.0,0.2049597265993654,0.0,0.20495972659936526,1,True,True,False,False
9236147120837,1,1,0.0,0.2078330938889482,0.0,0.15474496905233834,1,True,True,False,False
9237264318142,0,0,4.0,28.48020866186392,0.0,0.1073106741527412,0,True,True,False,False
9233388516602,0,1,4.0,0.4818080604023539,1.0,-0.0031920627350368255,1,False,False,False,False
9240514119382,0,2,4.0,3.388892679753603,2.0,9.916510768760524,2,False,False,False,False
9237219012303,1,1,0.0,0.136272938665059,0.0,0.13627293866506002,1,True,True,False,False
9235082617474,0,0,4.0,38.17810108438128,1.5,4.5732900551374165,0,True,True,False,False
923567935930,3,2,4.0,0.3251557783843853,4.0,0.32515577838438636,3,False,True,True,False
9237230417760,1,1,0.0,0.2388026695338654,0.0,0.10076713481778138,1,True,True,False,False
9236259414690,1,1,0.0,0.1571308754555966,1.0,0.08240533977709388,1,True,True,False,False
923368126460,1,2,1.0,-0.0962615796892817,1.0,-0.09626157968927346,2,False,False,False,False
9238962021275,2,2,1.0,-0.0206242592787278,1.0,-0.020624259278725424,2,True,True,False,False
9232143613980,1,1,1.0,0.015657087800078,1.0,0.03218606451818915,1,True,True,False,False
923205052821,4,3,1.5,10.425059432560802,1.5,10.459504683881484,4,False,True,True,False
9241412813505,0,6,4.0,1201.7472080117109,1.5,15.235815543623067,6,False,False,False,False
923740216684,0,1,4.0,3.692478057919502,1.5,0.2896214106593736,1,False,False,False,False
92366487810,0,0,4.0,46.41216345454257,1.5,3.797027777444773,0,True,True,False,False
923328755014,1,1,0.0,0.1225528434814916,0.0,0.12255284348149154,1,True,True,False,False
92344734244,1,1,4.0,1.6910577363364228,1.5,1.1098245414714463,1,True,True,False,False
923732569613,1,2,1.5,0.4055933878453365,1.5,0.7458424745013633,2,False,False,False,False
9233913213949,1,2,1.0,-0.1018372997954375,1.0,-0.10183729979543858,2,False,False,False,False
9238554220888,3,5,1.0,0.0366414707942978,1.0,0.036641470794297665,5,False,False,False,False
923752787591,0,2,1.0,0.0801525305996467,1.0,0.08015253059965247,2,False,False,False,False
9236022715595,4,2,1.5,13.130523653255224,1.5,7.706051291269151,2,False,False,False,False
9237158215619,2,4,4.0,47.71004447660896,1.5,25.43291148730499,4,False,False,False,False
923181328771,2,6,4.0,193.4549420303729,1.5,8.15276555501919,6,False,False,False,False
923440288320,0,0,4.0,30.931229493913648,1.5,15.673811762542499,0,True,True,False,False
924145869201,10,7,4.0,2.4449288263793867,4.0,0.24044613290939132,7,False,False,False,False
923984559811,2,2,1.0,-0.1202108282918535,1.0,-0.1202108282918549,2,True,True,False,False
9239687418539,0,1,4.0,6.983456857613696,4.0,0.17745534217389863,1,False,False,False,False
923527257277,3,2,1.0,0.0857629726929136,1.0,0.08576297269291286,2,False,False,False,False
923846389992,3,5,1.5,0.5313305589526155,1.5,0.2534923183218582,5,False,False,False,False
923999131902,0,1,0.0,0.122036825001059,0.0,0.12203682500105817,1,False,False,False,False
9240716218924,1,1,0.0,0.1811942749793026,0.0,0.1811871835643179,1,True,True,False,False
924175863813,1,2,1.0,-0.0727817990007118,1.0,-0.06997674977149654,2,False,False,False,False
923918111973,0,1,2.0,0.1924749158345388,4.0,0.4884331532154296,1,False,False,False,False
9235820811546,2,2,0.0,0.137103216016472,0.0,0.13710321601647055,2,True,True,False,False
923654796027,0,0,4.0,152.4563000956188,1.5,24.95264926082163,0,True,True,False,False
9241195118180,1,1,0.0,0.1811992021571576,0.0,0.18119920215715762,1,True,True,False,False
92409571362,1,1,0.0,0.1856189212002552,0.0,0.1856189212002564,1,True,True,False,False
924004162787,1,2,1.0,-0.0157620652296073,1.0,-0.015762065229606388,2,False,False,False,False
9239341413644,1,2,1.0,-0.0442542285264899,1.0,-0.04425422852649073,2,False,False,False,False
9236581912970,1,1,0.0,0.2765131905039391,1.0,0.05285683856042297,1,True,True,False,False
9237558414075,0,2,4.0,11.283634820841442,2.0,7.502389038359004,2,False,False,False,False
923220825842,1,1,0.0,0.174274034244709,0.0,0.12900278396334627,1,True,True,False,False
9237759017686,3,5,4.0,468.7865582636458,1.5,13.03534144310779,6,False,False,False,False
9232848716610,1,1,0.0,0.1673726277725255,0.0,0.13866908626061905,1,True,True,False,False
9234455610731,0,1,4.0,4.852588538679367,4.0,0.2476097798406955,1,False,False,False,False
923158144937,2,2,1.0,0.039286046598777,1.0,0.03928604659877584,2,True,True,False,False
9232597313958,1,1,0.0,0.1333250760624129,0.0,0.13332507606241287,1,True,True,False,False
9235776810730,2,1,0.0,0.231465288893666,0.0,0.1555996446633027,1,False,False,False,False
923637919651,0,1,0.0,0.12901012733967,0.0,0.12030666627129721,1,False,False,False,False
9235425019944,1,1,0.0,0.1008498973199319,0.0,0.1008498973199328,1,True,True,False,False
923398823868,1,1,0.0,0.1764150747195398,0.0,0.15162720722988893,1,True,True,False,False
923893626430,0,0,4.0,40.9200664566646,1.5,1.6004880364992644,0,True,True,False,False
9234509613158,0,0,4.0,50.05775711282372,1.5,2.558639412038468,0,True,True,False,False
9235422212050,1,1,4.0,4.32747724732235,1.5,0.33076357906622667,1,True,True,False,False
9235936910487,2,2,0.0,0.17155076116305,1.0,0.07304540286858777,2,True,True,False,False
923723358251,0,1,4.0,11.819169608433924,1.5,0.510333104571797,1,False,False,False,False
923650538920,1,1,0.0,0.1168390528108258,0.0,0.11683905281082271,1,True,True,False,False
923251991731,0,5,1.0,-0.1250369768394813,1.0,-0.12503697683947942,5,False,False,False,False
923424442360,1,1,0.0,0.1379342778279095,1.0,0.08323879593488578,1,True,True,False,False
923932002356,4,2,1.5,0.5458459577212411,1.5,0.5458459577212383,2,False,False,False,False
9235507018531,2,2,1.0,-0.3128164528329294,1.0,-0.0832153365655987,2,True,True,False,False
9233859712635,11,6,4.0,1409.4495598802532,1.5,16.83471220824584,6,False,False,False,False
9236654221170,1,2,1.0,-0.123220273942664,1.0,-0.1411808338635538,2,False,False,False,False
9235623419276,0,0,4.0,37.56709121269761,4.0,1.1170376958328325,0,True,True,False,False
923580155766,6,5,4.0,23.46138199022559,1.5,1.1148500186938786,5,False,False,False,False
9234861110674,8,6,4.0,1.475523347466513,1.5,0.7611553714452652,6,False,False,False,False
923259683688,2,2,4.0,0.3710825369123974,4.0,0.37108445344909863,3,True,False,False,True
923444813053,0,2,1.5,16.02804499647278,1.5,13.238523952978749,2,False,False,False,False
9115983320056,1,1,0.0,0.1612575230441203,0.0,0.16125752304412014,1,True,True,False,False
9236614714779,0,0,4.0,47.82335089464664,1.5,1.177641551299147,0,True,True,False,False
915930085732,0,1,4.0,7.441809428038585,4.0,0.430087880912756,1,False,False,False,False
9234737818223,3,4,1.0,-0.1522231978374665,1.0,-0.15222319783746277,4,False,False,False,False
923344467943,0,0,4.0,178.71484310108764,1.5,11.932928879441459,0,True,True,False,False
9239666318085,0,1,4.0,182.1756748403334,1.5,19.02140324136204,1,False,False,False,False
9115927317778,1,2,4.0,35.03952277394306,1.5,11.6205989201753,2,False,False,False,False
923675605932,1,1,0.0,0.2944340669995871,0.0,0.19510626629742045,1,True,True,False,False
9239938913223,2,2,4.0,0.2021291802367945,4.0,0.20212918023679532,2,True,True,False,False
923627683483,0,1,4.0,0.3006159225223178,1.0,0.04441527007379011,1,False,False,False,False
923178032660,1,1,0.0,0.3231935958912839,0.0,0.23589647784190235,1,True,True,False,False
9238821217344,0,0,4.0,48.957297863088776,1.5,0.247719681685036,0,True,True,False,False
9234092511021,1,1,4.0,0.3461698040242519,4.0,0.3461698040242529,1,True,True,False,False
923554147310,1,2,1.5,0.7168266372196036,1.5,0.7168266372196127,2,False,False,False,False
924049621988,1,1,1.0,0.0913776005136412,1.0,0.09137760051363833,1,True,True,False,False
9239665816260,2,2,1.5,0.2912240691317498,1.5,0.2912240691317525,2,True,True,False,False
900046283816,2,2,1.0,-0.0242450684636903,1.0,-0.024245068463688166,2,True,True,False,False
923474174162,0,0,4.0,48.47240437054467,1.5,1.6143547445875108,0,True,True,False,False
924124716559,0,1,4.0,17.82359152624375,1.5,0.5277182963346474,1,False,False,False,False
923770987146,0,0,4.0,59.50100371816245,1.5,7.424438780192618,0,True,True,False,False
92346836512,1,5,4.0,81.2249034817554,2.0,0.8058175611939067,6,False,False,False,False
9236196618483,0,0,4.0,50.2279177924761,4.0,0.7344043900673728,0,True,True,False,False
9238483414934,0,2,1.5,5.181828847479862,1.5,3.0609666510372056,2,False,False,False,False
9240850020193,0,1,4.0,0.6401151528712092,0.0,0.10059930435708322,1,False,False,False,False
923530288019,1,2,1.0,-0.024348300939794,1.0,-0.024348300939793517,2,False,False,False,False
9235562513288,3,2,0.0,0.1048350606868469,0.0,0.10483506068684542,2,False,False,False,False
9239769021225,1,1,0.0,0.2999131694651868,0.0,0.17360669302526469,1,True,True,False,False
9233526019021,1,2,1.5,7.95882989496045,1.5,7.795097077406268,2,False,False,False,False
9234588714449,1,2,1.0,-0.101528922139199,1.0,-0.10152892213920162,2,False,False,False,False
923823551046,0,1,4.0,12.09150692186038,1.5,1.15018324728959,1,False,False,False,False
9237213712809,8,8,1.0,0.0125253301586939,2.0,1.3602837427937884,8,True,True,False,False
9234442816062,1,1,0.0,0.1085072535298748,0.0,0.10850725352987403,1,True,True,False,False
9234987411698,2,2,4.0,0.2248322214423567,4.0,0.224832221442357,3,True,False,False,True
9238431614511,1,1,0.0,0.1716783606569252,0.0,0.15006209765230644,1,True,True,False,False
9234504013157,1,1,1.5,1.5526475652544096,1.5,1.655778692564409,1,True,True,False,False
9237642313529,0,0,4.0,44.70035010269916,1.5,10.884390384396585,0,True,True,False,False
9237990820982,3,2,1.0,0.035123666286207,1.0,0.035123666286211434,2,False,False,False,False
9235689019279,0,0,4.0,46.535473048880384,4.0,0.8457606119107302,0,True,True,False,False
9240014718672,0,0,4.0,49.12957627858194,1.5,1.2530402048364746,0,True,True,False,False
923692899400,2,3,1.0,0.0590110965257255,1.0,0.05901109652572607,3,False,False,False,False
924013273958,0,1,4.0,6.2653522302986415,4.0,0.11333484388828435,1,False,False,False,False
9235951312766,1,2,1.0,-0.136413146951507,1.0,-0.1364131469515102,2,False,False,False,False
924009158773,0,6,4.0,36.61533033983815,2.0,3.121884698373396,6,False,False,False,False
92390809957,2,3,1.5,10.081224124779483,1.5,9.958328143902497,3,False,False,False,False
9237546717564,2,2,1.0,0.0363516145879416,1.0,0.0363516145879492,2,True,True,False,False
923738438273,0,0,4.0,53.55706370469854,1.5,3.2069820216090164,0,True,True,False,False
923373258659,1,2,1.0,-0.0908261400605948,1.0,-0.09082614006059772,2,False,False,False,False
923541319836,1,1,4.0,0.984687687177576,4.0,0.7411861684687804,1,True,True,False,False
9241127313172,0,0,4.0,41.95683577767813,1.5,2.6196388056199464,0,True,True,False,False
9235004518606,1,2,1.0,-0.0796783973721642,1.0,-0.09863740082256679,2,False,False,False,False
9233608416740,1,2,1.0,0.0283948125855488,1.0,-0.06569952498976132,2,False,False,False,False
9234844916148,0,2,1.0,0.0847062465122511,1.0,0.010882947016105897,2,False,False,False,False
9236212919514,0,0,4.0,26.52885147787328,1.5,0.9893070233468131,0,True,True,False,False
9234247921375,2,2,1.5,0.1258582571575239,1.5,0.125858257157535,2,True,True,False,False
923174934852,2,2,1.0,0.0384172807588699,1.0,0.038417280758869556,2,True,True,False,False
9238509919684,0,0,4.0,45.83055785923055,1.5,29.35636178926299,0,True,True,False,False
9236660819831,0,1,4.0,4.64869474034719,4.0,0.6113278237897245,1,False,False,False,False
9238945716408,3,3,1.0,-0.0070302253150514,1.0,-0.007030225315053366,3,True,True,False,False
9239209512525,0,1,4.0,8.768196548468152,1.5,0.648241699841262,1,False,False,False,False
9239910913510,1,2,1.0,-0.1035953885176538,1.0,-0.10359538851765426,2,False,False,False,False
9234568510053,2,1,1.5,0.1794505312418745,1.5,0.3263597769067994,1,False,False,False,False
92371160808,0,0,4.0,59.57171671009496,1.5,3.756812758424449,0,True,True,False,False
923416576003,0,0,4.0,48.87977867710468,1.5,1.8534110180322896,0,True,True,False,False
923682987053,0,1,1.5,0.8860150001366012,1.5,1.0922045467462076,1,False,False,False,False
92371011710,2,2,4.0,0.2438622768313852,4.0,0.2438622768313858,2,True,True,False,False
923844532193,1,1,1.5,1.2768560057879337,1.5,1.2768560057879397,1,True,True,False,False
9236868414994,1,1,0.0,0.2351398065983689,0.0,0.1162952443672037,1,True,True,False,False
9237531010426,2,2,1.0,0.0330674862259403,1.0,0.03306748622593952,2,True,True,False,False
9235009214523,3,3,1.0,-0.0424853537724263,1.0,-0.04248535377242537,3,True,True,False,False
9232666321139,2,2,1.0,-0.0890572057741231,1.0,-0.1294402026375721,2,True,True,False,False
9241289819727,0,2,4.0,2.7645560701064587,2.0,5.222423129439613,2,False,False,False,False
923749585771,1,2,1.0,-0.1049702542164651,1.0,-0.10497025421646813,2,False,False,False,False
923412249538,2,6,4.0,9.984671191127504,2.0,0.5318825411081839,6,False,False,False,False
9237005013567,1,2,1.5,4.387769172742253,1.5,4.0701899872777645,2,False,False,False,False
923201942295,0,0,4.0,2515.15618001964,1.5,45.90073405575983,0,True,True,False,False
923412485135,1,1,0.0,0.1304479888047257,0.0,0.1304479888047227,1,True,True,False,False
924039357214,1,2,1.0,-0.1561598544559312,1.0,-0.09437199527035345,2,False,False,False,False
923777939466,2,2,1.0,-0.0094357751762043,1.0,-0.009435775176203622,2,True,True,False,False
923678675542,1,1,1.0,0.0252408991132475,1.0,0.025240899113247554,1,True,True,False,False
9236197210249,1,2,1.0,-0.0236086666890831,1.0,-0.023608666689079405,2,False,False,False,False
9234866710622,5,5,1.0,-0.0014102783351368,1.0,-0.0014102783351328811,5,True,True,False,False
9232709520453,1,1,0.0,0.374192633630905,0.0,0.1975440578967266,1,True,True,False,False
9115949920399,0,4,1.0,-0.0273721663843702,1.0,-0.02737216638437027,4,False,False,False,False
923317983451,1,1,0.0,0.1740490557736507,0.0,0.1740490557736474,1,True,True,False,False
923209124726,1,1,0.0,0.1780965266853622,0.0,0.17809652668536216,1,True,True,False,False
9235240316600,3,2,1.5,1.9991148236086247,1.5,2.3435766336353296,2,False,False,False,False
9239874617024,0,1,1.0,0.0931566081063854,1.0,0.09315660810638249,1,False,False,False,False
923537627720,1,1,0.0,0.1272397635272681,0.0,0.1272397635272694,1,True,True,False,False
923277864893,1,1,0.0,0.1214093103447178,0.0,0.12140931034471797,1,True,True,False,False
9240952620589,0,0,4.0,48.00537339551097,1.5,1.219419797270982,0,True,True,False,False
924032399314,0,1,4.0,1.5219280312389878,4.0,0.2546829086212539,1,False,False,False,False
923586444585,1,1,0.0,0.1465285896962559,0.0,0.14595055272172974,1,True,True,False,False
923619325695,0,2,1.0,-0.0507486451939591,2.0,2.3137654946683326,2,False,False,False,False
9236401417353,0,0,4.0,48.118675220026965,4.0,0.7812927483641651,0,True,True,False,False
9240890216422,1,1,4.0,58.97073731422605,1.5,19.38371154306471,1,True,True,False,False
924155188940,0,1,4.0,1.9882234794077456,4.0,0.21281905055501044,1,False,False,False,False
9241356228,0,0,4.0,148.37070029084938,1.5,53.36350761710106,0,True,True,False,False
9236932115081,1,2,1.5,10.45258732048446,1.5,7.3046702377788115,2,False,False,False,False
924125776420,0,2,4.0,0.8896468941006118,2.0,4.603539013714843,2,False,False,False,False
923673427224,1,2,1.0,0.0080393424532265,1.0,-0.10054711088229672,2,False,False,False,False
924121879699,1,1,0.0,0.127368588214011,1.0,0.06218929676726446,1,True,True,False,False
923308154853,1,1,0.0,0.1474754590835564,0.0,0.14747545908355716,1,True,True,False,False
911602426382,0,6,4.0,3593.747976055903,1.5,31.75297306726602,6,False,False,False,False
9237129219160,1,2,1.0,-1.0501871894656734e-05,1.0,-1.0501871893685288e-05,2,False,False,False,False
923703663913,1,2,1.0,-0.0330357407342895,1.0,-0.1131926033184712,2,False,False,False,False
9241287117738,0,0,4.0,46.56143523100607,4.0,0.5991467661362743,0,True,True,False,False
9237481115891,2,3,1.5,0.9961852045624194,1.5,0.9961852045624237,3,False,False,False,False
915927727617,1,1,1.0,0.0881686031379801,1.0,0.0881686031379809,1,True,True,False,False
923584563738,1,2,1.5,0.8059917626024898,1.5,0.8059917626024968,2,False,False,False,False
924051876534,3,2,1.0,-0.0128570536812769,1.0,-0.012857053681277314,2,False,False,False,False
924031721676,1,2,1.0,-0.1359740197479597,1.0,-0.13796052786123653,2,False,False,False,False
9236079317356,0,0,4.0,51.69164950070698,1.5,13.330390615402377,0,True,True,False,False
923566103041,1,3,1.5,34.257417626070364,1.5,24.121633289045427,3,False,False,False,False
9237292416577,1,2,1.5,1.35528839674491,1.5,1.3361175011289843,2,False,False,False,False
923681507042,0,6,4.0,119.2976679600586,1.5,40.37148697122132,6,False,False,False,False
923474505673,1,2,1.0,-0.0554624960361315,1.0,-0.05727909165203555,2,False,False,False,False
9240301920853,1,1,0.0,0.1880442414016105,0.0,0.188044241132575,1,True,True,False,False
9241227414810,3,3,1.0,-0.1656152549521648,1.0,-0.16561525495216584,3,True,True,False,False
923362075174,2,1,0.0,0.1258950683402493,0.0,0.12589506834024936,1,False,False,False,False
9234304812811,2,3,1.0,0.0769860709660718,1.0,0.023965884698652608,3,False,False,False,False
900047723425,0,0,4.0,46.78101815470372,1.5,1.1688117420050728,0,True,True,False,False
923386832644,0,0,4.0,49.13571398302126,1.5,2.4308568246033837,0,True,True,False,False
923705389203,1,2,1.0,-0.0061964147319962,1.0,-0.0061964147319958016,2,False,False,False,False
9241655711593,1,2,1.0,-0.1198961595126917,1.0,-0.11989615951269364,2,False,False,False,False
9237757520519,0,1,1.5,1.2063617432414782,1.5,1.2063617432414835,1,False,False,False,False
924060205988,1,3,1.5,0.3507809540104434,1.5,0.3507809540104487,3,False,False,False,False
9234489511037,2,2,1.0,-0.0777102908626188,1.0,-0.07771029086262034,2,True,True,False,False
9235560918706,3,3,1.0,-0.0585300403308732,1.0,-0.058530040330872626,3,True,True,False,False
923216042597,0,1,0.0,0.4118370932316981,0.0,0.15102478084566914,1,False,False,False,False
9234253210075,15,3,4.0,3558.8078803041844,1.5,19.73462957290619,4,False,False,False,False
924145964974,2,2,1.0,-0.0218375215906589,1.0,-0.05083169328537088,2,True,True,False,False
9238433919543,1,1,0.0,0.1777331324078008,0.0,0.14562661436347407,1,True,True,False,False
9235510015015,0,1,4.0,4.031169514626229,4.0,0.7139806745241625,1,False,False,False,False
9240742310590,0,0,4.0,41.88276781881773,1.5,19.9598958730556,0,True,True,False,False
9241147217593,0,1,4.0,6.07130504396691,1.5,0.28631628652497076,1,False,False,False,False
923599967884,3,6,4.0,766.5575592545202,1.5,5.6547019117701405,6,False,False,False,False
924124166811,1,1,0.0,0.2486726561092117,0.0,0.15898031289476547,1,True,True,False,False
923430316280,0,1,4.0,14.550532827111503,4.0,0.6894364786766957,1,False,False,False,False
923851434038,1,2,1.5,0.9405056551066052,1.5,0.9405056551066064,2,False,False,False,False
9239586117103,1,2,1.0,0.0130200878672366,1.0,-0.013190998363518315,2,False,False,False,False
923452409818,1,3,1.5,10.358483128084254,1.5,9.668737547006852,3,False,False,False,False
9234402612558,0,0,4.0,37.88709421594571,1.5,1.6390779442367345,0,True,True,False,False
923679927421,2,4,1.5,4.100991787454782,1.5,3.7157526021012677,4,False,False,False,False
923450853379,3,4,1.0,-0.1653108368100055,1.0,-0.16531083681000527,4,False,False,False,False
923187661480,0,0,4.0,46.26985450078804,1.5,1.2556928557171567,0,True,True,False,False
9238246614111,1,1,1.0,0.0529424838179134,1.0,0.052942483817910745,1,True,True,False,False
92355386178,2,2,1.0,-0.2028051572507983,1.0,-0.20203299986126225,2,True,True,False,False
9234559517148,2,1,4.0,0.2850953036943823,4.0,0.2850953036943815,1,False,False,False,False
9234694819085,3,3,1.0,-0.1014570674864774,1.0,-0.10145706748647836,3,True,True,False,False
900013252661,2,2,1.0,-0.0075720298773626,1.0,-0.007572029877365688,2,True,True,False,False
9236169119187,1,2,1.0,0.0041347094589905,1.0,0.004134709458989555,2,False,False,False,False
9238618517753,3,3,1.5,7.868049648546257,1.5,7.240093142635949,3,True,True,False,False
923561548751,1,1,0.0,0.2315549968214912,0.0,0.16717306010921704,1,True,True,False,False
9236446919801,1,1,0.0,0.1486307020871938,0.0,0.14863070208719448,1,True,True,False,False
923928989441,2,2,1.0,0.0844240907034603,1.0,0.08442409070345908,2,True,True,False,False
923776072996,2,2,1.0,-0.153831204805305,1.0,-0.15383120480530646,2,True,True,False,False
9234130612727,3,4,1.0,-0.0446968206014926,1.0,-0.044696820601490855,4,False,False,False,False
923436489445,6,3,4.0,31.49788397683689,1.5,13.522275292066752,3,False,False,False,False
923511299750,4,2,2.0,0.1225141875082789,2.0,0.12251418750828139,3,False,False,False,False
923842877086,4,6,4.0,2.834419548931035,1.0,-0.415150207217594,6,False,False,False,False
9239207721376,1,1,0.0,0.1150854016583573,0.0,0.10855882716591145,1,True,True,False,False
9240308313219,2,2,4.0,424.1511907437999,1.5,36.79740489952789,2,True,True,False,False
9233772321277,8,3,1.5,3.081848683044261,1.5,3.08184868304426,3,False,False,False,False
9240537315525,0,0,4.0,30.723977532781923,4.0,0.6704780149983995,0,True,True,False,False
9240681618516,1,1,0.0,0.1393939404340177,0.0,0.13939394043401862,1,True,True,False,False
923161171031,2,2,1.0,0.0281199536878355,1.0,0.028119953687837505,2,True,True,False,False
9241624019313,0,1,4.0,17.197808936677806,4.0,0.6011151484841851,0,False,True,True,False
900043351756,1,2,1.0,-0.002730760633515,1.0,-0.0027307606335163163,2,False,False,False,False
923489266706,0,0,4.0,108.11928202261775,1.5,6.756508462071462,0,True,True,False,False
923757153019,2,2,1.0,0.0575034362394524,1.0,0.057503436239451686,2,True,True,False,False
9234741911564,1,2,1.0,0.0187790179738666,1.0,0.018779017973867135,2,False,False,False,False
9231700718028,3,2,1.0,-0.1787196777174835,1.0,-0.1622612257058285,2,False,False,False,False
9240613913328,0,0,4.0,50.11684867703776,1.5,1.137591623766735,0,True,True,False,False
923625986543,0,4,1.5,0.6420113775496584,1.5,0.6633977063039801,5,False,False,False,False
923332994297,1,1,0.0,0.2898981040719474,0.0,0.2375772534129684,1,True,True,False,False
9232377317168,2,2,4.0,0.2162682946836892,4.0,0.21626829468368866,3,True,False,False,True
9237956712093,1,1,0.0,0.2535037283303771,0.0,0.1473845899211668,1,True,True,False,False
923565858543,1,2,1.0,-0.0953230396557232,1.0,-0.09532303965572211,2,False,False,False,False
9231983715813,1,1,0.0,0.2344327762629679,0.0,0.17986362708759393,1,True,True,False,False
9232744818358,1,2,1.0,-0.0737695889470489,1.0,0.09622624926777537,2,False,False,False,False
923796825781,0,2,4.0,19.043308438393847,1.5,4.167100798129271,2,False,False,False,False
923471757470,0,2,4.0,0.1929282855215736,4.0,0.19292828552157484,2,False,False,False,False
9234684511794,1,1,0.0,0.1796951259833269,1.0,0.061986667625822896,1,True,True,False,False
923525792766,1,1,0.0,0.1400541364800474,0.0,0.14003688618680205,1,True,True,False,False
9240211420362,0,1,4.0,5.065601980309608,4.0,0.838075035466997,1,False,False,False,False
9239631117596,0,1,4.0,0.1976840989191726,4.0,0.19768409891917127,1,False,False,False,False
9238692215186,2,2,0.0,0.1277656611151107,0.0,0.12776566111511117,2,True,True,False,False
9231820416861,0,0,4.0,33.234802985283984,4.0,1.5451214715817478,0,True,True,False,False
9233418614671,0,0,4.0,30.84806212363731,4.0,0.3287499496696248,0,True,True,False,False
9232903217904,0,1,4.0,0.1061215432987751,4.0,0.10612154329877557,1,False,False,False,False
9235469417896,1,1,4.0,0.1439158345340934,4.0,0.1439158345340943,1,True,True,False,False
924098113797,4,2,1.5,5.938219887498194,1.5,5.786352702555447,3,False,False,False,False
9237290018620,0,4,4.0,246.6278495815476,1.5,28.46880076816259,5,False,False,False,False
9240135319057,2,2,1.0,0.0166424502266027,1.0,0.016642450226603468,2,True,True,False,False
923847877212,0,1,4.0,8.502833319187884,1.0,0.0031322073842635807,1,False,False,False,False
923647362827,1,1,0.0,0.2342689977472315,0.0,0.184347281495531,1,True,True,False,False
9234043217236,2,2,1.0,-0.0080781267270234,1.0,-0.008078126727021384,2,True,True,False,False
923968943172,1,1,1.0,0.0790039561214305,1.0,0.07900395612142622,1,True,True,False,False
907138114237,3,2,1.5,0.2976425467575029,1.5,0.29764254675751123,2,False,False,False,False
923633224214,1,1,0.0,0.1151195212224625,0.0,0.11511952122246338,1,True,True,False,False
9235031116106,1,1,1.5,2.1364166888102774,1.5,2.147771735732092,1,True,True,False,False
9237601713293,3,3,1.5,1.1282278325716573,1.5,1.1282278325716717,3,True,True,False,False
92344093122,0,0,4.0,48.4768204494408,1.5,1.4467363753918807,0,True,True,False,False
9239296114455,1,1,1.0,0.0903031580585988,1.0,0.08048759329683072,1,True,True,False,False
923573209924,1,2,1.0,-0.1212635532584249,1.0,-0.12126355325842766,2,False,False,False,False
9231813912181,3,3,1.5,0.7706429812632634,1.5,0.8110883834623611,3,True,True,False,False
9240096919399,0,1,4.0,30.87103628458009,1.5,0.7464306559470266,1,False,False,False,False
923764175419,3,3,1.0,-0.0639399805540905,1.0,-0.07477819392059576,3,True,True,False,False
9234523918556,0,0,4.0,48.05075078191786,1.5,1.8634089308446626,0,True,True,False,False
9236689120651,0,0,4.0,22.466879934164893,4.0,0.5110843804444337,0,True,True,False,False
923861863002,1,2,1.0,0.0469038351881265,1.0,0.046903835188126554,2,False,False,False,False
9234614018052,0,1,1.0,0.0907167637832506,1.0,0.09071676378324692,1,False,False,False,False
9241462017810,0,0,4.0,47.76176338411996,1.5,1.5414713856014521,0,True,True,False,False
9235958720305,0,1,4.0,10.735698882394251,1.5,0.6102720190282793,1,False,False,False,False
923841212308,1,2,1.0,0.0290269035299403,1.0,0.029026903529939314,2,False,False,False,False
923654739882,1,1,0.0,0.1592373667922206,0.0,0.1592373667922202,1,True,True,False,False
923818161314,0,2,1.0,-0.0140998068539012,1.0,-0.014099806853889802,2,False,False,False,False
923894798112,4,4,4.0,46.49924816459051,1.5,14.557803179106536,4,True,True,False,False
923428808069,2,3,1.0,-0.0556863491884615,1.0,-0.05568634918845517,3,False,False,False,False
9231854712071,1,2,1.5,0.6060368035953814,1.5,0.606036803595391,2,False,False,False,False
924108946860,0,0,4.0,45.81426029894001,4.0,1.1047577720760875,0,True,True,False,False
924047737361,1,2,1.5,40.27440546782069,1.5,19.90418857977605,2,False,False,False,False
923283011115,1,1,0.0,0.1376184979040347,0.0,0.1376184979040361,1,True,True,False,False
924140626630,2,1,4.0,0.1990920913990949,4.0,0.1990920913990946,2,False,True,True,False
9238261117942,1,2,4.0,68.15707381369057,1.5,21.98995128239653,3,False,False,False,False
9241660814146,2,2,0.0,0.180374572607541,0.0,0.18037457260754156,2,True,True,False,False
9237480816669,1,1,0.0,0.3725361510039053,0.0,0.22366459122307578,1,True,True,False,False
923578763444,1,1,4.0,0.5333359780435708,4.0,0.30250531494927,2,True,False,False,True
923705961507,0,0,4.0,50.10187108659831,1.5,0.9364056344168554,0,True,True,False,False
9239012220710,2,2,1.0,0.0942113874078679,1.0,0.09421138740786866,2,True,True,False,False
9240314814551,0,0,4.0,46.80264477547365,1.5,1.6084574487583463,0,True,True,False,False
923389669666,1,2,1.0,0.0373544275737222,1.0,0.03735442757372214,2,False,False,False,False
9235629918840,1,1,0.0,0.1618217210303985,1.0,0.041259124849280605,1,True,True,False,False
9233026717013,3,2,1.0,0.0070724365018818,1.0,0.007072436501881836,2,False,False,False,False
9240452513124,1,1,0.0,0.3739394293990269,0.0,0.10603518175381774,1,True,True,False,False
924108438947,0,0,4.0,62.33149905905442,1.0,-0.030276554326429943,0,True,True,False,False
9236246214154,1,1,0.0,0.1520310849638602,0.0,0.15202049467004722,1,True,True,False,False
923224129388,2,2,1.0,-0.0361615172565273,1.0,-0.03616151725652404,2,True,True,False,False
9239588414403,1,2,1.5,0.8872872721105376,1.5,0.8872872721105393,2,False,False,False,False
923782879494,11,9,4.0,174.6748471843868,1.5,0.7848189162746116,9,False,False,False,False
9232003313168,0,0,1.5,132.78939243311808,1.5,58.333255106028744,0,True,True,False,False
9233031118699,0,1,4.0,8.233642833479745,1.5,4.139606926992771,2,False,False,False,False
923435317109,0,2,4.0,0.5936829552555511,2.0,1.2034615260349701,2,False,False,False,False
92320342183,1,2,1.0,-0.1045948013232047,1.0,-0.10459480132320223,2,False,False,False,False
9241034912150,1,4,1.5,0.6857418574406154,1.5,1.606630546154516,4,False,False,False,False
923222184981,2,2,1.0,0.0139821430742515,1.0,0.013982143074252428,2,True,True,False,False
924069288983,2,1,1.5,2.630817972878737,1.5,1.8490905495395578,1,False,False,False,False
9239400417782,3,3,2.0,0.113690859967928,2.0,0.1136908599679316,4,True,False,False,True
9239355817065,1,2,1.0,0.0988352407369076,1.0,-0.12107729557803068,2,False,False,False,False
9235222014241,2,2,1.5,0.2396617886695135,1.5,0.23966178866951923,2,True,True,False,False
9234591213594,1,1,4.0,0.6148686265066392,4.0,0.12457277459647102,1,True,True,False,False
9234596413777,2,2,1.0,-0.1327124352876021,1.0,-0.13271243528760185,2,True,True,False,False
923515609895,1,2,1.5,0.3484323092841515,1.5,0.34843230928416175,2,False,False,False,False
923321135132,1,1,4.0,1.4590814765366678,1.0,-0.055670181750501806,1,True,True,False,False
923388274827,1,1,1.0,0.0764144702071905,1.0,0.07641447020718611,1,True,True,False,False
9232028419110,2,2,1.5,0.1601686870916174,1.5,0.1601686870916307,2,True,True,False,False
9234761115657,1,1,0.0,0.15018703613631,0.0,0.15016990869663951,1,True,True,False,False
9233256514603,1,2,1.0,-0.0057524573512182,1.0,-0.005752457351215294,2,False,False,False,False
92359962423,1,2,1.0,-0.0380260540711901,1.0,-0.038026054071189516,2,False,False,False,False
923348922072,1,2,1.5,0.2931042156462335,1.5,0.2931042156462364,2,False,False,False,False
923538911772,3,2,4.0,3.64659154682152,2.0,3.255135959420566,2,False,False,False,False
9239726813663,1,2,1.5,2.045164759465894,1.5,1.5410200813002057,2,False,False,False,False
9231994914422,0,0,4.0,25.587570751607057,4.0,0.714705452131987,0,True,True,False,False
923369371381,1,1,1.0,0.0861162079066855,1.0,0.08611620790668625,1,True,True,False,False
923912881179,1,3,1.5,4.5266901075465045,1.5,4.581583889350831,3,False,False,False,False
9238257017754,0,0,4.0,42.91880760840454,4.0,1.2722762271978914,0,True,True,False,False
924179017842,1,1,1.0,0.0493997961723722,1.0,0.0493997961723722,1,True,True,False,False
9234565415226,0,0,4.0,346.4132324631254,1.5,33.56412384379521,0,True,True,False,False
923983551368,3,2,1.5,0.8939419966186278,1.5,0.8939419966186395,2,False,False,False,False
9238600118564,0,0,4.0,26.83187567073256,4.0,0.3371812963234686,1,True,False,False,True
923251229040,2,2,1.0,-0.0064158608946468,1.0,-0.006415860894646137,2,True,True,False,False
923420864197,4,4,1.5,0.5727139906743987,1.5,0.5727139906744101,4,True,True,False,False
9239259121196,1,1,0.0,0.279282974016157,0.0,0.22811381743905265,1,True,True,False,False
92341954594,1,2,1.0,-0.0128559087617296,1.0,-0.012855908761731103,2,False,False,False,False
9236631620646,1,2,1.0,0.0851528684816876,1.0,0.08515286848168732,2,False,False,False,False
9240828510235,4,2,1.5,1.420189212098378,1.5,1.5161554565449287,2,False,False,False,False
924088888630,2,2,1.5,0.3148245132966422,1.5,0.31482451329664957,2,True,True,False,False
900010203295,1,1,1.0,0.0888752956533346,1.0,0.08887529565333506,1,True,True,False,False
923570177165,1,2,0.0,0.1049683241964489,1.0,0.06254800530605417,2,False,False,False,False
923499856340,2,3,4.0,0.1540369312895526,4.0,0.15403693128955284,4,False,False,False,False
9239067812115,5,3,1.0,-0.0721382698881122,1.0,-0.07213826988810906,3,False,False,False,False
9241514711981,1,5,4.0,55.07907147729576,1.5,22.78518196414638,6,False,False,False,False
923261161231,4,2,1.0,0.0154522787247637,1.0,0.015452278724761577,2,False,False,False,False
923608878882,0,1,0.0,0.1222946515974349,0.0,0.12229465159743327,1,False,False,False,False
923356522737,1,3,1.0,-0.261988943142611,2.0,3.8623548850244664,3,False,False,False,False
9240232718920,0,1,0.0,0.1443653712949457,0.0,0.14436537129494587,1,False,False,False,False
923688878204,1,2,1.5,4.713030215568117,1.5,4.75268800538569,2,False,False,False,False
901079165208,4,3,1.0,-0.0846996524585141,1.0,-0.08469969927675627,3,False,False,False,False
9236365610517,1,1,0.0,0.1059144009805029,0.0,0.10591440098050325,1,True,True,False,False
923912804026,0,2,1.0,-0.0992836888508892,1.0,-0.09928368885088906,2,False,False,False,False
923680368712,1,1,1.0,0.0013109765141462,1.5,0.21185063959416478,1,True,True,False,False
9233009110276,0,0,4.0,714.9085224957391,1.5,24.511571932154606,0,True,True,False,False
9238021615644,0,1,4.0,2.025077239242117,4.0,0.39669284251317893,1,False,False,False,False
923651285425,0,0,4.0,33.36364838331003,1.5,6.824745599850413,0,True,True,False,False
9237114513279,1,1,0.0,0.1253269101157437,0.0,0.12532691011574362,1,True,True,False,False
923403631261,0,0,4.0,41.132046728288906,4.0,0.5811396303890843,0,True,True,False,False
923767466009,0,1,0.0,0.2109795353961625,1.0,0.010154240276457838,1,False,False,False,False
9238018114638,0,1,4.0,7.2090116869300305,4.0,0.5867211388497314,1,False,False,False,False
923320065060,3,3,1.0,0.0664561077420205,1.0,0.04507788834809554,3,True,True,False,False
9237562018518,1,2,1.0,-0.0310732418808832,1.0,-0.031073241880883583,2,False,False,False,False
9235924812090,1,2,1.0,-0.1081109236916635,1.0,-0.2523146802697065,2,False,False,False,False
923745542549,0,0,1.5,60.74570591744354,1.5,18.35568851714879,0,True,True,False,False
923478582543,11,12,4.0,22403.0999542175,1.5,20.97788208829566,12,False,False,False,False
9239135316949,1,2,0.0,0.168795677039074,1.0,-0.08199749961494313,2,False,False,False,False
9235241311594,1,2,1.0,-0.0808352040000072,1.0,-0.0808352040000073,2,False,False,False,False
9240048210681,0,4,4.0,166.41296170074904,1.5,14.714731475011321,4,False,False,False,False
924023339034,2,2,4.0,0.2456629776792172,4.0,0.2456629776792174,3,True,False,False,True
9240521016696,2,1,1.5,8.02590260147331,1.5,8.147724410111055,1,False,False,False,False
9235149310985,1,1,0.0,0.1577202318369321,0.0,0.15771227127228757,1,True,True,False,False
9236161715140,2,2,1.0,-0.0339201941911139,1.0,-0.03392019419111372,2,True,True,False,False
9233753110397,1,2,1.0,-0.090004874880678,1.0,-0.12787612342178048,2,False,False,False,False
9236198513399,1,2,1.0,0.0727266920683947,1.0,0.07272669206839452,2,False,False,False,False
923468139862,4,2,1.0,0.072588643289306,1.0,0.07258864328931366,2,False,False,False,False
923940028099,2,2,0.0,0.1043105636464205,0.0,0.10431056364642116,2,True,True,False,False
9233183619274,1,1,1.0,0.0558104918461122,1.0,0.055810491846111025,1,True,True,False,False
923561565468,1,2,1.0,-0.0081945163111708,1.0,-0.008194516311170387,2,False,False,False,False
9239467918925,0,1,4.0,662.3052845477926,1.5,35.23480167840676,1,False,False,False,False
9238541920210,0,0,4.0,46.18594261405969,4.0,1.1259504378326528,0,True,True,False,False
9238037320333,0,2,4.0,4.170263714874913,2.0,14.615195648070987,2,False,False,False,False
923460768695,1,1,1.5,0.3585937746333891,1.5,0.3943160993840329,1,True,True,False,False
9235321210932,1,1,1.0,0.0861977739524272,1.0,0.08619777395242784,1,True,True,False,False
923350408624,1,1,0.0,0.1266704081262969,0.0,0.1266704081262972,1,True,True,False,False
9241642211617,1,1,1.0,-3.6732317772229794e-05,1.5,0.41416698192228596,1,True,True,False,False
923659762154,0,0,4.0,45.43453925874319,1.5,4.183291563805407,0,True,True,False,False
9237233315954,1,2,1.0,-0.04109573004125,1.0,-0.04109573004124895,2,False,False,False,False
9237727210416,4,2,1.0,0.0701854367987526,1.0,0.0701854367987518,2,False,False,False,False
9241170119800,0,0,4.0,27.240000126210003,4.0,0.8239664538219362,0,True,True,False,False
915922155796,1,2,1.0,0.0443110666065559,1.0,0.04431106660655521,2,False,False,False,False
923902121592,1,1,0.0,0.1511653473630055,0.0,0.1511653473630016,1,True,True,False,False
9236298421128,1,1,4.0,0.217875178058312,4.0,0.2178751780583113,1,True,True,False,False
9238358213844,1,1,4.0,0.1261563662192239,4.0,0.12616691269646962,1,True,True,False,False
9238764510029,2,2,4.0,0.4663854099707339,2.0,0.16574811929671335,2,True,True,False,False
923166949706,4,3,4.0,114.00903256601995,1.5,21.157101457141152,3,False,False,False,False
924027376038,1,1,1.0,0.0147900634653382,1.0,0.03396994587356334,1,True,True,False,False
923358821283,1,5,4.0,63.4019287235314,1.5,20.772396295378332,5,False,False,False,False
923554065884,0,3,2.0,0.1931460829320989,2.0,0.20986800507858042,3,False,False,False,False
924107885679,2,3,1.0,-0.0171662967800912,1.0,-0.01716629678009006,3,False,False,False,False
923753621302,0,0,4.0,45.12790113313696,1.5,0.7024396576861627,0,True,True,False,False
924100659756,1,1,0.0,0.1665397324490001,0.0,0.1665397324490007,1,True,True,False,False
9232074317827,3,3,1.0,-0.0266680458741255,1.0,-0.02666801485531131,3,True,True,False,False
923161539012,0,0,4.0,26.74062075788796,0.0,0.20812891057158975,0,True,True,False,False
9235352411588,2,2,1.0,0.0574102549889364,1.0,0.05741025498893569,2,True,True,False,False
923563795482,1,2,1.5,1.1455846921006942,1.5,1.1065036309872147,2,False,False,False,False
923839076193,1,2,1.0,0.0029236861032171,1.0,0.002923686103221001,2,False,False,False,False
9236771514766,6,4,1.0,0.0522625189847164,1.0,0.05226251898471877,4,False,False,False,False
9235430815268,2,2,1.0,0.0381073459640267,1.0,0.03810734596402319,2,True,True,False,False
923663498718,0,0,1.5,133.95244536738034,1.5,56.573968883047556,0,True,True,False,False
9241347815300,4,4,1.0,-0.2207111458871215,1.0,-0.22071126886225045,4,True,True,False,False
9237589180,1,1,0.0,0.1380383082514076,0.0,0.13803830825140812,1,True,True,False,False
923229261844,0,1,4.0,1.2134701972349564,1.5,0.28835587642235644,2,False,False,False,False
9237372317002,0,1,4.0,20.45451810640896,1.5,0.7386937270295245,1,False,False,False,False
9240154320994,10,6,4.0,4544.2641543088985,1.5,44.921248025872174,6,False,False,False,False
924139834635,3,3,1.0,-0.1815320591906969,1.0,-0.18153205919069387,3,True,True,False,False
924085443391,1,1,0.0,0.2350543805022937,0.0,0.20403036349486844,1,True,True,False,False
923705712347,1,1,4.0,0.5547185807599133,4.0,0.5176819198942372,1,True,True,False,False
924105357754,0,2,4.0,0.8520631821380176,4.0,0.6401620559607517,2,False,False,False,False
9236775510652,0,0,1.5,128.78076962811764,1.5,53.06568863255043,0,True,True,False,False
923542876590,1,1,0.0,0.1606750192078904,0.0,0.16067501920789076,1,True,True,False,False
92348848765,0,0,4.0,48.3544217822736,1.5,0.750041646217408,0,True,True,False,False
9238622018083,1,2,1.0,-0.0949770704014117,1.0,-0.08845287121802095,2,False,False,False,False
923200817374,0,2,4.0,39.902221435910846,1.5,21.742723706948336,2,False,False,False,False
923864619884,4,3,1.5,0.8677615705429644,1.5,0.8677615705429654,3,False,False,False,False
924053098014,1,1,0.0,0.2522292688412235,0.0,0.227883786399913,1,True,True,False,False
924068428765,2,2,1.0,-0.0212393845504041,1.0,-0.02123938455040677,2,True,True,False,False
923406742396,1,1,0.0,0.1723824784968764,1.0,0.04047042575584115,1,True,True,False,False
923409655494,0,0,4.0,53.01681880338297,1.5,0.8133909182162731,0,True,True,False,False
923759906807,3,2,1.5,0.21725957849745,1.5,0.21725957849745872,2,False,False,False,False
923185907498,1,1,1.5,0.2429201735045113,1.5,0.2429201735045173,1,True,True,False,False
923668582671,12,6,4.0,388.1636926516149,1.5,19.521104216771782,6,False,False,False,False
9234474320110,0,1,1.5,2.093595425739518,1.5,2.093595425739527,2,False,False,False,False
923450377329,1,2,1.5,1.448839542501844,1.5,1.4508834999880609,2,False,False,False,False
92392005645,2,2,1.0,-0.0895957907337391,1.0,-0.08959579073374194,2,True,True,False,False
923397511111,1,1,1.0,0.0590249467098747,1.0,0.05902494670987359,1,True,True,False,False
9233974211026,1,1,0.0,0.1327123096893079,0.0,0.13271230968930675,1,True,True,False,False
923448696059,0,0,4.0,1824.1152046271463,1.5,30.96729265729213,0,True,True,False,False
9234385920481,1,2,1.0,-0.0536006182060406,1.0,-0.05360061820603414,2,False,False,False,False
915932361970,1,2,1.0,-0.0697917674174985,1.0,-0.06979176741749898,2,False,False,False,False
9240944513276,0,0,4.0,30.9604752304769,4.0,0.9424772356477904,0,True,True,False,False
9240444913723,0,1,4.0,7.47385484849007,1.5,2.886830475959436,1,False,False,False,False
9241740811526,4,5,4.0,50.34548751107788,1.5,10.895280226253215,5,False,False,False,False
923922104347,1,1,1.0,0.0417766631547765,1.0,0.041776663154773915,1,True,True,False,False
923895051020,0,1,4.0,1.232431496993286,0.0,0.11962626830073836,1,False,False,False,False
924017357404,0,0,4.0,40.600914414194285,1.5,7.556495407614096,0,True,True,False,False
923291847570,2,2,1.0,-0.0326580608510734,1.0,-0.20262012415139113,2,True,True,False,False
9240554219336,1,1,0.0,0.1845010066859943,1.0,0.08485952814923722,1,True,True,False,False
923862861969,14,10,4.0,113.7809057123454,1.0,-5.958522885653594,10,False,False,False,False
9232249517822,4,2,1.5,15.28504820114372,1.5,15.328915413927257,3,False,False,False,False
9159309920806,4,2,1.0,0.0629077135179422,1.0,0.06290771351794401,2,False,False,False,False
923380058776,0,0,4.0,26.30537805242624,1.5,6.763944228568823,0,True,True,False,False
9237935017979,1,1,0.0,0.2172720419494571,0.0,0.2172691591227117,1,True,True,False,False
923708219454,1,2,1.5,4.127935510421254,1.5,4.0394188596217475,2,False,False,False,False
9239544416843,1,1,1.5,0.6200906211048864,1.5,0.7768329056850266,1,True,True,False,False
924128889757,1,1,2.0,0.1470343050105727,2.0,0.1470343050105741,2,True,False,False,True
923805277852,0,0,4.0,70.90366449481321,1.5,26.624546136497088,0,True,True,False,False
9231732620669,0,1,0.0,0.1441438187641487,0.0,0.14414381876414942,1,False,False,False,False
924021842973,0,0,4.0,47.23656575059418,4.0,0.6492500395668487,0,True,True,False,False
9237063817838,1,2,1.0,0.0609129257589674,1.0,0.06091292575896858,2,False,False,False,False
92363219787,1,2,1.0,-0.0368612705377366,1.0,-0.03686127053773686,2,False,False,False,False
9232929317198,0,2,4.0,2.7639136621541742,2.0,2.396972006979973,2,False,False,False,False
923314818482,2,2,1.0,-0.0134988119134825,1.0,-0.01349881191348289,2,True,True,False,False
9234603210491,1,1,0.0,0.145438627916991,0.0,0.12527740347510188,1,True,True,False,False
924007825966,1,1,0.0,0.1472572229761901,0.0,0.14544758349559014,1,True,True,False,False
9236796312274,1,1,0.0,0.1767727798484941,0.0,0.16810234159269452,1,True,True,False,False
923418732337,0,1,1.5,0.1539491410719997,1.5,0.20278400106556238,1,False,False,False,False
923420259189,1,1,4.0,0.4708374939850536,4.0,0.47083749398505437,1,True,True,False,False
923670268985,2,2,1.0,-0.0127865058879852,1.0,-0.01278650588798177,2,True,True,False,False
9234019811601,9,6,2.0,0.5049457797654806,2.0,2.074930811657942,6,False,False,False,False
923463365564,0,4,2.0,1.823666998011564,2.0,10.64291933634577,4,False,False,False,False
9241308810572,0,0,4.0,39.98912650922056,4.0,0.6724066746370067,0,True,True,False,False
9240564719651,1,1,0.0,0.2033818135441442,0.0,0.20337907875840536,1,True,True,False,False
9241192821278,1,1,0.0,0.1090814527812346,0.0,0.10908145278123424,1,True,True,False,False
9240375217050,1,1,0.0,0.1128050777152422,0.0,0.1128050777152427,1,True,True,False,False
923525948780,0,1,4.0,6.032977676730576,4.0,0.5497971485166311,1,False,False,False,False
9238969815653,1,2,1.0,-0.0646740226658141,1.0,-0.06467402266581508,2,False,False,False,False
9241327015157,1,2,1.5,0.7748388112093885,1.5,0.6687977833527534,2,False,False,False,False
9241519011609,1,2,1.0,-0.1311788853146742,1.0,-0.13117888531467295,2,False,False,False,False
923572338174,7,3,4.0,270.6703478189694,1.5,16.15979556634975,3,False,False,False,False
923354013111,0,1,1.5,38.14947227271945,1.5,19.054916988332472,1,False,False,False,False
9237758916349,0,1,0.0,0.1144157589916679,0.0,0.11441575899166806,1,False,False,False,False
9231953214816,2,2,1.0,0.0466196232042149,1.0,0.04661962320422434,2,True,True,False,False
9237407919692,0,0,4.0,47.6375491456947,4.0,1.1538296314658514,0,True,True,False,False
923725063671,1,2,4.0,0.4648248884037708,4.0,0.46482488840377195,1,False,True,True,False
9233599613966,1,2,1.0,0.0439546018034176,1.0,0.04395460180341485,2,False,False,False,False
923202791304,1,1,0.0,0.1185003744542659,0.0,0.1185003744542627,1,True,True,False,False
9235121020358,0,0,4.0,29.193757534566167,4.0,0.9041888519407708,0,True,True,False,False
923458643087,0,3,4.0,85.70694893004661,1.5,24.195619822379555,3,False,False,False,False
9237747220405,0,0,4.0,26.48950044847036,4.0,0.9713404991582956,0,True,True,False,False
92396578320,1,2,1.0,-0.0224419003000631,1.0,-0.02244190030006516,2,False,False,False,False
923237013300,1,2,1.0,-0.102380595000321,1.0,-0.10238059500031814,2,False,False,False,False
9238896613438,4,3,1.0,-0.0833846311057045,1.0,-0.08338463110570524,3,False,False,False,False
9233630614868,1,1,1.5,0.1969994837890307,1.5,0.22053808870727232,2,True,False,False,True
9234264912593,0,4,2.0,5.748955344106991,2.0,7.0614540903257215,5,False,False,False,False
924097626920,0,1,4.0,369.3158592434666,1.5,26.822013265881743,1,False,False,False,False
9235133811297,1,1,0.0,0.2843021949741237,0.0,0.2330540114100352,1,True,True,False,False
9237710420352,0,1,0.0,0.1935453128514835,0.0,0.1867817034320225,1,False,False,False,False
9238421220642,1,1,4.0,0.2328829782005575,4.0,0.2328829782005581,1,True,True,False,False
923842683760,0,0,4.0,48.37083122912792,1.5,1.577787387909002,0,True,True,False,False
923458667903,3,14,4.0,18990.658248129774,2.0,10.608657765263475,14,False,False,False,False
923965792391,5,4,4.0,86.3700353523462,1.5,18.740043390286942,4,False,False,False,False
9235674812022,1,2,1.0,-0.0378946993587358,1.0,-0.03789469935873548,2,False,False,False,False
9235683414446,4,3,4.0,81.12596325807947,1.5,30.260897210596383,3,False,False,False,False
9238556420042,0,0,4.0,73.2920705860567,1.5,6.9568055649068805,0,True,True,False,False
9236803117553,0,1,4.0,1.8971529962630107,4.0,1.0322025243139965,1,False,False,False,False
9237426512131,2,2,1.5,0.179101640301709,1.5,0.17910164030171777,2,True,True,False,False
923563222513,0,0,4.0,36.30952858944534,1.5,0.9341005030026377,0,True,True,False,False
923443184236,2,2,1.0,0.0789358214653558,1.0,0.07893582146535572,2,True,True,False,False
9235867718716,1,2,1.0,0.0116679286551088,1.0,0.0116679286551098,2,False,False,False,False
9240563014033,1,2,1.5,2.4249858537373545,1.5,2.423118887930244,2,False,False,False,False
9236368613879,0,1,4.0,13.743917803721729,4.0,0.4568604710763642,1,False,False,False,False
9237568113359,1,2,1.0,-0.0481096344341299,1.0,-0.048109634434133144,2,False,False,False,False
9233631314503,1,2,1.5,3.602109286122457,1.5,3.1317607744260676,2,False,False,False,False
92333852728,1,1,2.0,0.2178945026449467,2.0,0.21789450264494595,2,True,False,False,True
9237568012923,1,1,0.0,0.2334435652262973,0.0,0.16879635286236022,1,True,True,False,False
9232863610555,4,4,1.5,0.2857324513476111,1.5,0.2857324513476161,4,True,True,False,False
9236190932,1,3,0.0,0.3136869216235759,1.0,0.015540989868969401,3,False,False,False,False
9233722812385,1,2,1.5,12.15908350810758,1.5,10.409594700347057,2,False,False,False,False
923309172675,3,3,4.0,10.86472508268898,1.5,3.8827536401052436,3,True,True,False,False
923236894377,1,1,1.0,0.0779516663682363,1.0,0.07795166636823664,1,True,True,False,False
924025306293,1,1,0.0,0.4807060750360513,0.0,0.1877946013487254,1,True,True,False,False
9241272913479,2,2,4.0,0.2251090099275997,4.0,0.2251114850292089,3,True,False,False,True
923480038950,1,1,4.0,0.1904560013725461,4.0,0.19045600137254604,2,True,False,False,True
92356625467,1,1,0.0,0.2346995738962432,0.0,0.1268829208774311,1,True,True,False,False
923680439235,0,1,4.0,3.33485815308885,1.0,0.044542695673168355,1,False,False,False,False
924119767823,1,2,1.5,0.1349203154860769,1.5,0.2531290798084763,2,False,False,False,False
9239667614180,1,2,1.0,-0.1033775248498909,1.0,-0.10337752484988576,2,False,False,False,False
923743862770,1,2,1.0,-0.1046927486429537,1.0,-0.10469274864295591,2,False,False,False,False
924076888699,1,4,1.5,16.638305159861012,1.5,12.580628428047214,5,False,False,False,False
9236788314102,0,1,4.0,10.380986380871011,4.0,0.18808038892389844,1,False,False,False,False
9237084217644,0,3,1.0,-0.4897266060374226,2.0,1.5302152914234612,3,False,False,False,False
92407135878,0,1,0.0,0.1092224721150517,0.0,0.10922247211505134,1,False,False,False,False
9241062520498,0,1,1.0,0.0764859549689374,1.0,0.07648595496893251,1,False,False,False,False
9115949016265,1,1,1.0,0.0597372477035587,1.0,0.059737247703558434,1,True,True,False,False
923653614090,2,2,4.0,0.6106939783049498,1.5,0.40025064820023765,2,True,True,False,False
923911812369,1,1,0.0,0.104463957275752,0.0,0.10446395727575242,1,True,True,False,False
924108882591,1,2,1.5,11.830051008718714,1.5,11.175250147293076,2,False,False,False,False
923627653933,1,2,1.0,-0.0437878214705815,1.0,-0.04378782147058329,2,False,False,False,False
9241172910305,0,0,4.0,1561.4661312588753,1.5,23.7340565511012,0,True,True,False,False
92327152831,0,0,4.0,20.88470395740907,1.0,0.07228105648542593,0,True,True,False,False
923674693626,1,1,4.0,7.193431768506419,1.0,-0.06308955108853259,1,True,True,False,False
900015511964,1,6,4.0,57.27485780304578,2.0,8.248944598394333,6,False,False,False,False
9236012819030,0,0,4.0,46.262136365406256,4.0,0.6030747067568436,0,True,True,False,False
9232911419198,10,3,1.5,1.9489065682645188,1.5,2.0043270095870347,3,False,False,False,False
9237155414946,1,2,1.0,0.0008113050801034,1.0,0.0008113050801067372,2,False,False,False,False
923698977459,1,2,1.5,4.545851337738973,1.5,4.582876184879264,2,False,False,False,False
923320944216,2,2,1.0,0.0046352765667479,1.0,0.0046352765667484926,2,True,True,False,False
9235117712734,1,2,1.5,2.401315284379163,1.5,1.7043113713110838,2,False,False,False,False
9235298619246,1,1,1.0,0.0902920203526111,1.0,0.09029202035261114,1,True,True,False,False
9231678514176,0,3,4.0,329.4355602748712,1.5,31.727616098725353,3,False,False,False,False
915929179075,1,2,1.5,3.994988686717256,1.5,4.007553028845559,2,False,False,False,False
9237663014510,1,2,4.0,0.1034786405152019,4.0,0.10347864051520286,2,False,False,False,False
923966193452,1,1,1.5,0.1614886400705675,1.5,0.5490185524191876,1,True,True,False,False
923295754741,1,2,1.0,-0.075217757731504,1.0,-0.07521775773150169,2,False,False,False,False
923168989673,5,6,4.0,3.7068548178421423,1.0,-0.06676693397159464,6,False,False,False,False
9240262914796,1,2,1.0,-0.1891367135640469,1.0,-0.18495207209621456,2,False,False,False,False
9240911218466,1,1,1.0,0.0771904237555134,1.0,0.07719042375551183,1,True,True,False,False
923281735936,2,2,0.0,0.1001754550482792,0.0,0.10017545504827627,2,True,True,False,False
923565926134,5,4,1.0,-0.112704553608865,1.0,-0.11270455360886523,4,False,False,False,False
9234425716988,1,2,1.0,-0.1502292211052274,1.0,-0.1502292211052233,2,False,False,False,False
923523927796,2,2,1.5,13.471794247104642,1.5,12.51838515148131,3,True,False,False,True
9240408915302,0,1,0.0,0.1546142114869388,0.0,0.15461421148693838,1,False,False,False,False
923713279319,0,0,4.0,60.21361190676202,1.5,7.017785302750584,0,True,True,False,False
923936737618,2,2,1.0,0.0158822552642828,1.0,0.0027517010318871063,2,True,True,False,False
9236158216904,0,0,4.0,32.9501825812247,1.5,1.377224786471031,0,True,True,False,False
92379601128,1,1,0.0,0.3010955645932873,0.0,0.20219799125429236,1,True,True,False,False
924151551382,4,6,4.0,1.1128384699481666,1.5,0.6197559622037861,6,False,False,False,False
9239859515977,0,2,1.0,-0.0307734240321442,1.0,-0.030773424032140714,2,False,False,False,False
9236148420263,2,2,4.0,6.470184215795607,1.5,1.7660381328336652,2,True,True,False,False
9233664812159,3,5,2.0,0.3017103945288737,1.0,0.07176595386708948,5,False,False,False,False
90003172442,0,0,4.0,54.34784457751488,1.5,28.777693103572417,0,True,True,False,False
9235027816445,0,0,4.0,73.96638799746562,1.5,23.27070500407219,0,True,True,False,False
9234193610884,1,1,4.0,4.282589483565897,4.0,0.763282049741938,1,True,True,False,False
923607745326,1,1,0.0,0.1570831432057702,4.0,0.1538975213739984,1,True,True,False,False
923525816569,1,2,1.0,-0.0820352432932721,1.0,-0.08203524329327459,2,False,False,False,False
924036089889,0,0,4.0,84.8807717133266,1.5,10.322008912519339,0,True,True,False,False
9238317014222,3,4,1.5,1.2227408650488636,1.5,1.2811214415191072,5,False,False,False,False
923960719225,2,2,1.5,0.3950048630493659,1.5,0.39500486304937865,3,True,False,False,True
9240590918934,1,1,0.0,0.1119553407426814,0.0,0.11195534074268138,1,True,True,False,False
924063437590,0,2,4.0,45.17287071925031,1.5,5.299564869896666,2,False,False,False,False
924029321677,1,1,0.0,0.2150660533509354,0.0,0.19596032762478596,1,True,True,False,False
9235591015419,1,2,4.0,26.187119514460537,1.5,16.32810633628258,2,False,False,False,False
9234452412015,2,2,1.5,26.542705879876348,1.5,19.131865801514504,2,True,True,False,False
923822343866,0,0,1.5,52.869929724585006,1.5,31.246616866470127,0,True,True,False,False
923684503390,2,2,1.0,-0.0131492476590828,1.0,-0.013149247659084644,2,True,True,False,False
923314862280,2,2,1.0,-0.0305573182996279,1.0,-0.03055731829962379,2,True,True,False,False
923712909866,1,2,1.0,-0.0740801391240865,1.0,-0.1002744829942813,2,False,False,False,False
9234351418347,2,3,1.5,0.5278028406302254,1.5,0.5278028406302377,3,False,False,False,False
923570102339,1,2,1.0,-0.1395782896754867,1.0,-0.13957828967548405,2,False,False,False,False
9237441916251,1,2,1.0,0.0736164875776313,1.0,-0.09290089994188555,2,False,False,False,False
924047769047,0,1,4.0,1.2586517805825952,4.0,0.7739855562517205,1,False,False,False,False
923173449976,1,2,1.5,18.696515259341425,1.5,13.0233186976633,3,False,False,False,False
9235040621099,1,1,4.0,3.241888899768986,1.0,0.06107267820081345,1,True,True,False,False
9235182011516,1,1,0.0,0.1383975901473479,0.0,0.13839759014734865,1,True,True,False,False
923904797882,0,1,4.0,2.2907028075407263,4.0,0.2628823490616266,1,False,False,False,False
9238447119193,2,2,4.0,0.199829593983063,4.0,0.19982959398306413,2,True,True,False,False
923481137763,0,1,4.0,17.68427864966819,1.5,0.37108931291764563,1,False,False,False,False
9240388716044,1,2,1.5,2.3505369808740912,1.5,2.3505369808740997,2,False,False,False,False
923580797344,2,2,1.0,-0.0019175125073698,1.0,-0.0019175125073599263,2,True,True,False,False
92334674155,0,1,4.0,7.499535579750271,4.0,0.11234290135142201,1,False,False,False,False
92342920977,0,0,1.5,52.50244139042118,1.5,41.69827923867566,0,True,True,False,False
923812122341,1,2,1.0,-0.0046428581994957,1.0,-0.004642858199494268,2,False,False,False,False
9236609621389,1,1,0.0,0.1479833212105562,0.0,0.10754216282307666,1,True,True,False,False
9233740412608,1,1,1.5,0.3760210295072013,1.5,0.376021029507202,1,True,True,False,False
9239656413274,0,1,4.0,7.662280826179198,4.0,0.6679690736881249,1,False,False,False,False
9238531512234,1,2,1.0,-0.1479157833685873,1.0,-0.08852076953987459,2,False,False,False,False
9237341519329,0,1,4.0,4.639828918216832,4.0,0.32653514386834936,1,False,False,False,False
9235486117576,1,1,4.0,0.204957271049618,4.0,0.20495727104961875,2,True,False,False,True
924141614725,3,3,4.0,0.26762358284628,4.0,0.26762358284628107,4,True,False,False,True
9236971721297,1,2,1.5,1.1996562966840507,1.5,0.8931286064041182,2,False,False,False,False
923659039099,4,2,4.0,0.1775078014777626,4.0,0.1775078014777639,3,False,False,False,False
9237054615436,3,3,1.0,0.0936423519901022,1.0,0.09364235199010264,3,True,True,False,False
900024291907,0,2,1.5,6.314868922569166,1.5,4.875429977148278,2,False,False,False,False
9238932218252,1,2,1.0,-0.0194303550217474,1.0,-0.04491994283088432,2,False,False,False,False
9234564814113,1,1,4.0,0.1377208616807863,4.0,0.13772086168078743,1,True,True,False,False
9237456216060,1,2,1.0,0.0265375055452194,1.0,0.02653750554522074,2,False,False,False,False
9238766412586,0,1,4.0,5.878484044941277,4.0,0.6380807691140221,1,False,False,False,False
9240123715900,1,2,1.0,-0.0294140023260752,1.0,-0.029414002326074544,2,False,False,False,False
923240004980,1,1,0.0,0.1273138526971645,0.0,0.12731385269716464,1,True,True,False,False
9234330510292,1,2,1.0,0.0144994389650613,1.0,0.014499438965063385,2,False,False,False,False
9237759612911,0,0,4.0,31.19948581829283,1.5,1.5000968138400994,0,True,True,False,False
9235992216561,1,2,1.5,0.137076829494525,1.5,0.13707682949453726,2,False,False,False,False
9237759414306,1,1,0.0,0.2211196424165475,0.0,0.2105347556564607,1,True,True,False,False
923619353678,2,2,1.0,-0.0547817814395281,1.0,-0.05478178143952712,2,True,True,False,False
9237139814665,4,2,1.5,0.4844130279580105,1.5,0.3999061106580099,2,False,False,False,False
9231782015098,0,0,4.0,46.4615381355589,4.0,0.27347276843734536,0,True,True,False,False
923309164954,1,1,0.0,0.2504110383507477,0.0,0.1974292592591238,1,True,True,False,False
9234431111083,3,4,1.5,4.310451446248467,1.5,4.350380481413799,4,False,False,False,False
923457172950,1,2,1.0,-0.0523744785930558,1.0,-0.05237447859305785,2,False,False,False,False
923653577105,2,2,1.5,0.3520259171642144,1.5,0.35202591716421633,2,True,True,False,False
923468274511,2,2,1.0,0.0398201673235735,1.0,0.03982016732357333,2,True,True,False,False
923502937060,1,1,0.0,0.1262421883506612,0.0,0.12624218835066084,1,True,True,False,False
9235671311246,1,1,0.0,0.2131517541532342,0.0,0.21315175415323448,1,True,True,False,False
9241042317788,0,1,2.0,0.1651865120041214,4.0,0.49850138020761825,1,False,False,False,False
9241044117933,1,1,0.0,0.2274886430651297,0.0,0.22748864306512948,1,True,True,False,False
923475003612,1,2,1.0,0.0071412875624302,1.0,0.007141287562427823,2,False,False,False,False
923425073362,1,2,1.0,0.0721453846835968,1.0,0.07214538468360783,2,False,False,False,False
9238300019247,1,1,0.0,0.2173928550653292,0.0,0.21739285502774539,1,True,True,False,False
923582538565,1,5,4.0,135.94414318992708,1.5,12.07888559116658,5,False,False,False,False
923522052593,2,1,1.0,-0.0025545432745036,1.5,0.46611352809927203,1,False,False,False,False
924083066445,0,0,4.0,37.90546744135115,1.5,3.0079365768098696,0,True,True,False,False
923360944953,4,6,4.0,40.367624290019705,1.5,9.810218607336285,7,False,False,False,False
9239646314000,1,2,1.0,0.0669021847646259,1.0,0.06690218476462774,2,False,False,False,False
924071517009,1,1,0.0,0.1949926770890675,0.0,0.19499267708767054,1,True,True,False,False
923856297242,0,0,4.0,165.07149317515555,1.5,20.749212511133777,0,True,True,False,False
9231945921212,1,1,0.0,0.1059343196492098,1.0,0.08479267918820868,1,True,True,False,False
923506643713,1,3,4.0,6.113542912653648,1.5,0.19706705036802957,3,False,False,False,False
9236192920458,0,1,1.5,10.264489112557234,1.5,8.921672321298068,1,False,False,False,False
923559208216,10,6,4.0,15.496966823731212,1.0,-0.8588923118718257,6,False,False,False,False
924131017583,1,2,1.0,-0.0540560931261717,1.0,-0.054056093126171156,2,False,False,False,False
9235753714393,0,2,1.0,-0.0840069601847026,1.0,-0.08400696018470158,2,False,False,False,False
92323801469,1,2,1.0,-0.1688613518704326,1.0,-0.16886135187043144,2,False,False,False,False
924082019687,0,1,4.0,2.7395508975303056,1.0,-0.010105959808208815,1,False,False,False,False
9237469815222,2,2,0.0,0.1271390004713372,0.0,0.11236389818965534,2,True,True,False,False
9232341616241,1,1,2.0,0.1625825123462493,2.0,0.16258251234624924,1,True,True,False,False
923456622089,2,2,1.0,0.0376885573696152,1.0,0.03768855736961453,2,True,True,False,False
9233788821216,0,0,4.0,38.09700093553501,4.0,0.7758606429728923,0,True,True,False,False
9241220017284,1,1,0.0,0.1626574032850379,0.0,0.1262245767208188,1,True,True,False,False
9231615219511,0,0,4.0,124.3508509107216,1.5,52.8570597051412,0,True,True,False,False
923406914749,2,2,1.0,0.0969114897694833,1.0,0.09691148976948427,2,True,True,False,False
923806898394,2,4,1.5,0.1388595196725646,1.5,0.13885951967257187,4,False,False,False,False
923391617475,1,1,0.0,0.2911633734559567,0.0,0.2169200591314682,1,True,True,False,False
923664349590,6,6,4.0,1358.8656037755352,1.5,15.617186974741013,6,True,True,False,False
923630026694,1,1,0.0,0.1361798582209203,0.0,0.12731797508489703,1,True,True,False,False
9235017512650,0,3,2.0,0.1053780630757891,2.0,0.11424794474404187,3,False,False,False,False
923331745518,1,2,1.5,0.8712822023932135,1.5,0.8712822023932124,3,False,False,False,False
9240401810320,0,1,4.0,10.353630161451012,1.5,0.23298333194806453,1,False,False,False,False
9241177212420,1,1,0.0,0.1218535758863632,0.0,0.12185357588636034,1,True,True,False,False
923476991434,0,0,4.0,51.91752061229474,1.5,1.9153016983972386,0,True,True,False,False
924088109467,0,0,4.0,43.288715185188416,1.5,7.0716331922205145,0,True,True,False,False
923176567194,1,2,1.5,1.091696766777284,1.5,1.0916967667772937,2,False,False,False,False
92346901635,1,1,0.0,0.1105989159507903,0.0,0.11059891595078922,1,True,True,False,False
9159264916896,5,1,0.0,0.149335334486873,0.0,0.13240520301270306,1,False,False,False,False
9240566215329,1,1,1.0,0.0795207622143198,1.0,0.07952076221431917,1,True,True,False,False
9231790212535,1,2,4.0,0.1052242815121065,4.0,0.10522428151210779,2,False,False,False,False
923871286083,1,2,1.5,0.444155858335634,1.5,0.5104019236599682,2,False,False,False,False
923985281160,0,0,4.0,24.36700441284645,4.0,0.7839202012516495,1,True,False,False,True
9236924418312,2,2,4.0,649.980054791465,1.5,19.27977051590984,2,True,True,False,False
9237150816538,1,1,4.0,1.549802804652178,4.0,0.11115487036099704,1,True,True,False,False
9241347114181,1,2,1.0,-0.0632679665145423,1.0,-0.06326796651454256,2,False,False,False,False
9237371318401,4,2,1.5,1.4090379496570298,1.5,1.409037949657037,2,False,False,False,False
9233506719042,0,0,4.0,54.37460280552867,1.5,35.72036195382765,0,True,True,False,False
923155084453,2,3,1.0,-0.1139971921592136,1.0,-0.1139971921592129,3,False,False,False,False
9241045920013,1,1,1.0,0.049444453890546,1.0,0.04944445389054639,1,True,True,False,False
9237788512983,2,2,1.0,0.0249645722664331,1.0,0.024964572266433456,2,True,True,False,False
9234790912839,6,2,4.0,38.23681884237418,1.5,19.878536663905383,2,False,False,False,False
9231803912582,0,1,4.0,5.142199578329651,4.0,0.24562506660155178,1,False,False,False,False
923760217428,2,2,1.5,0.8911383264600476,1.5,0.9168622229658157,2,True,True,False,False
923346336179,0,0,4.0,44.46553786591678,1.5,2.5302225500083044,0,True,True,False,False
9238140413855,2,2,0.0,0.1026865750977801,0.0,0.10268657509778059,2,True,True,False,False
923502365458,0,3,4.0,16.94016273759265,2.0,9.300708102839245,3,False,False,False,False
9240438514965,1,1,1.5,0.1430585539628313,1.5,0.14305855396283873,2,True,False,False,True
923755171496,1,0,4.0,70.99185317395784,1.0,-0.5858691838994425,0,False,False,False,False
923535505905,4,3,1.0,-0.0371526846050765,1.0,-0.0371526846050665,3,False,False,False,False
9236987614117,1,1,0.0,0.1419577411714757,0.0,0.1379130152254052,1,True,True,False,False
9237795316993,1,2,1.0,0.0893487875324439,1.0,0.08934878753244346,2,False,False,False,False
923274771377,0,1,4.0,3.004146066586232,1.5,0.8094728520377259,1,False,False,False,False
92403806891,0,0,4.0,47.57202766084988,4.0,0.7785880318349461,0,True,True,False,False
923859967741,2,3,1.5,1.6811706971083915,1.5,1.606821025104302,3,False,False,False,False
923713168055,3,3,1.5,50.359761398529805,1.5,12.51028133544134,4,True,False,False,True
9240021017022,3,3,1.5,1.419429630972418,1.5,1.4194296309724244,3,True,True,False,False
9235213411410,1,1,0.0,0.1092721010908191,0.0,0.10927210109081895,1,True,True,False,False
92346048551,1,2,1.0,-0.0099846228671772,1.0,-0.009984622867175379,2,False,False,False,False
9238104315084,3,4,1.5,26.78058041430463,1.5,21.777060822085822,5,False,False,False,False
9236498214728,0,0,4.0,33.93545967629119,1.5,6.17658673797252,0,True,True,False,False
923343744383,2,2,4.0,0.1344908045353277,4.0,0.13449080453532833,2,True,True,False,False
9238941615819,1,1,0.0,0.2272170935184727,1.0,0.040931648207633765,1,True,True,False,False
923869254022,1,1,0.0,0.279557141897128,1.0,0.0667147814055824,1,True,True,False,False
9159266720849,1,3,1.5,41.41571428864949,1.5,26.771542640322707,3,False,False,False,False
923252733130,1,2,4.0,0.114725939769485,1.0,-0.012453311722423638,2,False,False,False,False
9240537612544,2,2,1.0,0.0130973159097796,1.0,0.013097315909780777,2,True,True,False,False
9236936116720,1,2,4.0,6.02544739177802,2.0,7.193075159375619,2,False,False,False,False
924100442054,0,0,4.0,50.34294009228618,4.0,0.6377413214022971,0,True,True,False,False
924103527325,1,1,0.0,0.1417266446151544,0.0,0.14172664461515302,1,True,True,False,False
92406038214,0,1,4.0,1.7593287575084626,4.0,0.8371532175659373,1,False,False,False,False
923995988223,1,2,1.5,18.934749554297515,1.5,16.991481340430962,3,False,False,False,False
923386256256,0,0,4.0,100.54703407532556,1.5,16.713462837215364,0,True,True,False,False
9238554612362,3,2,1.0,0.0952771729687311,1.0,0.09527717296873153,2,False,False,False,False
9233471719793,0,1,4.0,1.8143494013208228,4.0,0.49238657745991077,1,False,False,False,False
923186129211,3,3,1.0,-0.0124632986066097,1.0,-0.012463298606610627,3,True,True,False,False
923460816010,1,2,1.5,0.4260748910745892,1.5,0.42607489107459406,2,False,False,False,False
924031887347,2,3,1.5,0.2962689744405782,1.5,0.2962689744405851,3,False,False,False,False
9234895318434,3,3,1.5,7.5300407477058595,1.5,4.11393349062545,3,True,True,False,False
9237126819789,0,0,4.0,35.15332610125629,4.0,0.7140797342446817,0,True,True,False,False
923416099133,1,1,1.5,0.604974509743715,1.5,0.6049745097437095,2,True,False,False,True
923170865116,2,3,1.5,0.5320219425549301,1.5,0.5320219425549343,3,False,False,False,False
923562386063,1,1,0.0,0.1654109303097496,0.0,0.16541093030974743,1,True,True,False,False
9236828917952,1,2,1.0,0.0680590680857685,1.0,-0.10271142946294529,2,False,False,False,False
9236243415447,0,0,4.0,138.00445766868174,1.5,15.445068379948804,0,True,True,False,False
90003571993,1,1,0.0,0.1168235614501319,0.0,0.11682356145012851,1,True,True,False,False
9234223614625,1,2,1.5,0.2404490501548393,1.5,0.24044905015484025,2,False,False,False,False
923543028700,0,0,4.0,51.295891749711565,1.5,1.4264256967606013,0,True,True,False,False
923248725471,2,2,1.0,0.0779483217540652,1.0,0.077948321754061,2,True,True,False,False
9240532220293,0,2,1.5,5.398294578820964,1.5,4.120888035823577,2,False,False,False,False
9240747619592,0,1,4.0,2.369712835958636,1.5,1.7092198248560324,1,False,False,False,False
923634223637,1,2,1.0,-0.0758557076535138,1.0,-0.0758557076535128,2,False,False,False,False
923462715903,3,2,1.5,2.432024822729107,1.5,1.5798084340300986,2,False,False,False,False
923652636247,1,1,0.0,0.1865919596796905,0.0,0.10985335364493129,1,True,True,False,False
9241118720366,0,1,0.0,0.2163578001008559,0.0,0.17808073091024904,1,False,False,False,False
924128458918,1,1,0.0,0.1216673541029665,0.0,0.11358979917573533,1,True,True,False,False
9235472914467,0,0,4.0,51.37958966004928,1.5,13.874753555787624,0,True,True,False,False
9240588413475,3,2,4.0,0.2377060801246105,4.0,0.2377060801246107,3,False,True,True,False
9236340713294,1,2,1.5,0.1801777636846599,1.5,0.2774209710075317,2,False,False,False,False
9233908320567,0,6,4.0,45.15729843368148,2.0,5.725008429871525,6,False,False,False,False
923393115440,2,2,4.0,0.5880447930406799,2.0,1.5477400902070415,2,True,True,False,False
923307832719,0,0,4.0,56.72316062688382,1.5,6.818201091257342,0,True,True,False,False
9241676816451,1,1,4.0,0.3246463993047649,4.0,0.3246463993047655,1,True,True,False,False
9234318518645,4,2,1.0,0.0744825354323171,1.0,-0.0826977037112899,2,False,False,False,False
923310769815,2,2,1.5,1.1940221094050825,1.5,1.1940221094050816,2,True,True,False,False
92326714540,1,2,1.0,-0.074929714258198,1.0,-0.1001170770834778,2,False,False,False,False
9238117015921,0,1,4.0,9.980772834282488,1.5,0.3273473470937051,1,False,False,False,False
9233798121386,1,1,0.0,0.1864018616955662,0.0,0.1853897330498918,1,True,True,False,False
9236474418184,1,2,1.5,0.6703672693079166,1.5,0.7167521841412988,2,False,False,False,False
9241474812262,1,2,1.0,-0.0153884084522112,1.0,-0.04937383105866529,2,False,False,False,False
924143849271,1,1,0.0,0.171891102585857,0.0,0.171891102487135,1,True,True,False,False
923385363207,2,2,1.0,0.0723447924853337,1.0,0.07234479248533923,2,True,True,False,False
923332612590,0,2,1.5,4.950171384738128,1.5,4.321620217888134,2,False,False,False,False
923553732868,0,1,4.0,9.91342760383574,4.0,0.8082092777885996,1,False,False,False,False
9234398511842,4,5,4.0,1.4920219024935295,1.0,0.08216408913410962,5,False,False,False,False
923834241266,1,1,0.0,0.2113182924817937,0.0,0.17592470722058362,1,True,True,False,False
923731051373,1,2,1.5,3.1308231695814457,1.5,3.05880320617183,2,False,False,False,False
923598615161,1,0,1.5,51.15120496762832,1.5,23.131332681380393,0,False,False,False,False
924020497056,5,3,4.0,792.5309442260634,1.5,18.879471986615627,3,False,False,False,False
9240150211098,3,4,1.5,1.4117139690124891,1.5,1.3067544350949276,4,False,False,False,False
923324857407,0,9,4.0,42.36353281414878,1.0,-4.009698819618602,9,False,False,False,False
9234593320511,0,1,0.0,0.2288379682190028,0.0,0.16869341444426536,1,False,False,False,False
9236362817894,1,2,1.5,1.5873976474778666,1.5,1.5873976474778713,2,False,False,False,False
923587526182,4,2,1.0,0.0442536071627264,1.0,0.04425360716272738,2,False,False,False,False
9237092520014,0,0,4.0,44.09940910144285,1.5,2.851745911583912,0,True,True,False,False
923542825551,1,2,1.0,-0.0374599095539349,1.0,-0.03745990955393542,2,False,False,False,False
9237552919436,0,0,4.0,51.11385246996491,1.5,1.277259447561534,0,True,True,False,False
9234855120177,0,0,4.0,35.936513401764714,4.0,1.1197470845686324,0,True,True,False,False
9236494212658,0,2,1.5,9.285490226019606,1.5,9.319822574269201,3,False,False,False,False
9240704217635,1,1,0.0,0.2160631138266752,0.0,0.21606311382667573,1,True,True,False,False
9241261413238,1,2,1.0,-0.1406662645608417,1.0,-0.1406662645608351,2,False,False,False,False
9239576517540,1,1,0.0,0.1062991959622469,0.0,0.10629919596224477,1,True,True,False,False
92331289815,1,1,0.0,0.2415159206099149,0.0,0.1822192024078621,1,True,True,False,False
9234215116430,3,4,1.5,2.4223891876198347,1.5,1.6437329354228798,4,False,False,False,False
923156596267,1,2,4.0,1.0977274014421814,1.5,0.30834258142455634,2,False,False,False,False
924001591130,0,1,4.0,15.19287307236269,4.0,0.8607686301573556,1,False,False,False,False
923167906243,1,2,1.0,-0.0204182445362695,1.0,-0.020418244536271987,2,False,False,False,False
9240560418041,1,1,0.0,0.2396626341074786,0.0,0.18078541968961362,1,True,True,False,False
923828933865,0,0,4.0,81.41412104871723,1.5,9.523245905864092,0,True,True,False,False
923372899693,2,3,1.0,-0.1184497999370127,1.0,-0.11844979993701465,3,False,False,False,False
923203308558,1,1,0.0,0.1216010786292312,0.0,0.12160107862923039,1,True,True,False,False
924064609281,0,1,0.0,0.1594337953658202,0.0,0.1370111404590134,1,False,False,False,False
9241782610794,2,2,4.0,0.3150201118990149,4.0,0.31502011189901524,2,True,True,False,False
923928386068,2,2,1.5,0.7530923685626659,1.5,0.7530923685626734,2,True,True,False,False
923648453666,3,3,1.5,0.3857156833590472,1.5,0.385715683359051,3,True,True,False,False
923562148455,7,5,1.0,0.0169934741619593,1.0,0.016993406675480903,5,False,False,False,False
900002692490,1,3,1.5,3.732080329461772,1.5,3.732080329461781,3,False,False,False,False
9239821113929,1,1,0.0,0.1651069444823449,0.0,0.15519872871562226,1,True,True,False,False
9236227015332,0,0,4.0,37.35915515743144,4.0,0.9199178553489156,0,True,True,False,False
900010441249,0,0,4.0,64.42389708599657,0.0,0.14374757125072324,0,True,True,False,False
92340336482,1,1,0.0,0.160186180396416,0.0,0.16018618039641577,1,True,True,False,False
9235545119506,0,0,4.0,60.2999084341924,1.5,12.020091182093653,0,True,True,False,False
900039112087,1,2,1.0,-0.0893283822868391,1.0,-0.08932838228683851,2,False,False,False,False
923960098297,1,1,4.0,2.2213484795241727,1.0,-0.12270140728284687,1,True,True,False,False
923716478189,1,1,4.0,0.1479112042319536,4.0,0.14791120423195273,1,True,True,False,False
9232062613592,1,0,4.0,120.00556545607712,1.5,42.08824011106119,0,False,False,False,False
923186837074,1,1,1.0,0.0279543581083883,1.0,0.014692681950551713,1,True,True,False,False
923164106657,0,4,4.0,5.771507986622167,4.0,2.437417534642719,4,False,False,False,False
9233989416753,1,1,0.0,0.2351562681242736,0.0,0.21616810964558006,1,True,True,False,False
9240899219341,0,0,4.0,24.081909168442383,1.5,14.4867999945335,0,True,True,False,False
9235730711291,1,1,0.0,0.3458972776094828,0.0,0.1989074885543015,1,True,True,False,False
9235312811787,0,0,4.0,46.22593021830302,4.0,0.2991479421878167,0,True,True,False,False
923277665168,2,1,0.0,0.1925850972669266,0.0,0.1800596221175987,1,False,False,False,False
9236985112112,3,6,4.0,1.8851976335010876,1.5,0.4505681270138636,6,False,False,False,False
9241421811976,1,2,4.0,0.1456040921830501,4.0,0.14560409218305229,2,False,False,False,False
9236930915562,2,3,1.0,-0.1361840114061446,1.0,-0.1361840114061427,3,False,False,False,False
9238797416097,3,3,1.0,-0.0584937518055515,1.0,-0.058493723381957005,3,True,True,False,False
9233189117381,1,2,1.5,0.3509004003730721,1.5,0.5963419568626017,2,False,False,False,False
9237126620715,1,1,0.0,0.1025084909231799,0.0,0.10250849092317929,1,True,True,False,False
9234168520292,0,2,1.0,0.0450974922960438,1.0,0.045097492296048265,2,False,False,False,False
923651696374,0,0,4.0,37.372235595653706,4.0,0.786916024891025,0,True,True,False,False
9235233112102,0,0,4.0,49.69287090694967,1.5,0.8984330758929954,0,True,True,False,False
9240925714608,1,2,1.5,9.824671817292169,1.5,9.032464090563916,3,False,False,False,False
9240736910323,2,8,4.0,763.9283877714199,1.5,18.17456903463266,8,False,False,False,False
9233629213100,1,1,0.0,0.3062928722199167,0.0,0.20745600217944957,1,True,True,False,False
900040731220,0,0,4.0,55.04966529959065,1.5,1.6190237526575217,0,True,True,False,False
923540495390,0,0,4.0,114.8498379908664,1.5,15.702141279840914,0,True,True,False,False
9239963221190,1,2,1.5,0.5676658864342563,1.5,0.5676658864342639,2,False,False,False,False
9233873411917,1,2,1.0,-0.1059359703504391,1.0,-0.10593597035043822,2,False,False,False,False
923203402232,1,1,4.0,0.6107085644090418,4.0,0.6107085644090423,1,True,True,False,False
924048693455,0,1,4.0,11.00288545956246,1.0,-0.11950443865183882,1,False,False,False,False
9234941213659,1,1,0.0,0.166309569776989,0.0,0.16630956977698869,1,True,True,False,False
92331398437,1,1,0.0,0.1332438490387639,1.0,0.07426321697654538,1,True,True,False,False
9237598821214,2,2,1.5,0.3177877232261011,1.5,0.3447446589195261,2,True,True,False,False
9237645114883,1,2,1.5,0.1436806013437,1.5,0.14368060134369776,3,False,False,False,False
9236098621343,1,1,0.0,0.3442856904193074,0.0,0.11894097897497183,1,True,True,False,False
9234886318780,1,1,1.5,0.2841178257173832,1.5,0.3213136227989653,1,True,True,False,False
924076729385,4,2,4.0,594.9475574082651,1.5,11.693702141791457,2,False,False,False,False
9240757818279,2,2,1.0,-0.0070748935053041,1.0,-0.007074893505306469,2,True,True,False,False
9233763915752,1,2,1.0,-0.1301260732580398,1.0,-0.13012607325804104,2,False,False,False,False
9233881212496,1,1,1.5,0.1660287837332593,1.5,0.16602878373325797,1,True,True,False,False
923711049448,1,3,1.5,8.649780990919211,1.5,5.3886313334787985,3,False,False,False,False
923565232231,1,1,4.0,0.2506537852287908,4.0,0.2506537852287911,1,True,True,False,False
924126152805,1,1,0.0,0.3311589324541629,0.0,0.20673578006502139,1,True,True,False,False
923381664654,1,2,1.0,-0.1016619782369025,1.0,-0.10166197823690168,2,False,False,False,False
9237696012935,2,1,0.0,0.1474985007501614,0.0,0.14741008263348535,1,False,False,False,False
9238536313967,1,2,4.0,49.83109463277433,1.5,9.576699471347114,2,False,False,False,False
9233156914032,1,1,0.0,0.2841552749538025,0.0,0.16968016525122073,1,True,True,False,False
92398752521,1,1,0.0,0.1702293597391679,0.0,0.1702293597391677,1,True,True,False,False
923575612909,2,2,0.0,0.1062615230399065,0.0,0.10626152303990441,2,True,True,False,False
923486881484,0,0,4.0,27.737694501793637,4.0,0.43623317168783293,0,True,True,False,False
923848102929,0,0,4.0,29.19254099928663,1.5,2.595932351484341,0,True,True,False,False
9241100410231,0,1,4.0,1.1193221766824142,4.0,0.1497693288326475,1,False,False,False,False
9240070721308,1,2,1.5,0.9207971491496444,1.5,0.9207971491496437,2,False,False,False,False
924060507345,0,1,4.0,15.771896127989583,1.5,1.1039350909768608,1,False,False,False,False
92401495971,2,2,1.0,-0.0345443458956468,1.0,-0.03454434589564658,2,True,True,False,False
900035981447,1,1,4.0,0.1365285633959746,4.0,0.13652856339597552,1,True,True,False,False
923702508770,0,0,4.0,72.60932366854603,1.5,42.72767514682076,0,True,True,False,False
9236550015194,2,1,2.0,0.1919204764294497,2.0,0.19192047642945018,1,False,False,False,False
9233527610347,1,3,4.0,79.2246315378265,1.5,18.729734900939974,3,False,False,False,False
923648624502,1,1,0.0,0.1395655139468152,0.0,0.13956551394681416,1,True,True,False,False
923606456490,0,1,4.0,4.201321127442472,1.0,0.08033844736629243,1,False,False,False,False
923243054971,2,2,4.0,0.1263440140613867,4.0,0.1263440140613904,2,True,True,False,False
900047991143,1,1,4.0,0.9764672478607896,4.0,0.8082372223157049,1,True,True,False,False
9234639610933,2,2,1.0,0.0274942614083583,1.0,0.027494261408360633,2,True,True,False,False
9234692514199,1,1,0.0,0.1993972854163242,0.0,0.19938142796596625,1,True,True,False,False
9234041510878,1,1,4.0,0.1057290715486328,4.0,0.10572907154863335,2,True,False,False,True
9234521213890,0,0,4.0,47.20604947428038,1.5,3.3982091624784316,0,True,True,False,False
9239640517988,1,1,0.0,0.1668559833568439,0.0,0.16685598335684465,1,True,True,False,False
923582013658,1,1,0.0,0.130895551271277,0.0,0.13089555127127742,1,True,True,False,False
9241490211600,1,2,1.0,0.0442907396941792,1.0,0.044290739694179036,2,False,False,False,False
9240745215890,1,2,1.0,-0.1865239256520879,1.0,-0.07812022997473078,2,False,False,False,False
9237582712360,1,2,1.5,1.1817571949374746,1.5,1.181757194937488,2,False,False,False,False
9235676514602,3,5,1.0,-0.1065373928104183,1.0,-0.10653739281041874,5,False,False,False,False
9237634818456,0,2,4.0,5.499858907938918,2.0,10.503773263191107,2,False,False,False,False
9234572220448,1,1,0.0,0.2231039878402433,0.0,0.22308512319452342,1,True,True,False,False
9237318021232,1,1,4.0,1.2011374143485405,1.5,0.9925634137506776,1,True,True,False,False
923994687044,3,5,4.0,3.446222045561118,1.5,2.2172905135859953,6,False,False,False,False
9237140613398,0,2,4.0,308.3694212529813,1.5,25.239369771067196,2,False,False,False,False
9236229910520,1,1,0.0,0.2563614876800307,0.0,0.22394785714172857,1,True,True,False,False
924178216011,1,2,1.0,-0.0917601145817859,1.0,-0.11995495055443398,2,False,False,False,False
9236961320184,1,1,4.0,0.2263258005548181,4.0,0.22632580055481824,2,True,False,False,True
923504549941,1,1,0.0,0.2827847220081434,0.0,0.20565636981437188,1,True,True,False,False
923421898794,0,0,1.5,74.04780454429594,1.5,9.951705247216335,2,True,False,False,True
923862008116,1,3,1.0,0.0230307449340292,1.0,0.023030798527209732,3,False,False,False,False
923245849251,0,0,4.0,46.25270204129993,4.0,1.0282680192388536,0,True,True,False,False
923308953824,4,5,1.0,-0.2974518325139761,1.0,-0.16778796455989115,5,False,False,False,False
9241017512009,0,15,4.0,50767.307081733765,2.0,2.2381200268860173,15,False,False,False,False
924044709335,1,2,1.0,-0.1097199584078374,1.0,-0.10971995840783794,2,False,False,False,False
923677507780,1,2,1.5,0.3474353519823641,1.5,0.3474353519823656,2,False,False,False,False
9233279316671,0,2,4.0,5.944770831074552,2.0,20.048873545369805,2,False,False,False,False
923509317604,8,6,4.0,23.39370217235572,1.5,0.24898665100892117,6,False,False,False,False
9238460415635,1,1,4.0,0.1521204730595525,4.0,0.15212047305955442,2,True,False,False,True
924162336614,1,1,0.0,0.1594843942040731,1.0,0.014188727759207341,1,True,True,False,False
9235570115878,14,3,4.0,39.248343408916405,1.5,24.359171091528033,3,False,False,False,False
9236299214206,6,7,4.0,258.5815373113694,1.5,2.4875131931937386,7,False,False,False,False
923538095757,0,0,4.0,111.68213425982388,1.5,17.652046697505142,0,True,True,False,False
923189929944,2,1,1.0,-0.0152172043302671,1.0,0.07989122478417401,1,False,False,False,False
9234344212457,1,2,1.0,-0.1565442783263786,1.0,-0.15654427832637896,2,False,False,False,False
9237843617071,0,0,1.5,53.82399654948887,1.5,27.882370049898032,0,True,True,False,False
923610446741,1,2,1.0,0.0797495856658567,1.0,0.07974958566586711,2,False,False,False,False
923985243897,0,1,0.0,0.1646373561058203,0.0,0.16463735610581906,1,False,False,False,False
9240008815663,2,2,1.0,0.0958406084838024,1.0,-0.024847257692621076,2,True,True,False,False
923309871640,2,2,1.0,0.093061529447446,1.0,0.09306152944744653,2,True,True,False,False
9231960412711,1,1,0.0,0.199808699373278,0.0,0.1943163834792354,1,True,True,False,False
92387696859,2,3,1.0,0.0968719627355657,1.5,0.34890714869859335,3,False,False,False,False
9240548316418,1,3,1.5,6.262412422115541,1.5,6.294514257489349,3,False,False,False,False
9240294615183,0,0,4.0,47.15015603916624,1.5,1.199237721094173,0,True,True,False,False
923635809204,0,2,4.0,0.1062464261901452,4.0,0.10624642619014878,2,False,False,False,False
9233150817328,1,1,0.0,0.3511912876053665,0.0,0.24555352841875708,1,True,True,False,False
9234228111605,1,0,4.0,35.52081193980158,1.5,2.614579783885938,0,False,False,False,False
911595614259,1,1,0.0,0.2360030731963216,0.0,0.2032228980145475,1,True,True,False,False
9234137717265,5,4,1.5,15.92488014279876,1.5,10.280158010935157,5,False,True,True,False
923425982279,2,2,1.0,-0.0305448707460761,1.0,-0.030544870746074558,2,True,True,False,False
9236349114495,1,1,1.0,0.0477348399304709,1.0,0.047734839930468696,1,True,True,False,False
923786951094,1,3,1.5,4.09385539514836,1.5,5.3494564720178825,3,False,False,False,False
9240010819125,1,6,4.0,54.79524871676625,1.5,1.7231196252771248,6,False,False,False,False
923588906783,3,2,4.0,7.703450753037287,1.5,1.7888635684740193,2,False,False,False,False
9239986815163,0,0,4.0,47.93251440013741,1.5,1.295566375696325,0,True,True,False,False
923631118866,0,1,1.5,8.144288278342316,1.5,5.5798618335506,1,False,False,False,False
923641293598,1,1,0.0,0.1950491016824036,0.0,0.1576913804595733,1,True,True,False,False
923622411191,1,2,4.0,2.045748299467124,1.5,1.0073364034164092,2,False,False,False,False
900010293698,1,2,4.0,19.60334041530303,1.5,8.892951983569512,2,False,False,False,False
924144664246,1,1,0.0,0.1567333629958107,0.0,0.15673336299581056,1,True,True,False,False
9240907910603,3,6,4.0,390.62530558973526,1.5,20.06087763448678,6,False,False,False,False
923291462577,0,0,4.0,35.98524525174784,4.0,0.5822173710617268,0,True,True,False,False
900049101449,1,0,4.0,143.28938689397404,1.5,16.864842986306982,0,False,False,False,False
9238197821113,1,1,0.0,0.1570856787647813,1.0,0.07682569360771255,1,True,True,False,False
923461889625,0,0,4.0,58.843010912375824,1.5,1.1022262193337626,0,True,True,False,False
9236094116875,2,2,1.0,-0.1330379555904791,1.0,-0.13303795559048376,2,True,True,False,False
9241299912975,0,1,2.0,0.1836895059517516,2.0,0.1836895059517519,2,False,False,False,False
923544261924,0,3,1.0,-0.1328989951747115,1.0,-0.13289899517471074,3,False,False,False,False
923583109324,0,1,4.0,1.004566682778592,2.0,0.10122974327901983,2,False,False,False,False
9232573120117,0,1,1.0,0.0635379376413592,1.0,0.06353793764135846,1,False,False,False,False
924114455754,1,3,1.5,9.134811947220948,1.5,5.925163258874357,3,False,False,False,False
924125066580,4,2,1.5,8.843347517234697,1.5,8.832571983704417,2,False,False,False,False
9233487114580,1,2,1.0,-0.0490330116204576,1.0,-0.04903301162046027,2,False,False,False,False
923772346285,1,2,1.5,0.5836620569404952,1.5,0.5836620569404966,2,False,False,False,False
9239159518913,1,3,1.0,0.0765566473467185,1.0,0.07655664734672737,3,False,False,False,False
9240274112421,2,2,1.0,-0.014800624311558,1.0,-0.014800624311556869,2,True,True,False,False
923556859420,2,2,1.0,-0.1485743888022014,1.0,-0.1485743888022036,2,True,True,False,False
9238000520462,0,1,0.0,0.1630090232098665,0.0,0.14020104595117486,1,False,False,False,False
9234986219969,0,1,4.0,1.3759449116207896,1.0,0.06219888919270997,1,False,False,False,False
92348057604,0,0,4.0,59.37137430226361,1.5,3.3014882574642486,0,True,True,False,False
9240560812920,0,0,4.0,109.66688445302891,1.5,13.512971210850687,0,True,True,False,False
923192695874,1,1,1.5,4.3829490163318905,1.5,3.7778841879932052,1,True,True,False,False
9240783920614,0,2,1.5,0.5537851791969468,1.5,0.5537851791969532,2,False,False,False,False
923797636305,0,1,4.0,0.1695992656715599,1.0,0.08720359942478106,1,False,False,False,False
9237612612238,1,1,1.0,0.0696024921404925,1.0,0.06960249214049027,1,True,True,False,False
9239755721138,1,1,0.0,0.207610746088455,0.0,0.1506763613434814,1,True,True,False,False
923833817239,1,1,0.0,0.1239709579740089,0.0,0.12397095797400756,1,True,True,False,False
9234173618234,1,1,0.0,0.3610884072148887,0.0,0.19158461103022312,1,True,True,False,False
90003359846,0,0,4.0,67.84531560531579,1.5,40.86322969917206,0,True,True,False,False
923180551849,1,1,0.0,0.1493163168310925,0.0,0.14931631683109212,1,True,True,False,False
923722975587,0,0,4.0,35.84124225399481,1.5,5.24387568905102,0,True,True,False,False
923474973634,0,1,4.0,1.801335523237933,4.0,1.0791020744951112,1,False,False,False,False
923212953510,0,2,1.0,0.0472487885201465,1.0,-0.12858454850327272,2,False,False,False,False
923330611110,1,3,1.0,-0.9981160526459792,2.0,9.770092230471835,4,False,False,False,False
923790212234,1,1,0.0,0.3407239935457367,0.0,0.16697463988468433,1,True,True,False,False
9237537620249,1,1,4.0,0.2276646027741507,4.0,0.22766460277415074,2,True,False,False,True
923457566879,0,0,4.0,78.43597021690462,1.5,28.233162699975146,0,True,True,False,False
9235765019559,0,1,0.0,0.2367728271272971,0.0,0.1600528741352818,1,False,False,False,False
900028672568,1,2,1.0,-0.0186636176516542,1.0,-0.018663617651652017,2,False,False,False,False
9240765911369,1,1,1.0,0.0890907017735023,1.0,0.08909070177350079,1,True,True,False,False
9237253720744,1,2,1.0,-0.0475938215294013,1.0,-0.04759382152939985,2,False,False,False,False
9239911915230,3,3,1.5,3.7078839088718105,1.5,3.7078839088718145,3,True,True,False,False
923574038063,3,4,1.0,-0.0171903935660611,1.0,-0.017190393566066497,4,False,False,False,False
923303657163,1,1,0.0,0.2090466253696058,0.0,0.20903303954591954,1,True,True,False,False
923352598888,1,1,1.5,0.4598985987471134,1.5,0.4598985987471141,2,True,False,False,True
923234684740,2,2,1.0,-0.0683553036823831,1.0,-0.0683553036823828,2,True,True,False,False
9234308013928,0,0,4.0,63.59456366291833,1.5,31.467933568455987,0,True,True,False,False
9232293410658,8,4,1.5,1.044786332945355,1.5,0.7893744641947571,5,False,False,False,False
9234993513984,2,3,2.0,0.5424066280424366,2.0,1.1551972983492547,3,False,False,False,False
9238745119141,1,1,0.0,0.1583957295699479,0.0,0.15839572956994705,1,True,True,False,False
9236941618979,10,6,4.0,75.18045303508221,1.0,-1.7773989595768256,6,False,False,False,False
9233427517906,3,1,1.5,0.5855785510368425,1.5,0.5855785510368557,1,False,False,False,False
9239456217395,0,0,4.0,45.4197810298435,4.0,1.1860886962336197,0,True,True,False,False
9239880920652,1,1,0.0,0.1401023211435041,0.0,0.14010232114350218,1,True,True,False,False
9239256312846,1,1,0.0,0.2091731098858275,0.0,0.2049430579648506,1,True,True,False,False
924115058683,1,2,1.5,2.360643665318736,1.5,2.360643665318733,2,False,False,False,False
923763738454,4,5,1.5,0.155420452228113,2.0,1.163779658485524,5,False,False,False,False
9236268020066,0,0,4.0,48.31923191671453,1.5,1.2615789477541675,0,True,True,False,False
923588791740,5,5,1.0,-0.3873202525236967,1.0,-0.0738114144330416,5,True,True,False,False
924110946242,2,2,1.0,-0.0683762403757645,1.0,-0.0683762403757632,2,True,True,False,False
9236423619730,0,1,1.0,0.0928086716594149,1.0,0.09280867165941531,1,False,False,False,False
92332725216,1,1,0.0,0.2258868135091516,0.0,0.2258868135091511,1,True,True,False,False
9240249714229,1,2,1.0,-0.0807736604020764,1.0,-0.0895835762604151,2,False,False,False,False
923612549712,0,3,4.0,921.8169678896572,1.5,34.02106253349468,3,False,False,False,False
9235229910107,8,4,1.5,23.227482720787997,1.5,18.19086017531895,4,False,False,False,False
9231682718202,4,6,4.0,288.0321211470892,1.5,5.579925955254853,6,False,False,False,False
9238508118941,1,2,1.5,12.63585172455204,1.5,12.097133284764938,3,False,False,False,False
923898052204,1,2,1.0,0.0267595639424589,1.0,-0.13043413347012223,2,False,False,False,False
923584907495,0,1,4.0,350.5091316374028,1.5,38.95343640628447,1,False,False,False,False
9241622014741,1,2,1.0,-0.0300487078965331,1.0,-0.030048707896521136,2,False,False,False,False
9232395817351,1,2,1.0,0.0575517034441997,1.0,-0.018524959465908764,2,False,False,False,False
9236504918453,0,1,4.0,1.2153855413495789,1.0,0.08798411630921785,1,False,False,False,False
923746614435,3,3,1.0,0.0690967361334009,1.0,0.06909673613340293,3,True,True,False,False
9236924015289,0,2,1.0,-0.0529746362967976,1.0,-0.05297463629679879,2,False,False,False,False
900043341459,1,2,4.0,1.6509592356345515,2.0,1.0822311899885924,2,False,False,False,False
9236749111820,0,0,4.0,40.72971579055616,1.5,2.74160143570707,0,True,True,False,False
923417456090,2,3,1.0,-0.1746059186522667,1.0,-0.1746059186522522,3,False,False,False,False
9239956115506,3,2,4.0,1.0686858811916544,4.0,0.9542620955835085,2,False,False,False,False
923572168958,1,1,0.0,0.1476966862104404,0.0,0.14769668621044044,1,True,True,False,False
92417306268,2,2,1.5,1.2829583399011169,1.5,1.2829583399011353,3,True,False,False,True
9240996220532,1,3,1.0,-0.3035705745636934,1.0,-0.3035705745636931,3,False,False,False,False
923992801632,0,6,4.0,386.9118185195322,1.0,-5.656734183749824,6,False,False,False,False
900005961467,2,2,1.0,0.0367852010367719,1.0,0.036785201036772,2,True,True,False,False
923968566295,1,2,1.0,-0.0906138321560226,1.0,-0.11712417896839208,2,False,False,False,False
923421805967,0,0,4.0,51.28895383503416,1.5,0.1447575502420364,0,True,True,False,False
900039061521,4,6,4.0,2.6948861001622624,1.5,0.5216160682790129,6,False,False,False,False
924054117070,1,1,0.0,0.1947330335560834,0.0,0.16433084583956237,1,True,True,False,False
9240700916970,2,1,0.0,0.3423218180360401,0.0,0.12180718043226516,1,False,False,False,False
923189473655,1,3,1.0,0.025757942120394,1.0,0.025757942120405497,3,False,False,False,False
923611179452,1,2,1.0,-0.018688823510311,1.0,-0.018688823510311606,2,False,False,False,False
923771477953,1,1,1.0,0.0802660483735812,1.0,0.08026604837357859,1,True,True,False,False
924146517420,2,3,1.5,7.646463218973477,1.5,6.449911614513969,3,False,False,False,False
9241555317249,0,1,4.0,1.2980260576153062,4.0,0.620877602504542,1,False,False,False,False
9231820710583,0,0,4.0,49.94919152918859,1.5,7.016959855375828,0,True,True,False,False
9240561113071,0,0,4.0,51.28336883359328,4.0,0.7947353363067952,0,True,True,False,False
9240580915837,0,1,4.0,6.4230772079692855,4.0,0.217460479142707,1,False,False,False,False
9237641021241,1,1,0.0,0.1550330461026526,0.0,0.12231727832278536,1,True,True,False,False
923978071810,1,2,1.0,-0.1782456520095295,1.0,-0.23351710583024762,2,False,False,False,False
923604479778,2,2,1.0,0.0644334345967433,1.0,0.06443343459674306,2,True,True,False,False
9234232418722,1,1,0.0,0.1622095273249199,0.0,0.16220952732491736,1,True,True,False,False
9238591679,1,1,0.0,0.1649914069834694,0.0,0.16499140698347092,1,True,True,False,False
924160763755,2,3,1.0,0.0684469235937839,1.0,0.06844692359378855,3,False,False,False,False
923192965850,1,2,1.0,-0.1215759177627952,1.0,-0.1215759177627915,2,False,False,False,False
923194657069,0,0,4.0,44.25243219368276,1.5,12.072745039347996,0,True,True,False,False
923688776077,1,1,0.0,0.1126833814437922,0.0,0.11010083395791512,1,True,True,False,False
923411106264,0,0,4.0,47.19132797247142,4.0,0.8193818879158308,0,True,True,False,False
9236112715443,4,2,4.0,104.2380269719498,1.5,17.385238696346445,2,False,False,False,False
923919445343,2,2,0.0,0.1215990445962963,0.0,0.12159904459629747,2,True,True,False,False
9241712710920,2,2,1.0,0.0241141973450911,1.0,0.024114197345093145,2,True,True,False,False
9240662017826,1,1,0.0,0.1125779768152067,0.0,0.11257797681520718,1,True,True,False,False
924119957694,1,2,1.5,11.848857035989314,1.5,11.228297410021096,3,False,False,False,False
900003213496,1,2,4.0,45.62883731166739,1.5,7.745219992747627,2,False,False,False,False
924002743319,4,6,4.0,114.44234453288892,1.0,-0.9498735448580404,6,False,False,False,False
9234990710154,0,1,4.0,1.3931919248298523,0.0,0.10147152009431479,1,False,False,False,False
923746456106,1,1,0.0,0.2197658912797944,0.0,0.12533293168019538,1,True,True,False,False
92356635289,0,0,4.0,51.51398009431392,1.5,5.33041840023051,0,True,True,False,False
9235255615523,0,0,4.0,39.781139703677,4.0,1.2543348489334782,0,True,True,False,False
924008569117,0,1,4.0,1598.4947568589944,1.5,34.549804661185775,1,False,False,False,False
923443079410,3,3,1.0,0.0320673966073255,1.0,0.032067396607321504,3,True,True,False,False
9241232912834,0,0,4.0,58.61171962048605,1.5,1.0530817651639908,0,True,True,False,False
9231871214299,1,1,0.0,0.3282009076741901,0.0,0.1843917788572713,1,True,True,False,False
9238492010271,1,1,1.0,0.0527392106913699,1.0,0.05273921069137034,1,True,True,False,False
9237261015969,1,1,1.0,0.0748886640351927,1.0,0.04044152753898878,1,True,True,False,False
923231334210,1,1,0.0,0.1278173426103117,0.0,0.12781734261031144,1,True,True,False,False
9232743420808,0,0,4.0,41.16593586528894,4.0,1.1463645279040555,0,True,True,False,False
924170633847,2,2,1.0,-0.0128441962264435,1.0,-0.012844196226444282,2,True,True,False,False
923928301800,2,3,1.5,0.1844288353371146,1.5,0.18442883533712323,3,False,False,False,False
9241329314230,0,1,4.0,13.28918713257204,1.5,0.6367641314732674,1,False,False,False,False
923504144529,1,1,0.0,0.1090121387915068,0.0,0.10901213879150745,1,True,True,False,False
9241642012619,1,1,0.0,0.1653122850900371,0.0,0.16531228509003612,1,True,True,False,False
923776748141,2,3,1.5,8.30735007742915,1.5,8.306014768627081,3,False,False,False,False
923189315973,0,0,4.0,57.49511847359592,1.5,13.658667398423969,0,True,True,False,False
9234964020071,0,3,4.0,29.61620740941442,2.0,17.31591861807029,0,False,True,True,False
915926434391,2,2,1.0,0.0516700362758764,1.0,0.05167003627587566,2,True,True,False,False
924120929206,1,1,0.0,0.1203191009883767,1.0,0.08810490678536645,1,True,True,False,False
923950652333,0,0,4.0,48.464702264748944,1.5,1.0666019734362884,0,True,True,False,False
924132331762,3,3,1.5,2.736793634472719,1.5,2.5985617145738424,3,True,True,False,False
923767141192,0,1,4.0,0.6448018215015002,0.0,0.121704265737582,1,False,False,False,False
