sample_id,ground_truth,condition,replicate,layer,head,head_name,alpha,baseline_best_numeral,modulated_best_numeral,baseline_correct,modulated_correct,baseline_gt_logp,modulated_gt_logp,delta_gt_logp,baseline_margin,modulated_margin,delta_margin,baseline_entropy,modulated_entropy,delta_entropy,baseline_entropy_norm,modulated_entropy_norm,delta_entropy_norm,baseline_expected_numeral,modulated_expected_numeral,response_expected_numeral_shift,baseline_top1_prob,modulated_top1_prob,baseline_conditional_margin,modulated_conditional_margin,baseline_vocab_numeral_mass,modulated_vocab_numeral_mass,delta_vocab_numeral_mass,response_l1,response_l2,response_tv,response_js,numeral_changed,hook_calls,baseline_numprob_1,modulated_numprob_1,delta_numprob_1,baseline_numprob_2,modulated_numprob_2,delta_numprob_2,baseline_numprob_3,modulated_numprob_3,delta_numprob_3,baseline_numprob_4,modulated_numprob_4,delta_numprob_4,baseline_numprob_5,modulated_numprob_5,delta_numprob_5,baseline_numprob_6,modulated_numprob_6,delta_numprob_6,baseline_numprob_7,modulated_numprob_7,delta_numprob_7,baseline_numprob_8,modulated_numprob_8,delta_numprob_8,baseline_numprob_9,modulated_numprob_9,delta_numprob_9,baseline_numprob_10,modulated_numprob_10,delta_numprob_10
pccv3_n01_dense_r00,1,dense,0,33,1,L33H1,1.0,1,1,True,True,-0.003197559155523777,-0.003197559155523777,0.0,13.0625,13.0625,0.0,6.175396010800452e-05,6.175396010800452e-05,0.0,2.6819404110579904e-05,2.6819404110579904e-05,0.0,1.0000102319414872,1.0000102319414872,0.0,0.9999958736257437,0.9999958736257437,0.9999937502515344,0.9999937502515344,0.9968116884439056,0.9968116884439056,0.0,0.0,0.0,0.0,0.0,False,0,0.9999958736257437,0.9999958736257437,0.0,2.1233742093066113e-06,2.1233742093066113e-06,0.0,6.475925453639866e-07,6.475925453639866e-07,0.0,2.873674500338287e-07,2.873674500338287e-07,0.0,3.059010582343655e-07,3.059010582343655e-07,0.0,3.6898710977218066e-07,3.6898710977218066e-07,0.0,1.7429716904895535e-07,1.7429716904895535e-07,0.0,4.139920635852741e-08,4.139920635852741e-08,0.0,4.993697501167717e-08,4.993697501167717e-08,0.0,1.2751853295737062e-07,1.2751853295737062e-07,0.0
pccv3_n01_dense_r00,1,dense,0,33,1,L33H1,0.5,1,1,True,True,-0.003197559155523777,-0.0028788098134100437,0.0003187493421137333,13.0625,13.125,0.0625,6.175396010800452e-05,5.912352105465524e-05,-2.6304390533492803e-06,2.6819404110579904e-05,2.56770189447275e-05,-1.1423851658524054e-06,1.0000102319414872,1.0000099030576042,-3.2888388301621774e-07,0.9999958736257437,0.9999960666460442,0.9999937502515344,0.9999940719201897,0.9968116884439056,0.997129249649543,0.00031756120563741774,3.8604096408378086e-07,2.3602856550224936e-07,1.9302048204189043e-07,1.5077270722492144e-09,False,1,0.9999958736257437,0.9999960666460442,1.9302030052070762e-07,2.1233742093066113e-06,1.9947258544879644e-06,-1.2864835481864696e-07,6.475925453639866e-07,6.083570139212729e-07,-3.923553144271364e-08,2.873674500338287e-07,2.699567884965229e-07,-1.741066153730583e-08,3.059010582343655e-07,3.0590111727972335e-07,5.904535782249597e-14,3.6898710977218066e-07,3.6898718099447736e-07,7.122229669596022e-14,1.7429716904895535e-07,1.7429720269198611e-07,3.364303076673889e-14,4.139920635852741e-08,4.139921434944764e-08,7.990920226254633e-15,4.993697501167717e-08,4.993698465056687e-08,9.638889701036038e-15,1.2751853295737062e-07,1.1979259873345905e-07,-7.72593422391157e-09
pccv3_n01_dense_r00,1,dense,0,33,1,L33H1,1.5,1,1,True,True,-0.003197559155523777,-0.0030404552817344666,0.00015710387378931046,13.0625,13.0625,0.0,6.175396010800452e-05,6.1475383905393e-05,-2.7857620261152987e-07,2.6819404110579904e-05,2.6698420002996152e-05,-1.2098410758375249e-07,1.0000102319414872,1.000010157807243,-7.41342442989179e-08,0.9999958736257437,0.9999958921592759,0.9999937502515344,0.9999937687850272,0.9968116884439056,0.9969682520143834,0.0001565635704778856,3.706720583515553e-08,2.6210422537538408e-08,1.8533602917577767e-08,1.4477021038441075e-10,False,1,0.9999958736257437,0.9999958921592759,1.8533532153419685e-08,2.1233742093066113e-06,2.1233742486603978e-06,3.935378642766171e-14,6.475925453639866e-07,6.475925573662134e-07,1.2002226787269138e-14,2.873674500338287e-07,2.873674553597846e-07,5.325955872174579e-15,3.059010582343655e-07,2.873674553597846e-07,-1.853360287458093e-08,3.6898710977218066e-07,3.6898711661084336e-07,6.838662695313614e-15,1.7429716904895535e-07,1.7429717227931087e-07,3.2303555177975145e-15,4.139920635852741e-08,4.13992071258041e-08,7.672766889003049e-16,4.993697501167717e-08,4.993697593718953e-08,9.25512356379869e-16,1.2751853295737062e-07,1.275185353207492e-07,2.3633785709951808e-15
pccv3_n01_dense_r01,1,dense,1,33,1,L33H1,1.0,1,1,True,True,-0.002444852376356721,-0.002444852376356721,0.0,12.75,12.75,0.0,6.759413401464407e-05,6.759413401464407e-05,0.0,2.9355759411588815e-05,2.9355759411588815e-05,0.0,1.000010115729271,1.000010115729271,0.0,0.999995379272434,0.999995379272434,0.9999924769654361,0.9999924769654361,0.9975627263787885,0.9975627263787885,0.0,0.0,0.0,0.0,0.0,False,0,0.999995379272434,0.999995379272434,0.0,2.9023069978184863e-06,2.9023069978184863e-06,0.0,5.368728114172291e-07,5.368728114172291e-07,0.0,2.1024241376077892e-07,2.1024241376077892e-07,0.0,2.5360075918953336e-07,2.5360075918953336e-07,0.0,3.256298204906682e-07,3.256298204906682e-07,0.0,1.742970828842174e-07,1.742970828842174e-07,0.0,4.139918589260828e-08,4.139918589260828e-08,0.0,5.6585978011723976e-08,5.6585978011723976e-08,0.0,1.197925163908641e-07,1.197925163908641e-07,0.0
pccv3_n01_dense_r01,1,dense,1,33,1,L33H1,0.5,1,1,True,True,-0.002444852376356721,-0.0028003547340631485,-0.0003555023577064276,12.75,12.625,-0.125,6.759413401464407e-05,7.662093274424467e-05,9.026798729600599e-06,2.9355759411588815e-05,3.327604828910564e-05,3.920288877516827e-06,1.000010115729271,1.0000116769164067,1.5611871357901208e-06,0.999995379272434,0.9999947186764573,0.9999924769654361,0.999991429933945,0.9975627263787885,0.9972088550681661,-0.00035387131062236676,1.3211919534344892e-06,7.744550319100321e-07,6.605959767172446e-07,1.131195058852144e-08,False,1,0.999995379272434,0.9999947186764573,-6.605959766980973e-07,2.9023069978184863e-06,3.2887425123614963e-06,3.8643551454301005e-07,5.368728114172291e-07,6.083561938712946e-07,7.14833824540655e-08,2.1024241376077892e-07,2.3823570854368055e-07,2.7993294782901633e-08,2.5360075918953336e-07,3.0590070493269875e-07,5.22999457431654e-08,3.256298204906682e-07,3.927842801162824e-07,6.715445962561418e-08,1.742970828842174e-07,1.9750433937305036e-07,2.3207256488832964e-08,4.139918589260828e-08,4.993691733676553e-08,8.537731444157254e-09,5.6585978011723976e-08,6.412027109144166e-08,7.534293079717689e-09,1.197925163908641e-07,1.357426149657912e-07,1.59500985749271e-08
pccv3_n01_dense_r01,1,dense,1,33,1,L33H1,1.5,1,1,True,True,-0.002444852376356721,-0.0024023978039622307,4.245457239449024e-05,12.75,12.625,-0.125,6.759413401464407e-05,7.410709604118317e-05,6.5129620265391e-06,2.9355759411588815e-05,3.2184302880560166e-05,2.828543468971351e-06,1.000010115729271,1.0000109381914695,8.224621985686298e-07,0.999995379272434,0.9999948856581491,0.9999924769654361,0.9999915969150875,0.9975627263787885,0.997605597911285,4.287153249649123e-05,9.872286260087354e-07,6.287069121303346e-07,4.936143130043677e-07,6.871329343715739e-09,False,1,0.999995379272434,0.9999948856581491,-4.936142848910308e-07,2.9023069978184863e-06,3.2887430615241853e-06,3.86436063705699e-07,5.368728114172291e-07,5.714978507963475e-07,3.462503937911844e-08,2.1024241376077892e-07,2.2380177400554747e-07,1.3559360244768545e-08,2.5360075918953336e-07,2.6995646967956947e-07,1.6355710490036113e-08,3.256298204906682e-07,3.4663096846786086e-07,2.1001147977192657e-08,1.742970828842174e-07,1.8553818735102826e-07,1.1241104466810863e-08,4.139918589260828e-08,4.40691822331028e-08,2.6699963404945216e-09,5.6585978011723976e-08,5.658595007994784e-08,-2.7931776137235692e-14,1.197925163908641e-07,1.2751840697267248e-07,7.725890581808373e-09
pccv3_n01_dense_r02,1,dense,2,33,1,L33H1,1.0,1,1,True,True,-0.0036200247704982758,-0.0036200247704982758,0.0,12.6875,12.6875,0.0,6.628241552242136e-05,6.628241552242136e-05,0.0,2.878608730860604e-05,2.878608730860604e-05,0.0,1.0000089868040796,1.0000089868040796,0.0,0.999995430147009,0.999995430147009,0.9999923406571345,0.9999923406571345,0.9963910813758741,0.9963910813758741,0.0,0.0,0.0,0.0,0.0,False,0,0.999995430147009,0.999995430147009,0.0,3.089489874433509e-06,3.089489874433509e-06,0.0,5.043453577732137e-07,5.043453577732137e-07,0.0,2.102424244568218e-07,2.102424244568218e-07,0.0,2.2380189586374345e-07,2.2380189586374345e-07,0.0,2.5360077209142385e-07,2.5360077209142385e-07,0.0,1.3574271154317442e-07,1.3574271154317442e-07,0.0,2.845321806221613e-08,2.845321806221613e-08,0.0,3.6534655178444234e-08,3.6534655178444234e-08,0.0,8.764208168117696e-08,8.764208168117696e-08,0.0
pccv3_n01_dense_r02,1,dense,2,33,1,L33H1,0.5,1,1,True,True,-0.0036200247704982758,-0.0034387523774057627,0.00018127239309251308,12.6875,12.6875,0.0,6.628241552242136e-05,6.653480558930365e-05,2.523900668822878e-07,2.878608730860604e-05,2.889569892194021e-05,1.0961161333417172e-07,1.0000089868040796,1.0000090573853855,7.058130591097722e-08,0.999995430147009,0.9999954138780266,0.9999923406571345,0.9999923243882024,0.9963910813758741,0.9965717004881895,0.00018061911231548322,3.253810534002121e-08,2.182629184105718e-08,1.6269052670010604e-08,1.2708129118919465e-10,False,1,0.999995430147009,0.9999954138780266,-1.6268982383493835e-08,3.089489874433509e-06,3.089489824170423e-06,-5.0263085861934793e-14,5.043453577732137e-07,5.043453495679905e-07,-8.205223194887221e-15,2.102424244568218e-07,2.1024242103637586e-07,-3.4204459371362753e-15,2.2380189586374345e-07,2.382358741663937e-07,1.4433978302650254e-08,2.5360077209142385e-07,2.536007679655785e-07,-4.125845340609882e-15,1.3574271154317442e-07,1.3574270933476855e-07,-2.2084058729517872e-15,2.845321806221613e-08,3.0288292472848665e-08,1.8350744106325367e-09,3.6534655178444234e-08,3.653465458405986e-08,-5.943843735830362e-16,8.764208168117696e-08,8.764208025532296e-08,-1.4258539970214901e-15
pccv3_n01_dense_r02,1,dense,2,33,1,L33H1,1.5,1,1,True,True,-0.0036200247704982758,-0.0032547141890972853,0.0003653105814009905,12.6875,12.75,0.0625,6.628241552242136e-05,6.272533521049106e-05,-3.5570803119303035e-06,2.878608730860604e-05,2.724126695744801e-05,-1.5448203511580274e-06,1.0000089868040796,1.0000084759691759,-5.108349037108439e-07,0.999995430147009,0.9999956946368409,0.9999923406571345,0.9999927923289278,0.9963910813758741,0.9967548845773813,0.0003638032015071957,5.289797899713622e-07,3.262818759412113e-07,2.644898949856811e-07,2.09949131334892e-09,False,1,0.999995430147009,0.9999956946368409,2.644898319248412e-07,3.089489874433509e-06,2.9023079131070408e-06,-1.871819613264683e-07,5.043453577732137e-07,4.737887425743374e-07,-3.0556615198876275e-08,2.102424244568218e-07,2.102424800640594e-07,5.560723761647295e-14,2.2380189586374345e-07,2.102424800640594e-07,-1.3559415799684036e-08,2.5360077209142385e-07,2.3823594105352201e-07,-1.536483103790184e-08,1.3574271154317442e-07,1.2751851013287413e-07,-8.224201410300294e-09,2.845321806221613e-08,2.845322558783738e-08,7.525621251848318e-15,3.6534655178444234e-08,3.2241728559619367e-08,-4.292926618824868e-09,8.764208168117696e-08,8.233213815957042e-08,-5.309943521606546e-09
pccv3_n01_dense_r03,1,dense,3,33,1,L33H1,1.0,1,1,True,True,-0.004734140355139971,-0.004734140355139971,0.0,11.9375,11.9375,0.0,0.00014650555415355687,0.00014650555415355687,0.0,6.362655373706779e-05,6.362655373706779e-05,0.0,1.0000229890653323,1.0000229890653323,0.0,0.9999893916235161,0.9999893916235161,0.9999828512128954,0.9999828512128954,0.9952876055425577,0.9952876055425577,0.0,0.0,0.0,0.0,0.0,False,0,0.9999893916235161,0.9999893916235161,0.0,6.5404106206582675e-06,6.5404106206582675e-06,0.0,1.2878832118371218e-06,1.2878832118371218e-06,0.0,5.714947109513043e-07,5.714947109513043e-07,0.0,6.083529531085272e-07,6.083529531085272e-07,0.0,8.315198979338585e-07,8.315198979338585e-07,0.0,3.4662906405557544e-07,3.4662906405557544e-07,0.0,9.931088958308045e-08,9.931088958308045e-08,0.0,1.1253398090375802e-07,1.1253398090375802e-07,0.0,2.1024115489720082e-07,2.1024115489720082e-07,0.0
pccv3_n01_dense_r03,1,dense,3,33,1,L33H1,0.5,1,1,True,True,-0.004734140355139971,-0.004362708423286676,0.00037143193185329437,11.9375,12.0,0.0625,0.00014650555415355687,0.00014105609599708149,-5.449458156475386e-06,6.362655373706779e-05,6.125988413034785e-05,-2.3666696067199363e-06,1.0000229890653323,1.0000223409156441,-6.481496881427518e-07,0.9999893916235161,0.9999898382616689,0.9999828512128954,0.9999836941117515,0.9952876055425577,0.9956568923741429,0.0003692868315852138,8.932791964740337e-07,5.992046541000391e-07,4.4663959823701687e-07,3.4888040519443e-09,False,1,0.9999893916235161,0.9999898382616689,4.466381527956642e-07,6.5404106206582675e-06,6.144149917450024e-06,-3.9626070320824325e-07,1.2878832118371218e-06,1.2878837870610028e-06,5.752238810464603e-13,5.714947109513043e-07,5.714949662053542e-07,2.552540499286941e-13,6.083529531085272e-07,6.08353224825049e-07,2.717165217173636e-13,8.315198979338585e-07,7.811410029993148e-07,-5.0378894934543696e-08,3.4662906405557544e-07,3.466292188749827e-07,1.5481940726161584e-13,9.931088958308045e-08,9.931093393958328e-08,4.435650282752146e-14,1.1253398090375802e-07,1.1253403116626058e-07,5.02625025606366e-14,2.1024115489720082e-07,2.1024124879991802e-07,9.390271720409393e-14
pccv3_n01_dense_r03,1,dense,3,33,1,L33H1,1.5,1,1,True,True,-0.004734140355139971,-0.004601366352289915,0.0001327740028500557,11.9375,11.9375,0.0,0.00014650555415355687,0.0001445542409318299,-1.951313221726966e-06,6.362655373706779e-05,6.27791091724069e-05,-8.474445646608822e-07,1.0000229890653323,1.0000222524278408,-7.366374914496987e-07,0.9999893916235161,0.9999895254336933,0.9999828512128954,0.9999829850221975,0.9952876055425577,0.995419617243364,0.00013201170080634483,2.6762260245275354e-07,1.4995911470416995e-07,1.3381130122637677e-07,1.0452307305053708e-09,False,1,0.9999893916235161,0.9999895254336933,1.3381017727187583e-07,6.5404106206582675e-06,6.540411495841056e-06,8.751827887547889e-13,1.2878832118371218e-06,1.287883384170831e-06,1.7233370915877401e-13,5.714947109513043e-07,5.714947874239242e-07,7.647261988454372e-14,6.083529531085272e-07,5.714947874239242e-07,-3.685816568460304e-08,8.315198979338585e-07,7.81140758634073e-07,-5.03791392997854e-08,3.4662906405557544e-07,3.2562791429740194e-07,-2.1001149758173502e-08,9.931088958308045e-08,9.329395943778453e-08,-6.01693014529592e-09,1.1253398090375802e-07,1.0571590581740477e-07,-6.818075086353245e-09,2.1024115489720082e-07,1.9750331367965203e-07,-1.273784121754879e-08
pccv3_n01_dense_r04,1,dense,4,33,1,L33H1,1.0,1,1,True,True,-0.004005505703389645,-0.004005505703389645,0.0,12.25,12.25,0.0,0.00011120620250769,0.00011120620250769,0.0,4.829624010250533e-05,4.829624010250533e-05,0.0,1.0000174301369664,1.0000174301369664,0.0,0.9999921323582714,0.9999921323582714,0.9999873472785269,0.9999873472785269,0.996010331541612,0.996010331541612,0.0,0.0,0.0,0.0,0.0,False,0,0.9999921323582714,0.9999921323582714,0.0,4.785079744539738e-06,4.785079744539738e-06,0.0,1.0030072028815953e-06,1.0030072028815953e-06,0.0,4.181156083453133e-07,4.181156083453133e-07,0.0,4.450817482706559e-07,4.450817482706559e-07,0.0,5.714962772833374e-07,5.714962772833374e-07,0.0,2.6995572640465313e-07,2.6995572640465313e-07,0.0,8.233184486829635e-08,8.233184486829635e-08,0.0,8.233184486829635e-08,8.233184486829635e-08,0.0,2.1024173111855382e-07,2.1024173111855382e-07,0.0
pccv3_n01_dense_r04,1,dense,4,33,1,L33H1,0.5,1,1,True,True,-0.004005505703389645,-0.0035918739158660173,0.0004136317875236273,12.25,12.3125,0.0625,0.00011120620250769,0.00010493054229030584,-6.275660217384157e-06,4.829624010250533e-05,4.5570755499795624e-05,-2.7254846027097046e-06,1.0000174301369664,1.000016374106158,-1.0560308083551462e-06,0.9999921323582714,0.9999926090310637,0.9999873472785269,0.9999881138625023,0.996010331541612,0.9964219067217073,0.0004115751800952694,9.533455843535812e-07,5.639198254415614e-07,4.766727921767906e-07,3.7234001998064404e-09,False,1,0.9999921323582714,0.9999926090310637,4.766727922378422e-07,4.785079744539738e-06,4.495168561365188e-06,-2.899111831745506e-07,1.0030072028815953e-06,9.422385176257616e-07,-6.076868525583373e-08,4.181156083453133e-07,3.9278345147635886e-07,-2.533215686895444e-08,4.450817482706559e-07,4.181158076512159e-07,-2.6965940619439984e-08,5.714962772833374e-07,5.36871324143084e-07,-3.462495314025335e-08,2.6995572640465313e-07,2.536000566509725e-07,-1.6355669753680634e-08,8.233184486829635e-08,7.734364742269509e-08,-4.988197445601261e-09,8.233184486829635e-08,7.734364742269509e-08,-4.988197445601261e-09,2.1024173111855382e-07,1.9750392270673001e-07,-1.2737808411823802e-08
pccv3_n01_dense_r04,1,dense,4,33,1,L33H1,1.5,1,1,True,True,-0.004005505703389645,-0.003637247486039996,0.0003682582173496485,12.25,12.25,0.0,0.00011120620250769,0.00010991249429721452,-1.2937082104754827e-06,4.829624010250533e-05,4.7734389765502894e-05,-5.618503370024346e-07,1.0000174301369664,1.0000169985833354,-4.3155363105285005e-07,0.9999921323582714,0.9999922187380108,0.9999873472785269,0.9999874336578529,0.996010331541612,0.9963771149489276,0.0003667834073155518,1.7276059165779146e-07,9.635872237728076e-08,8.638029582889573e-08,6.74736244923201e-10,False,1,0.9999921323582714,0.9999922187380108,8.637973936131971e-08,4.785079744539738e-06,4.7850801578769316e-06,4.1333719335011647e-13,1.0030072028815953e-06,1.0030072895217778e-06,8.664018251954334e-14,4.181156083453133e-07,3.927832981745734e-07,-2.5332310170739916e-08,4.450817482706559e-07,4.1811564446231473e-07,-2.6966103808341152e-08,5.714962772833374e-07,5.714963266494253e-07,4.936608792342962e-14,2.6995572640465313e-07,2.535999576719006e-07,-1.6355768732752503e-08,8.233184486829635e-08,7.73436172357837e-08,-4.9882276325126495e-09,8.233184486829635e-08,8.23318519801556e-08,7.111859249346418e-15,2.1024173111855382e-07,1.9750384562175134e-07,-1.2737885496802477e-08
pccv3_n01_dense_r05,1,dense,5,33,1,L33H1,1.0,1,1,True,True,-0.003325172932818532,-0.003325172932818532,0.0,13.375,13.375,0.0,4.7773090107059866e-05,4.7773090107059866e-05,0.0,2.0747589416962926e-05,2.0747589416962926e-05,0.0,1.0000076724112024,1.0000076724112024,0.0,0.9999968684392896,0.9999968684392896,0.9999953149439865,0.9999953149439865,0.9966835000888103,0.9966835000888103,0.0,0.0,0.0,0.0,0.0,False,0,0.9999968684392896,0.9999968684392896,0.0,1.5534953030739452e-06,1.5534953030739452e-06,0.0,5.368736109141198e-07,5.368736109141198e-07,0.0,2.5360113684512356e-07,2.5360113684512356e-07,0.0,2.2380221775775366e-07,2.2380221775775366e-07,0.0,2.873677359120403e-07,2.873677359120403e-07,0.0,1.4449757210658788e-07,1.4449757210658788e-07,0.0,3.028833652922766e-08,3.028833652922766e-08,0.0,4.139924754318863e-08,4.139924754318863e-08,0.0,6.023554974699312e-08,6.023554974699312e-08,0.0
pccv3_n01_dense_r05,1,dense,5,33,1,L33H1,0.5,1,1,True,True,-0.003325172932818532,-0.003094529267400503,0.00023064366541802883,13.375,13.4375,0.0625,4.7773090107059866e-05,4.490223102786534e-05,-2.8708590791945256e-06,2.0747589416962926e-05,1.9500791160546896e-05,-1.2467982564160305e-06,1.0000076724112024,1.0000071461519817,-5.262592206456418e-07,0.9999968684392896,0.9999970681185192,0.9999953149439865,0.999995608744447,0.9966835000888103,0.9969131968600511,0.0002296967712407394,3.9935845899818e-07,2.2546011331722199e-07,1.9967922949909e-07,1.720009469452426e-09,False,1,0.9999968684392896,0.9999970681185192,1.9967922959551743e-07,1.5534953030739452e-06,1.4593740721345884e-06,-9.41212309393568e-08,5.368736109141198e-07,5.043461838803163e-07,-3.2527427033803574e-08,2.5360113684512356e-07,2.3823626826763095e-07,-1.5364868577492614e-08,2.2380221775775366e-07,2.1024276882949703e-07,-1.3559448928256637e-08,2.873677359120403e-07,2.699570588518794e-07,-1.74106770601609e-08,1.4449757210658788e-07,1.275186852779655e-07,-1.6978886828622388e-08,3.028833652922766e-08,2.6729368508798628e-08,-3.558968020429034e-09,4.139924754318863e-08,3.889100169846812e-08,-2.5082458447205146e-09,6.023554974699312e-08,5.6586073577172996e-08,-3.6494761698201215e-09
pccv3_n01_dense_r05,1,dense,5,33,1,L33H1,1.5,1,1,True,True,-0.003325172932818532,-0.0030089602805674076,0.0003162126522511244,13.375,13.4375,0.0625,4.7773090107059866e-05,4.5030612026742146e-05,-2.74247808031772e-06,2.0747589416962926e-05,1.955654631994032e-05,-1.1910430970226065e-06,1.0000076724112024,1.0000071862074866,-4.862037157327137e-07,0.9999968684392896,0.9999970601182046,0.9999953149439865,0.9999956007441441,0.9966835000888103,0.996998499333273,0.0003149992444626548,3.83357950052988e-07,2.1897551411361012e-07,1.91678975026494e-07,1.8349595106042516e-09,False,1,0.9999968684392896,0.9999970601182046,1.916789149625231e-07,1.5534953030739452e-06,1.4593740604591023e-06,-9.412124261484285e-08,5.368736109141198e-07,5.043461798453763e-07,-3.252743106874359e-08,2.5360113684512356e-07,2.5360118545526656e-07,4.8610142993498915e-14,2.2380221775775366e-07,1.9750480182039817e-07,-2.6297415937355495e-08,2.873677359120403e-07,2.6995705669213167e-07,-1.7410679219908623e-08,1.4449757210658788e-07,1.2751868425777291e-07,-1.697888784881497e-08,3.028833652922766e-08,2.8453264440353932e-08,-1.8350720888737303e-09,4.139924754318863e-08,3.8891001387326956e-08,-2.5082461558616764e-09,6.023554974699312e-08,6.02355612929141e-08,1.1545920980039504e-14
pccv3_n01_distractors_r00,1,distractors,0,33,1,L33H1,1.0,1,1,True,True,-0.018115192651748657,-0.018115192651748657,0.0,13.0625,13.0625,0.0,9.591084846431882e-05,9.591084846431882e-05,0.0,4.1653552242712635e-05,4.1653552242712635e-05,0.0,1.0000201455783082,1.0000201455783082,0.0,0.9999934902342754,0.9999934902342754,0.999991366865127,0.999991366865127,0.9820543084021054,0.9820543084021054,0.0,0.0,0.0,0.0,0.0,False,0,0.9999934902342754,0.9999934902342754,0.0,2.1233691484537536e-06,2.1233691484537536e-06,0.0,1.2878884904251078e-06,1.2878884904251078e-06,0.0,5.04344379382761e-07,5.04344379382761e-07,0.0,4.7378769814872117e-07,4.7378769814872117e-07,0.0,1.2098592713524743e-06,1.2098592713524743e-06,0.0,6.475910018910701e-07,6.475910018910701e-07,0.0,8.764191166240975e-08,8.764191166240975e-08,0.0,8.764191166240975e-08,8.764191166240975e-08,0.0,8.764191166240975e-08,8.764191166240975e-08,0.0
pccv3_n01_distractors_r00,1,distractors,0,33,1,L33H1,0.5,1,1,True,True,-0.018115192651748657,-0.018119290471076965,-4.0978193283081055e-06,13.0625,13.0625,0.0,9.591084846431882e-05,9.682548008631625e-05,9.146316219974329e-07,4.1653552242712635e-05,4.205077170912034e-05,3.972194664077035e-07,1.0000201455783082,1.0000203653860018,2.19807693602192e-07,0.9999934902342754,0.9999934271505909,0.999991366865127,0.9999913037815764,0.9820543084021054,0.9820503172117725,-3.991190332897077e-06,1.2616806686288347e-07,7.727412751177539e-08,6.308403343144174e-08,4.927638113956998e-10,False,1,0.9999934902342754,0.9999934271505909,-6.308368449836621e-08,2.1233691484537536e-06,2.1233690145029325e-06,-1.3395082111789186e-13,1.2878884904251078e-06,1.2878884091798278e-06,-8.124527996540727e-14,5.04344379382761e-07,5.368717633712443e-07,3.2527383988483344e-08,4.7378769814872117e-07,5.043443475666521e-07,3.055664941793098e-08,1.2098592713524743e-06,1.209859195029597e-06,-7.63228773767216e-14,6.475910018910701e-07,6.475909610383777e-07,-4.085269243711201e-14,8.764191166240975e-08,8.764190613359905e-08,-5.528810694216658e-15,8.764191166240975e-08,8.764190613359905e-08,-5.528810694216658e-15,8.764191166240975e-08,8.764190613359905e-08,-5.528810694216658e-15
pccv3_n01_distractors_r00,1,distractors,0,33,1,L33H1,1.5,1,1,True,True,-0.018115192651748657,-0.018071524798870087,4.366785287857056e-05,13.0625,13.1875,0.125,9.591084846431882e-05,8.99829928267627e-05,-5.927855637556114e-06,4.1653552242712635e-05,3.907911724980293e-05,-2.5744349929097068e-06,1.0000201455783082,1.0000191684268998,-9.771514084544464e-07,0.9999934902342754,0.999993930390198,0.999991366865127,0.9999920565226766,0.9820543084021054,0.9820967321423808,4.242374027541018e-05,8.803129363806708e-07,5.180059954095273e-07,4.401564681903354e-07,5.385175493281923e-09,False,1,0.9999934902342754,0.999993930390198,4.4015592259860625e-07,2.1233691484537536e-06,1.8738675213530215e-06,-2.495016271007321e-07,1.2878884904251078e-06,1.209859803882665e-06,-7.802868654244288e-08,5.04344379382761e-07,5.043446013743717e-07,2.2199161073220282e-13,4.7378769814872117e-07,4.450825485481455e-07,-2.8705149600575664e-08,1.2098592713524743e-06,1.1365581039403254e-06,-7.330116741214897e-08,6.475910018910701e-07,6.475912869339405e-07,2.8504287043008744e-13,8.764191166240975e-08,8.764195023876737e-08,3.857635761875464e-14,8.764191166240975e-08,8.233199290474668e-08,-5.309918757663063e-09,8.764191166240975e-08,8.233199290474668e-08,-5.309918757663063e-09
pccv3_n01_distractors_r01,1,distractors,1,33,1,L33H1,1.0,1,1,True,True,-0.041520487517118454,-0.041520487517118454,0.0,12.3125,12.3125,0.0,0.00014751150317726585,0.00014751150317726585,0.0,6.406343184714055e-05,6.406343184714055e-05,0.0,1.000045654168497,1.000045654168497,0.0,0.9999896410772557,0.9999896410772557,0.9999851459220359,0.9999851459220359,0.9593396024321095,0.9593396024321095,0.0,0.0,0.0,0.0,0.0,False,0,0.9999896410772557,0.9999896410772557,0.0,1.1365532288573507e-06,1.1365532288573507e-06,0.0,1.0030047040891325e-06,1.0030047040891325e-06,0.0,6.083531048660564e-07,6.083531048660564e-07,0.0,9.422357210846961e-07,9.422357210846961e-07,0.0,4.495155219813931e-06,4.495155219813931e-06,0.0,1.3709448847248229e-06,1.3709448847248229e-06,0.0,3.6898481003263797e-07,3.6898481003263797e-07,0.0,2.699550538637856e-07,2.699550538637856e-07,0.0,1.6373601691276136e-07,1.6373601691276136e-07,0.0
pccv3_n01_distractors_r01,1,distractors,1,33,1,L33H1,0.5,1,1,True,True,-0.041520487517118454,-0.04153146594762802,-1.097843050956726e-05,12.3125,12.3125,0.0,0.00014751150317726585,0.00014935373356597,1.8422303887041542e-06,6.406343184714055e-05,6.486350233934925e-05,8.000704922087016e-07,1.000045654168497,1.000045970539651,3.163711539411196e-07,0.9999896410772557,0.9999895070082939,0.9999851459220359,0.9999850118536767,0.9593396024321095,0.9593292405232887,-1.0361908820755161e-05,2.681401437937744e-07,1.6443968139228165e-07,1.340700718968872e-07,1.0472519918176885e-09,False,1,0.9999896410772557,0.9999895070082939,-1.3406896182122097e-07,1.1365532288573507e-06,1.2098544521782191e-06,7.330122332086846e-08,1.0030047040891325e-06,1.0030045696159403e-06,-1.3447319226569422e-13,6.083531048660564e-07,6.083530233039422e-07,-8.15621141216354e-14,9.422357210846961e-07,1.0030045696159403e-06,6.076884853124412e-08,4.495155219813931e-06,4.495154617146895e-06,-6.02667036182791e-13,1.3709448847248229e-06,1.3709447009217614e-06,-1.8380306148381572e-13,3.6898481003263797e-07,3.6898476056271514e-07,-4.946992283369733e-14,2.699550538637856e-07,2.6995501767081684e-07,-3.6192968741413525e-14,1.6373601691276136e-07,1.6373599496061616e-07,-2.1952145206444277e-14
pccv3_n01_distractors_r01,1,distractors,1,33,1,L33H1,1.5,1,1,True,True,-0.041520487517118454,-0.04137970134615898,0.00014078617095947266,12.3125,12.3125,0.0,0.00014751150317726585,0.00014618899243131422,-1.3225107459516338e-06,6.406343184714055e-05,6.3489072727916e-05,-5.743591192245497e-07,1.000045654168497,1.0000453152492939,-3.3891920314665924e-07,0.9999896410772557,0.9999897350217191,0.9999851459220359,0.9999852398660769,0.9593396024321095,0.9594745778181988,0.0001349753860893088,1.8789058177745243e-07,1.1594406040913532e-07,9.394529088872622e-08,7.338280963247385e-10,False,1,0.9999896410772557,0.9999897350217191,9.394446331967288e-08,1.1365532288573507e-06,1.1365533356313397e-06,1.0677398902204569e-13,1.0030047040891325e-06,1.0030047983168473e-06,9.422771477270012e-14,6.083531048660564e-07,5.71494907203643e-07,-3.6858197662413327e-08,9.422357210846961e-07,8.851486277921047e-07,-5.708709329259147e-08,4.495155219813931e-06,4.49515564211325e-06,4.2229931946919774e-13,1.3709448847248229e-06,1.3709450135188384e-06,1.2879401550182248e-13,3.6898481003263797e-07,3.6898484469707705e-07,3.4664439078121984e-14,2.699550538637856e-07,2.699550792248309e-07,2.5361045343355647e-14,1.6373601691276136e-07,1.6373603229501293e-07,1.538225157100861e-14
pccv3_n01_distractors_r02,1,distractors,2,33,1,L33H1,1.0,1,1,True,True,-0.013159097172319889,-0.013159097172319889,0.0,13.375,13.375,0.0,6.786522054137752e-05,6.786522054137752e-05,0.0,2.947349079426747e-05,2.947349079426747e-05,0.0,1.0000136601465248,1.0000136601465248,0.0,0.9999955107055469,0.9999955107055469,0.9999939572123531,0.9999939572123531,0.9869315227016813,0.9869315227016813,0.0,0.0,0.0,0.0,0.0,False,0,0.9999955107055469,0.9999955107055469,0.0,1.5534931938343478e-06,1.5534931938343478e-06,0.0,8.851537401831981e-07,8.851537401831981e-07,0.0,3.466311851297538e-07,3.466311851297538e-07,0.0,3.466311851297538e-07,3.466311851297538e-07,0.0,6.893584259932575e-07,6.893584259932575e-07,0.0,4.450832519231977e-07,4.450832519231977e-07,0.0,6.825572734191494e-08,6.825572734191494e-08,0.0,7.734387185044199e-08,7.734387185044199e-08,0.0,7.734387185044199e-08,7.734387185044199e-08,0.0
pccv3_n01_distractors_r02,1,distractors,2,33,1,L33H1,0.5,1,1,True,True,-0.013159097172319889,-0.013178979977965355,-1.988280564546585e-05,13.375,13.3125,-0.0625,6.786522054137752e-05,7.249293265098687e-05,4.6277121096093525e-06,2.947349079426747e-05,3.148328062730767e-05,2.009789833040199e-06,1.0000136601465248,1.0000146370079714,9.768614466221237e-07,0.9999955107055469,0.9999951829676457,0.9999939572123531,0.9999935292832909,0.9869315227016813,0.9869122361354457,-1.9286566235621194e-05,6.554758979953954e-07,3.574844407389433e-07,3.277379489976977e-07,3.280360131492938e-09,False,1,0.9999955107055469,0.9999951829676457,-3.2773790126228164e-07,1.5534931938343478e-06,1.653684354825621e-06,1.0019116099127315e-07,8.851537401831981e-07,9.422409429058762e-07,5.708720272267814e-08,3.466311851297538e-07,3.9278446248352573e-07,4.615327735377194e-08,3.466311851297538e-07,3.9278446248352573e-07,4.615327735377194e-08,6.893584259932575e-07,7.338179841770353e-07,4.4459558183777774e-08,4.450832519231977e-07,4.737885001501891e-07,2.8705248226991348e-08,6.825572734191494e-08,6.825570497182569e-08,-2.2370089248834788e-14,7.734387185044199e-08,7.734384650180996e-08,-2.5348632035808966e-14,7.734387185044199e-08,8.233209603257017e-08,4.988224182128174e-09
pccv3_n01_distractors_r02,1,distractors,2,33,1,L33H1,1.5,1,1,True,True,-0.013159097172319889,-0.014908798970282078,-0.0017497017979621887,13.375,13.25,-0.125,6.786522054137752e-05,7.752445842851642e-05,9.659237887138899e-06,2.947349079426747e-05,3.3668444508042716e-05,4.194953713775245e-06,1.0000136601465248,1.0000159609433792,2.300796854370901e-06,0.9999955107055469,0.999994825071196,0.9999939572123531,0.9999930647339935,0.9869315227016813,0.985206874403211,-0.0017246482984702993,1.3712687014902645e-06,7.48382182580139e-07,6.856343507451323e-07,1.2637835100339841e-08,False,1,0.9999955107055469,0.999994825071196,-6.856343509609175e-07,1.5534931938343478e-06,1.7603372024893334e-06,2.0684400865498564e-07,8.851537401831981e-07,1.0030099037133032e-06,1.1785616353010506e-07,3.466311851297538e-07,3.927843219066839e-07,4.615313677693014e-08,3.466311851297538e-07,3.927843219066839e-07,4.615313677693014e-08,6.893584259932575e-07,8.31524416001648e-07,1.4216599000839046e-07,4.450832519231977e-07,5.368725138802775e-07,9.178926195707981e-08,6.825572734191494e-08,8.233206656606336e-08,1.4076339224148422e-08,7.734387185044199e-08,8.76420286508308e-08,1.0298156800388802e-08,7.734387185044199e-08,8.76420286508308e-08,1.0298156800388802e-08
pccv3_n01_distractors_r03,1,distractors,3,33,1,L33H1,1.0,1,1,True,True,-0.016837384551763535,-0.016837384551763535,0.0,12.625,12.625,0.0,0.00012721554135338423,0.00012721554135338423,0.0,5.524900762210971e-05,5.524900762210971e-05,0.0,1.0000340964798429,1.0000340964798429,0.0,0.9999911587082703,0.9999911587082703,0.9999878699774658,0.9999878699774658,0.9833122406561969,0.9833122406561969,0.0,0.0,0.0,0.0,0.0,False,0,0.9999911587082703,0.9999911587082703,0.0,1.6536776999387952e-06,1.6536776999387952e-06,0.0,1.2878854876600533e-06,1.2878854876600533e-06,0.0,5.368705455006106e-07,5.368705455006106e-07,0.0,6.475894920059795e-07,6.475894920059795e-07,0.0,3.288730804480944e-06,3.288730804480944e-06,0.0,1.0676945701521489e-06,1.0676945701521489e-06,0.0,1.5381598657887188e-07,1.5381598657887188e-07,0.0,1.0571607848231472e-07,1.0571607848231472e-07,0.0,9.931106507570105e-08,9.931106507570105e-08,0.0
pccv3_n01_distractors_r03,1,distractors,3,33,1,L33H1,0.5,1,1,True,True,-0.016837384551763535,-0.016851216554641724,-1.3832002878189087e-05,12.625,12.625,0.0,0.00012721554135338423,0.00012667640471119017,-5.391366421940631e-07,5.524900762210971e-05,5.501486355341298e-05,-2.3414406869672885e-07,1.0000340964798429,1.000033746991958,-3.494878848542271e-07,0.9999911587082703,0.9999911980903315,0.9999878699774658,0.9999879093593975,0.9833122406561969,0.983298611952236,-1.3628703960932853e-05,1.4801507625060603e-07,8.379305410403002e-08,7.400753812530301e-08,8.485550326074085e-10,False,1,0.9999911587082703,0.9999911980903315,3.938206127873656e-08,1.6536776999387952e-06,1.6536777650646075e-06,6.512581226290426e-14,1.2878854876600533e-06,1.287885538380087e-06,5.0720033667198887e-14,5.368705455006106e-07,5.71495743348487e-07,3.462519784787636e-08,6.475894920059795e-07,6.47589517509614e-07,2.550363455205908e-14,3.288730804480944e-06,3.288730933999087e-06,1.2951814312139724e-13,1.0676945701521489e-06,1.0030062657967496e-06,-6.468830435539927e-08,1.5381598657887188e-07,1.4449675275236458e-07,-9.319233826507305e-09,1.0571607848231472e-07,1.0571608264566861e-07,4.163353891808213e-15,9.931106507570105e-08,9.931106898681008e-08,3.911109028597989e-15
pccv3_n01_distractors_r03,1,distractors,3,33,1,L33H1,1.5,1,1,True,True,-0.016837384551763535,-0.01689997874200344,-6.259419023990631e-05,12.625,12.6875,0.0625,0.00012721554135338423,0.00012220998081777362,-5.005560535610614e-06,5.524900762210971e-05,5.3075120302661336e-05,-2.1738873194483734e-06,1.0000340964798429,1.0000330026108415,-1.0938690013784225e-06,0.9999911587082703,0.9999915390819049,0.9999878699774658,0.9999884496040519,0.9833122406561969,0.9832503541128901,-6.188654330685495e-05,8.984691741180045e-07,4.5590755849301197e-07,4.4923458705900227e-07,4.0469616257775816e-09,False,1,0.9999911587082703,0.9999915390819049,3.8037363458975904e-07,1.6536776999387952e-06,1.553487023916353e-06,-1.0019067602244231e-07,1.2878854876600533e-06,1.209856910717322e-06,-7.80285769427314e-08,5.368705455006106e-07,5.043433953236236e-07,-3.252715017698703e-08,6.475894920059795e-07,6.083542595350388e-07,-3.923523247094067e-08,3.288730804480944e-06,3.0894778529723328e-06,-1.9925295150861115e-07,1.0676945701521489e-06,1.1365553860630093e-06,6.886081591086041e-08,1.5381598657887188e-07,1.5381604508693505e-07,5.850806317177286e-14,1.0571607848231472e-07,1.0571611869427925e-07,4.021196452855686e-14,9.931106507570105e-08,9.931110285134582e-08,3.777564477410006e-14
pccv3_n01_distractors_r04,1,distractors,4,33,1,L33H1,1.0,1,1,True,True,-0.031647615134716034,-0.031647615134716034,0.0,13.1875,13.1875,0.0,8.45941208605921e-05,8.45941208605921e-05,0.0,3.673875989121191e-05,3.673875989121191e-05,0.0,1.0000177261467242,1.0000177261467242,0.0,0.9999943137491,0.9999943137491,0.9999924398808603,0.9999924398808603,0.968853439575021,0.968853439575021,0.0,0.0,0.0,0.0,0.0,False,0,0.9999943137491,0.9999943137491,0.0,1.873868239721177e-06,1.873868239721177e-06,0.0,1.209860267696006e-06,1.209860267696006e-06,0.0,3.4663077022545943e-07,3.4663077022545943e-07,0.0,3.6898653419543125e-07,3.6898653419543125e-07,0.0,1.0030093908495227e-06,1.0030093908495227e-06,0.0,5.714975239498836e-07,5.714975239498836e-07,0.0,1.1979238874855284e-07,1.1979238874855284e-07,0.0,9.931137840893649e-08,9.931137840893649e-08,0.0,9.32944061633671e-08,9.32944061633671e-08,0.0
pccv3_n01_distractors_r04,1,distractors,4,33,1,L33H1,0.5,1,1,True,True,-0.031647615134716034,-0.03163595125079155,1.1663883924484253e-05,13.1875,13.3125,0.125,8.45941208605921e-05,7.955934375199371e-05,-5.0347771085983975e-06,3.673875989121191e-05,3.455218397533482e-05,-2.1865759158770903e-06,1.0000177261467242,1.0000169387960258,-7.873506984168444e-07,0.9999943137491,0.9999946817880226,0.9999924398808603,0.9999930281044966,0.968853439575021,0.9688644079400461,1.096836502512133e-05,7.360788554048703e-07,4.3711304456818717e-07,3.6803942770243515e-07,4.5930750162200855e-09,False,1,0.9999943137491,0.9999946817880226,3.6803892267123217e-07,1.873868239721177e-06,1.653683526028727e-06,-2.2018471369245002e-07,1.209860267696006e-06,1.1365589579527957e-06,-7.33013097432102e-08,3.4663077022545943e-07,3.256295933678951e-07,-2.100117685756434e-08,3.6898653419543125e-07,3.6898666999761e-07,1.3580217875430454e-13,1.0030093908495227e-06,1.0030097599981175e-06,3.6914859474029523e-13,5.714975239498836e-07,5.36872436955082e-07,-3.462508699480155e-08,1.1979238874855284e-07,1.1253457623334505e-07,-7.257812515207794e-09,9.931137840893649e-08,9.329444049953508e-08,-6.0169379094014026e-09,9.32944061633671e-08,8.764201609313783e-08,-5.652390070229277e-09
pccv3_n01_distractors_r04,1,distractors,4,33,1,L33H1,1.5,1,1,True,True,-0.031647615134716034,-0.031115038320422173,0.0005325768142938614,13.1875,13.3125,0.125,8.45941208605921e-05,7.538937043331504e-05,-9.20475042727707e-06,3.673875989121191e-05,3.2741187573348886e-05,-3.997572317863026e-06,1.0000177261467242,1.0000157559053027,-1.9702414215672093e-06,0.9999943137491,0.9999949765883974,0.9999924398808603,0.9999933229043839,0.968853439575021,0.9693689165897013,0.0005154770146802434,1.3256787539894221e-06,7.294884237193739e-07,6.628393769947111e-07,1.075040205648146e-08,False,1,0.9999943137491,0.9999949765883974,6.628392974494801e-07,1.873868239721177e-06,1.653684013537843e-06,-2.2018422618333412e-07,1.209860267696006e-06,1.0676986465180705e-06,-1.4216162117793547e-07,3.4663077022545943e-07,3.0590078382855973e-07,-4.0729986396899704e-08,3.6898653419543125e-07,3.0590078382855973e-07,-6.308575036687152e-08,1.0030093908495227e-06,8.85153267405283e-07,-1.178561234442397e-07,5.714975239498836e-07,5.043451290219881e-07,-6.715239492789544e-08,1.1979238874855284e-07,1.1979246815210715e-07,7.940355431121474e-14,9.931137840893649e-08,9.329446800291737e-08,-6.0169104060191135e-09,9.32944061633671e-08,8.764204193017442e-08,-5.652364233192684e-09
pccv3_n01_distractors_r05,1,distractors,5,33,1,L33H1,1.0,1,1,True,True,-0.014739898964762688,-0.014739898964762688,0.0,12.8125,12.8125,0.0,0.0001605364185945622,0.0001605364185945622,0.0,6.972008074012894e-05,6.972008074012894e-05,0.0,1.000041162712956,1.000041162712956,0.0,0.9999887849410483,0.9999887849410483,0.9999860584939215,0.9999860584939215,0.9853792432826083,0.9853792432826083,0.0,0.0,0.0,0.0,0.0,False,0,0.9999887849410483,0.9999887849410483,0.0,2.56126004593748e-06,2.56126004593748e-06,0.0,1.760326569768503e-06,1.760326569768503e-06,0.0,1.0676920356713672e-06,1.0676920356713672e-06,0.0,8.851477868208701e-07,8.851477868208701e-07,0.0,2.72644712674815e-06,2.72644712674815e-06,0.0,1.459361983844711e-06,1.459361983844711e-06,0.0,2.87365412968178e-07,2.87365412968178e-07,0.0,2.699548227430954e-07,2.699548227430954e-07,0.0,1.9750316742836896e-07,1.9750316742836896e-07,0.0
pccv3_n01_distractors_r05,1,distractors,5,33,1,L33H1,0.5,1,1,True,True,-0.014739898964762688,-0.016724614426493645,-0.001984715461730957,12.8125,12.6875,-0.125,0.0001605364185945622,0.0001822690357706389,2.1732617176076712e-05,6.972008074012894e-05,7.915843645701489e-05,9.438355716885946e-06,1.000041162712956,1.0000460783153906,4.9156024346519445e-06,0.9999887849410483,0.999987127877985,0.9999860584939215,0.9999840384137605,0.9853792432826083,0.9834271299431094,-0.001952113339498851,3.314126125893012e-06,1.825430146953842e-06,1.657063062946506e-06,3.170169696587612e-08,False,1,0.9999887849410483,0.999987127877985,-1.6570630632095629e-06,2.56126004593748e-06,3.0894642245402084e-06,5.282041786027283e-07,1.760326569768503e-06,2.1233556387347503e-06,3.6302906896624727e-07,1.0676920356713672e-06,1.2098515737466193e-06,1.4215953807525217e-07,8.851477868208701e-07,1.0030021833123292e-06,1.1785439649145902e-07,2.72644712674815e-06,3.0894642245402084e-06,3.6301709779205864e-07,1.459361983844711e-06,1.5534801711103226e-06,9.411818726561162e-08,2.87365412968178e-07,3.0589838288983163e-07,1.8532969921653603e-08,2.699548227430954e-07,2.8736493678022604e-07,1.7410114037130627e-08,1.9750316742836896e-07,2.1024067895967703e-07,1.2737511531308078e-08
pccv3_n01_distractors_r05,1,distractors,5,33,1,L33H1,1.5,1,1,True,True,-0.014739898964762688,-0.016687685623764992,-0.001947786659002304,12.8125,12.75,-0.0625,0.0001605364185945622,0.00017561915210814887,1.5082733513586678e-05,6.972008074012894e-05,7.627042867709688e-05,6.5503479369679435e-06,1.000041162712956,1.0000451631858442,4.000472888288087e-06,0.9999887849410483,0.9999876490250132,0.9999860584939215,0.9999847467404511,0.9853792432826083,0.9834629171049301,-0.0019163261776782292,2.2718340807816953e-06,1.2411488233426969e-06,1.1359170403908477e-06,1.6289207645264985e-08,False,1,0.9999887849410483,0.9999876490250132,-1.1359160350110642e-06,2.56126004593748e-06,2.9022845621636335e-06,3.4102451622615334e-07,1.760326569768503e-06,1.994709063575616e-06,2.3438249380711308e-07,1.0676920356713672e-06,1.1365509647604887e-06,6.88589290891215e-08,8.851477868208701e-07,8.851467813560293e-07,-1.0054648408216451e-12,2.72644712674815e-06,2.9022845621636335e-06,1.7583743541548367e-07,1.459361983844711e-06,1.653671896002545e-06,1.9430991215783394e-07,2.87365412968178e-07,3.466284600138795e-07,5.9263047045701455e-08,2.699548227430954e-07,3.0589854230991687e-07,3.594371956682146e-08,1.9750316742836896e-07,2.2380015442593074e-07,2.6296986997561782e-08
pccv3_n01_grid_r00,1,grid,0,33,1,L33H1,1.0,1,1,True,True,-0.003992801066488028,-0.003992801066488028,0.0,12.9375,12.9375,0.0,6.01463825456996e-05,6.01463825456996e-05,0.0,2.6121242046039396e-05,2.6121242046039396e-05,0.0,1.0000088534048377,1.0000088534048377,0.0,0.9999959386262867,0.9999959386262867,0.9999935325279297,0.9999935325279297,0.9960191766797344,0.9960191766797344,0.0,0.0,0.0,0.0,0.0,False,0,0.9999959386262867,0.9999959386262867,0.0,2.4060983569561165e-06,2.4060983569561165e-06,0.0,5.714984525684529e-07,5.714984525684529e-07,0.0,2.5360090104275053e-07,2.5360090104275053e-07,0.0,2.5360090104275053e-07,2.5360090104275053e-07,0.0,2.873674687129461e-07,2.873674687129461e-07,0.0,1.3574278056584577e-07,1.3574278056584577e-07,0.0,3.224173642629472e-08,3.224173642629472e-08,0.0,3.8890957771254994e-08,3.8890957771254994e-08,0.0,8.233215824782967e-08,8.233215824782967e-08,0.0
pccv3_n01_grid_r00,1,grid,0,33,1,L33H1,0.5,1,1,True,True,-0.003992801066488028,-0.003991494886577129,1.3061799108982086e-06,12.9375,13.0,0.0625,6.01463825456996e-05,5.775706952987537e-05,-2.389313015824232e-06,2.6121242046039396e-05,2.5083576587727315e-05,-1.0376654583120818e-06,1.0000088534048377,1.0000086383775844,-2.1502725333633066e-07,0.9999959386262867,0.9999961190290574,0.9999935325279297,0.9999938587084227,0.9960191766797344,0.9960203083015955,1.1316218611057138e-06,3.608059324810871e-07,2.345105786730779e-07,1.8040296624054355e-07,1.4091688818210213e-09,False,1,0.9999959386262867,0.9999961190290574,1.8040277072195465e-07,2.4060983569561165e-06,2.260320634708305e-06,-1.4577772224781158e-07,5.714984525684529e-07,5.368732085742824e-07,-3.462524399417045e-08,2.5360090104275053e-07,2.536009467932416e-07,4.575049104802055e-14,2.5360090104275053e-07,2.536009467932416e-07,4.575049104802055e-14,2.873674687129461e-07,2.873675205550442e-07,5.184209810654754e-14,1.3574278056584577e-07,1.3574280505431893e-07,2.4488473161601547e-14,3.224173642629472e-08,3.2241742242816926e-08,5.816522203356959e-15,3.8890957771254994e-08,3.889096478732003e-08,7.016065037558538e-15,8.233215824782967e-08,8.233217310083945e-08,1.4853009781629047e-14
pccv3_n01_grid_r00,1,grid,0,33,1,L33H1,1.5,1,1,True,True,-0.003992801066488028,-0.0039411503821611404,5.165068432688713e-05,12.9375,12.9375,0.0,6.01463825456996e-05,5.8644537054051644e-05,-1.5018454916479579e-06,2.6121242046039396e-05,2.546899883634541e-05,-6.522432096939849e-07,1.0000088534048377,1.000008451141872,-4.022629656041943e-07,0.9999959386262867,0.9999960379830448,0.9999935325279297,0.9999936318844488,0.9960191766797344,0.9960705763348976,5.139965516320899e-05,1.98714044719117e-07,1.1119203662174131e-07,9.93570223595585e-08,1.0086390793894973e-09,False,1,0.9999959386262867,0.9999960379830448,9.935675815420097e-08,2.4060983569561165e-06,2.40609859601922e-06,2.3906310365687114e-13,5.714984525684529e-07,5.368731650626808e-07,-3.4625287505772044e-08,2.5360090104275053e-07,2.536009262398163e-07,2.5197065746937404e-14,2.5360090104275053e-07,2.2380203189922231e-07,-2.9798869143528213e-08,2.873674687129461e-07,2.6995678075872117e-07,-1.7410687954224913e-08,1.3574278056584577e-07,1.2751855391605902e-07,-8.224226649786748e-09,3.224173642629472e-08,3.028831137601068e-08,-1.9534250502840423e-09,3.8890957771254994e-08,3.6534677385625694e-08,-2.3562803856293e-09,8.233215824782967e-08,7.73439126323083e-08,-4.988245615521366e-09
pccv3_n01_grid_r01,1,grid,1,33,1,L33H1,1.0,1,1,True,True,-0.002946561435237527,-0.002946561435237527,0.0,13.0,13.0,0.0,6.0446256487097766e-05,6.0446256487097766e-05,0.0,2.6251475644055196e-05,2.6251475644055196e-05,0.0,1.000009319316824,1.000009319316824,0.0,0.9999959403823473,0.9999959403823473,0.9999936800621164,0.9999936800621164,0.9970618432143326,0.9970618432143326,0.0,0.0,0.0,0.0,0.0,False,0,0.9999959403823473,0.9999959403823473,0.0,2.2603202309078928e-06,2.2603202309078928e-06,0.0,6.083569371075652e-07,6.083569371075652e-07,0.0,2.8736746921758285e-07,2.8736746921758285e-07,0.0,2.699567544106467e-07,2.699567544106467e-07,0.0,3.059010786553655e-07,3.059010786553655e-07,0.0,1.5381672208329034e-07,1.5381672208329034e-07,0.0,3.653467381980157e-08,3.653467381980157e-08,0.0,4.4069228714173416e-08,4.4069228714173416e-08,0.0,9.329455792001289e-08,9.329455792001289e-08,0.0
pccv3_n01_grid_r01,1,grid,1,33,1,L33H1,0.5,1,1,True,True,-0.002946561435237527,-0.0035377079620957375,-0.0005911465268582106,13.0,12.875,-0.125,6.0446256487097766e-05,6.890502228256032e-05,8.458765795462558e-06,2.6251475644055196e-05,2.9925070952736554e-05,3.6735953086813586e-06,1.000009319316824,1.0000108325517043,1.513234880290426e-06,0.9999959403823473,0.9999953340972901,0.9999936800621164,0.9999927728204699,0.9970618432143326,0.9964731934532303,-0.000588649761102289,1.212570114137506e-06,6.899087631868927e-07,6.06285057068753e-07,1.091223283004722e-08,False,1,0.9999959403823473,0.9999953340972901,-6.062850571586509e-07,2.2603202309078928e-06,2.561276820217822e-06,3.0095658930992907e-07,6.083569371075652e-07,6.89358304246321e-07,8.100136713875578e-08,2.8736746921758285e-07,3.466311239115496e-07,5.926365469396677e-08,2.699567544106467e-07,3.2562980578022626e-07,5.567305136957956e-08,3.059010786553655e-07,3.689869106923145e-07,6.308583203694899e-08,1.5381672208329034e-07,1.7429707501028523e-07,2.0480352926994884e-08,3.653467381980157e-08,4.40692019955501e-08,7.534528175748533e-09,4.4069228714173416e-08,4.9936948069147094e-08,5.867719354973677e-09,9.329455792001289e-08,1.0571651989197066e-07,1.2421961971957768e-08
pccv3_n01_grid_r01,1,grid,1,33,1,L33H1,1.5,1,1,True,True,-0.002946561435237527,-0.0031247143633663654,-0.00017815292812883854,13.0,13.0,0.0,6.0446256487097766e-05,5.916135345537996e-05,-1.284903031717806e-06,2.6251475644055196e-05,2.5693449347599395e-05,-5.580262964558004e-07,1.000009319316824,1.000008994738642,-3.245781821092919e-07,0.9999959403823473,0.9999960263327793,0.9999936800621164,0.9999937660123541,0.9970618432143326,0.9968841349690116,-0.00017770824532092888,1.7190131799786292e-07,9.72414798725555e-08,8.595065899893146e-08,6.713801978457477e-10,False,1,0.9999959403823473,0.9999960263327793,8.595043199388641e-08,2.2603202309078928e-06,2.260320425184182e-06,1.9427628908684274e-13,6.083569371075652e-07,5.714985026927812e-07,-3.6858434414784e-08,2.8736746921758285e-07,2.8736749391704125e-07,2.4699458401441414e-14,2.699567544106467e-07,2.536009232852864e-07,-1.635583112536028e-08,3.059010786553655e-07,2.8736749391704125e-07,-1.8533584738324235e-08,1.5381672208329034e-07,1.4449745042386063e-07,-9.319271659429717e-09,3.653467381980157e-08,3.4321152781880724e-08,-2.213521037920843e-09,4.4069228714173416e-08,4.139921268050358e-08,-2.6700160336698395e-09,9.329455792001289e-08,9.3294565938753e-08,8.018740103582359e-15
pccv3_n01_grid_r02,1,grid,2,33,1,L33H1,1.0,1,1,True,True,-0.003910633735358715,-0.003910633735358715,0.0,13.0,13.0,0.0,5.9446248587181154e-05,5.9446248587181154e-05,0.0,2.5817177731261752e-05,2.5817177731261752e-05,0.0,1.0000090067112037,1.0000090067112037,0.0,0.9999960052976535,0.9999960052976535,0.9999937449772759,0.9999937449772759,0.9961010073823644,0.9961010073823644,0.0,0.0,0.0,0.0,0.0,False,0,0.9999960052976535,0.9999960052976535,0.0,2.2603203776378682e-06,2.2603203776378682e-06,0.0,6.083569765994024e-07,6.083569765994024e-07,0.0,2.699567719350432e-07,2.699567719350432e-07,0.0,2.5360091795073793e-07,2.5360091795073793e-07,0.0,2.873674878722058e-07,2.873674878722058e-07,0.0,1.538167320683905e-07,1.538167320683905e-07,0.0,3.224173857590409e-08,3.224173857590409e-08,0.0,4.139921180966247e-08,4.139921180966247e-08,0.0,8.764213208880709e-08,8.764213208880709e-08,0.0
pccv3_n01_grid_r02,1,grid,2,33,1,L33H1,0.5,1,1,True,True,-0.003910633735358715,-0.004207568243145943,-0.00029693450778722763,13.0,13.0,0.0,5.9446248587181154e-05,5.972482485684591e-05,2.785762696647586e-07,2.5817177731261752e-05,2.593816186796635e-05,1.2098413670459614e-07,1.0000090067112037,1.000009099379088,9.266788425499328e-08,0.9999960052976535,0.9999959867641172,0.9999937449772759,0.9999937264437814,0.9961010073823644,0.9958052664094836,-0.00029574097288076473,3.706721005401749e-08,2.6210427003425055e-08,1.8533605027008746e-08,1.4477028227407306e-10,False,1,0.9999960052976535,0.9999959867641172,-1.853353637226718e-08,2.2603203776378682e-06,2.2603203357459713e-06,-4.1891896937186696e-14,6.083569765994024e-07,6.083569653243512e-07,-1.1275051225512808e-14,2.699567719350432e-07,2.699567669317696e-07,-5.003273641659929e-15,2.5360091795073793e-07,2.536009132505973e-07,-4.700140613930553e-15,2.873674878722058e-07,3.059010928436565e-07,1.8533604971450697e-08,1.538167320683905e-07,1.5381672921761113e-07,-2.8507793812349936e-15,3.224173857590409e-08,3.2241737978348264e-08,-5.975558237562339e-16,4.139921180966247e-08,4.139921104238561e-08,-7.672768609538724e-16,8.764213208880709e-08,8.764213046448196e-08,-1.6243251323939524e-15
pccv3_n01_grid_r02,1,grid,2,33,1,L33H1,1.5,1,1,True,True,-0.003910633735358715,-0.0037491286639124155,0.00016150507144629955,13.0,13.0625,0.0625,5.9446248587181154e-05,5.5166597531617346e-05,-4.279651055563808e-06,2.5817177731261752e-05,2.3958548893358964e-05,-1.8586288379027887e-06,1.0000090067112037,1.000008191190932,-8.155202717574639e-07,0.9999960052976535,0.9999963064240865,0.9999937449772759,0.9999941830489583,0.9961010073823644,0.9962615809593753,0.00016057357701093622,6.022528661729142e-07,3.379598955067125e-07,3.011264330864571e-07,3.3043082824825662e-09,False,1,0.9999960052976535,0.9999963064240865,3.0112643301105635e-07,2.2603203776378682e-06,2.1233751283032423e-06,-1.3694524933462591e-07,6.083569765994024e-07,5.7149866276518e-07,-3.6858313834222416e-08,2.699567719350432e-07,2.3823608680385972e-07,-3.1720685131183505e-08,2.5360091795073793e-07,2.2380209197711092e-07,-2.9798825973627012e-08,2.873674878722058e-07,2.536009943169828e-07,-3.3766493555223004e-08,1.538167320683905e-07,1.3574283049194458e-07,-1.8073901576445935e-08,3.224173857590409e-08,2.8453242995232837e-08,-3.7884955806712505e-09,4.139921180966247e-08,3.6534687193071405e-08,-4.8645246165910675e-09,8.764213208880709e-08,8.233218852953932e-08,-5.309943559267775e-09
pccv3_n01_grid_r03,1,grid,3,33,1,L33H1,1.0,1,1,True,True,-0.0020613865926861763,-0.0020613865926861763,0.0,9.375,9.375,0.0,0.0009616271201233213,0.0009616271201233213,0.0,0.0004176293519180739,0.0004176293519180739,0.0,1.0001024357332755,1.0001024357332755,0.0,0.9999095570296002,0.9999095570296002,0.9998247464655668,0.9998247464655668,0.9980309840087642,0.9980309840087642,0.0,0.0,0.0,0.0,0.0,False,0,0.9999095570296002,0.9999095570296002,0.0,8.481056403332941e-05,8.481056403332941e-05,0.0,3.089224569094382e-06,3.089224569094382e-06,0.0,9.421602622526337e-07,9.421602622526337e-07,0.0,6.083043849823293e-07,6.083043849823293e-07,0.0,4.4504499520984694e-07,4.4504499520984694e-07,0.0,2.3821541989124987e-07,2.3821541989124987e-07,0.0,8.763455554801349e-08,8.763455554801349e-08,0.0,7.733722383049957e-08,7.733722383049957e-08,0.0,1.4448495578036175e-07,1.4448495578036175e-07,0.0
pccv3_n01_grid_r03,1,grid,3,33,1,L33H1,0.5,1,1,True,True,-0.0020613865926861763,-0.0022664591670036316,-0.0002050725743174553,9.375,9.375,0.0,0.0009616271201233213,0.0009631596420440886,1.5325219207672908e-06,0.0004176293519180739,0.0004182949177316589,6.655658135850122e-07,1.0001024357332755,1.0001029916803106,5.559470350746665e-07,0.9999095570296002,0.999909453781932,0.9998247464655668,0.9998246432266559,0.9980309840087642,0.9978264457901531,-0.00020453821861110555,2.0651368339914713e-07,1.1577044944884801e-07,1.0325684169957357e-07,8.065627483163609e-10,False,1,0.9999095570296002,0.999909453781932,-1.032476681928074e-07,8.481056403332941e-05,8.481055527604439e-05,-8.757285017589253e-12,3.089224569094382e-06,3.089224250110299e-06,-3.1898408297287187e-13,9.421602622526337e-07,9.421601649679849e-07,-9.728464884428613e-14,6.083043849823293e-07,6.475365802864298e-07,3.923219530410048e-08,4.4504499520984694e-07,4.737478824522139e-07,2.8702887242366966e-08,2.3821541989124987e-07,2.5357896831921865e-07,1.5363548427968776e-08,8.763455554801349e-08,9.328648915810505e-08,5.651933610091559e-09,7.733722383049957e-08,8.232503773501915e-08,4.987813904519579e-09,1.4448495578036175e-07,1.538034189439047e-07,9.31846316354294e-09
pccv3_n01_grid_r03,1,grid,3,33,1,L33H1,1.5,1,1,True,True,-0.0020613865926861763,-0.0022116266191005707,-0.00015024002641439438,9.375,9.25,-0.125,0.0009616271201233213,0.001069283209523258,0.0001076560893999367,0.0004176293519180739,0.0004643837974877496,4.67544455696757e-05,1.0001024357332755,1.0001141252929284,1.1689559652916515e-05,0.9999095570296002,0.9998980665677102,0.9998247464655668,0.9998019647126394,0.9980309840087642,0.9978925320593959,-0.0001384519493683456,2.2980982230127356e-05,1.6110979126339272e-05,1.1490491115063678e-05,1.7786768030302047e-07,False,1,0.9999095570296002,0.9998980665677102,-1.1490461889973602e-05,8.481056403332941e-05,9.610185507081703e-05,1.1291291037487618e-05,3.089224569094382e-06,3.2884246467837994e-06,1.9920007768941737e-07,9.421602622526337e-07,9.421494354168349e-07,-1.0826835798845248e-11,6.083043849823293e-07,6.0829739465175e-07,-6.9903305793285724e-12,4.4504499520984694e-07,4.4503988097474355e-07,-5.11423510338697e-12,2.3821541989124987e-07,2.3821268243846264e-07,-2.7374527872346497e-12,8.763455554801349e-08,8.763354849541188e-08,-1.007052601606349e-12,7.733722383049957e-08,7.733633510969792e-08,-8.887208016439644e-13,1.4448495578036175e-07,1.444832954313168e-07,-1.6603490449528575e-12
pccv3_n01_grid_r04,1,grid,4,33,1,L33H1,1.0,1,1,True,True,-0.0030140706803649664,-0.0030140706803649664,0.0,13.0,13.0,0.0,5.636048450015704e-05,5.636048450015704e-05,0.0,2.4477047415811955e-05,2.4477047415811955e-05,0.0,1.00000825491286,1.00000825491286,0.0,0.9999962105801016,0.9999962105801016,0.99999395025926,0.99999395025926,0.9969942203058935,0.9969942203058935,0.0,0.0,0.0,0.0,0.0,False,0,0.9999962105801016,0.9999962105801016,0.0,2.2603208416438224e-06,2.2603208416438224e-06,0.0,5.36873257725776e-07,5.36873257725776e-07,0.0,2.2380207052694735e-07,2.2380207052694735e-07,0.0,2.2380207052694735e-07,2.2380207052694735e-07,0.0,2.5360097001076316e-07,2.5360097001076316e-07,0.0,1.4449747704723475e-07,1.4449747704723475e-07,0.0,3.028831660370479e-08,3.028831660370479e-08,0.0,3.889096834784228e-08,3.889096834784228e-08,0.0,7.734392598169287e-08,7.734392598169287e-08,0.0
pccv3_n01_grid_r04,1,grid,4,33,1,L33H1,0.5,1,1,True,True,-0.0030140706803649664,-0.003237484721466899,-0.00022341404110193253,13.0,12.875,-0.125,5.636048450015704e-05,6.325885870245449e-05,6.898374202297452e-06,2.4477047415811955e-05,2.7472973265973484e-05,2.995925850161529e-06,1.00000825491286,1.000009371303147,1.1163902871036413e-06,0.9999962105801016,0.9999957108316182,0.99999395025926,0.999993149553833,0.9969942203058935,0.9967720346461526,-0.0002221856597408589,9.994969665042856e-07,5.905143105411032e-07,4.997484832521428e-07,7.92294551994787e-09,False,1,0.9999962105801016,0.9999957108316182,-4.9974848337353e-07,2.2603208416438224e-06,2.561277785143226e-06,3.0095694349940336e-07,5.36873257725776e-07,6.083567974582198e-07,7.148353973244376e-08,2.2380207052694735e-07,2.3823594491171664e-07,1.4433874384769297e-08,2.2380207052694735e-07,2.5360084327358273e-07,2.9798772746635384e-08,2.5360097001076316e-07,2.8736740325190295e-07,3.376643324113979e-08,1.4449747704723475e-07,1.7429714067428306e-07,2.979966362704831e-08,3.028831660370479e-08,3.432114195347415e-08,4.032825349769359e-09,3.889096834784228e-08,4.406921859800877e-08,5.178250250166485e-09,7.734392598169287e-08,8.764210628107283e-08,1.0298180299379965e-08
pccv3_n01_grid_r04,1,grid,4,33,1,L33H1,1.5,1,1,True,True,-0.0030140706803649664,-0.0028956886380910873,0.00011838204227387905,13.0,12.9375,-0.0625,5.636048450015704e-05,5.7569238289192635e-05,1.2087537890355976e-06,2.4477047415811955e-05,2.500200251636976e-05,5.249551005578062e-07,1.00000825491286,1.0000082161037573,-3.880910259823622e-08,0.9999962105801016,0.999996109121273,0.99999395025926,0.9999937030225058,0.9969942203058935,0.9971123987206258,0.00011817841473238389,2.9155585110161646e-07,1.793105304351081e-07,1.4577792555080823e-07,1.4848907389330907e-09,False,1,0.9999962105801016,0.999996109121273,-1.0145882856082977e-07,2.2603208416438224e-06,2.406098767185489e-06,1.4577792554166679e-07,5.36873257725776e-07,5.368732032550378e-07,-5.4470738226925647e-14,2.2380207052694735e-07,2.1024256720666956e-07,-1.355950332027779e-08,2.2380207052694735e-07,2.1024256720666956e-07,-1.355950332027779e-08,2.5360097001076316e-07,2.3823603979903588e-07,-1.5364930211727284e-08,1.4449747704723475e-07,1.4449746238663442e-07,-1.4660600331664492e-14,3.028831660370479e-08,2.8453237381307207e-08,-1.835079222397581e-09,3.889096834784228e-08,3.889096440199524e-08,-3.94584704090497e-15,7.734392598169287e-08,7.7343918134439e-08,-7.847253862957533e-15
pccv3_n01_grid_r05,1,grid,5,33,1,L33H1,1.0,1,1,True,True,-0.003534619463607669,-0.003534619463607669,0.0,12.9375,12.9375,0.0,6.834728499111682e-05,6.834728499111682e-05,0.0,2.9682848724710976e-05,2.9682848724710976e-05,0.0,1.0000110832591222,1.0000110832591222,0.0,0.9999953934351773,0.9999953934351773,0.9999929873381321,0.9999929873381321,0.9964762337800153,0.9964762337800153,0.0,0.0,0.0,0.0,0.0,False,0,0.9999953934351773,0.9999953934351773,0.0,2.4060970451673562e-06,2.4060970451673562e-06,0.0,6.893583451515771e-07,6.893583451515771e-07,0.0,3.927845451523002e-07,3.927845451523002e-07,0.0,3.256298251025011e-07,3.256298251025011e-07,0.0,3.927845451523002e-07,3.927845451523002e-07,0.0,1.9750447264152942e-07,1.9750447264152942e-07,0.0,4.993695103231391e-08,4.993695103231391e-08,0.0,5.315760766915064e-08,5.315760766915064e-08,0.0,9.931148563465878e-08,9.931148563465878e-08,0.0
pccv3_n01_grid_r05,1,grid,5,33,1,L33H1,0.5,1,1,True,True,-0.003534619463607669,-0.0036044646985828876,-6.984523497521877e-05,12.9375,12.9375,0.0,6.834728499111682e-05,6.909049623849777e-05,7.43211247380946e-07,2.9682848724710976e-05,3.0005621268336955e-05,3.227725436259791e-07,1.0000110832591222,1.0000113213529394,2.3809381710648836e-07,0.9999953934351773,0.9999953436732919,0.9999929873381321,0.9999929375763664,0.9964762337800153,0.9964066648177408,-6.956896227450216e-05,9.952415258849607e-08,5.975604092461245e-08,4.976207629424803e-08,3.887029028032212e-10,False,1,0.9999953934351773,0.9999953436732919,-4.976188539007609e-08,2.4060970451673562e-06,2.4060969254348793e-06,-1.1973247693737024e-13,6.893583451515771e-07,6.893583108476481e-07,-3.430392899145767e-14,3.927845451523002e-07,3.9278452560651064e-07,-1.9545789560133952e-14,3.256298251025011e-07,3.4663112723090535e-07,2.1001302128404266e-08,3.927845451523002e-07,4.1811695105681065e-07,2.533240590451045e-08,1.9750447264152942e-07,1.9750446281328922e-07,-9.828240204008148e-15,4.993695103231391e-08,4.9936948547345625e-08,-2.4849682844540737e-15,5.315760766915064e-08,5.65859759973024e-08,3.4283683281517613e-09,9.931148563465878e-08,9.931148069270925e-08,-4.9419495283047914e-15
pccv3_n01_grid_r05,1,grid,5,33,1,L33H1,1.5,1,1,True,True,-0.003534619463607669,-0.0035335503052920103,1.0691583156585693e-06,12.9375,13.0,0.0625,6.834728499111682e-05,6.577176609789411e-05,-2.5755188932227095e-06,2.9682848724710976e-05,2.8564315081346782e-05,-1.1185336433641934e-06,1.0000110832591222,1.000010671366399,-4.1189272326214166e-07,0.9999953934351773,0.9999955840186955,0.9999929873381321,0.9999933236992701,0.9964762337800153,0.9964770571510968,8.233710815375161e-07,3.8116759327404737e-07,2.41512031388829e-07,1.9058379663702368e-07,1.4886936210514857e-09,False,1,0.9999953934351773,0.9999955840186955,1.905835181892357e-07,2.4060970451673562e-06,2.260319425408651e-06,-1.4577761975870538e-07,6.893583451515771e-07,6.89358476532521e-07,1.3138094390822952e-13,3.927845451523002e-07,3.927846200109056e-07,7.485860537981422e-14,3.256298251025011e-07,3.256298871624647e-07,6.205996359306487e-14,3.927845451523002e-07,3.68987002910472e-07,-2.379754224182819e-08,1.9750447264152942e-07,1.8553831692424086e-07,-1.1966155717288566e-08,4.993695103231391e-08,4.6911433057418006e-08,-3.025517974895904e-09,5.315760766915064e-08,5.3157617800161194e-08,1.0131010556052311e-14,9.931148563465878e-08,9.329452467308856e-08,-6.016960961570219e-09
pccv3_n01_random_sparse_r00,1,random_sparse,0,33,1,L33H1,1.0,1,1,True,True,-0.0024943212047219276,-0.0024943212047219276,0.0,13.1875,13.1875,0.0,5.4662629465545313e-05,5.4662629465545313e-05,0.0,2.373967834320843e-05,2.373967834320843e-05,0.0,1.0000083757516787,1.0000083757516787,0.0,0.9999963647986783,0.9999963647986783,0.9999944909265951,0.9999944909265951,0.997512390425392,0.997512390425392,0.0,0.0,0.0,0.0,0.0,False,0,0.9999963647986783,0.9999963647986783,0.0,1.8738720831396946e-06,1.8738720831396946e-06,0.0,6.893590147721974e-07,6.893590147721974e-07,0.0,2.6995686898516706e-07,2.6995686898516706e-07,0.0,2.3823610071084538e-07,2.3823610071084538e-07,0.0,3.05901208485306e-07,3.05901208485306e-07,0.0,1.2751859559128112e-07,1.2751859559128112e-07,0.0,3.0288321274743566e-08,3.0288321274743566e-08,0.0,4.691146968508765e-08,4.691146968508765e-08,0.0,5.3157659304748385e-08,5.3157659304748385e-08,0.0
pccv3_n01_random_sparse_r00,1,random_sparse,0,33,1,L33H1,0.5,1,1,True,True,-0.0024943212047219276,-0.0027912012301385403,-0.0002968800254166126,13.1875,13.1875,0.0,5.4662629465545313e-05,5.466884205264778e-05,6.212587102469031e-09,2.373967834320843e-05,2.3742376435505374e-05,2.698092296945457e-09,1.0000083757516787,1.000008368747466,-7.004212765338025e-09,0.9999963647986783,0.9999963649418568,0.9999944909265951,0.9999944910697735,0.997512390425392,0.9972163329355404,-0.00029605748985161995,3.706723458648648e-08,2.426416517112491e-08,1.853361729324324e-08,2.884222974457647e-10,False,1,0.9999963647986783,0.9999963649418568,1.4317858010315376e-10,1.8738720831396946e-06,1.873872083407994e-06,2.6829938010869414e-16,6.893590147721974e-07,6.893590148708992e-07,9.870178472822823e-17,2.6995686898516706e-07,2.6995686902381924e-07,3.8652178026022657e-17,2.3823610071084538e-07,2.536010091572024e-07,1.5364908446356998e-08,3.05901208485306e-07,2.8736759122266994e-07,-1.853361726263605e-08,1.2751859559128112e-07,1.275185956095391e-07,1.8257980466523656e-17,3.0288321274743566e-08,3.028832127908022e-08,4.336656488709308e-18,4.691146968508765e-08,4.993699954661888e-08,3.0255298615312286e-09,5.3157659304748385e-08,5.315765931235945e-08,7.611067487112719e-18
pccv3_n01_random_sparse_r00,1,random_sparse,0,33,1,L33H1,1.5,1,1,True,True,-0.0024943212047219276,-0.0028033265843987465,-0.00030900537967681885,13.1875,13.0625,-0.125,5.4662629465545313e-05,5.9963268002722996e-05,5.300638537177682e-06,2.373967834320843e-05,2.6041716410468418e-05,2.3020380672599894e-06,1.0000083757516787,1.0000091259526718,7.502009931048548e-07,0.9999963647986783,0.9999959799468023,0.9999944909265951,0.9999938565723673,0.997512390425392,0.9972046170690341,-0.0003077733563578988,7.697037512092803e-07,4.630103170558315e-07,3.8485187560464016e-07,5.28242154364694e-09,False,1,0.9999963647986783,0.9999959799468023,-3.848518759230757e-07,1.8738720831396946e-06,2.1233744350669368e-06,2.4950235192724216e-07,6.893590147721974e-07,7.338185690174907e-07,4.4459554245293316e-08,2.6995686898516706e-07,3.0590109075822407e-07,3.594422177305701e-08,2.3823610071084538e-07,2.536009115217131e-07,1.5364810810867742e-08,3.05901208485306e-07,3.2563001608905873e-07,1.9728807603752742e-08,1.2751859559128112e-07,1.3574278617483024e-07,8.224190583549117e-09,3.0288321274743566e-08,3.2241737758545305e-08,1.9534164838017387e-09,4.691146968508765e-08,5.315763884684912e-08,6.246169161761468e-09,5.3157659304748385e-08,5.658601200162763e-08,3.428352696879247e-09
pccv3_n01_random_sparse_r01,1,random_sparse,1,33,1,L33H1,1.0,1,1,True,True,-0.0031699903775006533,-0.0031699903775006533,0.0,13.0625,13.0625,0.0,5.680724622088652e-05,5.680724622088652e-05,0.0,2.467107356585037e-05,2.467107356585037e-05,0.0,1.0000088779879686,1.0000088779879686,0.0,0.9999962037493506,0.9999962037493506,0.9999940803744404,0.9999940803744404,0.9968388372169876,0.9968388372169876,0.0,0.0,0.0,0.0,0.0,False,0,0.9999962037493506,0.9999962037493506,0.0,2.1233749102854566e-06,2.1233749102854566e-06,0.0,5.368732540585147e-07,5.368732540585147e-07,0.0,2.536009682784715e-07,2.536009682784715e-07,0.0,2.3823606234294207e-07,2.3823606234294207e-07,0.0,3.0590115921994293e-07,3.0590115921994293e-07,0.0,1.6373709146968172e-07,1.6373709146968172e-07,0.0,3.432115887104617e-08,3.432115887104617e-08,0.0,4.691146212999954e-08,4.691146212999954e-08,0.0,9.329458249082078e-08,9.329458249082078e-08,0.0
pccv3_n01_random_sparse_r01,1,random_sparse,1,33,1,L33H1,0.5,1,1,True,True,-0.0031699903775006533,-0.0031311316415667534,3.885873593389988e-05,13.0625,13.1875,0.125,5.680724622088652e-05,5.092457412788711e-05,-5.882672092999414e-06,2.467107356585037e-05,2.211626153701447e-05,-2.5548120288358992e-06,1.0000088779879686,1.0000079718620667,-9.061259018672274e-07,0.9999962037493506,0.9999966263262346,0.9999940803744404,0.9999947524536614,0.9968388372169876,0.9968770995197822,3.826230279457832e-05,8.451537680642513e-07,4.975992807502339e-07,4.2257688403212567e-07,6.403316677304878e-09,False,1,0.9999962037493506,0.9999966263262346,4.225768840404598e-07,2.1233749102854566e-06,1.873872573210663e-06,-2.4950233707479366e-07,5.368732540585147e-07,4.7378918400018424e-07,-6.308407005833045e-08,2.536009682784715e-07,2.2380216357214534e-07,-2.979880470632618e-08,2.3823606234294207e-07,2.2380216357214534e-07,-1.4433898770796735e-08,3.0590115921994293e-07,2.69956939586584e-07,-3.594421963335893e-08,1.6373709146968172e-07,1.4449753712172971e-07,-1.9239554347952005e-08,3.432115887104617e-08,3.2241758599025235e-08,-2.0794002720209352e-09,4.691146212999954e-08,4.4069258943314195e-08,-2.842203186685342e-09,9.329458249082078e-08,8.764218651729345e-08,-5.652395973527332e-09
pccv3_n01_random_sparse_r01,1,random_sparse,1,33,1,L33H1,1.5,1,1,True,True,-0.0031699903775006533,-0.003327192971482873,-0.0001572025939822197,13.0625,13.0625,0.0,5.680724622088652e-05,5.532086804458868e-05,-1.4863781762978391e-06,2.467107356585037e-05,2.4025547725862798e-05,-6.45525839987572e-07,1.0000088779879686,1.0000084914852634,-3.865027051741521e-07,0.9999962037493506,0.9999963022611822,0.9999940803744404,0.9999941788860627,0.9968388372169876,0.9966820378257601,-0.0001567993912274801,1.9702409040993225e-07,1.0809817671617421e-07,9.851204520496612e-08,7.69500112270529e-10,False,1,0.9999962037493506,0.9999963022611822,9.851183158104959e-08,2.1233749102854566e-06,2.123375119463802e-06,2.0917834555689383e-13,5.368732540585147e-07,5.043457976219585e-07,-3.25274564365562e-08,2.536009682784715e-07,2.38236085812102e-07,-1.5364882466369513e-08,2.3823606234294207e-07,2.2380209104544077e-07,-1.44339712975013e-08,3.0590115921994293e-07,2.8736757321020996e-07,-1.853358600973297e-08,1.6373709146968172e-07,1.538167777465325e-07,-9.920313723149213e-09,3.432115887104617e-08,3.224174815056279e-08,-2.0794107204833794e-09,4.691146212999954e-08,4.691146675135114e-08,4.621351601027873e-15,9.329458249082078e-08,8.764215811542786e-08,-5.652424375392925e-09
pccv3_n01_random_sparse_r02,1,random_sparse,2,33,1,L33H1,1.0,1,1,True,True,-0.0023178397677838802,-0.0023178397677838802,0.0,13.25,13.25,0.0,6.219124210314133e-05,6.219124210314133e-05,0.0,2.7009313268103463e-05,2.7009313268103463e-05,0.0,1.000011307496426,1.000011307496426,0.0,0.9999958859880125,0.9999958859880125,0.9999941256489424,0.9999941256489424,0.997688940891944,0.997688940891944,0.0,0.0,0.0,0.0,0.0,False,0,0.9999958859880125,0.9999958859880125,0.0,1.7603390700703388e-06,1.7603390700703388e-06,0.0,7.338185000685088e-07,7.338185000685088e-07,0.0,3.256299854931335e-07,3.256299854931335e-07,0.0,3.689871143337173e-07,3.689871143337173e-07,0.0,4.737888332347587e-07,4.737888332347587e-07,0.0,2.102425202943775e-07,2.102425202943775e-07,0.0,5.315763385220162e-08,5.315763385220162e-08,0.0,6.825575295720758e-08,6.825575295720758e-08,0.0,1.1979257709187882e-07,1.1979257709187882e-07,0.0
pccv3_n01_random_sparse_r02,1,random_sparse,2,33,1,L33H1,0.5,1,1,True,True,-0.0023178397677838802,-0.002360892714932561,-4.305294714868069e-05,13.25,13.25,0.0,6.219124210314133e-05,6.364040343479385e-05,1.4491613316525246e-06,2.7009313268103463e-05,2.763867603782772e-05,6.293627697242574e-07,1.000011307496426,1.0000117733731113,4.6587668522946046e-07,0.9999958859880125,0.9999957883400102,0.9999941256489424,0.999994028001112,0.997688940891944,0.9976461227896642,-4.281810227979577e-05,1.9529658880872053e-07,1.1439336133642441e-07,9.764829440436026e-08,1.146144423388905e-09,False,1,0.9999958859880125,0.9999957883400102,-9.764800223965864e-08,1.7603390700703388e-06,1.7603388981760384e-06,-1.7189430044123224e-13,7.338185000685088e-07,7.338184284123035e-07,-7.165620536387767e-14,3.256299854931335e-07,3.2562995369588513e-07,-3.179724838059438e-14,3.689871143337173e-07,4.181171369803689e-07,4.913002264665157e-08,4.737888332347587e-07,5.043455384270166e-07,3.055670519225794e-08,2.102425202943775e-07,2.2380197602838257e-07,1.3559455734005061e-08,5.315763385220162e-08,5.3157628661443515e-08,-5.190758104579458e-15,6.825575295720758e-08,7.265786371728864e-08,4.402110760081062e-09,1.1979257709187882e-07,1.1979256539432486e-07,-1.1697553959520772e-14
pccv3_n01_random_sparse_r02,1,random_sparse,2,33,1,L33H1,1.5,1,1,True,True,-0.0023178397677838802,-0.002351853996515274,-3.4014228731393814e-05,13.25,13.1875,-0.0625,6.219124210314133e-05,6.579869498715068e-05,3.607452884009355e-06,2.7009313268103463e-05,2.8576010149354697e-05,1.566696881251234e-06,1.000011307496426,1.0000119775486531,6.700522270364218e-07,0.9999958859880125,0.9999956284886519,0.9999941256489424,0.9999937546179485,0.997688940891944,0.9976552826061571,-3.365828578694163e-05,5.149987838946648e-07,2.8917093415372117e-07,2.574993919473324e-07,2.0113865851985167e-09,False,1,0.9999958859880125,0.9999956284886519,-2.574993606119236e-07,1.7603390700703388e-06,1.8738707033838759e-06,1.1353163331353701e-07,7.338185000685088e-07,7.811455260289897e-07,4.732702596048088e-08,3.256299854931335e-07,3.4663122595723434e-07,2.1001240464100827e-08,3.689871143337173e-07,3.927846374780976e-07,2.3797523144380315e-08,4.737888332347587e-07,5.043454578063577e-07,3.055662457159902e-08,2.102425202943775e-07,2.2380194025318201e-07,1.355941995880451e-08,5.315763385220162e-08,5.3157620164088576e-08,-1.3688113043424781e-14,6.825575295720758e-08,6.825573538132252e-08,-1.7575885057011383e-14,1.1979257709187882e-07,1.275185016977193e-07,7.725924605840489e-09
pccv3_n01_random_sparse_r03,1,random_sparse,3,33,1,L33H1,1.0,1,1,True,True,-0.002089461777359247,-0.002089461777359247,0.0,13.25,13.25,0.0,5.043754051426733e-05,5.043754051426733e-05,0.0,2.1904745526118002e-05,2.1904745526118002e-05,0.0,1.0000077077500282,1.0000077077500282,0.0,0.9999966634823045,0.9999966634823045,0.9999949031418658,0.9999949031418658,0.9979160345091831,0.9979160345091831,0.0,0.0,0.0,0.0,0.0,False,0,0.9999966634823045,0.9999966634823045,0.0,1.7603404387295487e-06,1.7603404387295487e-06,0.0,5.714988668242278e-07,5.714988668242278e-07,0.0,2.536010848676364e-07,2.536010848676364e-07,0.0,2.382361718683265e-07,2.382361718683265e-07,0.0,2.6995694961715674e-07,2.6995694961715674e-07,0.0,1.1979267023030692e-07,1.1979267023030692e-07,0.0,2.6729357693096424e-08,2.6729357693096424e-08,0.0,3.224175979700631e-08,3.224175979700631e-08,0.0,6.41203957935784e-08,6.41203957935784e-08,0.0
pccv3_n01_random_sparse_r03,1,random_sparse,3,33,1,L33H1,0.5,1,1,True,True,-0.002089461777359247,-0.002368622925132513,-0.00027916114777326584,13.25,13.125,-0.125,5.043754051426733e-05,5.6423345616814355e-05,5.985805102547026e-06,2.1904745526118002e-05,2.4504347651902503e-05,2.599602125784501e-06,1.0000077077500282,1.0000087440431427,1.0362931144314302e-06,0.9999966634823045,0.9999962387003994,0.9999949031418658,0.9999942439742018,0.9979160345091831,0.9976379248547822,-0.0002781096544008932,8.49563810393626e-07,4.918994920919143e-07,4.24781905196813e-07,6.779713548369995e-09,False,1,0.9999966634823045,0.9999962387003994,-4.2478190509509517e-07,1.7603404387295487e-06,1.9947261976905853e-06,2.3438575896103663e-07,5.714988668242278e-07,6.083571185921585e-07,3.685825176793064e-08,2.536010848676364e-07,2.8736755494483453e-07,3.376647007719813e-08,2.382361718683265e-07,2.8736755494483453e-07,4.913138307650802e-08,2.6995694961715674e-07,3.0590116991154987e-07,3.594422029439313e-08,1.1979267023030692e-07,1.3574282129890563e-07,1.595015106859871e-08,2.6729357693096424e-08,3.02883174554245e-08,3.5589597623280767e-09,3.224175979700631e-08,3.8890969441472044e-08,6.649209644465732e-09,6.41203957935784e-08,7.265789643965024e-08,8.537500646071832e-09
pccv3_n01_random_sparse_r03,1,random_sparse,3,33,1,L33H1,1.5,1,1,True,True,-0.002089461777359247,-0.0020874394103884697,2.0223669707775116e-06,13.25,13.25,0.0,5.043754051426733e-05,4.9794546125424625e-05,-6.429943888427029e-07,2.1904745526118002e-05,2.162549661114886e-05,-2.7924891496914036e-07,1.0000077077500282,1.0000075836162512,-1.241337770352402e-07,0.9999966634823045,0.9999967069848479,0.9999949031418658,0.9999949466443325,0.9979160345091831,0.997918017661684,1.983152500883989e-06,8.700531476237894e-08,5.609531942824024e-08,4.350265738118947e-08,3.3980926167498977e-10,False,1,0.9999966634823045,0.9999967069848479,4.350254334539727e-08,1.7603404387295487e-06,1.7603405153090904e-06,7.657954170050857e-14,5.714988668242278e-07,5.368735242332193e-07,-3.4625342591008534e-08,2.536010848676364e-07,2.5360109589996536e-07,1.1032328958158523e-14,2.382361718683265e-07,2.382361822322405e-07,1.0363913977777355e-14,2.6995694961715674e-07,2.6995696136100984e-07,1.1743853098055047e-14,1.1979267023030692e-07,1.1253480413922361e-07,-7.257866091083307e-09,2.6729357693096424e-08,2.510990886985715e-08,-1.6194488232392723e-09,3.224175979700631e-08,3.2241761199609546e-08,1.4026032337869352e-15,6.41203957935784e-08,6.4120398582988e-08,2.7894095942751534e-15
pccv3_n01_random_sparse_r04,1,random_sparse,4,33,1,L33H1,1.0,1,1,True,True,-0.002387532265856862,-0.002387532265856862,0.0,13.5,13.5,0.0,3.99129876634303e-05,3.99129876634303e-05,0.0,1.7333990298500343e-05,1.7333990298500343e-05,0.0,1.0000065010992414,1.0000065010992414,0.0,0.9999974116298475,0.9999974116298475,0.9999960406743096,0.9999960406743096,0.9976179195762658,0.9976179195762658,0.0,0.0,0.0,0.0,0.0,False,0,0.9999974116298475,0.9999974116298475,0.0,1.3709555378345047e-06,1.3709555378345047e-06,0.0,3.689876772782115e-07,3.689876772782115e-07,0.0,1.538169483866769e-07,1.538169483866769e-07,0.0,1.7429743711982278e-07,1.7429743711982278e-07,0.0,2.3823635010472783e-07,2.3823635010472783e-07,0.0,1.3574298051625695e-07,1.3574298051625695e-07,0.0,2.510992656348714e-08,2.510992656348714e-08,0.0,3.889101505800694e-08,3.889101505800694e-08,0.0,8.233227952388447e-08,8.233227952388447e-08,0.0
pccv3_n01_random_sparse_r04,1,random_sparse,4,33,1,L33H1,0.5,1,1,True,True,-0.002387532265856862,-0.0024165494833141565,-2.9017217457294464e-05,13.5,13.5,0.0,3.99129876634303e-05,4.0510331286294245e-05,5.973436228639425e-07,1.7333990298500343e-05,1.759341333771025e-05,2.5942303920990645e-07,1.0000065010992414,1.0000066250613768,1.2396213544541013e-07,0.9999974116298475,0.9999973724633647,0.9999960406743096,0.9999960015078806,0.9976179195762658,0.9975889907161672,-2.8928860098531572e-05,7.833312058802473e-08,4.728234426114981e-08,3.9166560294012364e-08,3.05939014562813e-10,False,1,0.9999974116298475,0.9999973724633647,-3.9166482723729246e-08,1.3709555378345047e-06,1.3709554841388594e-06,-5.369564537606843e-14,3.689876772782115e-07,3.927853224875675e-07,2.379764520935602e-08,1.538169483866769e-07,1.5381694236219246e-07,-6.024484435547634e-15,1.7429743711982278e-07,1.8553864875072003e-07,1.1241211630897256e-08,2.3823635010472783e-07,2.382363407738238e-07,-9.330904041404177e-15,1.3574298051625695e-07,1.357429751996681e-07,-5.316588852448249e-15,2.510992656348714e-08,2.672937664376801e-08,1.6194500802808702e-09,3.889101505800694e-08,4.139926840947143e-08,2.5082533514644858e-09,8.233227952388447e-08,8.233227629921032e-08,-3.2246741501829247e-15
pccv3_n01_random_sparse_r04,1,random_sparse,4,33,1,L33H1,1.5,1,1,True,True,-0.002387532265856862,-0.0022795426193624735,0.00010798964649438858,13.5,13.5625,0.0625,3.99129876634303e-05,3.816535657930136e-05,-1.7476310841289401e-06,1.7333990298500343e-05,1.6575003762260546e-05,-7.589865362397969e-07,1.0000065010992414,1.0000061987381714,-3.0236106995928935e-07,0.9999974116298475,0.9999975344195462,0.9999960406743096,0.9999962465258473,0.9976179195762658,0.9977255029375165,0.00010758336125071821,2.4557953527037484e-07,1.4963712949737616e-07,1.2278976763518742e-07,9.591390661760464e-10,False,1,0.9999974116298475,0.9999975344195462,1.2278969874213175e-07,1.3709555378345047e-06,1.2878936989186773e-06,-8.306183891582743e-08,3.689876772782115e-07,3.689877225862145e-07,4.5308002995138595e-14,1.538169483866769e-07,1.5381696727386255e-07,1.8887185656501712e-14,1.7429743711982278e-07,1.637373093505764e-07,-1.0560127769246385e-08,2.3823635010472783e-07,2.2380236680607884e-07,-1.4433983298648994e-08,1.3574298051625695e-07,1.2751874474023376e-07,-8.224235776023198e-09,2.510992656348714e-08,2.3588595916470637e-08,-1.521330647016503e-09,3.889101505800694e-08,3.8891019833435326e-08,4.775428383058533e-15,8.233227952388447e-08,7.734402837302089e-08,-4.988251150863584e-09
pccv3_n01_random_sparse_r05,1,random_sparse,5,33,1,L33H1,1.0,1,1,True,True,-0.004309177864342928,-0.004309177864342928,0.0,12.9375,12.9375,0.0,5.8669004316024226e-05,5.8669004316024226e-05,0.0,2.5479624833207386e-05,2.5479624833207386e-05,0.0,1.0000085356182027,1.0000085356182027,0.0,0.9999960354085022,0.9999960354085022,0.9999936293099124,0.9999936293099124,0.9957040684856651,0.9957040684856651,0.0,0.0,0.0,0.0,0.0,False,0,0.9999960354085022,0.9999960354085022,0.0,2.406098589824592e-06,2.406098589824592e-06,0.0,5.714985078795639e-07,5.714985078795639e-07,0.0,1.855384006747157e-07,1.855384006747157e-07,0.0,2.2380203132303218e-07,2.2380203132303218e-07,0.0,2.8736749652511933e-07,2.8736749652511933e-07,0.0,1.3574279370338616e-07,1.3574279370338616e-07,0.0,3.028831129803182e-08,3.028831129803182e-08,0.0,4.691145423285422e-08,4.691145423285422e-08,0.0,7.734391243318232e-08,7.734391243318232e-08,0.0
pccv3_n01_random_sparse_r05,1,random_sparse,5,33,1,L33H1,0.5,1,1,True,True,-0.004309177864342928,-0.004884572699666023,-0.0005753948353230953,12.9375,12.8125,-0.125,5.8669004316024226e-05,6.636027341178663e-05,7.691269095762401e-06,2.5479624833207386e-05,2.881990056033001e-05,3.340275727122624e-06,1.0000085356182027,1.000009812557153,1.27693895035641e-06,0.9999960354085022,0.9999954790420864,0.9999936293099124,0.9999927525767084,0.9957040684856651,0.9951318192388392,-0.0005722492468258622,1.1127328313739986e-06,6.504929156207599e-07,5.563664156869993e-07,9.31371887697551e-09,False,1,0.9999960354085022,0.9999954790420864,-5.563664158270143e-07,2.406098589824592e-06,2.726465378065381e-06,3.2036678824078875e-07,5.714985078795639e-07,6.475922898334972e-07,7.609378195393326e-08,1.855384006747157e-07,2.102424347366884e-07,2.4704034061972687e-08,2.2380203132303218e-07,2.699566298682216e-07,4.6154598545189424e-08,2.8736749652511933e-07,3.2562985297879234e-07,3.8262356453673014e-08,1.3574279370338616e-07,1.6373697280777166e-07,2.79941791043855e-08,3.028831129803182e-08,3.653465696481719e-08,6.246345666785371e-09,4.691145423285422e-08,5.3157612219830084e-08,6.246157986975862e-09,7.734391243318232e-08,8.764208596646291e-08,1.0298173533280598e-08
pccv3_n01_random_sparse_r05,1,random_sparse,5,33,1,L33H1,1.5,1,1,True,True,-0.004309177864342928,-0.0048412722535431385,-0.0005320943892002106,12.9375,12.75,-0.1875,5.8669004316024226e-05,6.763486867236342e-05,8.965864356339195e-06,2.5479624833207386e-05,2.937345024865855e-05,3.893825415451163e-06,1.0000085356182027,1.0000096530766014,1.1174583987028086e-06,0.9999960354085022,0.9999953660386554,0.9999936293099124,0.9999924637316959,0.9957040684856651,0.9951750260507701,-0.000529042434894933,1.3387396935310146e-06,8.379178919671405e-07,6.693698467655073e-07,1.4064967797383357e-08,False,1,0.9999960354085022,0.9999953660386554,-6.693698468840381e-07,2.406098589824592e-06,2.9023069594098205e-06,4.962083695852284e-07,5.714985078795639e-07,6.475922166530157e-07,7.609370877345177e-08,1.855384006747157e-07,2.102424109784645e-07,2.4704010303748785e-08,2.2380203132303218e-07,2.536007558334216e-07,2.979872451038941e-08,2.8736749652511933e-07,3.0590090296229735e-07,1.8533406437178018e-08,1.3574279370338616e-07,1.4449735501266406e-07,8.754561309277905e-09,3.028831129803182e-08,3.224171796500025e-08,1.953406666968428e-09,4.691145423285422e-08,4.993694966420883e-08,3.02549543135461e-09,7.734391243318232e-08,8.764207606256172e-08,1.02981636293794e-08
pccv3_n01_row_r00,1,row,0,33,1,L33H1,1.0,1,1,True,True,-0.002980316523462534,-0.002980316523462534,0.0,12.4375,12.4375,0.0,9.491765150582134e-05,9.491765150582134e-05,0.0,4.122221228419408e-05,4.122221228419408e-05,0.0,1.0000145666789173,1.0000145666789173,0.0,0.9999933706840557,0.9999933706840557,0.9999894037087023,0.9999894037087023,0.9970307285321596,0.9970307285321596,0.0,0.0,0.0,0.0,0.0,False,0,0.9999933706840557,0.9999933706840557,0.0,3.9669753534791066e-06,3.9669753534791066e-06,0.0,8.851518459266672e-07,8.851518459266672e-07,0.0,3.92783750643261e-07,3.92783750643261e-07,0.0,3.92783750643261e-07,3.92783750643261e-07,0.0,4.73787641506929e-07,4.73787641506929e-07,0.0,2.5360024980764205e-07,2.5360024980764205e-07,0.0,6.023533905712394e-08,6.023533905712394e-08,0.0,6.825558127253578e-08,6.825558127253578e-08,0.0,1.3574243198481127e-07,1.3574243198481127e-07,0.0
pccv3_n01_row_r00,1,row,0,33,1,L33H1,0.5,1,1,True,True,-0.002980316523462534,-0.0030889438930898905,-0.00010862736962735653,12.4375,12.4375,0.0,9.491765150582134e-05,9.757153903949071e-05,2.6538875336693776e-06,4.122221228419408e-05,4.2374780995658523e-05,1.152568711464442e-06,1.0000145666789173,1.0000152600281098,6.933491925043e-07,0.9999933706840557,0.9999931883687196,0.9999894037087023,0.9999892213940894,0.9970307285321596,0.9969226079299887,-0.00010812060217091357,3.646322114256203e-07,2.0228570322145538e-07,1.8231610571281016e-07,1.8322294735666151e-09,False,1,0.9999933706840557,0.9999931883687196,-1.8231533605028716e-07,3.9669753534791066e-06,3.9669746302338675e-06,-7.232452390955779e-13,8.851518459266672e-07,9.422390635040503e-07,5.708721757738314e-08,3.92783750643261e-07,4.181160498832381e-07,2.533229923997709e-08,3.92783750643261e-07,4.4508221828533026e-07,5.229846764206925e-08,4.73787641506929e-07,5.043442271375735e-07,3.055658563064449e-08,2.5360024980764205e-07,2.5360020357212077e-07,-4.6235521277738795e-14,6.023533905712394e-08,6.412017296717644e-08,3.884833910052504e-09,6.825558127253578e-08,7.265767480813331e-08,4.402093535597536e-09,1.3574243198481127e-07,1.444970403436601e-07,8.754608358848826e-09
pccv3_n01_row_r00,1,row,0,33,1,L33H1,1.5,1,1,True,True,-0.002980316523462534,-0.0029759190510958433,4.397472366690636e-06,12.4375,12.5,0.0625,9.491765150582134e-05,9.119982877165175e-05,-3.7178227341695886e-06,4.122221228419408e-05,3.9607582386049775e-05,-1.6146298981443069e-06,1.0000145666789173,1.0000140575370293,-5.091418879832332e-07,0.9999933706840557,0.9999936592347135,0.9999894037087023,0.9999899326051712,0.9970307285321596,0.9970348516077152,4.1230755556398435e-06,5.771023931072211e-07,3.7696784826859626e-07,2.8855119655361054e-07,2.25393938876324e-09,False,1,0.9999933706840557,0.9999936592347135,2.885506578120811e-07,3.9669753534791066e-06,3.7266295422456025e-06,-2.40345811233504e-07,8.851518459266672e-07,8.851521013395078e-07,2.554128405483379e-13,3.92783750643261e-07,3.92783863982022e-07,1.1333876096688666e-13,3.92783750643261e-07,3.92783863982022e-07,1.1333876096688666e-13,4.73787641506929e-07,4.4508242786083887e-07,-2.8705213646090153e-08,2.5360024980764205e-07,2.3823545614549308e-07,-1.536479366214897e-08,6.023533905712394e-08,6.023535643818587e-08,1.7381061933724068e-14,6.825558127253578e-08,6.412020315939108e-08,-4.135378113144701e-09,1.3574243198481127e-07,1.3574247115363898e-07,3.916882770449433e-14
pccv3_n01_row_r01,1,row,1,33,1,L33H1,1.0,1,1,True,True,-0.0034520579501986504,-0.0034520579501986504,0.0,13.625,13.625,0.0,3.762810022384868e-05,3.762810022384868e-05,0.0,1.6341676291719998e-05,1.6341676291719998e-05,0.0,1.0000059605309353,1.0000059605309353,0.0,0.9999975736400872,0.9999975736400872,0.9999963637758755,0.9999963637758755,0.9965563158619464,0.9965563158619464,0.0,0.0,0.0,0.0,0.0,False,0,0.9999975736400872,0.9999975736400872,0.0,1.2098642117310152e-06,1.2098642117310152e-06,0.0,4.1811788344806956e-07,4.1811788344806956e-07,0.0,1.8553868607687536e-07,1.8553868607687536e-07,0.0,1.8553868607687536e-07,1.8553868607687536e-07,0.0,2.102428751120628e-07,2.102428751120628e-07,0.0,1.0571675664974601e-07,1.0571675664974601e-07,0.0,2.081686364905561e-08,2.081686364905561e-08,0.0,3.028835788865363e-08,3.028835788865363e-08,0.0,6.023559222528387e-08,6.023559222528387e-08,0.0
pccv3_n01_row_r01,1,row,1,33,1,L33H1,0.5,1,1,True,True,-0.0034520579501986504,-0.003245564876124263,0.00020649307407438755,13.625,13.625,0.0,3.762810022384868e-05,3.68626227129514e-05,-7.65477510897282e-07,1.6341676291719998e-05,1.600923363271627e-05,-3.324426590037272e-07,1.0000059605309353,1.0000057813576184,-1.791733168499121e-07,0.9999975736400872,0.9999976233645249,0.9999963637758755,0.999996413500253,0.9965563158619464,0.9967620816361205,0.0002057657741740826,9.944903522588488e-08,5.744492864720734e-08,4.972451761294244e-08,3.8840952352353447e-10,False,1,0.9999975736400872,0.9999976233645249,4.9724437678477784e-08,1.2098642117310152e-06,1.2098642718909789e-06,6.015996366028802e-14,4.1811788344806956e-07,3.927854210381196e-07,-2.5332462409949983e-08,1.8553868607687536e-07,1.7429747402472994e-07,-1.1241212052145429e-08,1.8553868607687536e-07,1.8553869530270457e-07,9.225829207250587e-15,2.102428751120628e-07,2.102428855662969e-07,1.0454234080324926e-14,1.0571675664974601e-07,9.931170709327531e-08,-6.405049556470698e-09,2.081686364905561e-08,1.9555634611125082e-08,-1.2612290379305265e-09,3.028835788865363e-08,2.8453280466597545e-08,-1.8350774220560839e-09,6.023559222528387e-08,5.658610499645645e-08,-3.6494872288274213e-09
pccv3_n01_row_r01,1,row,1,33,1,L33H1,1.5,1,1,True,True,-0.0034520579501986504,-0.0030471107456833124,0.00040494720451533794,13.625,13.625,0.0,3.762810022384868e-05,3.56164497583632e-05,-2.011650465485482e-06,1.6341676291719998e-05,1.5468027595041542e-05,-8.736486966784556e-07,1.0000059605309353,1.0000054102275377,-5.503033975173821e-07,0.9999975736400872,0.9999977027044815,0.9999963637758755,0.9999964928401136,0.9965563158619464,0.9969598308234513,0.00040351496150492494,2.5812910097667575e-07,1.4005092938855156e-07,1.2906455048833787e-07,2.0646983291761297e-09,False,1,0.9999975736400872,0.9999977027044815,1.290643942830627e-07,1.2098642117310152e-06,1.2098643678817857e-06,1.5615077052467616e-13,4.1811788344806956e-07,3.927854522017719e-07,-2.5332431246297653e-08,1.8553868607687536e-07,1.6373733690516684e-07,-2.1801349171708527e-08,1.8553868607687536e-07,1.5381699315900477e-07,-3.1721692917870596e-08,2.102428751120628e-07,1.855387100233716e-07,-2.4704165088691202e-08,1.0571675664974601e-07,9.329472233574478e-08,-1.2422034314001236e-08,2.081686364905561e-08,1.8370820062841644e-08,-2.4460435862139646e-09,3.028835788865363e-08,2.6729385470930398e-08,-3.5589724177232315e-09,6.023559222528387e-08,5.315773042494779e-08,-7.077861800336078e-09
pccv3_n01_row_r02,1,row,2,33,1,L33H1,1.0,1,1,True,True,-0.0029301587492227554,-0.0029301587492227554,0.0,13.5625,13.5625,0.0,4.075787366471465e-05,4.075787366471465e-05,0.0,1.770091962669544e-05,1.770091962669544e-05,0.0,1.0000067824972338,1.0000067824972338,0.0,0.9999973657383345,0.9999973657383345,0.9999960778448529,0.9999960778448529,0.9970767537583427,0.9970767537583427,0.0,0.0,0.0,0.0,0.0,False,0,0.9999973657383345,0.9999973657383345,0.0,1.287893481674672e-06,1.287893481674672e-06,0.0,4.181177965204179e-07,4.181177965204179e-07,0.0,1.9750486218201883e-07,1.9750486218201883e-07,0.0,2.1024283140209452e-07,2.1024283140209452e-07,0.0,2.38236339171673e-07,2.38236339171673e-07,0.0,1.357429742867901e-07,1.357429742867901e-07,0.0,3.028835159163566e-08,3.028835159163566e-08,0.0,3.88910132732348e-08,3.88910132732348e-08,0.0,7.73440153265043e-08,7.73440153265043e-08,0.0
pccv3_n01_row_r02,1,row,2,33,1,L33H1,0.5,1,1,True,True,-0.0029301587492227554,-0.002931109629571438,-9.508803486824036e-07,13.5625,13.625,0.0625,4.075787366471465e-05,4.0139066159630213e-05,-6.188075050844394e-07,1.770091962669544e-05,1.743217494187695e-05,-2.6874468481849086e-07,1.0000067824972338,1.0000068355306575,5.3033423652593115e-08,0.9999973657383345,0.9999974148433077,0.9999960778448529,0.9999962049792881,0.9970767537583427,0.9970757511200041,-1.0026383385763893e-06,1.5605892424139923e-07,9.444488807568331e-08,7.802946212069961e-08,8.354414258338824e-10,False,1,0.9999973657383345,0.9999974148433077,4.9104973198765833e-08,1.287893481674672e-06,1.2098640196080086e-06,-7.802946206666348e-08,4.181177965204179e-07,4.1811781705213515e-07,2.0531717276013118e-14,1.9750486218201883e-07,1.9750487188051534e-07,9.698496514647621e-15,2.1024283140209452e-07,2.2380234004456767e-07,1.3559508642473153e-08,2.38236339171673e-07,2.5360127541423766e-07,1.5364936242564678e-08,1.357429742867901e-07,1.3574298095246277e-07,6.6656726800398355e-15,3.028835159163566e-08,3.028835307894827e-08,1.4873126099442287e-15,3.88910132732348e-08,3.8891015182981995e-08,1.9097471975046086e-15,7.73440153265043e-08,7.734401912449011e-08,3.797985806493597e-15
pccv3_n01_row_r02,1,row,2,33,1,L33H1,1.5,1,1,True,True,-0.0029301587492227554,-0.0027358029037714005,0.00019435584545135498,13.5625,13.5625,0.0,4.075787366471465e-05,4.088200996488887e-05,1.2413630017421877e-07,1.770091962669544e-05,1.775483133686499e-05,5.391171016954968e-08,1.0000067824972338,1.000006789015235,6.518001249844474e-09,0.9999973657383345,0.9999973571917538,0.9999960778448529,0.9999960692982831,0.9970767537583427,0.9972705970969944,0.00019384333865168912,2.547593482348198e-08,1.562752259807869e-08,1.273796741174099e-08,1.3223889782364302e-10,False,1,0.9999973657383345,0.9999973571917538,-8.546580776425117e-09,1.287893481674672e-06,1.2878934706675575e-06,-1.1007114587263775e-14,4.181177965204179e-07,4.1811779294693093e-07,-3.573486950073676e-15,1.9750486218201883e-07,2.1024282960523244e-07,1.273796742321361e-08,2.1024283140209452e-07,2.1024282960523244e-07,-1.7968620776851786e-15,2.38236339171673e-07,2.382363371355615e-07,-2.0361114834859412e-15,1.357429742867901e-07,1.3574297312664874e-07,-1.1601413496545922e-15,3.028835159163566e-08,2.8453272893091036e-08,-1.8350786985446252e-09,3.88910132732348e-08,3.6534725582681235e-08,-2.356287690553563e-09,7.73440153265043e-08,7.734401466547569e-08,-6.610286148530942e-16
pccv3_n01_row_r03,1,row,3,33,1,L33H1,1.0,1,1,True,True,-0.0029044845141470432,-0.0029044845141470432,0.0,12.8125,12.8125,0.0,7.386876580177558e-05,7.386876580177558e-05,0.0,3.208079737271477e-05,3.208079737271477e-05,0.0,1.0000119516624464,1.0000119516624464,0.0,0.9999949804062288,0.9999949804062288,0.9999922539422103,0.9999922539422103,0.9971047622552653,0.9971047622552653,0.0,0.0,0.0,0.0,0.0,False,0,0.9999949804062288,0.9999949804062288,0.0,2.7264640185458325e-06,2.7264640185458325e-06,0.0,7.338178355331087e-07,7.338178355331087e-07,0.0,3.466310013106475e-07,3.466310013106475e-07,0.0,3.466310013106475e-07,3.466310013106475e-07,0.0,4.1811679916798656e-07,4.1811679916798656e-07,0.0,2.102423299017977e-07,2.102423299017977e-07,0.0,4.9936930406812524e-08,4.9936930406812524e-08,0.0,6.023543601992762e-08,6.023543601992762e-08,0.0,1.2751841905485846e-07,1.2751841905485846e-07,0.0
pccv3_n01_row_r03,1,row,3,33,1,L33H1,0.5,1,1,True,True,-0.0029044845141470432,-0.003025955753400922,-0.0001214712392538786,12.8125,12.875,0.0625,7.386876580177558e-05,7.247532835592813e-05,-1.3934374458474542e-06,3.208079737271477e-05,3.147563517910586e-05,-6.051621936089109e-07,1.0000119516624464,1.0000119740450053,2.238255891739982e-08,0.9999949804062288,0.9999950969973518,0.9999922539422103,0.9999925357211389,0.9971047622552653,0.9969835287690643,-0.00012123348620107777,3.303756112147814e-07,2.0468306905209826e-07,1.651878056073907e-07,1.6699181805447027e-09,False,1,0.9999949804062288,0.9999950969973518,1.1659112297834895e-07,2.7264640185458325e-06,2.561276212936412e-06,-1.6518780560942056e-07,7.338178355331087e-07,7.338179210901837e-07,8.555707492538393e-14,3.466310013106475e-07,3.6898682320513247e-07,2.235582189448498e-08,3.466310013106475e-07,3.6898682320513247e-07,2.235582189448498e-08,4.1811679916798656e-07,4.181168479169384e-07,4.8748951841219194e-14,2.102423299017977e-07,2.1024235441431007e-07,2.4512512380161098e-14,4.9936930406812524e-08,4.993693622904454e-08,5.822232019367175e-15,6.023543601992762e-08,6.412029534960809e-08,3.884859329680472e-09,1.2751841905485846e-07,1.2751843392244876e-07,1.4867590302380617e-14
pccv3_n01_row_r03,1,row,3,33,1,L33H1,1.5,1,1,True,True,-0.0029044845141470432,-0.003166781971231103,-0.0002622974570840597,12.8125,12.75,-0.0625,7.386876580177558e-05,7.865065864635176e-05,4.7818928445761795e-06,3.208079737271477e-05,3.415754704816685e-05,2.076749675452079e-06,1.0000119516624464,1.0000127938668109,8.422043644706889e-07,0.9999949804062288,0.999994632874507,0.9999922539422103,0.9999917305696754,0.9971047622552653,0.9968435621979168,-0.0002612000573485318,6.950634435886614e-07,3.969535868632813e-07,3.475317217943307e-07,3.0748115929581326e-09,False,1,0.9999949804062288,0.999994632874507,-3.475317218448737e-07,2.7264640185458325e-06,2.90230483153255e-06,1.7584081298671747e-07,7.338178355331087e-07,7.81144748306055e-07,4.7326912772946214e-08,3.466310013106475e-07,3.9278424641444713e-07,4.6153245103799644e-08,3.466310013106475e-07,3.689866519490787e-07,2.2355650638431224e-08,4.1811679916798656e-07,4.4508286121354983e-07,2.696606204556327e-08,2.102423299017977e-07,2.2380171743183057e-07,1.3559387530032875e-08,4.9936930406812524e-08,5.3157567239378674e-08,3.22063683256615e-09,6.023543601992762e-08,6.412026558976829e-08,3.884829569840674e-09,1.2751841905485846e-07,1.357426033187486e-07,8.224184263890137e-09
pccv3_n01_row_r04,1,row,4,33,1,L33H1,1.0,1,1,True,True,-0.003637247486039996,-0.003637247486039996,0.0,12.125,12.125,0.0,0.00011106916884291174,0.00011106916884291174,0.0,4.8236727138057154e-05,4.8236727138057154e-05,0.0,1.0000153697736418,1.0000153697736418,0.0,0.9999920289027988,0.9999920289027988,0.9999866066976495,0.9999866066976495,0.9963773040978694,0.9963773040978694,0.0,0.0,0.0,0.0,0.0,False,0,0.9999920289027988,0.9999920289027988,0.0,5.422205149365342e-06,5.422205149365342e-06,0.0,8.851506582386372e-07,8.851506582386372e-07,0.0,3.6898569111311946e-07,3.6898569111311946e-07,0.0,4.181155650886251e-07,4.181155650886251e-07,0.0,4.181155650886251e-07,4.181155650886251e-07,0.0,2.1024170936772502e-07,2.1024170936772502e-07,0.0,6.023525823393919e-08,6.023525823393919e-08,0.0,6.825548968786901e-08,6.825548968786901e-08,0.0,1.1979211503980013e-07,1.1979211503980013e-07,0.0
pccv3_n01_row_r04,1,row,4,33,1,L33H1,0.5,1,1,True,True,-0.003637247486039996,-0.003641167189925909,-3.919703885912895e-06,12.125,12.125,0.0,0.00011106916884291174,0.00011335018756796804,2.2810187250562963e-06,4.8236727138057154e-05,4.922736098346709e-05,9.906338454099378e-07,1.0000153697736418,1.000015941800843,5.720272011622285e-07,0.9999920289027988,0.9999918722405862,0.9999866066976495,0.9999864500362863,0.9963773040978694,0.996373526255276,-3.777842593422065e-06,3.1332616186333056e-07,1.7332333329943122e-07,1.5666308093166528e-07,1.2237311531848172e-09,False,1,0.9999920289027988,0.9999918722405862,-1.566622126469852e-07,5.422205149365342e-06,5.422204299903914e-06,-8.494614279835281e-13,8.851506582386372e-07,9.422378233882632e-07,5.708716514962602e-08,3.6898569111311946e-07,3.927831620751131e-07,2.3797470961993657e-08,4.181155650886251e-07,4.450816324961109e-07,2.6966067407485802e-08,4.181155650886251e-07,4.450816324961109e-07,2.6966067407485802e-08,2.1024170936772502e-07,2.2380109959390188e-07,1.3559390226176863e-08,6.023525823393919e-08,6.412008857623803e-08,3.884830342298842e-09,6.825548968786901e-08,7.2657579180672e-08,4.402089492802995e-09,1.1979211503980013e-07,1.1979209627275273e-07,-1.8767047400172388e-14
pccv3_n01_row_r04,1,row,4,33,1,L33H1,1.5,1,1,True,True,-0.003637247486039996,-0.003584865713492036,5.238177254796028e-05,12.125,12.125,0.0,0.00011106916884291174,0.00011097970496526044,-8.9463877651303e-08,4.8236727138057154e-05,4.819787346966352e-05,-3.8853668393632964e-08,1.0000153697736418,1.0000153067538315,-6.301981025913506e-08,0.9999920289027988,0.9999920345729536,0.9999866066976495,0.9999866123677735,0.9963773040978694,0.9964295125326146,5.220843474518233e-05,5.89354598160954e-08,3.545845713653257e-08,2.94677299080477e-08,4.1606716323084635e-10,False,1,0.9999920289027988,0.9999920345729536,5.6701547901383265e-09,5.422205149365342e-06,5.422205180110329e-06,3.074498697351689e-14,8.851506582386372e-07,8.851506632576185e-07,5.018981285331609e-15,3.6898569111311946e-07,3.9278322583705193e-07,2.3797534723932474e-08,4.181155650886251e-07,3.9278322583705193e-07,-2.533233925157317e-08,4.181155650886251e-07,4.1811556745942395e-07,2.3707988443109245e-15,2.1024170936772502e-07,2.1024171055983755e-07,1.192112528839367e-15,6.023525823393919e-08,6.023525857548515e-08,3.415459586524687e-16,6.825548968786901e-08,6.412009898508842e-08,-4.1353907027805916e-09,1.1979211503980013e-07,1.1979211571904538e-07,6.792452495238801e-16
pccv3_n01_row_r05,1,row,5,33,1,L33H1,1.0,1,1,True,True,-0.0038161089178174734,-0.0038161089178174734,0.0,13.1875,13.1875,0.0,5.611151085005223e-05,5.611151085005223e-05,0.0,2.4368919533432123e-05,2.4368919533432123e-05,0.0,1.0000091777165518,1.0000091777165518,0.0,0.9999962789609053,0.9999962789609053,0.999994405088983,0.999994405088983,0.9961948508696707,0.9961948508696707,0.0,0.0,0.0,0.0,0.0,False,0,0.9999962789609053,0.9999962789609053,0.0,1.8738719222901032e-06,1.8738719222901032e-06,0.0,6.083571430850159e-07,6.083571430850159e-07,0.0,2.699568458125864e-07,2.699568458125864e-07,0.0,3.05901182227332e-07,3.05901182227332e-07,0.0,3.2563011345741735e-07,3.2563011345741735e-07,0.0,1.637371037846497e-07,1.637371037846497e-07,0.0,3.8890971007248036e-08,3.8890971007248036e-08,0.0,4.139922313915065e-08,4.139922313915065e-08,0.0,9.3294589507678e-08,9.3294589507678e-08,0.0
pccv3_n01_row_r05,1,row,5,33,1,L33H1,0.5,1,1,True,True,-0.0038161089178174734,-0.004043380729854107,-0.0002272718120366335,13.1875,13.1875,0.0,5.611151085005223e-05,5.554255885137456e-05,-5.689519986776693e-07,2.4368919533432123e-05,2.4121826819938584e-05,-2.4709271349353885e-07,1.0000091777165518,1.000009087505923,-9.021062874481345e-08,0.9999962789609053,0.9999963181755419,0.999994405088983,0.9999944443035461,0.9961948508696707,0.9959684325296365,-0.000226418340034229,7.84295141757752e-08,5.3869164420078635e-08,3.92147570878876e-08,3.063153791382959e-10,False,1,0.9999962789609053,0.9999963181755419,3.921463664902092e-08,1.8738719222901032e-06,1.8738719957735832e-06,7.348348000071534e-14,6.083571430850159e-07,5.714986694811458e-07,-3.685847360387006e-08,2.699568458125864e-07,2.699568563988854e-07,1.0586298984068064e-14,3.05901182227332e-07,3.0590119422318037e-07,1.1995848364478517e-14,3.2563011345741735e-07,3.256301262269314e-07,1.2769514070698728e-14,1.637371037846497e-07,1.637371102055646e-07,6.42091491310396e-15,3.8890971007248036e-08,3.653468762240874e-08,-2.356283384839294e-09,4.139922313915065e-08,4.139922476261219e-08,1.6234615359821124e-15,9.3294589507678e-08,9.329459316620505e-08,3.658527046274758e-15
pccv3_n01_row_r05,1,row,5,33,1,L33H1,1.5,1,1,True,True,-0.0038161089178174734,-0.003765874309465289,5.0234608352184296e-05,13.1875,13.1875,0.0,5.611151085005223e-05,5.4130321094561054e-05,-1.981189755491173e-06,2.4368919533432123e-05,2.3508499755019054e-05,-8.604197784130681e-07,1.0000091777165518,1.0000086500625587,-5.276539931653446e-07,0.9999962789609053,0.9999964104988806,0.999994405088983,0.9999945366267118,0.9961948508696707,0.9962447879129748,4.993704330402693e-05,2.630764429682309e-07,1.4410778565147604e-07,1.3153822148411544e-07,1.3436312780704579e-09,False,1,0.9999962789609053,0.9999964104988806,1.3153797528975275e-07,1.8738719222901032e-06,1.8738721687763392e-06,2.4648623592057005e-13,6.083571430850159e-07,5.714987222440053e-07,-3.685842084101061e-08,2.699568458125864e-07,2.536010207105515e-07,-1.6355825102034877e-08,3.05901182227332e-07,2.6995688132229543e-07,-3.594430090503657e-08,3.2563011345741735e-07,3.059012224651039e-07,-1.9728890992313473e-08,1.637371037846497e-07,1.5381679439536806e-07,-9.920309389281633e-09,3.8890971007248036e-08,3.4321165966956576e-08,-4.569805040291459e-09,4.139922313915065e-08,3.889097612290665e-08,-2.508247016244002e-09,9.3294589507678e-08,8.764216760164841e-08,-5.6524219060295945e-09
pccv3_n02_dense_r00,2,dense,0,33,1,L33H1,1.0,2,2,True,True,-0.0006497179274447262,-0.0006497179274447262,0.0,10.875,10.875,0.0,0.0003031579419528932,0.0003031579419528932,0.0,0.00013165982133528782,0.00013165982133528782,0.0,1.9999896592671884,1.9999896592671884,0.0,0.9999754436810648,0.9999754436810648,0.9999565186393915,0.9999565186393915,0.999375029157191,0.999375029157191,0.0,0.0,0.0,0.0,0.0,False,0,1.892504167328035e-05,1.892504167328035e-05,0.0,0.9999754436810648,0.9999754436810648,0.0,4.495091399653228e-06,4.495091399653228e-06,0.0,3.689795713548345e-07,3.689795713548345e-07,0.0,3.0589480866688055e-07,3.0589480866688055e-07,0.0,1.6373369226357767e-07,1.6373369226357767e-07,0.0,1.275159277500467e-07,1.275159277500467e-07,0.0,9.930950438581307e-08,9.930950438581307e-08,0.0,2.0816402971598312e-08,2.0816402971598312e-08,0.0,4.993595479783047e-08,4.993595479783047e-08,0.0
pccv3_n02_dense_r00,2,dense,0,33,1,L33H1,0.5,2,2,True,True,-0.0006497179274447262,-0.0007377525325864553,-8.803460514172912e-05,10.875,10.75,-0.125,0.0003031579419528932,0.00033552989022517346,3.237194827228026e-05,0.00013165982133528782,0.00014571877983839666,1.405895850310884e-05,1.9999896592671884,1.999987832751088,-1.8265161003672148e-06,0.9999754436810648,0.9999725324922539,0.9999565186393915,0.9999510876729892,0.999375029157191,0.9992899597351315,-8.506942205954715e-05,5.822377621698741e-06,3.861379298277232e-06,2.9111888108493704e-06,4.283074102904727e-08,False,1,1.892504167328035e-05,2.144481926467011e-05,2.5197775913897602e-06,0.9999754436810648,0.9999725324922539,-2.911188810905685e-06,4.495091399653228e-06,4.784985956879974e-06,2.898945572267465e-07,3.689795713548345e-07,3.9277556568586784e-07,2.3795994331033355e-08,3.0589480866688055e-07,3.2562238086336287e-07,1.9727572196482327e-08,1.6373369226357767e-07,1.8553403996393536e-07,2.180034770035769e-08,1.275159277500467e-07,1.444940556103142e-07,1.6978127860267485e-08,9.930950438581307e-08,1.125320836584758e-07,1.3222579272662732e-08,2.0816402971598312e-08,2.35880061546565e-08,2.771603183058189e-09,4.993595479783047e-08,5.315639243051769e-08,3.2204376326872253e-09
pccv3_n02_dense_r00,2,dense,0,33,1,L33H1,1.5,2,2,True,True,-0.0006497179274447262,-0.0006705658161081374,-2.084788866341114e-05,10.875,10.75,-0.125,0.0003031579419528932,0.0003360467134239628,3.2888771471069605e-05,0.00013165982133528782,0.00014594323330175045,1.4283411966462624e-05,1.9999896592671884,1.9999879697756844,-1.689491504031082e-06,0.9999754436810648,0.9999724987449845,0.9999565186393915,0.9999510539264436,0.999375029157191,0.9993571697410779,-1.785941611309738e-05,5.8898721609709504e-06,3.887104489575859e-06,2.9449360804854752e-06,4.3741590666180233e-08,False,1,1.892504167328035e-05,2.1444818540946137e-05,2.519776867665789e-06,0.9999754436810648,0.9999724987449845,-2.944936080329086e-06,4.495091399653228e-06,4.784985795395329e-06,2.898943957421013e-07,3.689795713548345e-07,3.927755524304009e-07,2.3795981075566424e-08,3.0589480866688055e-07,3.4662320843078217e-07,4.0728399763901624e-08,1.6373369226357767e-07,1.8553403370249616e-07,2.1800341438918487e-08,1.275159277500467e-07,1.5381311635283306e-07,2.6297188602786346e-08,9.930950438581307e-08,1.1253207986072095e-07,1.3222575474907874e-08,2.0816402971598312e-08,2.3588005358603836e-08,2.7716023870055242e-09,4.993595479783047e-08,5.658468328871826e-08,6.648728490887795e-09
pccv3_n02_dense_r01,2,dense,1,33,1,L33H1,1.0,2,2,True,True,-0.0009010545909404755,-0.0009010545909404755,0.0,9.0,9.0,0.0,0.0012818934814527888,0.0012818934814527888,0.0,0.0005567192653826946,0.0005567192653826946,0.0,1.9998826441714586,1.9998826441714586,0.0,0.9998733613254274,0.9998733613254274,0.9997499671497947,0.9997499671497947,0.9992259144590907,0.9992259144590907,0.0,0.0,0.0,0.0,0.0,False,0,0.00012339417563266076,0.00012339417563266076,0.0,0.9998733613254274,0.9998733613254274,0.0,2.2600431618608567e-06,2.2600431618608567e-06,0.0,2.873322438412151e-07,2.873322438412151e-07,0.0,2.699236632319443e-07,2.699236632319443e-07,0.0,9.92993663887163e-08,9.92993663887163e-08,0.0,1.444797255726094e-07,1.444797255726094e-07,0.0,8.232206615310996e-08,8.232206615310996e-08,0.0,2.844974479554475e-08,2.844974479554475e-08,0.0,7.264896839448369e-08,7.264896839448369e-08,0.0
pccv3_n02_dense_r01,2,dense,1,33,1,L33H1,0.5,2,2,True,True,-0.0009010545909404755,-0.0009788251481950283,-7.777055725455284e-05,9.0,9.0,0.0,0.0012818934814527888,0.001281852819953056,-4.0661499732790735e-08,0.0005567192653826946,0.0005567016063177348,-1.7659064959776004e-08,1.9998826441714586,1.9998826218024848,-2.2368973784381296e-08,0.9998733613254274,0.9998733638918298,0.9997499671497947,0.9997499697158804,0.9992259144590907,0.9991481775957851,-7.77368633055886e-05,8.803156495668685e-09,5.415440075993504e-09,4.401578247834343e-09,4.871411976120979e-11,False,1,0.00012339417563266076,0.00012339417594938,3.167192257156476e-13,0.9998733613254274,0.9998733638918298,2.566402423909153e-09,2.2600431618608567e-06,2.2600431676617715e-06,5.800914880149969e-15,2.873322438412151e-07,2.873322445787187e-07,7.375035933008796e-16,2.699236632319443e-07,2.699236639247648e-07,6.928204877508471e-16,9.92993663887163e-08,9.929936664359071e-08,2.548744108205259e-16,1.444797255726094e-07,1.4447972594344948e-07,3.7084007697255647e-16,8.232206615310996e-08,8.232206636440827e-08,2.112983111581058e-16,2.844974479554475e-08,3.0284595770216895e-08,1.834850974672145e-09,7.264896839448369e-08,6.824739008487377e-08,-4.401578309609911e-09
pccv3_n02_dense_r01,2,dense,1,33,1,L33H1,1.5,2,2,True,True,-0.0009010545909404755,-0.0008761619683355093,2.4892622604966164e-05,9.0,9.125,0.125,0.0012818934814527888,0.001148354808748884,-0.00013353867270390484,0.0005567192653826946,0.0004987241567067043,-5.799510867599022e-05,1.9998826441714586,1.9998968719569408,1.4227785482212596e-05,0.9998733613254274,0.9998880199697496,0.9997499671497947,0.9997791233955019,0.9992259144590907,0.9992361234488225,1.020898973180806e-05,2.931730581828424e-05,2.0617351850712763e-05,1.465865290914212e-05,2.2763572172331463e-07,False,1,0.00012339417563266076,0.00010889657424772355,-1.4497601384937217e-05,0.9998733613254274,0.9998880199697496,1.4658644322262937e-05,2.2600431618608567e-06,2.123145194690094e-06,-1.3689796717076253e-07,2.873322438412151e-07,2.8733645627583706e-07,4.212434621955009e-12,2.699236632319443e-07,2.699276204480544e-07,3.9572161100877105e-12,9.92993663887163e-08,9.328448949195507e-08,-6.014876896761224e-09,1.444797255726094e-07,1.3572813132783646e-07,-8.751594244772942e-09,8.232206615310996e-08,7.733555806342434e-08,-4.986508089685614e-09,2.844974479554475e-08,2.8450161883054176e-08,4.170875094261229e-13,7.264896839448369e-08,6.82483904506231e-08,-4.400577943860581e-09
pccv3_n02_dense_r02,2,dense,2,33,1,L33H1,1.0,2,2,True,True,-0.0010208638850599527,-0.0010208638850599527,0.0,10.75,10.75,0.0,0.00035326972526194585,0.00035326972526194585,0.0,0.00015342309230474086,0.00015342309230474086,0.0,1.9999905557237334,1.9999905557237334,0.0,0.9999712227829763,0.9999712227829763,0.999949777991799,0.999949777991799,0.9990083767672324,0.9990083767672324,0.0,0.0,0.0,0.0,0.0,False,0,2.1444791177419877e-05,2.1444791177419877e-05,0.0,0.9999712227829763,0.9999712227829763,0.0,5.422092333416035e-06,5.422092333416035e-06,0.0,7.338004016779253e-07,7.338004016779253e-07,0.0,5.043331488457469e-07,5.043331488457469e-07,0.0,1.974996988076221e-07,1.974996988076221e-07,0.0,2.237964781850211e-07,2.237964781850211e-07,0.0,1.3573942555492482e-07,1.3573942555492482e-07,0.0,4.691029023189268e-08,4.691029023189268e-08,0.0,6.825406954465192e-08,6.825406954465192e-08,0.0
pccv3_n02_dense_r02,2,dense,2,33,1,L33H1,0.5,2,2,True,True,-0.0010208638850599527,-0.0011363723315298557,-0.00011550844646990299,10.75,10.625,-0.125,0.00035326972526194585,0.0003822669460993006,2.8997220837354758e-05,0.00015342309230474086,0.00016601642530493404,1.2593333000193182e-05,1.9999905557237334,1.999987384277861,-3.1714458723630656e-06,0.9999712227829763,0.9999684709108871,0.999949777991799,0.9999441708458109,0.9990083767672324,0.9988957873711044,-0.00011258939612801555,5.710547797487868e-06,3.965934274258787e-06,2.855273898743934e-06,4.5392208077634554e-08,False,1,2.1444791177419877e-05,2.4300065076255173e-05,2.855273898835296e-06,0.9999712227829763,0.9999684709108871,-2.75187208920169e-06,5.422092333416035e-06,5.4220774120820825e-06,-1.492133395229018e-11,7.338004016779253e-07,6.893397857992903e-07,-4.446061587863503e-08,5.043331488457469e-07,4.737758442239175e-07,-3.055730462182938e-08,1.974996988076221e-07,1.8553328638163673e-07,-1.1966412425985365e-08,2.237964781850211e-07,2.102367564557561e-07,-1.3559721729264998e-08,1.3573942555492482e-07,1.3573905200663857e-07,-3.735482862562689e-13,4.691029023189268e-08,4.4068018150838556e-08,-2.842272081054125e-09,6.825406954465192e-08,6.825388171277768e-08,-1.8783187423723395e-13
pccv3_n02_dense_r02,2,dense,2,33,1,L33H1,1.5,2,2,True,True,-0.0010208638850599527,-0.0010287236655130982,-7.859780453145504e-06,10.75,10.75,0.0,0.00035326972526194585,0.0003526650829104143,-6.046423515315268e-07,0.00015342309230474086,0.0001531604994679457,-2.625928367951493e-07,1.9999905557237334,1.9999904315127504,-1.2421098305459566e-07,0.9999712227829763,0.9999712637438434,0.999949777991799,0.9999498189517876,0.9990083767672324,0.9990005274125267,-7.849354705768974e-06,9.072804925175509e-08,5.274560433174317e-08,4.5364024625877544e-08,3.8873389502785183e-10,False,1,2.1444791177419877e-05,2.1444792055842395e-05,8.784225178303483e-13,0.9999712227829763,0.9999712637438434,4.096086703153645e-08,5.422092333416035e-06,5.422092555516029e-06,2.2209999410351816e-13,7.338004016779253e-07,7.338004317358909e-07,3.005796564389986e-14,5.043331488457469e-07,4.73777167442429e-07,-3.055598140331787e-08,1.974996988076221e-07,1.8553380456145113e-07,-1.1965894246170964e-08,2.237964781850211e-07,2.237964873521827e-07,9.167161587741386e-15,1.3573942555492482e-07,1.357394311150894e-07,5.560164584906231e-15,4.691029023189268e-08,4.406814122933252e-08,-2.8421490025601615e-09,6.825406954465192e-08,7.265608180501781e-08,4.40201226036589e-09
pccv3_n02_dense_r03,2,dense,3,33,1,L33H1,1.0,2,2,True,True,-0.0005465444410219789,-0.0005465444410219789,0.0,9.875,9.875,0.0,0.0006393109287707913,0.0006393109287707913,0.0,0.0002776492085855975,0.0002776492085855975,0.0,1.9999575131804967,1.9999575131804967,0.0,0.9999428322335847,0.9999428322335847,0.9998913903143928,0.9998913903143928,0.9995107440184228,0.9995107440184228,0.0,0.0,0.0,0.0,0.0,False,0,5.144191919195226e-05,5.144191919195226e-05,0.0,0.9999428322335847,0.9999428322335847,0.0,4.4949448046162955e-06,4.4949448046162955e-06,0.0,4.450598055123326e-07,4.450598055123326e-07,0.0,2.6994241744897143e-07,2.6994241744897143e-07,0.0,1.637283525397477e-07,1.637283525397477e-07,0.0,1.4448976398160605e-07,1.4448976398160605e-07,0.0,1.2751176916894656e-07,1.2751176916894656e-07,0.0,2.358730556552878e-08,2.358730556552878e-08,0.0,5.658300457239962e-08,5.658300457239962e-08,0.0
pccv3_n02_dense_r03,2,dense,3,33,1,L33H1,0.5,2,2,True,True,-0.0005465444410219789,-0.0005905076395720243,-4.396319855004549e-05,9.875,9.875,0.0,0.0006393109287707913,0.0006313704249180678,-7.94050385272355e-06,0.0002776492085855975,0.00027420069157882816,-3.448517006769344e-06,1.9999575131804967,1.9999566921049867,-8.210755100268585e-07,0.9999428322335847,0.9999434533133151,0.9998913903143928,0.9998920113621719,0.9995107440184228,0.9994661921008738,-4.455191754892951e-05,1.242223572431141e-06,8.172548666835582e-07,6.211117862155705e-07,9.433235692437197e-09,False,1,5.144191919195226e-05,5.144195114331215e-05,3.195135989282876e-11,0.9999428322335847,0.9999434533133151,6.210797304229132e-07,4.4949448046162955e-06,3.966777331186916e-06,-5.281674734293791e-07,4.450598055123326e-07,3.927641437811792e-07,-5.2295661731153435e-08,2.6994241744897143e-07,2.5358759066603103e-07,-1.6354826782940393e-08,1.637283525397477e-07,1.5380864866160507e-07,-9.919703878142648e-09,1.4448976398160605e-07,1.4448985372640022e-07,8.974479416990616e-14,1.2751176916894656e-07,1.197862960208126e-07,-7.725473148133959e-09,2.358730556552878e-08,2.3587320215963697e-08,1.4650434917210925e-14,5.658300457239962e-08,4.993435728904362e-08,-6.648647283355998e-09
pccv3_n02_dense_r03,2,dense,3,33,1,L33H1,1.5,2,2,True,True,-0.0005465444410219789,-0.0005484507419168949,-1.9063008949160576e-06,9.875,10.0,0.125,0.0006393109287707913,0.0005792539094601184,-6.005701931067293e-05,0.0002776492085855975,0.0002515667764994152,-2.608243208618229e-05,1.9999575131804967,1.999963557545059,6.044364562196591e-06,0.9999428322335847,0.9999488765094063,0.9998913903143928,0.9999034789006467,0.9995107440184228,0.9995027949473805,-7.949071042290257e-06,1.2088620864554254e-05,8.547921315223651e-06,6.044310432277127e-06,9.438092150363508e-08,False,1,5.144191919195226e-05,4.539760875960269e-05,-6.04431043234957e-06,0.9999428322335847,0.9999488765094063,6.044275821626144e-06,4.4949448046162955e-06,4.4949719748557594e-06,2.717023946392891e-11,4.450598055123326e-07,4.45062495730348e-07,2.6902180153921533e-12,2.6994241744897143e-07,2.699440491486791e-07,1.631699707646917e-12,1.637283525397477e-07,1.6372934221564786e-07,9.896759001452978e-13,1.4448976398160605e-07,1.444906373675225e-07,8.73385916433299e-13,1.2751176916894656e-07,1.2751253992931257e-07,7.707603660057724e-13,2.358730556552878e-08,2.358744814186028e-08,1.425763314997646e-13,5.658300457239962e-08,5.658334659523875e-08,3.420228391282152e-13
pccv3_n02_dense_r04,2,dense,4,33,1,L33H1,1.0,2,2,True,True,-0.001091004116460681,-0.001091004116460681,0.0,11.0,11.0,0.0,0.0003090204855533958,0.0003090204855533958,0.0,0.00013420589167090333,0.00013420589167090333,0.0,1.999994884433873,1.999994884433873,0.0,0.9999752567680582,0.9999752567680582,0.999958555480522,0.999958555480522,0.9989343094912186,0.9989343094912186,0.0,0.0,0.0,0.0,0.0,False,0,1.6701287536189182e-05,1.6701287536189182e-05,0.0,0.9999752567680582,0.9999752567680582,0.0,6.540318171918778e-06,6.540318171918778e-06,0.0,6.083443540362455e-07,6.083443540362455e-07,0.0,3.9277663574422975e-07,3.9277663574422975e-07,0.0,1.637336616588694e-07,1.637336616588694e-07,0.0,1.637336616588694e-07,1.637336616588694e-07,0.0,8.764031363617147e-08,8.764031363617147e-08,0.0,3.22410696045647e-08,3.22410696045647e-08,0.0,5.315653724716919e-08,5.315653724716919e-08,0.0
pccv3_n02_dense_r04,2,dense,4,33,1,L33H1,0.5,2,2,True,True,-0.001091004116460681,-0.001358658540993929,-0.00026765442453324795,11.0,10.875,-0.125,0.0003090204855533958,0.00034029270528934777,3.1272219735951976e-05,0.00013420589167090333,0.00014778724413909325,1.358135246818992e-05,1.999994884433873,1.9999935606801853,-1.3237536877763745e-06,0.9999752567680582,0.9999724837206362,0.999958555480522,0.9999535587349817,0.9989343094912186,0.9986697454729949,-0.000264564018223723,5.546094844206027e-06,3.579920957412814e-06,2.7730474221030134e-06,3.947857620442165e-08,False,1,1.6701287536189182e-05,1.8924985654530268e-05,2.2236981183410855e-06,0.9999752567680582,0.9999724837206362,-2.7730474220222234e-06,6.540318171918778e-06,6.962113146766158e-06,4.217949748473799e-07,6.083443540362455e-07,6.475773981732993e-07,3.9233044137053735e-08,3.9277663574422975e-07,4.1810739287859895e-07,2.53307571343692e-08,1.637336616588694e-07,1.8553403091489154e-07,2.1800369256022126e-08,1.637336616588694e-07,1.8553403091489154e-07,2.1800369256022126e-08,8.764031363617147e-08,9.930921042639134e-08,1.166889679021987e-08,3.22410696045647e-08,3.653381683483802e-08,4.292747230273318e-09,5.315653724716919e-08,5.6584682438546886e-08,3.428145191377697e-09
pccv3_n02_dense_r04,2,dense,4,33,1,L33H1,1.5,2,2,True,True,-0.001091004116460681,-0.0012288884026929736,-0.00013788428623229265,11.0,11.0,0.0,0.0003090204855533958,0.0003170641206063503,8.043635052954509e-06,0.00013420589167090333,0.00013769919798884504,3.493306317941717e-06,1.999994884433873,1.9999959945319379,1.1100980648048875e-06,0.9999752567680582,0.9999746326741633,0.999958555480522,0.9999579313970506,0.9989343094912186,0.9987971831074844,-0.0001371263837341985,1.2482086367788603e-06,7.601932576553724e-07,6.241043183894302e-07,6.505432832194564e-09,False,1,1.6701287536189182e-05,1.6701277112759685e-05,-1.0423429497595548e-11,0.9999752567680582,0.9999746326741633,-6.240938948964825e-07,6.540318171918778e-06,6.962128108435451e-06,4.218099365166727e-07,6.083443540362455e-07,6.893440334817928e-07,8.099967944554732e-08,3.9277663574422975e-07,4.45073959419379e-07,5.229732367514925e-08,1.637336616588694e-07,1.8553442962987283e-07,2.180076797100342e-08,1.637336616588694e-07,1.8553442962987283e-07,2.180076797100342e-08,8.764031363617147e-08,9.93094238431418e-08,1.1669110206970329e-08,3.22410696045647e-08,3.8890129159005386e-08,6.6490595544406865e-09,5.315653724716919e-08,6.023421035926232e-08,7.077673112093128e-09
pccv3_n02_dense_r05,2,dense,5,33,1,L33H1,1.0,2,2,True,True,-0.0008810452418401837,-0.0008810452418401837,0.0,11.0,11.0,0.0,0.0003945097905306555,0.0003945097905306555,0.0,0.0001713334250842714,0.0001713334250842714,0.0,2.0000039346624168,2.0000039346624168,0.0,0.9999680658652284,0.9999680658652284,0.9999513646977924,0.9999513646977924,0.9991512484038871,0.9991512484038871,0.0,0.0,0.0,0.0,0.0,False,0,1.6701167435881706e-05,1.6701167435881706e-05,0.0,0.9999680658652284,0.9999680658652284,0.0,1.300688227727132e-05,1.300688227727132e-05,0.0,8.315021649533856e-07,8.315021649533856e-07,0.0,6.083399793828655e-07,6.083399793828655e-07,0.0,2.699492294659261e-07,2.699492294659261e-07,0.0,2.38229358858778e-07,2.38229358858778e-07,0.0,1.538124344990315e-07,1.538124344990315e-07,0.0,4.691014213570308e-08,4.691014213570308e-08,0.0,7.734174915070001e-08,7.734174915070001e-08,0.0
pccv3_n02_dense_r05,2,dense,5,33,1,L33H1,0.5,2,2,True,True,-0.0008810452418401837,-0.0008799732895568013,1.0719522833824158e-06,11.0,11.0,0.0,0.0003945097905306555,0.0003769995089985684,-1.7510281532087126e-05,0.0001713334250842714,0.00016372880643831356,-7.604618645957843e-06,2.0000039346624168,2.0000023129156848,-1.62174673201676e-06,0.9999680658652284,0.9999696081722326,0.9999513646977924,0.9999529069790375,0.9991512484038871,0.9991507802761248,-4.681277623319602e-07,3.084671680657976e-06,2.171316675736101e-06,1.542335840328988e-06,2.3974034516658067e-08,False,1,1.6701167435881706e-05,1.670119319503182e-05,2.5759150112822328e-11,0.9999680658652284,0.9999696081722326,1.5423070042208664e-06,1.300688227727132e-05,1.1478551025962112e-05,-1.5283312513092088e-06,8.315021649533856e-07,8.315034474259532e-07,1.2824725676139728e-12,6.083399793828655e-07,6.083409176598397e-07,9.382769741766162e-13,2.699492294659261e-07,2.699496458238095e-07,4.1635788341128505e-13,2.38229358858778e-07,2.382297262933205e-07,3.6743454249459123e-13,1.538124344990315e-07,1.4449363305184778e-07,-9.318801447183737e-09,4.691014213570308e-08,4.691021448785437e-08,7.235215129070732e-14,7.734174915070001e-08,7.265596151421473e-08,-4.685787636485281e-09
pccv3_n02_dense_r05,2,dense,5,33,1,L33H1,1.5,2,2,True,True,-0.0008810452418401837,-0.0009112972766160965,-3.025203477591276e-05,11.0,11.0,0.0,0.0003945097905306555,0.0003986040380307959,4.094247500140396e-06,0.0001713334250842714,0.00017311153418112857,1.7781090968571676e-06,2.0000039346624168,2.0000048645406023,9.298781855626714e-07,0.9999680658652284,0.9999677832549582,0.9999513646977924,0.9999510820922424,0.9991512484038871,0.9991213102540542,-2.9938149832986483e-05,5.652373325710974e-07,3.1811709251904864e-07,2.826186662855487e-07,4.312022961214254e-09,False,1,1.6701167435881706e-05,1.6701162715809534e-05,-4.720072172470415e-12,0.9999680658652284,0.9999677832549582,-2.826102701858346e-07,1.300688227727132e-05,1.3006878601275417e-05,-3.675995903954323e-12,8.315021649533856e-07,9.422151256503957e-07,1.1071296069701013e-07,6.083399793828655e-07,6.893393117557534e-07,8.09993323728879e-08,2.699492294659261e-07,3.0589246532475846e-07,3.594323585883235e-08,2.38229358858778e-07,2.699491531730651e-07,3.171979431428709e-08,1.538124344990315e-07,1.637324379629259e-07,9.920003463894385e-09,4.691014213570308e-08,4.99355722577449e-08,3.0254301220418177e-09,7.734174915070001e-08,8.763965863893267e-08,1.0297909488232667e-08
pccv3_n02_distractors_r00,2,distractors,0,33,1,L33H1,1.0,2,2,True,True,-0.014595759101212025,-0.014595759101212025,0.0,10.0,10.0,0.0,0.000956579734077107,0.000956579734077107,0.0,0.00041543730001016753,0.00041543730001016753,0.0,2.0000181862053883,2.0000181862053883,0.0,0.9999171589616649,0.9999171589616649,0.9998717627928797,0.9998717627928797,0.985591877522026,0.985591877522026,0.0,0.0,0.0,0.0,0.0,False,0,4.539616878516299e-05,4.539616878516299e-05,0.0,0.9999171589616649,0.9999171589616649,0.0,2.7534168201690963e-05,2.7534168201690963e-05,0.0,3.0892480552938505e-06,3.0892480552938505e-06,0.0,1.994568454670706e-06,1.994568454670706e-06,0.0,1.994568454670706e-06,1.994568454670706e-06,0.0,1.760200483239841e-06,1.760200483239841e-06,0.0,6.083090096892108e-07,6.083090096892108e-07,0.0,2.5358092236767777e-07,2.5358092236767777e-07,0.0,2.1022596845784845e-07,2.1022596845784845e-07,0.0
pccv3_n02_distractors_r00,2,distractors,0,33,1,L33H1,0.5,2,2,True,True,-0.014595759101212025,-0.014598107896745205,-2.348795533180237e-06,10.0,10.0,0.0,0.000956579734077107,0.0009310787076188547,-2.5501026458252295e-05,0.00041543730001016753,0.00040436234493647973,-1.1074955073687802e-05,2.0000181862053883,2.000014333976597,-3.852228791512147e-06,0.9999171589616649,0.9999194274488313,0.9998717627928797,0.999874031177057,0.985591877522026,0.9855873167711167,-4.5607509093770204e-06,4.537180311623827e-06,2.829510398332497e-06,2.2685901558119134e-06,1.7720476809649623e-08,False,1,4.539616878516299e-05,4.5396271774321015e-05,1.0298915802749338e-10,0.9999171589616649,0.9999194274488313,2.2684871664457873e-06,2.7534168201690963e-05,2.5866015963825293e-05,-1.66815223786567e-06,3.0892480552938505e-06,2.9020865612907703e-06,-1.871614940030802e-07,1.994568454670706e-06,1.873727911863574e-06,-1.2084054280713205e-07,1.994568454670706e-06,1.873727911863574e-06,-1.2084054280713205e-07,1.760200483239841e-06,1.6535590785059058e-06,-1.0664140473393522e-07,6.083090096892108e-07,5.714547263713445e-07,-3.685428331786636e-08,2.5358092236767777e-07,2.3821777138998806e-07,-1.5363150977689703e-08,2.1022596845784845e-07,1.97489468950342e-07,-1.273649950750646e-08
pccv3_n02_distractors_r00,2,distractors,0,33,1,L33H1,1.5,2,2,True,True,-0.014595759101212025,-0.014618314802646637,-2.2555701434612274e-05,10.0,10.0625,0.0625,0.000956579734077107,0.0009379930785687668,-1.8586655508340223e-05,0.00041543730001016753,0.0004073652180858587,-8.072081924308835e-06,2.0000181862053883,2.00002351215547,5.325950081846997e-06,0.9999171589616649,0.9999192282611725,0.9998717627928797,0.9998765824189599,0.985591877522026,0.9855676035413978,-2.4273980628208847e-05,5.5006531446060106e-06,3.4552849394502898e-06,2.7503265723030053e-06,2.7434710495636175e-08,False,1,4.539616878516299e-05,4.26458422126162e-05,-2.7503265725467886e-06,0.9999171589616649,0.9999192282611725,2.069299507634348e-06,2.7534168201690963e-05,2.7534225182852045e-05,5.698116108186595e-11,3.0892480552938505e-06,3.2884942425122805e-06,1.9924618721842997e-07,1.994568454670706e-06,2.123211461844661e-06,1.286430071739549e-07,1.994568454670706e-06,2.123211461844661e-06,1.286430071739549e-07,1.760200483239841e-06,1.8737275386100241e-06,1.1352705537018309e-07,6.083090096892108e-07,6.893058398113978e-07,8.099683012218692e-08,2.5358092236767777e-07,2.699360453713196e-07,1.635512300364183e-08,2.1022596845784845e-07,2.2378484165928965e-07,1.3558873201441202e-08
pccv3_n02_distractors_r01,2,distractors,1,33,1,L33H1,1.0,2,2,True,True,-0.010901536792516708,-0.010901536792516708,0.0,5.875,5.875,0.0,0.019542843064997956,0.019542843064997956,0.0,0.008487348903829845,0.008487348903829845,0.0,1.9972404168237554,1.9972404168237554,0.0,0.9971771131188554,0.9971771131188554,0.9943762478326135,0.9943762478326135,0.9919578617887908,0.9919578617887908,0.0,0.0,0.0,0.0,0.0,False,0,0.0028008652862419516,0.0028008652862419516,0.0,0.9971771131188554,0.9971771131188554,0.0,1.564550537456316e-05,1.564550537456316e-05,0.0,1.7553770536453123e-06,1.7553770536453123e-06,0.0,1.2064518292061084e-06,1.2064518292061084e-06,0.0,9.39585629323646e-07,9.39585629323646e-07,0.0,1.06469000239191e-06,1.06469000239191e-06,0.0,7.317500238798942e-07,7.317500238798942e-07,0.0,3.9167756310075745e-07,3.9167756310075745e-07,0.0,2.865574266722486e-07,2.865574266722486e-07,0.0
pccv3_n02_distractors_r01,2,distractors,1,33,1,L33H1,0.5,2,2,True,True,-0.010901536792516708,-0.011278681457042694,-0.0003771446645259857,5.875,5.75,-0.125,0.019542843064997956,0.02170237184590182,0.0021595287809038632,0.008487348903829845,0.009425220336887648,0.000937871433057803,1.9972404168237554,1.996868307551162,-0.00037210927259345716,0.9971771131188554,0.9968054216842633,0.9943762478326135,0.9936328085302699,0.9919578617887908,0.9919535442160452,-4.317572745549114e-06,0.000743616186012483,0.0005256909829797506,0.0003718080930062415,5.806140988228162e-06,False,1,0.0028008652862419516,0.0031726131539933943,0.0003717478677514427,0.9971771131188554,0.9968054216842633,-0.00037169143459203635,1.564550537456316e-05,1.5639673611819028e-05,-5.831762744133511e-09,1.7553770536453123e-06,1.7547227479991683e-06,-6.543056461440441e-10,1.2064518292061084e-06,1.2060021319504611e-06,-4.4969725564724244e-10,9.39585629323646e-07,9.998108839745736e-07,6.022525465092755e-08,1.06469000239191e-06,9.998108839745736e-07,-6.487911841733638e-08,7.317500238798942e-07,6.87159301374249e-07,-4.459072250564519e-08,3.9167756310075745e-07,3.915315677771473e-07,-1.459953236101437e-10,2.865574266722486e-07,2.8645061421174233e-07,-1.0681246050629178e-10
pccv3_n02_distractors_r01,2,distractors,1,33,1,L33H1,1.5,2,2,True,True,-0.010901536792516708,-0.009076288901269436,0.0018252478912472725,5.875,6.125,0.25,0.019542843064997956,0.015794389660812508,-0.003748453404185448,0.008487348903829845,0.006859416274720645,-0.0016279326291092,1.9972404168237554,1.9978524126246489,0.000611995800893439,0.9971771131188554,0.9977988941426282,0.9943762478326135,0.9956162179239585,0.9919578617887908,0.9931508003615761,0.0011929385727853514,0.0012435620475459523,0.0008767990927897776,0.0006217810237729762,1.9349941462226335e-05,False,1,0.0028008652862419516,0.002182676218669704,-0.0006181890675722476,0.9971771131188554,0.9977988941426282,0.0006217810237728605,1.564550537456316e-05,1.2978667215012674e-05,-2.666838159550487e-06,1.7553770536453123e-06,1.4561661046227515e-06,-2.9921094902256077e-07,1.2064518292061084e-06,1.0008073518460302e-06,-2.0564447736007823e-07,9.39585629323646e-07,8.296984363693762e-07,-1.0988719295426988e-07,1.06469000239191e-06,9.401714996839233e-07,-1.245185027079867e-07,7.317500238798942e-07,6.461697919575904e-07,-8.558023192230384e-08,3.9167756310075745e-07,3.2491457612718977e-07,-6.676298697356768e-08,2.865574266722486e-07,2.5304372631916896e-07,-3.3513700353079664e-08
pccv3_n02_distractors_r02,2,distractors,2,33,1,L33H1,1.0,2,2,True,True,-0.009069200605154037,-0.009069200605154037,0.0,10.3125,10.3125,0.0,0.000582374949056782,0.000582374949056782,0.0,0.0002529222267740478,0.0002529222267740478,0.0,1.9999954654001295,1.9999954654001295,0.0,0.9999511459080683,0.9999511459080683,0.9999179322326043,0.9999179322326043,0.9910202190549455,0.9910202190549455,0.0,0.0,0.0,0.0,0.0,False,0,3.321367546408351e-05,3.321367546408351e-05,0.0,0.9999511459080683,0.9999511459080683,0.0,1.0782901689454193e-05,1.0782901689454193e-05,0.0,1.653611531078371e-06,1.653611531078371e-06,0.0,9.421994491854607e-07,9.421994491854607e-07,0.0,7.337856688350832e-07,7.337856688350832e-07,0.0,8.31488095523081e-07,8.31488095523081e-07,0.0,3.689706057528072e-07,3.689706057528072e-07,0.0,1.6372971380179479e-07,1.6372971380179479e-07,0.0,1.6372971380179479e-07,1.6372971380179479e-07,0.0
pccv3_n02_distractors_r02,2,distractors,2,33,1,L33H1,0.5,2,2,True,True,-0.009069200605154037,-0.009067429229617119,1.7713755369186401e-06,10.3125,10.25,-0.0625,0.000582374949056782,0.0006032709145337916,2.0895965477009588e-05,0.0002529222267740478,0.00026199722927475395,9.075002500706121e-06,1.9999954654001295,1.9999930179327727,-2.447467356780919e-06,0.9999511459080683,0.9999490833548419,0.9999179322326043,0.9999137276542768,0.9910202190549455,0.9910239918185937,3.7727636481577065e-06,4.284050202106137e-06,2.9742488157447766e-06,2.1420251010530686e-06,1.7352390283285405e-08,False,1,3.321367546408351e-05,3.5355700565085506e-05,2.1420251010019934e-06,0.9999511459080683,0.9999490833548419,-2.062553226434005e-06,1.0782901689454193e-05,1.078287944805894e-05,-2.2241395252359806e-11,1.653611531078371e-06,1.6536081202499395e-06,-3.4108284315562338e-12,9.421994491854607e-07,8.851126446555848e-07,-5.7086804529875903e-08,7.337856688350832e-07,7.337841552891415e-07,-1.5135459417280677e-12,8.31488095523081e-07,8.314863804508385e-07,-1.715072242461443e-12,3.689706057528072e-07,3.4661509188990917e-07,-2.2355513862898005e-08,1.6372971380179479e-07,1.6372937608404643e-07,-3.377177483546067e-13,1.6372971380179479e-07,1.6372937608404643e-07,-3.377177483546067e-13
pccv3_n02_distractors_r02,2,distractors,2,33,1,L33H1,1.5,2,2,True,True,-0.009069200605154037,-0.008940664120018482,0.00012853648513555527,10.3125,10.375,0.0625,0.000582374949056782,0.0005539567760098434,-2.8418173046938647e-05,0.0002529222267740478,0.00024058037103399064,-1.234185574005718e-05,1.9999954654001295,1.9999968738289733,1.4084288437743453e-06,0.9999511459080683,0.9999538215039715,0.9999179322326043,0.9999226200598902,0.9910202190549455,0.9911449483749806,0.0001247293200350441,5.419926495790862e-06,3.411350484985777e-06,2.709963247895431e-06,2.143651922121958e-08,False,1,3.321367546408351e-05,3.120144408131871e-05,-2.0122313827648027e-06,0.9999511459080683,0.9999538215039715,2.6755959031676824e-06,1.0782901689454193e-05,1.0129625806143698e-05,-6.532758833104952e-07,1.653611531078371e-06,1.6536159556907694e-06,4.424612398422524e-12,9.421994491854607e-07,9.422019702536114e-07,2.521068150722057e-12,7.337856688350832e-07,6.89329687061861e-07,-4.4455981773222227e-08,8.31488095523081e-07,8.314903203579152e-07,2.2248348342112392e-12,3.689706057528072e-07,3.9276821626499037e-07,2.3797610512183195e-08,1.6372971380179479e-07,1.6373015189774903e-07,4.3809595424873083e-13,1.6372971380179479e-07,1.742898394529333e-07,1.0560125651138513e-08
pccv3_n02_distractors_r03,2,distractors,3,33,1,L33H1,1.0,2,2,True,True,-0.01670820079743862,-0.01670820079743862,0.0,10.75,10.75,0.0,0.0006303877271087358,0.0006303877271087358,0.0,0.00027377391134285686,0.00027377391134285686,0.0,2.0000416377902814,2.0000416377902814,0.0,0.9999486372179449,0.9999486372179449,0.9999271929111242,0.9999271929111242,0.983481138333687,0.983481138333687,0.0,0.0,0.0,0.0,0.0,False,0,1.8924534347390632e-05,1.8924534347390632e-05,0.0,0.9999486372179449,0.9999486372179449,0.0,2.1444306820755716e-05,2.1444306820755716e-05,0.0,3.288590961509466e-06,3.288590961509466e-06,0.0,1.8737826474334458e-06,1.8737826474334458e-06,0.0,3.5006868561741826e-06,3.5006868561741826e-06,0.0,1.4593033931267776e-06,1.4593033931267776e-06,0.0,6.083281597825289e-07,6.083281597825289e-07,0.0,1.357363597150753e-07,1.357363597150753e-07,0.0,1.2751250941509054e-07,1.2751250941509054e-07,0.0
pccv3_n02_distractors_r03,2,distractors,3,33,1,L33H1,0.5,2,2,True,True,-0.01670820079743862,-0.01650771126151085,0.00020048953592777252,10.75,10.6875,-0.0625,0.0006303877271087358,0.0006749923604191704,4.460463331043465e-05,0.00027377391134285686,0.0002931454574568966,1.9371546114039747e-05,2.0000416377902814,2.000040624413316,-1.0133769654530056e-06,0.9999486372179449,0.9999445269614979,0.9999271929111242,0.9999216997095429,0.983481138333687,0.9836823640240624,0.00020122569037539506,8.471102731300921e-06,5.022381121772381e-06,4.2355513656504605e-06,5.372607522736832e-08,False,1,1.8924534347390632e-05,2.1444218674627925e-05,2.519684327237293e-06,0.9999486372179449,0.9999445269614979,-4.110256446976379e-06,2.1444306820755716e-05,2.282725195496431e-05,1.3829451342085958e-06,3.288590961509466e-06,3.5006724667143805e-06,2.120815052049144e-07,1.8737826474334458e-06,1.9946230465422877e-06,1.2084039910884191e-07,3.5006868561741826e-06,3.5006724667143805e-06,-1.438945980209214e-11,1.4593033931267776e-06,1.3708830351179005e-06,-8.842035800887714e-08,6.083281597825289e-07,5.714690707622516e-07,-3.6859089020277285e-08,1.357363597150753e-07,1.3573580177517034e-07,-5.579399049571245e-13,1.2751250941509054e-07,1.2751198527905557e-07,-5.241360349686193e-13
pccv3_n02_distractors_r03,2,distractors,3,33,1,L33H1,1.5,2,2,True,True,-0.01670820079743862,-0.014779248274862766,0.0019289525225758553,10.75,10.8125,0.0625,0.0006303877271087358,0.0005970541956548224,-3.33335314539134e-05,0.00027377391134285686,0.00025929734257007384,-1.4476568772783024e-05,2.0000416377902814,2.0000398402215724,-1.7975687089943904e-06,0.9999486372179449,0.9999516159904075,0.9999271929111242,0.9999314708684465,0.983481138333687,0.9853771256733808,0.001895987339693761,5.957558003683088e-06,3.460219703464452e-06,2.978779001841544e-06,2.32679245757543e-08,False,1,1.8924534347390632e-05,1.7778007732803308e-05,-1.1465266145873243e-06,0.9999486372179449,0.9999516159904075,2.9787724625807144e-06,2.1444306820755716e-05,2.0145121961036147e-05,-1.2991848597195685e-06,3.288590961509466e-06,3.089354510421738e-06,-1.9923645108772796e-07,1.8737826474334458e-06,1.7602611395433158e-06,-1.1352150789013002e-07,3.5006868561741826e-06,3.2886007579768368e-06,-2.1208609819734578e-07,1.4593033931267776e-06,1.4593077402828216e-06,4.34715604400216e-12,6.083281597825289e-07,6.083299719467773e-07,1.8121642483790736e-12,1.357363597150753e-07,1.275128892653524e-07,-8.223470449722897e-09,1.2751250941509054e-07,1.275128892653524e-07,3.798502618617106e-13
pccv3_n02_distractors_r04,2,distractors,4,33,1,L33H1,1.0,2,2,True,True,-0.004092888906598091,-0.004092888906598091,0.0,9.125,9.125,0.0,0.0011940271205740363,0.0011940271205740363,0.0,0.0005185593897081327,0.0005185593897081327,0.0,1.999903893976491,1.999903893976491,0.0,0.9998846651687427,0.9998846651687427,0.9997757689598623,0.9997757689598623,0.9960303495075777,0.9960303495075777,0.0,0.0,0.0,0.0,0.0,False,0,0.00010889620888047278,0.00010889620888047278,0.0,0.9998846651687427,0.9998846651687427,0.0,4.222364235218063e-06,4.222364235218063e-06,0.0,6.475205272990779e-07,6.475205272990779e-07,0.0,4.450339162097332e-07,4.450339162097332e-07,0.0,3.4659276243747425e-07,3.4659276243747425e-07,0.0,3.6894607511572533e-07,3.6894607511572533e-07,0.0,2.3820948972982242e-07,2.3820948972982242e-07,0.0,8.232299682670642e-08,8.232299682670642e-08,0.0,8.76323739635415e-08,8.76323739635415e-08,0.0
pccv3_n02_distractors_r04,2,distractors,4,33,1,L33H1,0.5,2,2,True,True,-0.004092888906598091,-0.004271550104022026,-0.00017866119742393494,9.125,9.125,0.0,0.0011940271205740363,0.0011937201601341198,-3.0696043991644724e-07,0.0005185593897081327,0.0005184260784829143,-1.33311225218374e-07,1.999903893976491,1.9999037649052736,-1.2907121749172745e-07,0.9998846651687427,0.9998846849082267,0.9997757689598623,0.9997757886971964,0.9960303495075777,0.9958523894542992,-0.00017796005327852527,3.9483508901629885e-08,2.5022595026606322e-08,1.9741754450814943e-08,1.5420741439486836e-10,False,1,0.00010889620888047278,0.00010889621103027569,2.1498029051381096e-12,0.9998846651687427,0.9998846849082267,1.973948393629854e-08,4.222364235218063e-06,4.2223643185749685e-06,8.335690536258322e-14,6.475205272990779e-07,6.475205400822733e-07,1.2783195399802339e-14,4.450339162097332e-07,4.450339249954864e-07,8.785753160095276e-15,3.4659276243747425e-07,3.4659276927982567e-07,6.842351417919788e-15,3.6894607511572533e-07,3.689460823993705e-07,7.283645154346116e-15,2.3820948972982242e-07,2.2377711075608179e-07,-1.4432378973740633e-08,8.232299682670642e-08,8.232299845190733e-08,1.6252009115218542e-15,8.76323739635415e-08,8.232299845190733e-08,-5.309375511634167e-09
pccv3_n02_distractors_r04,2,distractors,4,33,1,L33H1,1.5,2,2,True,True,-0.004092888906598091,-0.003649837803095579,0.000443051103502512,9.125,9.375,0.25,0.0011940271205740363,0.0009619072116707325,-0.00023211990890330378,0.0005185593897081327,0.0004177509941315423,-0.00010080839557659034,1.999903893976491,1.999926670080473,2.2776103981936302e-05,0.9998846651687427,0.9999094692670019,0.9997757689598623,0.9998246587104124,0.9960303495075777,0.9964469943719365,0.0004166448643587728,4.96081965182585e-05,3.4577726638763575e-05,2.480409825912925e-05,7.616263504138672e-07,False,1,0.00010889620888047278,8.48105565894607e-05,-2.408565229101208e-05,0.9998846651687427,0.9999094692670019,2.480409825911245e-05,4.222364235218063e-06,3.726315795435373e-06,-4.960484397826903e-07,6.475205272990779e-07,5.714490352627248e-07,-7.60714920363531e-08,4.450339162097332e-07,3.92750795311515e-07,-5.2283120898218226e-08,3.4659276243747425e-07,3.256018455017562e-07,-2.0990916935718057e-08,3.6894607511572533e-07,3.256018455017562e-07,-4.3344229613969136e-08,2.3820948972982242e-07,2.2378265756791157e-07,-1.4426832161910851e-08,8.232299682670642e-08,7.733721704256994e-08,-4.985779784136484e-09,8.76323739635415e-08,7.733721704256994e-08,-1.0295156920971562e-08
pccv3_n02_distractors_r05,2,distractors,5,33,1,L33H1,1.0,2,2,True,True,-0.006371659692376852,-0.006371659692376852,0.0,10.25,10.25,0.0,0.0005228876610475239,0.0005228876610475239,0.0,0.00022708722584823752,0.00022708722584823752,0.0,1.9999798342636024,1.9999798342636024,0.0,0.9999554179128187,0.9999554179128187,0.9999200619882795,0.9999200619882795,0.9936928895622543,0.9936928895622543,0.0,0.0,0.0,0.0,0.0,False,0,3.535592453922456e-05,3.535592453922456e-05,0.0,0.9999554179128187,0.9999554179128187,0.0,6.9619943294117805e-06,6.9619943294117805e-06,0.0,7.811141155802674e-07,7.811141155802674e-07,0.0,4.181002573418416e-07,4.181002573418416e-07,0.0,4.181002573418416e-07,4.181002573418416e-07,0.0,3.466172876551054e-07,3.466172876551054e-07,0.0,1.637304132900828e-07,1.637304132900828e-07,0.0,6.825299076690081e-08,6.825299076690081e-08,0.0,6.825299076690081e-08,6.825299076690081e-08,0.0
pccv3_n02_distractors_r05,2,distractors,5,33,1,L33H1,0.5,2,2,True,True,-0.006371659692376852,-0.007429351564496756,-0.0010576918721199036,10.25,10.0,-0.25,0.0005228876610475239,0.0006328851468778542,0.00010999748583033031,0.00022708722584823752,0.0002748585269675811,4.77713011193436e-05,1.9999798342636024,1.9999710763627419,-8.757900860523193e-06,0.9999554179128187,0.9999447196140956,0.9999200619882795,0.9998993221940587,0.9936928895622543,0.9926530502459201,-0.0010398393163342234,2.1396597446200988e-05,1.4679766169966705e-05,1.0698298723100494e-05,3.190489660159289e-07,False,1,3.535592453922456e-05,4.5397420036847554e-05,1.0041495497622995e-05,0.9999554179128187,0.9999447196140956,-1.0698298723132993e-05,6.9619943294117805e-06,7.410925098002777e-06,4.4893076859099677e-07,7.811141155802674e-07,8.314827518750852e-07,5.036863629481778e-08,4.181002573418416e-07,4.450606455575592e-07,2.6960388215717642e-08,4.181002573418416e-07,4.7376459107842726e-07,5.566433373658568e-08,3.466172876551054e-07,3.927646411668465e-07,4.61473535117411e-08,1.637304132900828e-07,1.742882530127487e-07,1.0557839722665885e-08,6.825299076690081e-08,7.73399434531379e-08,9.086952686237088e-09,6.825299076690081e-08,7.73399434531379e-08,9.086952686237088e-09
pccv3_n02_distractors_r05,2,distractors,5,33,1,L33H1,1.5,2,2,True,True,-0.006371659692376852,-0.0072182342410087585,-0.0008465745486319065,10.25,10.25,0.0,0.0005228876610475239,0.0005321067577386026,9.219096691078735e-06,0.00022708722584823752,0.00023109102866930554,4.0038028210680155e-06,1.9999798342636024,1.9999812854609382,1.4511973358555252e-06,0.9999554179128187,0.9999547030117873,0.9999200619882795,0.9999193471125253,0.9936928895622543,0.9928527191740812,-0.0008401703881730782,1.4298526168928154e-06,8.539626585773326e-07,7.149263084464077e-07,7.647341143104408e-09,False,1,3.535592453922456e-05,3.535589926211073e-05,-2.5277113830323404e-11,0.9999554179128187,0.9999547030117873,-7.149010313733939e-07,6.9619943294117805e-06,7.410999088305507e-06,4.4900475889372644e-07,7.811141155802674e-07,8.851176189382796e-07,1.0400350335801222e-07,4.181002573418416e-07,4.4506508902061713e-07,2.6964831678775543e-08,4.181002573418416e-07,4.737693211202308e-07,5.5669063778389196e-08,3.466172876551054e-07,3.689719182836436e-07,2.2354630628538203e-08,1.637304132900828e-07,1.9749643606389522e-07,3.3766022773812415e-08,6.825299076690081e-08,7.734071561123605e-08,9.08772484433524e-09,6.825299076690081e-08,8.232876321690277e-08,1.4075772450001956e-08
pccv3_n02_grid_r00,2,grid,0,33,1,L33H1,1.0,2,2,True,True,-0.0006652049487456679,-0.0006652049487456679,0.0,10.875,10.875,0.0,0.00037157205212313786,0.00037157205212313786,0.0,0.00016137169186654623,0.00016137169186654623,0.0,1.999997579858093,1.999997579858093,0.0,0.9999699657716028,0.9999699657716028,0.9999510408336018,0.9999510408336018,0.9993650061354877,0.9993650061354877,0.0,0.0,0.0,0.0,0.0,False,0,1.8924938001069687e-05,1.8924938001069687e-05,0.0,0.9999699657716028,0.9999699657716028,0.0,8.939507724402718e-06,8.939507724402718e-06,0.0,8.315037447800995e-07,8.315037447800995e-07,0.0,5.368591675365453e-07,5.368591675365453e-07,0.0,2.5359431427664876e-07,2.5359431427664876e-07,0.0,2.2379619686220696e-07,2.2379619686220696e-07,0.0,1.9749945054110998e-07,1.9749945054110998e-07,0.0,3.888994765795784e-08,3.888994765795784e-08,0.0,8.763984992010884e-08,8.763984992010884e-08,0.0
pccv3_n02_grid_r00,2,grid,0,33,1,L33H1,0.5,2,2,True,True,-0.0006652049487456679,-0.0006737822550348938,-8.577306289225817e-06,10.875,10.875,0.0,0.00037157205212313786,0.0003714856049935632,-8.64471295746838e-08,0.00016137169186654623,0.00016133414835519557,-3.754351135065812e-08,1.999997579858093,1.999997537379439,-4.2478653927702226e-08,0.9999699657716028,0.9999699710812734,0.9999510408336018,0.9999510461431719,0.9993650061354877,0.9993564771071028,-8.529028384884896e-06,1.0619659248374484e-08,7.50912063211704e-09,5.309829624187242e-09,4.1476404638912044e-11,False,1,1.8924938001069687e-05,1.892493810155789e-05,1.0048820431904186e-13,0.9999699657716028,0.9999699710812734,5.309670592090754e-09,8.939507724402718e-06,8.939507771869985e-06,4.746726727227358e-14,8.315037447800995e-07,8.31503749195243e-07,4.415143567453516e-15,5.368591675365453e-07,5.368591703871762e-07,2.8506309387109872e-15,2.5359431427664876e-07,2.5359431562319143e-07,1.3465426758102646e-15,2.2379619686220696e-07,2.2379619805052674e-07,1.1883197799993583e-15,1.9749945054110998e-07,1.9749945158979853e-07,1.0486885426966346e-15,3.888994765795784e-08,3.888994786445685e-08,2.0649900924407313e-16,8.763984992010884e-08,8.233002027512121e-08,-5.309829644987625e-09
pccv3_n02_grid_r00,2,grid,0,33,1,L33H1,1.5,2,2,True,True,-0.0006652049487456679,-0.0007427555974572897,-7.755064871162176e-05,10.875,10.875,0.0,0.00037157205212313786,0.00038954921089146634,1.7977158768328475e-05,0.00016137169186654623,0.00016917907271992995,7.807380853383717e-06,1.999997579858093,1.9999997774464902,2.197588397256922e-06,0.9999699657716028,0.9999684866333862,0.9999510408336018,0.9999495617233786,0.9993650061354877,0.9992889959000664,-7.601023542136431e-05,2.9583324202560394e-06,1.9038996081079986e-06,1.4791662101280197e-06,2.3096937512622518e-08,False,1,1.8924938001069687e-05,1.8924910007629883e-05,-2.7993439804288285e-11,0.9999699657716028,0.9999684866333862,-1.4791382165757483e-06,8.939507724402718e-06,1.0129774365277305e-05,1.1902666408745873e-06,8.315037447800995e-07,9.422157884055414e-07,1.1071204362544194e-07,5.368591675365453e-07,6.083402353611324e-07,7.148106782458711e-08,2.5359431427664876e-07,2.8735957987119563e-07,3.376526559454687e-08,2.2379619686220696e-07,2.535939391643408e-07,2.9797742302133824e-08,1.9749945054110998e-07,2.2379586582675706e-07,2.6296415285647074e-08,3.888994765795784e-08,4.406801884371978e-08,5.178071185761937e-09,8.763984992010884e-08,9.930881346788973e-08,1.1668963547780887e-08
pccv3_n02_grid_r01,2,grid,1,33,1,L33H1,1.0,2,2,True,True,-0.00037865620106458664,-0.00037865620106458664,0.0,10.375,10.375,0.0,0.00043803064016187637,0.00043803064016187637,0.0,0.00019023428992685182,0.00019023428992685182,0.0,1.999979222680804,1.999979222680804,0.0,0.9999629114198902,0.9999629114198902,0.9999317096921774,0.9999317096921774,0.9996584672116224,0.9996584672116224,0.0,0.0,0.0,0.0,0.0,False,0,3.1201727712919636e-05,3.1201727712919636e-05,0.0,0.9999629114198902,0.9999629114198902,0.0,4.222694657499647e-06,4.222694657499647e-06,0.0,5.714795774944459e-07,5.714795774944459e-07,0.0,3.689749470929233e-07,3.689749470929233e-07,0.0,2.3822813087935538e-07,2.3822813087935538e-07,0.0,1.538116416559268e-07,1.538116416559268e-07,0.0,1.9749805726867698e-07,1.9749805726867698e-07,0.0,2.845229279555398e-08,2.845229279555398e-08,0.0,1.0571309226335738e-07,1.0571309226335738e-07,0.0
pccv3_n02_grid_r01,2,grid,1,33,1,L33H1,0.5,2,2,True,True,-0.00037865620106458664,-0.0004204819560982287,-4.1825755033642054e-05,10.375,10.25,-0.125,0.00043803064016187637,0.000491244944308793,5.321430414691663e-05,0.00019023428992685182,0.00021334496857617903,2.3110678649327206e-05,1.999979222680804,1.9999764679088918,-2.75477191213902e-06,0.9999629114198902,0.9999579631883247,0.9999317096921774,0.9999226071737909,0.9996584672116224,0.9996216293464926,-3.683786512986842e-05,9.896463130674051e-06,6.486214291780269e-06,4.9482315653370255e-06,7.75952589911931e-08,False,1,3.1201727712919636e-05,3.5356014533805425e-05,4.154286820885789e-06,0.9999629114198902,0.9999579631883247,-4.9482315654936215e-06,4.222694657499647e-06,4.7849162410503515e-06,5.622215835507048e-07,5.714795774944459e-07,6.475679947460176e-07,7.608841725157166e-08,3.689749470929233e-07,4.1810132156963113e-07,4.9126374476707806e-08,2.3822813087935538e-07,2.873565557631441e-07,4.912842488378874e-08,1.538116416559268e-07,1.7429056133976993e-07,2.0478919683843135e-08,1.9749805726867698e-07,2.237935106490385e-07,2.629545338036151e-08,2.845229279555398e-08,3.224051202726054e-08,3.7882192317065584e-09,1.0571309226335738e-07,1.125304440993126e-07,6.817351835955216e-09
pccv3_n02_grid_r01,2,grid,1,33,1,L33H1,1.5,2,2,True,True,-0.00037865620106458664,-0.0003899767471011728,-1.1320546036586165e-05,10.375,10.25,-0.125,0.00043803064016187637,0.0004899550279553292,5.19243877934528e-05,0.00019023428992685182,0.00021278476502175294,2.2550475094901116e-05,1.999979222680804,1.9999761090253665,-3.1136554374811e-06,0.9999629114198902,0.9999580483535643,0.9999317096921774,0.9999226923360193,0.9996584672116224,0.9996520630697496,-6.40414187280669e-06,9.726132651704747e-06,6.421100668935416e-06,4.863066325852373e-06,7.538609685859298e-08,False,1,3.1201727712919636e-05,3.535601754503546e-05,4.154289832115821e-06,0.9999629114198902,0.9999580483535643,-4.8630663259663365e-06,4.222694657499647e-06,4.7849166485760205e-06,5.622219910763737e-07,5.714795774944459e-07,6.475680498986194e-07,7.608847240417342e-08,3.689749470929233e-07,3.927698765138331e-07,2.37949294209098e-08,2.3822813087935538e-07,2.5359129199642146e-07,1.5363161117066073e-08,1.538116416559268e-07,1.6373084399243482e-07,9.919202336508021e-09,1.9749805726867698e-07,2.102345651820217e-07,1.2736507913344723e-08,2.845229279555398e-08,3.0287160729725035e-08,1.834867934171055e-09,1.0571309226335738e-07,1.1253045368339771e-07,6.81736142004033e-09
pccv3_n02_grid_r02,2,grid,2,33,1,L33H1,1.0,2,2,True,True,-0.0004839917819481343,-0.0004839917819481343,0.0,10.5,10.5,0.0,0.00040755730751214944,0.00040755730751214944,0.0,0.00017699988971187322,0.00017699988971187322,0.0,1.9999836716556854,1.9999836716556854,0.0,0.9999659581216152,0.9999659581216152,0.9999384226096578,0.9999384226096578,0.9995501560601809,0.9995501560601809,0.0,0.0,0.0,0.0,0.0,False,0,2.7535511957287243e-05,2.7535511957287243e-05,0.0,0.9999659581216152,0.9999659581216152,0.0,4.784954497744689e-06,4.784954497744689e-06,0.0,5.714813186868387e-07,5.714813186868387e-07,0.0,3.9277298336279116e-07,3.9277298336279116e-07,0.0,2.5359329792887304e-07,2.5359329792887304e-07,0.0,1.6373213911976628e-07,1.6373213911976628e-07,0.0,2.1023622815843316e-07,2.1023622815843316e-07,0.0,3.028740030419187e-08,3.028740030419187e-08,0.0,9.930856235647252e-08,9.930856235647252e-08,0.0
pccv3_n02_grid_r02,2,grid,2,33,1,L33H1,0.5,2,2,True,True,-0.0004839917819481343,-0.00047100416850298643,1.2987613445147872e-05,10.5,10.625,0.125,0.00040755730751214944,0.00037109763829208366,-3.645966922006578e-05,0.00017699988971187322,0.0001611656565575808,-1.583423315429242e-05,1.9999836716556854,1.9999862793910481,2.60773536275849e-06,0.9999659581216152,0.9999693448276946,0.9999384226096578,0.9999450447413815,0.9995501560601809,0.999559764982278,9.608922097115169e-06,6.7734445704479795e-06,4.6842642313846645e-06,3.3867222852239898e-06,5.254786974380731e-08,False,1,2.7535511957287243e-05,2.4300086313160047e-05,-3.2354256441271954e-06,0.9999659581216152,0.9999693448276946,3.3867060794667836e-06,4.784954497744689e-06,4.784970703530852e-06,1.620578616285095e-11,5.714813186868387e-07,5.368588341671031e-07,-3.462248451973559e-08,3.9277298336279116e-07,3.4662211517978625e-07,-4.615086818300491e-08,2.5359329792887304e-07,2.3822966355491657e-07,-1.536363437395647e-08,1.6373213911976628e-07,1.5381263122564438e-07,-9.919507894121901e-09,2.1023622815843316e-07,1.8553344852740634e-07,-2.4702779631026812e-08,3.028740030419187e-08,2.6728627480569295e-08,-3.558772823622577e-09,9.930856235647252e-08,8.232996871410305e-08,-1.6978593642369474e-08
pccv3_n02_grid_r02,2,grid,2,33,1,L33H1,1.5,2,2,True,True,-0.0004839917819481343,-0.0004395472351461649,4.444454680196941e-05,10.5,10.625,0.125,0.00040755730751214944,0.0003804480448475455,-2.710926266460392e-05,0.00017699988971187322,0.0001652264865281699,-1.1773403183703326e-05,1.9999836716556854,1.9999873468231577,3.6751674723500827e-06,0.9999659581216152,0.9999686028917391,0.9999384226096578,0.9999443028234556,0.9995501560601809,0.9995919192493119,4.176318913096111e-05,6.563792557625004e-06,4.227251846325713e-06,3.281896278812502e-06,6.083235479467945e-08,False,1,2.7535511957287243e-05,2.4300068283499583e-05,-3.2354436737876592e-06,0.9999659581216152,0.9999686028917391,2.6447701239051824e-06,4.784954497744689e-06,5.4220781277150424e-06,6.371236299703536e-07,5.714813186868387e-07,5.714828301750107e-07,1.5114881719562276e-12,3.9277298336279116e-07,3.689770471813369e-07,-2.3795936181454273e-08,2.5359329792887304e-07,2.5359396864768356e-07,6.707188105242681e-13,1.6373213911976628e-07,1.538125171030244e-07,-9.919622016741875e-09,2.1023622815843316e-07,1.9749918136500125e-07,-1.2737046793431907e-08,3.028740030419187e-08,3.028748041013028e-08,8.010593840974502e-14,9.930856235647252e-08,9.930882501373265e-08,2.626572601230574e-13
pccv3_n02_grid_r03,2,grid,3,33,1,L33H1,1.0,2,2,True,True,-0.0006129055400379002,-0.0006129055400379002,0.0,10.875,10.875,0.0,0.0003533947590404644,0.0003533947590404644,0.0,0.000153477393784803,0.000153477393784803,0.0,1.9999963896918254,1.9999963896918254,0.0,0.9999715233771491,0.9999715233771491,0.9999525984096695,0.9999525984096695,0.9994157242365951,0.9994157242365951,0.0,0.0,0.0,0.0,0.0,False,0,1.8924967479543443e-05,1.8924967479543443e-05,0.0,0.9999715233771491,0.9999715233771491,0.0,7.411123749664652e-06,7.411123749664652e-06,0.0,6.893418900520747e-07,6.893418900520747e-07,0.0,5.36860003776478e-07,5.36860003776478e-07,0.0,3.0589360943681564e-07,3.0589360943681564e-07,0.0,2.1023739821659635e-07,2.1023739821659635e-07,0.0,2.5359470928842305e-07,2.5359470928842305e-07,0.0,3.889000823497539e-08,3.889000823497539e-08,0.0,1.0571400269375623e-07,1.0571400269375623e-07,0.0
pccv3_n02_grid_r03,2,grid,3,33,1,L33H1,0.5,2,2,True,True,-0.0006129055400379002,-0.0006180283380672336,-5.122798029333353e-06,10.875,10.875,0.0,0.0003533947590404644,0.00034616061437368363,-7.234144666780785e-06,0.000153477393784803,0.00015033564467473027,-3.141749110072736e-06,1.9999963896918254,1.999995461820898,-9.278709274251895e-07,0.9999715233771491,0.9999721020665485,0.9999525984096695,0.999953177088117,0.9994157242365951,0.9994100197273426,-5.7045092525243035e-06,1.157400702703025e-06,7.349047176371125e-07,5.787003513515125e-07,4.5203607476774705e-09,False,1,1.8924967479543443e-05,1.8924978431533385e-05,1.0951989942248547e-11,0.9999715233771491,0.9999721020665485,5.786893993997566e-07,7.411123749664652e-06,6.962110489574101e-06,-4.490132600905509e-07,6.893418900520747e-07,6.475771510159373e-07,-4.176473903613735e-08,5.36860003776478e-07,5.043335923103613e-07,-3.252641146611672e-08,3.0589360943681564e-07,2.873606188332914e-07,-1.853299060352425e-08,2.1023739821659635e-07,1.974998724708603e-07,-1.2737525745736054e-08,2.5359470928842305e-07,2.382303204311377e-07,-1.5364388857285337e-08,3.889000823497539e-08,3.653380289117381e-08,-2.3562053438015815e-09,1.0571400269375623e-07,9.93091725235823e-08,-6.404830170173937e-09
pccv3_n02_grid_r03,2,grid,3,33,1,L33H1,1.5,2,2,True,True,-0.0006129055400379002,-0.0005660838796757162,4.682166036218405e-05,10.875,10.875,0.0,0.0003533947590404644,0.0003532702362471775,-1.245227932869064e-07,0.000153477393784803,0.0001534233142228073,-5.407956199570069e-08,1.9999963896918254,1.999996352048373,-3.764345235524047e-08,0.9999715233771491,0.9999715319234651,0.9999525984096695,0.9999526069558238,0.9994157242365951,0.9994625066737903,4.678243719524744e-05,3.0729049346510176e-08,1.8857169153263186e-08,1.5364524673255088e-08,1.7327241495679374e-10,False,1,1.8924967479543443e-05,1.8924967641286804e-05,1.61743360404306e-13,0.9999715233771491,0.9999715319234651,8.546315988233744e-09,7.411123749664652e-06,7.4111238130042605e-06,6.333960845373394e-14,6.893418900520747e-07,6.89341895943576e-07,5.8915013480896725e-15,5.36860003776478e-07,5.368600083647839e-07,4.588305900992502e-15,3.0589360943681564e-07,3.0589361205115356e-07,2.6143379161241585e-15,2.1023739821659635e-07,2.1023740001340276e-07,1.7968064117386762e-15,2.5359470928842305e-07,2.3823018460197892e-07,-1.536452468644413e-08,3.889000823497539e-08,3.8890008567351154e-08,3.3237576158981196e-16,1.0571400269375623e-07,1.1253197105929234e-07,6.817968365536107e-09
pccv3_n02_grid_r04,2,grid,4,33,1,L33H1,1.0,2,2,True,True,-0.0004505096294451505,-0.0004505096294451505,0.0,10.75,10.75,0.0,0.00048057993463058855,0.00048057993463058855,0.0,0.00020871321372349007,0.00020871321372349007,0.0,2.0000049087728358,2.0000049087728358,0.0,0.9999605518908643,0.9999605518908643,0.9999391073285285,0.9999391073285285,0.9995889995963196,0.9995889995963196,0.0,0.0,0.0,0.0,0.0,False,0,2.1444562335781432e-05,2.1444562335781432e-05,0.0,0.9999605518908643,0.9999605518908643,0.0,1.4738617781747266e-05,1.4738617781747266e-05,0.0,1.1365201671061483e-06,1.1365201671061483e-06,0.0,8.314959168679072e-07,8.314959168679072e-07,0.0,4.737720922652249e-07,4.737720922652249e-07,0.0,3.0589025323370175e-07,3.0589025323370175e-07,0.0,3.256184796042564e-07,3.256184796042564e-07,0.0,6.411808029631681e-08,6.411808029631681e-08,0.0,1.275140287629713e-07,1.275140287629713e-07,0.0
pccv3_n02_grid_r04,2,grid,4,33,1,L33H1,0.5,2,2,True,True,-0.0004505096294451505,-0.0004776767164003104,-2.7167086955159903e-05,10.75,10.75,0.0,0.00048057993463058855,0.000480875226389224,2.952917586354631e-07,0.00020871321372349007,0.00020884145730481695,1.2824358132688474e-07,2.0000049087728358,2.0000050074138684,9.864103267531732e-08,0.9999605518908643,0.9999605321634165,0.9999391073285285,0.9999390876015039,0.9995889995963196,0.9995618981317165,-2.7101464603163095e-05,3.945643993966456e-08,2.7899370220416756e-08,1.972821996983228e-08,1.5410158201759528e-10,False,1,2.1444562335781432e-05,2.144456191271826e-05,-4.2306317208696577e-13,0.9999605518908643,0.9999605321634165,-1.9727447786443975e-08,1.4738617781747266e-05,1.4738617490980482e-05,-2.9076678334494753e-13,1.1365201671061483e-06,1.1365201446846216e-06,-2.2421526661280675e-14,8.314959168679072e-07,8.314959004639679e-07,-1.6403939376794516e-14,4.737720922652249e-07,4.73772082918542e-07,-9.346682941722544e-15,3.0589025323370175e-07,3.256184731803814e-07,1.9728219946679627e-08,3.256184796042564e-07,3.256184731803814e-07,-6.423875002087038e-15,6.411808029631681e-08,6.411807903138084e-08,-1.2649359747213187e-15,1.275140287629713e-07,1.2751402624734572e-07,-2.5156255699538692e-15
pccv3_n02_grid_r04,2,grid,4,33,1,L33H1,1.5,2,2,True,True,-0.0004505096294451505,-0.0005006728461012244,-5.016321665607393e-05,10.75,10.75,0.0,0.00048057993463058855,0.0005072792871337701,2.6699352503181575e-05,0.00020871321372349007,0.0002203085951860116,1.1595381462521523e-05,2.0000049087728358,2.000008017607956,3.1088351204466846e-06,0.9999605518908643,0.9999582351271273,0.9999391073285285,0.9999367906144755,0.9995889995963196,0.9995411859048673,-4.7813691452347484e-05,4.6336268419807645e-06,3.042297716188559e-06,2.3168134209903822e-06,3.5588137917545305e-08,False,1,2.1444562335781432e-05,2.144451265183712e-05,-4.968394431289981e-11,0.9999605518908643,0.9999582351271273,-2.3167637369647665e-06,1.4738617781747266e-05,1.67010032458354e-05,1.9623854640881328e-06,1.1365201671061483e-06,1.2878430854828076e-06,1.513229183766593e-07,8.314959168679072e-07,9.42206128970088e-07,1.107102121021808e-07,4.737720922652249e-07,5.043265985518772e-07,3.0554506286652314e-08,3.0589025323370175e-07,3.2561772519341064e-07,1.9727471959708886e-08,3.256184796042564e-07,3.466182641938239e-07,2.0999784589567542e-08,6.411808029631681e-08,6.825318305877579e-08,4.135102762458974e-09,1.275140287629713e-07,1.4449198966929625e-07,1.6977960906324958e-08
pccv3_n02_grid_r05,2,grid,5,33,1,L33H1,1.0,2,2,True,True,-0.0005589353386312723,-0.0005589353386312723,0.0,10.125,10.125,0.0,0.0005793832711643344,0.0005793832711643344,0.0,0.00025162295757372584,0.00025162295757372584,0.0,1.9999754136091146,1.9999754136091146,0.0,0.9999499441578665,0.9999499441578665,0.9999098808659758,0.9999098808659758,0.9994912368267848,0.9994912368267848,0.0,0.0,0.0,0.0,0.0,False,0,4.0063291890749736e-05,4.0063291890749736e-05,0.0,0.9999499441578665,0.9999499441578665,0.0,7.888929920402132e-06,7.888929920402132e-06,0.0,7.811098397623842e-07,7.811098397623842e-07,0.0,4.4506297092492987e-07,4.4506297092492987e-07,0.0,3.0588700830356247e-07,3.0588700830356247e-07,0.0,1.974954961646315e-07,1.974954961646315e-07,0.0,2.382250415981838e-07,2.382250415981838e-07,0.0,3.653299335592118e-08,3.653299335592118e-08,0.0,9.930697197861558e-08,9.930697197861558e-08,0.0
pccv3_n02_grid_r05,2,grid,5,33,1,L33H1,0.5,2,2,True,True,-0.0005589353386312723,-0.0005967028555460274,-3.7767516914755106e-05,10.125,10.125,0.0,0.0005793832711643344,0.0005677681338260713,-1.1615137338263134e-05,0.00025162295757372584,0.00024657856752116977,-5.044390052556065e-06,1.9999754136091146,1.9999743919603579,-1.0216487567049626e-06,0.9999499441578665,0.9999509184088001,0.9999098808659758,0.9999108550778757,0.9994912368267848,0.9994525314300091,-3.870539677564011e-05,1.9485825115487114e-06,1.3456121814938707e-06,9.742912557743557e-07,1.4844097306300587e-08,False,1,4.0063291890749736e-05,4.006333092440313e-05,3.9033653391506214e-11,0.9999499441578665,0.9999509184088001,9.742509335941563e-07,7.888929920402132e-06,6.961963002493699e-06,-9.269669179084334e-07,7.811098397623842e-07,7.337855018912246e-07,-4.732433787115966e-08,4.4506297092492987e-07,4.450634045496502e-07,4.336247203447986e-13,3.0588700830356247e-07,3.058873063291838e-07,2.980256213394883e-13,1.974954961646315e-07,1.9749568858443475e-07,1.924198032482696e-13,2.382250415981838e-07,2.3822527370077107e-07,2.3210258727822156e-13,3.653299335592118e-08,3.653302895000576e-08,3.5594084578090095e-14,9.930697197861558e-08,9.930706873336888e-08,9.675475330428997e-14
pccv3_n02_grid_r05,2,grid,5,33,1,L33H1,1.5,2,2,True,True,-0.0005589353386312723,-0.0005722792120650411,-1.334387343376875e-05,10.125,10.0,-0.125,0.0005793832711643344,0.0006500194957499707,7.063622458563634e-05,0.00025162295757372584,0.0002822998801337465,3.067692256002066e-05,1.9999754136091146,1.999972295793208,-3.117815906561461e-06,0.9999499441578665,0.9999432398969424,0.9999098808659758,0.9998978425440846,0.9994912368267848,0.9994845858642449,-6.650962539822558e-06,1.3408521848249567e-05,8.632819423644684e-06,6.704260924124784e-06,1.0556027608374527e-07,False,1,4.0063291890749736e-05,4.539735285779273e-05,5.334060967042992e-06,0.9999499441578665,0.9999432398969424,-6.70426092408416e-06,7.888929920402132e-06,8.939268801063873e-06,1.0503388806617406e-06,7.811098397623842e-07,8.851074722737492e-07,1.0399763251136498e-07,4.4506297092492987e-07,5.368448190747784e-07,9.178184814984857e-08,3.0588700830356247e-07,3.4661306635607905e-07,4.072605805251659e-08,1.974954961646315e-07,2.2379021553345556e-07,2.6294719368824057e-08,2.382250415981838e-07,2.699425275008951e-07,3.171748590271131e-08,3.653299335592118e-08,4.139702735493597e-08,4.864033999014789e-09,9.930697197861558e-08,1.1978627045501015e-07,2.0479298476394573e-08
pccv3_n02_random_sparse_r00,2,random_sparse,0,33,1,L33H1,1.0,2,2,True,True,-0.0005098473629914224,-0.0005098473629914224,0.0,10.375,10.375,0.0,0.0005773761601322965,0.0005773761601322965,0.0,0.0002507512803279447,0.0002507512803279447,0.0,1.9999959635859903,1.9999959635859903,0.0,0.999951563122794,0.999951563122794,0.9999203617491806,0.9999203617491806,0.9995386756112197,0.9995386756112197,0.0,0.0,0.0,0.0,0.0,False,0,3.120137361331058e-05,3.120137361331058e-05,0.0,0.999951563122794,0.999951563122794,0.0,1.3006667621188368e-05,1.3006667621188368e-05,0.0,1.8737881302247914e-06,1.8737881302247914e-06,0.0,9.421998423041509e-07,9.421998423041509e-07,0.0,4.180986455812846e-07,4.180986455812846e-07,0.0,4.450636915023394e-07,4.450636915023394e-07,0.0,3.058875035486906e-07,3.058875035486906e-07,0.0,9.930713276116836e-08,9.930713276116836e-08,0.0,1.4449102557784988e-07,1.4449102557784988e-07,0.0
pccv3_n02_random_sparse_r00,2,random_sparse,0,33,1,L33H1,0.5,2,2,True,True,-0.0005098473629914224,-0.0004551566671580076,5.469069583341479e-05,10.375,10.5,0.125,0.0005773761601322965,0.0004990839631910822,-7.82921969412143e-05,0.0002507512803279447,0.00021674941122029265,-3.400186910765203e-05,1.9999959635859903,1.9999949291646741,-1.034421316159495e-06,0.999951563122794,0.9999586271353265,0.9999203617491806,0.9999310918252385,0.9995386756112197,0.9995862742869264,4.759867570669485e-05,1.4128025064994723e-05,8.46680231818703e-06,7.064012532497361e-06,1.556519785083206e-07,False,1,3.120137361331058e-05,2.753531008795462e-05,-3.666063525355957e-06,0.999951563122794,0.9999586271353265,7.064012532476127e-06,1.3006667621188368e-05,1.0129674487639124e-05,-2.8769931335492442e-06,1.8737881302247914e-06,1.6536239027264373e-06,-2.2016422749835413e-07,9.421998423041509e-07,8.314943163784002e-07,-1.1070552592575067e-07,4.180986455812846e-07,3.689733662406215e-07,-4.912527934066309e-08,4.450636915023394e-07,3.9277010385141157e-07,-5.2293587650927815e-08,3.058875035486906e-07,2.5359143877659396e-07,-5.229606477209666e-08,9.930713276116836e-08,8.763885617388087e-08,-1.1668276587287492e-08,1.4449102557784988e-07,1.197881137395338e-07,-2.470291183831608e-08
pccv3_n02_random_sparse_r00,2,random_sparse,0,33,1,L33H1,1.5,2,2,True,True,-0.0005098473629914224,-0.0004576589271891862,5.21884358022362e-05,10.375,10.625,0.25,0.0005773761601322965,0.00048070953363570795,-9.666662649658857e-05,0.0002507512803279447,0.00020876949785627357,-4.1981782471671106e-05,1.9999959635859903,1.9999996733355905,3.709749600178114e-06,0.999951563122794,0.9999604897145562,0.9999203617491806,0.9999361898434297,0.9995386756112197,0.9995819685134322,4.3292902212499484e-05,1.7853183524106983e-05,1.1389373443648916e-05,8.926591762053492e-06,2.467335562233759e-07,False,1,3.120137361331058e-05,2.429987112654989e-05,-6.9015024867606905e-06,0.999951563122794,0.9999604897145562,8.926591762214997e-06,1.3006667621188368e-05,1.1478446356099288e-05,-1.5282212650890803e-06,1.8737881302247914e-06,1.6536269828594062e-06,-2.2016114736538525e-07,9.421998423041509e-07,8.314958651665214e-07,-1.1070397713762949e-07,4.180986455812846e-07,3.6897405351118416e-07,-4.9124592070100434e-08,4.450636915023394e-07,3.927708354471173e-07,-5.2292856055222086e-08,3.058875035486906e-07,2.699471842245768e-07,-3.5940319324113804e-08,9.930713276116836e-08,8.763901941494786e-08,-1.1668113346220504e-08,1.4449102557784988e-07,1.2751402083430697e-07,-1.6977004743542907e-08
pccv3_n02_random_sparse_r01,2,random_sparse,1,33,1,L33H1,1.0,2,2,True,True,-0.000705589191056788,-0.000705589191056788,0.0,10.875,10.875,0.0,0.0003086224272001177,0.0003086224272001177,0.0,0.00013403301712459917,0.00013403301712459917,0.0,1.999990799983751,1.999990799983751,0.0,0.9999750792161277,0.9999750792161277,0.9999561541813521,0.9999561541813521,0.9993195424596912,0.9993195424596912,0.0,0.0,0.0,0.0,0.0,False,0,1.892503477559684e-05,1.892503477559684e-05,0.0,0.9999750792161277,0.9999750792161277,0.0,4.495089761309792e-06,4.495089761309792e-06,0.0,5.714865313994092e-07,5.714865313994092e-07,0.0,3.9277656600425426e-07,3.9277656600425426e-07,0.0,1.4449442360688317e-07,1.4449442360688317e-07,0.0,1.855345124808832e-07,1.855345124808832e-07,0.0,1.0571437860643232e-07,1.0571437860643232e-07,0.0,3.653391166080416e-08,3.653391166080416e-08,0.0,6.41190117972705e-08,6.41190117972705e-08,0.0
pccv3_n02_random_sparse_r01,2,random_sparse,1,33,1,L33H1,0.5,2,2,True,True,-0.000705589191056788,-0.0006786665762774646,2.692261477932334e-05,10.875,11.0,0.125,0.0003086224272001177,0.00027520475918032183,-3.341766801979589e-05,0.00013403301712459917,0.00011951990830552704,-1.4513108819072122e-05,1.999990799983751,1.9999919247414102,1.124757659232145e-06,0.9999750792161277,0.9999780016923538,0.9999561541813521,0.9999613003589728,0.9993195424596912,0.9993435638005934,2.4021340902180555e-05,5.844952452300164e-06,3.7110997406534942e-06,2.922476226150082e-06,4.558640109168484e-08,False,1,1.892503477559684e-05,1.670133338109346e-05,-2.223701394503379e-06,0.9999750792161277,0.9999780016923538,2.9224762261303994e-06,4.495089761309792e-06,3.9669143846636365e-06,-5.281753766461556e-07,5.714865313994092e-07,5.043365677728463e-07,-6.714996362656291e-08,3.9277656600425426e-07,3.466251159325138e-07,-4.6151450071740453e-08,1.4449442360688317e-07,1.2751625394523957e-07,-1.69781696616436e-08,1.855345124808832e-07,1.637341111064961e-07,-2.1800401374387102e-08,1.0571437860643232e-07,9.329288433106615e-08,-1.242149427536617e-08,3.653391166080416e-08,3.432053415298462e-08,-2.2133775078195378e-09,6.41190117972705e-08,6.023441329456064e-08,-3.884598502709854e-09
pccv3_n02_random_sparse_r01,2,random_sparse,1,33,1,L33H1,1.5,2,2,True,True,-0.000705589191056788,-0.0006530536338686943,5.253555718809366e-05,10.875,11.0,0.125,0.0003086224272001177,0.00028437199311250305,-2.425043408761467e-05,0.00013403301712459917,0.0001235011874165896,-1.0531829708009557e-05,1.999990799983751,1.9999930568011122,2.2568173612125264e-06,0.9999750792161277,0.9999772987806235,0.9999561541813521,0.9999605974589822,0.9993195424596912,0.9993698372402662,5.02947805749443e-05,4.447426268512753e-06,3.1418758340858406e-06,2.2237131342563765e-06,3.475521898132145e-08,False,1,1.892503477559684e-05,1.670132164127206e-05,-2.2237131343247812e-06,0.9999750792161277,0.9999772987806235,2.2195644957534455e-06,4.495089761309792e-06,4.495099738700075e-06,9.977390283222667e-12,5.714865313994092e-07,5.714877998822357e-07,1.2684828265086077e-12,3.9277656600425426e-07,3.927774378189012e-07,8.718146469433269e-13,1.4449442360688317e-07,1.444947443295683e-07,3.2072268514506305e-13,1.855345124808832e-07,1.8553492429696262e-07,4.118160794073386e-13,1.0571437860643232e-07,1.0571461325216131e-07,2.3464572899139967e-13,3.653391166080416e-08,3.653399275219824e-08,8.109139407680966e-14,6.41190117972705e-08,6.825448426815247e-08,4.135472470881969e-09
pccv3_n02_random_sparse_r02,2,random_sparse,2,33,1,L33H1,1.0,2,2,True,True,-0.0007083290838636458,-0.0007083290838636458,0.0,10.875,10.875,0.0,0.00033966116599834793,0.00033966116599834793,0.0,0.0001475129701099069,0.0001475129701099069,0.0,1.999995194555226,1.999995194555226,0.0,0.9999726903775923,0.9999726903775923,0.9999537653880267,0.9999537653880267,0.9993191878504071,0.9993191878504071,0.0,0.0,0.0,0.0,0.0,False,0,1.8924989565617817e-05,1.8924989565617817e-05,0.0,0.9999726903775923,0.9999726903775923,0.0,6.1440445572088475e-06,6.1440445572088475e-06,0.0,8.851335405938749e-07,8.851335405938749e-07,0.0,4.181074792857777e-07,4.181074792857777e-07,0.0,3.6897855541715167e-07,3.6897855541715167e-07,0.0,1.8553406925784468e-07,1.8553406925784468e-07,0.0,2.3823046058857629e-07,2.3823046058857629e-07,0.0,3.8890053620924675e-08,3.8890053620924675e-08,0.0,1.0571412606555744e-07,1.0571412606555744e-07,0.0
pccv3_n02_random_sparse_r02,2,random_sparse,2,33,1,L33H1,0.5,2,2,True,True,-0.0007083290838636458,-0.0007091629668138921,-8.338829502463341e-07,10.875,10.875,0.0,0.00033966116599834793,0.00033854818550533547,-1.1129804930124637e-06,0.0001475129701099069,0.00014702960882332565,-4.83361286581261e-07,1.999995194555226,1.9999949329650872,-2.6159013866156045e-07,0.9999726903775923,0.9999727671978088,0.9999537653880267,0.9999538422067893,0.9993191878504071,0.9993182765922484,-9.112581587089608e-07,1.5364443412371857e-07,9.503765081461014e-08,7.682221706185928e-08,6.00075960911532e-10,False,1,1.8924989565617817e-05,1.8924991019479316e-05,1.453861499505632e-12,0.9999726903775923,0.9999727671978088,7.682021652133386e-08,6.1440445572088475e-06,6.1440450292085706e-06,4.719997230383374e-13,8.851335405938749e-07,8.315060742464442e-07,-5.3627466347430684e-08,4.181074792857777e-07,4.181075114057619e-07,3.21199842388825e-14,3.6897855541715167e-07,3.689785837629383e-07,2.8345786638028493e-14,1.8553406925784468e-07,1.855340835110013e-07,1.4253156625848847e-14,2.3823046058857629e-07,2.2379682382956813e-07,-1.4433636759008157e-08,3.8890053620924675e-08,3.6533827191626106e-08,-2.3562264292985693e-09,1.0571412606555744e-07,9.930923857906019e-08,-6.404887486497248e-09
pccv3_n02_random_sparse_r02,2,random_sparse,2,33,1,L33H1,1.5,2,2,True,True,-0.0007083290838636458,-0.000798859924543649,-9.053084068000317e-05,10.875,10.875,0.0,0.00033966116599834793,0.0003425038536768962,2.842687678548245e-06,0.0001475129701099069,0.00014874753368247478,1.2345635725678674e-06,1.999995194555226,1.9999959167956833,7.22240457440293e-07,0.9999726903775923,0.9999724971772768,0.9999537653880267,0.9999535721913676,0.9993191878504071,0.9992289581908551,-9.022965955196582e-05,3.864103182005362e-07,2.128412550705161e-07,1.932051591002681e-07,2.246216093098946e-09,False,1,1.8924989565617817e-05,1.8924985909204005e-05,-3.65641381172674e-12,0.9999726903775923,0.9999724971772768,-1.9320031552361172e-07,6.1440445572088475e-06,6.144043370145083e-06,-1.1870637648168187e-12,8.851335405938749e-07,9.422195673224016e-07,5.708602672852666e-08,4.181074792857777e-07,4.7377775183182044e-07,5.5670272546042756e-08,3.6897855541715167e-07,3.927755518146267e-07,2.3796996397475025e-08,1.8553406925784468e-07,2.1023760295163171e-07,2.470353369378704e-08,2.3823046058857629e-07,2.5359495624601586e-07,1.5364495657439578e-08,3.8890053620924675e-08,4.1398238588120017e-08,2.5081849671953415e-09,1.0571412606555744e-07,1.1978977527443896e-07,1.4075649208881525e-08
pccv3_n02_random_sparse_r03,2,random_sparse,3,33,1,L33H1,1.0,2,2,True,True,-0.0008891443139873445,-0.0008891443139873445,0.0,10.875,10.875,0.0,0.00038207952199736375,0.00038207952199736375,0.0,0.0001659350280516872,0.0001659350280516872,0.0,1.9999978549622783,1.9999978549622783,0.0,0.9999689931452328,0.9999689931452328,0.9999500682256391,0.9999500682256391,0.9991422153987379,0.9991422153987379,0.0,0.0,0.0,0.0,0.0,False,0,1.8924919593623083e-05,1.8924919593623083e-05,0.0,0.9999689931452328,0.9999689931452328,0.0,1.012977949628972e-05,1.012977949628972e-05,0.0,7.337987655217695e-07,7.337987655217695e-07,0.0,5.368586453574787e-07,5.368586453574787e-07,0.0,2.3822957977115358e-07,2.3822957977115358e-07,0.0,2.1023686625207282e-07,2.1023686625207282e-07,0.0,1.275151051837864e-07,1.275151051837864e-07,0.0,4.139809352337575e-08,4.139809352337575e-08,0.0,6.411862155469384e-08,6.411862155469384e-08,0.0
pccv3_n02_random_sparse_r03,2,random_sparse,3,33,1,L33H1,0.5,2,2,True,True,-0.0008891443139873445,-0.0008716359734535217,1.7508340533822775e-05,10.875,10.875,0.0,0.00038207952199736375,0.00036496445697642877,-1.711506502093498e-05,0.0001659350280516872,0.00015850204975567975,-7.432978296007442e-06,1.9999978549622783,1.9999958997619167,-1.955200361614118e-06,0.9999689931452328,0.9999704104118805,0.9999500682256391,0.9999514854654644,0.9991422153987379,0.9991583235896613,1.6108190923347365e-05,2.834586940237086e-06,1.8543131436101326e-06,1.417293470118543e-06,2.211123230888962e-08,False,1,1.8924919593623083e-05,1.8924946416112116e-05,2.682248903372467e-11,0.9999689931452328,0.9999704104118805,1.4172666477074713e-06,1.012977949628972e-05,8.939511699387301e-06,-1.1902677969024178e-06,7.337987655217695e-07,6.475760555084645e-07,-8.6222710013305e-08,5.368586453574787e-07,4.7377676314161063e-07,-6.30818822158681e-08,2.3822957977115358e-07,2.102371642230106e-07,-2.7992415548142972e-08,2.1023686625207282e-07,1.8553364623497582e-07,-2.4703220017097e-08,1.275151051837864e-07,1.1253184484979022e-07,-1.498326033399618e-08,4.139809352337575e-08,3.8889964950514335e-08,-2.508128572861418e-09,6.411862155469384e-08,5.658456511780112e-08,-7.534056436892723e-09
pccv3_n02_random_sparse_r03,2,random_sparse,3,33,1,L33H1,1.5,2,2,True,True,-0.0008891443139873445,-0.0008822362869977951,6.908026989549398e-06,10.875,10.875,0.0,0.00038207952199736375,0.0003994934767804882,1.7413954783124447e-05,0.0001659350280516872,0.00017349781252211087,7.562784470423672e-06,1.9999978549622783,1.9999996851484974,1.8301862190206464e-06,0.9999689931452328,0.9999675097713144,0.9999500682256391,0.9999485848797944,0.9991422153987379,0.9991506119125013,8.396513763386793e-06,2.9668039840928824e-06,2.0059134222508737e-06,1.4834019920464412e-06,2.224477870228462e-08,False,1,1.8924919593623083e-05,1.8924891520020477e-05,-2.8073602606005013e-11,0.9999689931452328,0.9999675097713144,-1.4833739183650607e-06,1.012977949628972e-05,1.1478526938628042e-05,1.348747442338323e-06,7.337987655217695e-07,7.81123561122724e-07,4.732479560095453e-08,5.368586453574787e-07,5.714822054558423e-07,3.462356009836358e-08,2.3822957977115358e-07,2.5359369143023305e-07,1.536411165907947e-08,2.1023686625207282e-07,2.2379564720217431e-07,1.3558780950101496e-08,1.275151051837864e-07,1.4449332983706027e-07,1.697822465327387e-08,4.139809352337575e-08,4.406797579398695e-08,2.6698822706111966e-09,6.411862155469384e-08,6.825381610920256e-08,4.135194554508722e-09
pccv3_n02_random_sparse_r04,2,random_sparse,4,33,1,L33H1,1.0,2,2,True,True,-0.0006585336523130536,-0.0006585336523130536,0.0,10.25,10.25,0.0,0.0004836108197698424,0.0004836108197698424,0.0,0.00021002951041475056,0.00021002951041475056,0.0,1.9999743580050315,1.9999743580050315,0.0,0.9999584671238446,0.9999584671238446,0.9999231110914929,0.9999231110914929,0.9993831739584174,0.9993831739584174,0.0,0.0,0.0,0.0,0.0,False,0,3.5356032351705995e-05,3.5356032351705995e-05,0.0,0.9999584671238446,0.9999584671238446,0.0,4.784918652440972e-06,4.784918652440972e-06,0.0,5.043267155588793e-07,5.043267155588793e-07,0.0,3.256178007388091e-07,3.256178007388091e-07,0.0,1.855314302876295e-07,1.855314302876295e-07,0.0,1.855314302876295e-07,1.855314302876295e-07,0.0,1.1253050080978437e-07,1.1253050080978437e-07,0.0,2.8452166340451578e-08,2.8452166340451578e-08,0.0,4.99351070364186e-08,4.99351070364186e-08,0.0
pccv3_n02_random_sparse_r04,2,random_sparse,4,33,1,L33H1,0.5,2,2,True,True,-0.0006585336523130536,-0.0006594866863451898,-9.530340321362019e-07,10.25,10.25,0.0,0.0004836108197698424,0.00048431068477636983,6.998650065274535e-07,0.00021002951041475056,0.00021033345792516263,3.0394751041206325e-07,1.9999743580050315,1.999974551025727,1.9302069542703748e-07,0.9999584671238446,0.9999584218462959,0.9999231110914929,0.9999230658155451,0.9993831739584174,0.999382265496962,-9.084614553955817e-07,9.05587952919224e-08,5.1967963455695405e-08,4.52793976459612e-08,3.536877863150561e-10,False,1,3.5356032351705995e-05,3.535603075080503e-05,-1.6009009642567983e-12,0.9999584671238446,0.9999584218462959,-4.5277548710309645e-08,4.784918652440972e-06,4.784918435782587e-06,-2.166583850938793e-13,5.043267155588793e-07,5.043266927232535e-07,-2.2835625822600252e-14,3.256178007388091e-07,3.466183289168012e-07,2.100052817799206e-08,1.855314302876295e-07,1.9749717055372714e-07,1.1965740266097623e-08,1.855314302876295e-07,1.8553142188687223e-07,-8.400757283219749e-15,1.1253050080978437e-07,1.197880891473306e-07,7.257588337546228e-09,2.8452166340451578e-08,3.028717204223401e-08,1.8350057017824317e-09,4.99351070364186e-08,5.315564233888055e-08,3.220535302461953e-09
pccv3_n02_random_sparse_r04,2,random_sparse,4,33,1,L33H1,1.5,2,2,True,True,-0.0006585336523130536,-0.0006100462633185089,4.8487388994544744e-05,10.25,10.25,0.0,0.0004836108197698424,0.0004882507760809603,4.639956311117935e-06,0.00021002951041475056,0.00021204461783694127,2.015107422190704e-06,1.9999743580050315,1.999974833278552,4.7527352053933214e-07,0.9999584671238446,0.999958099956123,0.9999231110914929,0.9999227439367534,0.9993831739584174,0.9994320015216651,4.882756324775528e-05,7.343617628313827e-07,4.812048425584982e-07,3.671808814156914e-07,2.8681337856322864e-09,False,1,3.5356032351705995e-05,3.535601936957297e-05,-1.2982133028088469e-11,0.9999584671238446,0.999958099956123,-3.671677216710023e-07,4.784918652440972e-06,5.093517521642539e-06,3.0859886920156665e-07,5.043267155588793e-07,5.368527970733927e-07,3.2526081514513394e-08,3.256178007388091e-07,3.466182173391282e-07,2.1000416600319053e-08,1.855314302876295e-07,1.8553136216364757e-07,-6.812398194146684e-14,1.855314302876295e-07,1.8553136216364757e-07,-6.812398194146684e-14,1.1253050080978437e-07,1.1253045949050067e-07,-4.1319283699245704e-14,2.8452166340451578e-08,3.0287162292685595e-08,1.834995952234017e-09,4.99351070364186e-08,5.3155625227890204e-08,3.220518191471604e-09
pccv3_n02_random_sparse_r05,2,random_sparse,5,33,1,L33H1,1.0,2,2,True,True,-0.0006378046819008887,-0.0006378046819008887,0.0,10.125,10.125,0.0,0.0005725133269176529,0.0005725133269176529,0.0,0.00024863937869640907,0.00024863937869640907,0.0,1.9999751862132213,1.9999751862132213,0.0,0.9999505869471189,0.9999505869471189,0.9999105236294746,0.9999105236294746,0.9994117930978632,0.9994117930978632,0.0,0.0,0.0,0.0,0.0,False,0,4.00633176442923e-05,4.00633176442923e-05,0.0,0.9999505869471189,0.9999505869471189,0.0,6.961960694756469e-06,6.961960694756469e-06,0.0,9.421989225070317e-07,9.421989225070317e-07,0.0,5.368487635244886e-07,5.368487635244886e-07,0.0,3.0588720493428636e-07,3.0588720493428636e-07,0.0,2.873544360627713e-07,2.873544360627713e-07,0.0,1.6372962227880725e-07,1.6372962227880725e-07,0.0,6.41174413380479e-08,6.41174413380479e-08,0.0,8.763815151182905e-08,8.763815151182905e-08,0.0
pccv3_n02_random_sparse_r05,2,random_sparse,5,33,1,L33H1,0.5,2,2,True,True,-0.0006378046819008887,-0.0005631053354591131,7.469934644177556e-05,10.125,10.25,0.125,0.0005725133269176529,0.0005126873887899516,-5.9825938127701286e-05,0.00024863937869640907,0.00022265730389286304,-2.598207480354603e-05,1.9999751862132213,1.9999785734852034,3.3872719820138286e-06,0.9999505869471189,0.9999562569828914,0.9999105236294746,0.9999209010286847,0.9994117930978632,0.9994807544363908,6.896133852762887e-05,1.1340071544993147e-05,7.415040942319361e-06,5.670035772496574e-06,8.74078505680217e-08,False,1,4.00633176442923e-05,3.535595420664536e-05,-4.707363437646935e-06,0.9999505869471189,0.9999562569828914,5.67003577245373e-06,6.961960694756469e-06,6.143943586942119e-06,-8.180171078143501e-07,9.421989225070317e-07,8.851189944477896e-07,-5.70799280592421e-08,5.368487635244886e-07,5.043256008794557e-07,-3.252316264503291e-08,3.0588720493428636e-07,2.8735606545321633e-07,-1.853113948107003e-08,2.873544360627713e-07,2.6994604156543556e-07,-1.7408394497335758e-08,1.6372962227880725e-07,1.5381061808808504e-07,-9.919004190722212e-09,6.41174413380479e-08,6.023310348593033e-08,-3.884337852117569e-09,8.763815151182905e-08,8.232889115921724e-08,-5.30926035261181e-09
pccv3_n02_random_sparse_r05,2,random_sparse,5,33,1,L33H1,1.5,2,2,True,True,-0.0006378046819008887,-0.0005851463647559285,5.2658317144960165e-05,10.125,10.25,0.125,0.0005725133269176529,0.0005388112534447291,-3.3702073472923746e-05,0.00024863937869640907,0.0002340027541584203,-1.4636624537988762e-05,1.9999751862132213,1.9999815635068514,6.377293630066561e-06,0.9999505869471189,0.9999541382712863,0.9999105236294746,0.9999187823919921,0.9994117930978632,0.999460877021022,4.9083923158832476e-05,9.414876699617777e-06,5.970695433387204e-06,4.707438349808889e-06,9.090720685288019e-08,False,1,4.00633176442923e-05,3.5355879294297986e-05,-4.707438349994311e-06,0.9999505869471189,0.9999541382712863,3.5513241674056673e-06,6.961960694756469e-06,7.888963009125264e-06,9.270023143687951e-07,9.421989225070317e-07,1.067655043283128e-06,1.2545612077609634e-07,5.368487635244886e-07,5.714745636332315e-07,3.462580010874288e-08,3.0588720493428636e-07,3.2561639112881424e-07,1.9729186194527883e-08,2.873544360627713e-07,3.0588829129259005e-07,1.853385522981873e-08,1.6372962227880725e-07,1.7428989466480735e-07,1.0560272386000105e-08,6.41174413380479e-08,7.265483749952608e-08,8.537396161478175e-09,8.763815151182905e-08,9.930738850416897e-08,1.166923699233992e-08
pccv3_n02_row_r00,2,row,0,33,1,L33H1,1.0,2,2,True,True,-0.0003256267518736422,-0.0003256267518736422,0.0,9.375,9.375,0.0,0.0011067336081921708,0.0011067336081921708,0.0,0.0004806482989747353,0.0004806482989747353,0.0,1.9999401795013676,1.9999401795013676,0.0,0.9998972730329645,0.9998972730329645,0.9998124635108381,0.9998124635108381,0.9997771435008218,0.9997771435008218,0.0,0.0,0.0,0.0,0.0,False,0,8.4809522126413e-05,8.4809522126413e-05,0.0,0.9998972730329645,0.9998972730329645,0.0,1.4737685102054565e-05,1.4737685102054565e-05,0.0,1.4592284333472078e-06,1.4592284333472078e-06,0.0,6.082969118974227e-07,6.082969118974227e-07,0.0,6.082969118974227e-07,6.082969118974227e-07,0.0,1.7427998317385204e-07,1.7427998317385204e-07,0.0,1.9748509333396295e-07,1.9748509333396295e-07,0.0,3.8887120556247266e-08,3.8887120556247266e-08,0.0,9.328535275590164e-08,9.328535275590164e-08,0.0
pccv3_n02_row_r00,2,row,0,33,1,L33H1,0.5,2,2,True,True,-0.0003256267518736422,-0.0003313469351269305,-5.720183253288269e-06,9.375,9.375,0.0,0.0011067336081921708,0.001105451292172158,-1.2823160200129118e-06,0.0004806482989747353,0.00048009139620318754,-5.569027715477564e-07,1.9999401795013676,1.9999399574603662,-2.2204100136313798e-07,0.9998972730329645,0.9998973670853658,0.9998124635108381,0.999812557555262,0.9997771435008218,0.999771326824014,-5.816676807768317e-06,1.8812383604430756e-07,1.2920578633979403e-07,9.406191802215378e-08,7.347390972786604e-10,False,1,8.4809522126413e-05,8.480953010377169e-05,7.977358696038307e-12,0.9998972730329645,0.9998973670853658,9.405240131155068e-08,1.4737685102054565e-05,1.4737686488311644e-05,1.3862570793154397e-12,1.4592284333472078e-06,1.3708183808572044e-06,-8.841005249000338e-08,6.082969118974227e-07,6.082969691150858e-07,5.721766311025603e-14,6.082969118974227e-07,6.082969691150858e-07,5.721766311025603e-14,1.7427998317385204e-07,1.7427999956698696e-07,1.6393134915686916e-14,1.9748509333396295e-07,1.9748511190981845e-07,1.8575855493895062e-14,3.8887120556247266e-08,3.8887124214050086e-08,3.657802819869966e-15,9.328535275590164e-08,8.763348719104297e-08,-5.651865564858668e-09
pccv3_n02_row_r00,2,row,0,33,1,L33H1,1.5,2,2,True,True,-0.0003256267518736422,-0.00035339308669790626,-2.776633482426405e-05,9.375,9.375,0.0,0.0011067336081921708,0.0011316860410578928,2.495243286572196e-05,0.0004806482989747353,0.0004914850028783797,1.0836703903644373e-05,1.9999401795013676,1.9999429543532254,2.7748518578452064e-06,0.9998972730329645,0.9998950832535629,0.9998124635108381,0.9998102739171697,0.9997771435008218,0.9997515543428257,-2.5589157996108725e-05,4.379930269411679e-06,2.9425405373651637e-06,2.1899651347058395e-06,3.2761571912417516e-08,False,1,8.4809522126413e-05,8.480933639318857e-05,-1.8573322442755683e-10,0.9998972730329645,0.9998950832535629,-2.1897794015846017e-06,1.4737685102054565e-05,1.669994850213878e-05,1.9622634000842155e-06,1.4592284333472078e-06,1.5533371797708236e-06,9.410874642361583e-08,6.082969118974227e-07,6.475272740009838e-07,3.923036210356111e-08,6.082969118974227e-07,6.475272740009838e-07,3.923036210356111e-08,1.7427998317385204e-07,1.8551967009908451e-07,1.123968692523247e-08,1.9748509333396295e-07,2.2377943793611676e-07,2.6294344602153804e-08,3.8887120556247266e-08,4.406478400025373e-08,5.177663444006462e-09,9.328535275590164e-08,1.0570592167220532e-07,1.2420568916303683e-08
pccv3_n02_row_r01,2,row,1,33,1,L33H1,1.0,2,2,True,True,-0.00032658010604791343,-0.00032658010604791343,0.0,10.25,10.25,0.0,0.0006259329414383447,0.0006259329414383447,0.0,0.00027183922250814435,0.00027183922250814435,0.0,1.9999897122044483,1.9999897122044483,0.0,0.999946620023434,0.999946620023434,0.9999112644099662,0.9999112644099662,0.9997268511488855,0.9997268511488855,0.0,0.0,0.0,0.0,0.0,False,0,3.535561346784316e-05,3.535561346784316e-05,0.0,0.999946620023434,0.999946620023434,0.0,1.473841243717777e-05,1.473841243717777e-05,0.0,1.6536040466577069e-06,1.6536040466577069e-06,0.0,6.083269326032729e-07,6.083269326032729e-07,0.0,5.04320740501479e-07,5.04320740501479e-07,0.0,1.637289727437952e-07,1.637289727437952e-07,0.0,2.2379097201562966e-07,2.2379097201562966e-07,0.0,3.8889039715764176e-08,3.8889039715764176e-08,0.0,9.328995658025194e-08,9.328995658025194e-08,0.0
pccv3_n02_row_r01,2,row,1,33,1,L33H1,0.5,2,2,True,True,-0.00032658010604791343,-0.00034433635300956666,-1.7756246961653233e-05,10.25,10.25,0.0,0.0006259329414383447,0.0006242964669663383,-1.6364744720063443e-06,0.00027183922250814435,0.00027112851067517645,-7.107118329679075e-07,1.9999897122044483,1.999989385259493,-3.269449553311432e-07,0.999946620023434,0.9999467394148416,0.9999112644099662,0.9999113837971524,0.9997268511488855,0.9997089686567158,-1.788249216971849e-05,2.387950914640035e-07,1.5654856817065618e-07,1.1939754573200176e-07,9.32641535011176e-10,False,1,3.535561346784316e-05,3.5355617689224947e-05,4.2213817890487254e-12,0.999946620023434,0.9999467394148416,1.193914075381386e-07,1.473841243717777e-05,1.473841419691151e-05,1.7597337398833537e-12,1.6536040466577069e-06,1.5534174276260457e-06,-1.0018661903166121e-07,6.083269326032729e-07,6.083270052361587e-07,7.263288580931342e-14,5.04320740501479e-07,5.043208007162564e-07,6.021477738576633e-14,1.637289727437952e-07,1.6372899229267124e-07,1.9548876042314628e-14,2.2379097201562966e-07,2.102321875524612e-07,-1.3558784463168475e-08,3.8889039715764176e-08,3.888904435902923e-08,4.643265051439946e-15,9.328995658025194e-08,8.763781430454995e-08,-5.652142275701987e-09
pccv3_n02_row_r01,2,row,1,33,1,L33H1,1.5,2,2,True,True,-0.00032658010604791343,-0.00033468366018496454,-8.103554137051105e-06,10.25,10.25,0.0,0.0006259329414383447,0.0006250853598950208,-8.475815433238052e-07,0.00027183922250814435,0.00027147112252091574,-3.6809998722861417e-07,1.9999897122044483,1.9999894425376408,-2.6966680755080574e-07,0.999946620023434,0.9999466764104908,0.9999112644099662,0.9999113207950293,0.9997268511488855,0.9997186881134574,-8.163035428054854e-06,1.1278002849880917e-07,6.633940982565792e-08,5.6390014249404585e-08,4.4047535108232497e-10,False,1,3.535561346784316e-05,3.535561546154856e-05,1.9937054055742774e-12,0.999946620023434,0.9999466764104908,5.6387056801554536e-08,1.473841243717777e-05,1.4738413268277833e-05,8.311000626988691e-13,1.6536040466577069e-06,1.6536041399045497e-06,9.324684278472488e-14,6.083269326032729e-07,6.083269669068693e-07,3.430359642514675e-14,5.04320740501479e-07,4.7376551819052236e-07,-3.055522231095666e-08,1.637289727437952e-07,1.538091444298602e-07,-9.919828313934984e-09,2.2379097201562966e-07,2.102321743062132e-07,-1.3558797709416458e-08,3.8889039715764176e-08,3.653287396935202e-08,-2.3561657464121575e-09,9.328995658025194e-08,9.328996184087883e-08,5.2606268944005945e-15
pccv3_n02_row_r02,2,row,2,33,1,L33H1,1.0,2,2,True,True,-0.0004383556661196053,-0.0004383556661196053,0.0,9.875,9.875,0.0,0.0008328938814505767,0.0008328938814505767,0.0,0.00036172121672496666,0.00036172121672496666,0.0,1.9999777925622455,1.9999777925622455,0.0,0.999926408661975,0.999926408661975,0.9998749675876915,0.9998749675876915,0.9996352915496018,0.9996352915496018,0.0,0.0,0.0,0.0,0.0,False,0,5.144107428360714e-05,5.144107428360714e-05,0.0,0.999926408661975,0.999926408661975,0.0,1.8924113660712048e-05,1.8924113660712048e-05,0.0,1.5533858437980529e-06,1.5533858437980529e-06,0.0,6.083146368314048e-07,6.083146368314048e-07,0.0,5.368357828005877e-07,5.368357828005877e-07,0.0,1.8552548218830433e-07,1.8552548218830433e-07,0.0,1.97490847777514e-07,1.97490847777514e-07,0.0,3.888825367336676e-08,3.888825367336676e-08,0.0,1.0570923330081858e-07,1.0570923330081858e-07,0.0
pccv3_n02_row_r02,2,row,2,33,1,L33H1,0.5,2,2,True,True,-0.0004383556661196053,-0.0003927174839191139,4.563818220049143e-05,9.875,9.875,0.0,0.0008328938814505767,0.0008054121351593088,-2.7481746291267923e-05,0.00036172121672496666,0.0003497860459576038,-1.1935170767362843e-05,1.9999777925622455,1.9999747679512556,-3.0246109898879325e-06,0.999926408661975,0.9999288527149914,0.9998749675876915,0.9998774115149739,0.9996352915496018,0.9996785086181283,4.321706852650209e-05,4.888357500454613e-06,3.3060675414605486e-06,2.4441787502273064e-06,3.69426868685481e-08,False,1,5.144107428360714e-05,5.144120001757285e-05,1.2573396570593736e-10,0.999926408661975,0.9999288527149914,2.4440530164149266e-06,1.8924113660712048e-05,1.670051250957941e-05,-2.2236011511326392e-06,1.5533858437980529e-06,1.4592745200514848e-06,-9.411132374656803e-08,6.083146368314048e-07,5.714601129182468e-07,-3.685452391315796e-08,5.368357828005877e-07,5.043117796009959e-07,-3.252400319959182e-08,1.8552548218830433e-07,1.7428548744574147e-07,-1.123999474256286e-08,1.97490847777514e-07,1.7428548744574147e-07,-2.320536033177252e-08,3.888825367336676e-08,3.4318847296720484e-08,-4.569406376646279e-09,1.0570923330081858e-07,8.763624666977681e-08,-1.8072986631041777e-08
pccv3_n02_row_r02,2,row,2,33,1,L33H1,1.5,2,2,True,True,-0.0004383556661196053,-0.00041130665340460837,2.7049012714996934e-05,9.875,9.875,0.0,0.0008328938814505767,0.0008322382409303974,-6.556405201793352e-07,0.00036172121672496666,0.00036143647566494057,-2.847410600260872e-07,1.9999777925622455,1.9999775906681116,-2.0189413385551802e-07,0.999926408661975,0.9999264531493045,0.9998749675876915,0.9998750120727322,0.9996352915496018,0.9996623095708514,2.7018021249602953e-05,8.898114168934195e-08,5.6393100417278175e-08,4.4490570844670976e-08,3.47526077973715e-10,False,1,5.144107428360714e-05,5.144107657225159e-05,2.2886444462125698e-12,0.999926408661975,0.9999264531493045,4.448732948691969e-08,1.8924113660712048e-05,1.892411450265729e-05,8.419452404684856e-13,1.5533858437980529e-06,1.5533859129091268e-06,6.911107390413201e-14,6.083146368314048e-07,6.083146638956901e-07,2.706428534583684e-14,5.368357828005877e-07,5.043105693856505e-07,-3.252521341493718e-08,1.8552548218830433e-07,1.8552549044244503e-07,8.254140697549917e-15,1.97490847777514e-07,1.8552549044244503e-07,-1.1965357335068962e-08,3.888825367336676e-08,3.888825540352864e-08,1.7301618793010426e-15,1.0570923330081858e-07,1.0570923800388619e-07,4.703067602454239e-15
pccv3_n02_row_r03,2,row,3,33,1,L33H1,1.0,2,2,True,True,-0.0003159739135298878,-0.0003159739135298878,0.0,10.5,10.5,0.0,0.0005610308372134292,0.0005610308372134292,0.0,0.00024365259677935384,0.00024365259677935384,0.0,1.999998129167575,1.999998129167575,0.0,0.9999528626608924,0.9999528626608924,0.9999253275095377,0.9999253275095377,0.9997312200515776,0.9997312200515776,0.0,0.0,0.0,0.0,0.0,False,0,2.753515135479634e-05,2.753515135479634e-05,0.0,0.9999528626608924,0.9999528626608924,0.0,1.6700913516511838e-05,1.6700913516511838e-05,0.0,1.459309559646738e-06,1.459309559646738e-06,0.0,5.368499852989856e-07,5.368499852989856e-07,0.0,5.043238889610895e-07,5.043238889610895e-07,0.0,1.4449121335853803e-07,1.4449121335853803e-07,0.0,1.637299948989761e-07,1.637299948989761e-07,0.0,2.8452006874716344e-08,2.8452006874716344e-08,0.0,6.411758725820264e-08,6.411758725820264e-08,0.0
pccv3_n02_row_r03,2,row,3,33,1,L33H1,0.5,2,2,True,True,-0.0003159739135298878,-0.000285584683297202,3.0389230232685804e-05,10.5,10.625,0.125,0.0005610308372134292,0.0004991925256496055,-6.183831156382372e-05,0.00024365259677935384,0.00021679655929697115,-2.685603748238269e-05,1.999998129167575,1.9999981655079693,3.634039424937896e-08,0.9999528626608924,0.9999584826651784,0.9999253275095377,0.9999341828428248,0.9997312200515776,0.9997559413476367,2.4721296059126985e-05,1.1240008571967398e-05,6.780343115897532e-06,5.620004285983699e-06,8.978397264571567e-08,False,1,2.753515135479634e-05,2.429982235358163e-05,-3.2353290012147117e-06,0.9999528626608924,0.9999584826651784,5.6200042859444466e-06,1.6700913516511838e-05,1.473858728301766e-05,-1.962326233494179e-06,1.459309559646738e-06,1.209816916844717e-06,-2.494926428020211e-07,5.368499852989856e-07,4.737711118851682e-07,-6.307887341381741e-08,5.043238889610895e-07,4.4506677128859174e-07,-5.925711767249772e-08,1.4449121335853803e-07,1.2751376489725867e-07,-1.6977448461279364e-08,1.637299948989761e-07,1.4449202543805564e-07,-1.9237969460920466e-08,2.8452006874716344e-08,2.5108949057512962e-08,-3.3430578172033822e-09,6.411758725820264e-08,5.315564557188174e-08,-1.0961941686320906e-08
pccv3_n02_row_r03,2,row,3,33,1,L33H1,1.5,2,2,True,True,-0.0003159739135298878,-0.0003307510633021593,-1.4777149772271514e-05,10.5,10.5,0.0,0.0005610308372134292,0.0005886256911196518,2.7594853906222567e-05,0.00024365259677935384,0.0002556368895597527,1.1984292780398842e-05,1.999998129167575,2.000001090415203,2.96124762799721e-06,0.9999528626608924,0.9999504087535108,0.9999253275095377,0.9999228736697279,0.9997312200515776,0.9997188907374337,-1.2329314143855186e-05,4.907949906751583e-06,3.3138512667470002e-06,2.4539749533757915e-06,3.717506242361133e-08,False,1,2.753515135479634e-05,2.7535083782900017e-05,-6.757189632391526e-11,0.9999528626608924,0.9999504087535108,-2.4539073816276513e-06,1.6700913516511838e-05,1.892456787459835e-05,2.2236543580865102e-06,1.459309559646738e-06,1.5534231279442848e-06,9.411356829754675e-08,5.368499852989856e-07,6.08329237512855e-07,7.147925221386935e-08,5.043238889610895e-07,5.368486678567431e-07,3.2524778895653694e-08,1.4449121335853803e-07,1.5380971852895985e-07,9.318505170421821e-09,1.637299948989761e-07,1.7428924461773482e-07,1.0559249718758713e-08,2.8452006874716344e-08,3.224026845817519e-08,3.788261583458847e-09,6.411758725820264e-08,7.265456651959054e-08,8.536979261387891e-09
pccv3_n02_row_r04,2,row,4,33,1,L33H1,1.0,2,2,True,True,-0.00036566724884323776,-0.00036566724884323776,0.0,10.25,10.25,0.0,0.0005822140324588473,0.0005822140324588473,0.0,0.0002528523415835181,0.0002528523415835181,0.0,1.9999850213844212,1.9999850213844212,0.0,0.9999503881032745,0.9999503881032745,0.9999150323565767,0.9999150323565767,0.9996839813300511,0.9996839813300511,0.0,0.0,0.0,0.0,0.0,False,0,3.535574669772932e-05,3.535574669772932e-05,0.0,0.9999503881032745,0.9999503881032745,0.0,1.147833040071465e-05,1.147833040071465e-05,0.0,1.2878329793253147e-06,1.2878329793253147e-06,0.0,5.714724204093114e-07,5.714724204093114e-07,0.0,4.7376727675635045e-07,4.7376727675635045e-07,0.0,1.538097153525953e-07,1.538097153525953e-07,0.0,1.7428924101844224e-07,1.7428924101844224e-07,0.0,3.4319586419008994e-08,3.4319586419008994e-08,0.0,8.232840795972944e-08,8.232840795972944e-08,0.0
pccv3_n02_row_r04,2,row,4,33,1,L33H1,0.5,2,2,True,True,-0.00036566724884323776,-0.0003667397249955684,-1.072476152330637e-06,10.25,10.25,0.0,0.0005822140324588473,0.0005820135754718754,-2.0045698697192336e-07,0.0002528523415835181,0.00025276528422021725,-8.705736330086441e-08,1.9999850213844212,1.9999849434710937,-7.791332756745817e-08,0.9999503881032745,0.9999504007416176,0.9999150323565767,0.9999150449944729,0.9996839813300511,0.9996828957557717,-1.0855742793580703e-06,2.527793489310313e-08,1.6599923827301555e-08,1.2638967446551565e-08,9.872580953112782e-11,False,1,3.535574669772932e-05,3.535574714458955e-05,4.468602273150282e-13,0.9999503881032745,0.9999504007416176,1.2638343038773314e-08,1.147833040071465e-05,1.1478330545788924e-05,1.4507427377463689e-13,1.2878329793253147e-06,1.2878329956021974e-06,1.6276882634761358e-14,5.714724204093114e-07,5.714724276321342e-07,7.222822841837777e-15,4.7376727675635045e-07,4.737672827442809e-07,5.987930437541299e-15,1.538097153525953e-07,1.538097172965917e-07,1.94399638577424e-15,1.7428924101844224e-07,1.637295917899443e-07,-1.0559649228497944e-08,3.4319586419008994e-08,3.224026819985679e-08,-2.079318219152203e-09,8.232840795972944e-08,8.232840900027572e-08,1.040546279672475e-15
pccv3_n02_row_r04,2,row,4,33,1,L33H1,1.5,2,2,True,True,-0.00036566724884323776,-0.0003449321957305074,2.0735053112730384e-05,10.25,10.375,0.125,0.0005822140324588473,0.000537053945215078,-4.516008724376932e-05,0.0002528523415835181,0.00023323956489127966,-1.9612776692238453e-05,1.9999850213844212,1.9999886764984063,3.65511398503493e-06,0.9999503881032745,0.9999547056290113,0.9999150323565767,0.9999235041573428,0.9996839813300511,0.9997004083272181,1.6426997166973933e-05,8.635151305792043e-06,5.992273511056727e-06,4.317575652896021e-06,6.614390366983284e-08,False,1,3.535574669772932e-05,3.120147166857064e-05,-4.1542750291586824e-06,0.9999503881032745,0.9999547056290113,4.317525736818872e-06,1.147833040071465e-05,1.1478379961160358e-05,4.9560445708097416e-11,1.2878329793253147e-06,1.2098123471327443e-06,-7.802063219257042e-08,5.714724204093114e-07,5.368509747430329e-07,-3.4621445666278474e-08,4.7376727675635045e-07,4.450650901855049e-07,-2.8702186570845547e-08,1.538097153525953e-07,1.4449147966379061e-07,-9.318235688804688e-09,1.7428924101844224e-07,1.6373029666236112e-07,-1.0558944356081128e-08,3.4319586419008994e-08,3.22404069974652e-08,-2.079179421543796e-09,8.232840795972944e-08,8.232876343238534e-08,3.55472655902898e-13
pccv3_n02_row_r05,2,row,5,33,1,L33H1,1.0,2,2,True,True,-0.00040713604539632797,-0.00040713604539632797,0.0,10.125,10.125,0.0,0.0006134936323507241,0.0006134936323507241,0.0,0.00026643689921270174,0.00026643689921270174,0.0,1.9999792376655094,1.9999792376655094,0.0,0.9999471364372474,0.9999471364372474,0.9999070732578488,0.9999070732578488,0.9996458047138432,0.9996458047138432,0.0,0.0,0.0,0.0,0.0,False,0,4.0063179398588134e-05,4.0063179398588134e-05,0.0,0.9999471364372474,0.9999471364372474,0.0,1.012955808579207e-05,1.012955808579207e-05,0.0,1.1365049195710755e-06,1.1365049195710755e-06,0.0,5.043210009535787e-07,5.043210009535787e-07,0.0,4.4506172124989604e-07,4.4506172124989604e-07,0.0,1.85529328001825e-07,1.85529328001825e-07,0.0,2.3822437269534002e-07,2.3822437269534002e-07,0.0,4.139718866927778e-08,4.139718866927778e-08,0.0,1.1978673723353536e-07,1.1978673723353536e-07,0.0
pccv3_n02_row_r05,2,row,5,33,1,L33H1,0.5,2,2,True,True,-0.00040713604539632797,-0.0004122599493712187,-5.123903974890709e-06,10.125,10.0,-0.125,0.0006134936323507241,0.0006690808154082861,5.558718305756201e-05,0.00026643689921270174,0.00029057810607914687,2.4141206866445128e-05,1.9999792376655094,1.9999744705763371,-4.76708917229729e-06,0.9999471364372474,0.9999416728951511,0.9999070732578488,0.9998962756134351,0.9996458047138432,0.9996461403455292,3.356316859992603e-07,1.0927207304211817e-05,7.635964563770667e-06,5.4636036521059085e-06,8.476511612992934e-08,False,1,4.0063179398588134e-05,4.539728171602147e-05,5.3341023174333346e-06,0.9999471364372474,0.9999416728951511,-5.463542096295626e-06,1.012955808579207e-05,1.0129502739599255e-05,-5.534619281500068e-11,1.1365049195710755e-06,1.1364987099003394e-06,-6.20967073613915e-12,5.043210009535787e-07,5.368439777902339e-07,3.252297683665523e-08,4.4506172124989604e-07,5.043182454288931e-07,5.925652417899707e-08,1.85529328001825e-07,1.9749386254572544e-07,1.1964534543900441e-08,2.3822437269534002e-07,2.5358713914854664e-07,1.536276645320662e-08,4.139718866927778e-08,4.4066837178159707e-08,2.669648508881927e-09,1.1978673723353536e-07,1.2751162133120027e-07,7.724884097664911e-09
pccv3_n02_row_r05,2,row,5,33,1,L33H1,1.5,2,2,True,True,-0.00040713604539632797,-0.0004183370911050588,-1.1201045708730817e-05,10.125,10.125,0.0,0.0006134936323507241,0.0006290854371678573,1.5591804817133206e-05,0.00026643689921270174,0.00027320833400769524,6.7714347949935e-06,1.9999792376655094,1.9999806669206466,1.4292551371308804e-06,0.9999471364372474,0.9999457773804837,0.9999070732578488,0.9999057142555362,0.9996458047138432,0.9996359570843509,-9.847629492298893e-06,2.718229251408314e-06,1.9147182794811575e-06,1.359114625704157e-06,2.114123124294296e-08,False,1,4.0063179398588134e-05,4.0063124947574726e-05,-5.445101340710535e-11,0.9999471364372474,0.9999457773804837,-1.3590567636834194e-06,1.012955808579207e-05,1.147827747468931e-05,1.3487193888972407e-06,1.1365049195710755e-06,1.1365033749147215e-06,-1.5446563540675023e-12,5.043210009535787e-07,5.043203155164767e-07,-6.854371019788025e-13,4.4506172124989604e-07,4.4506111635377656e-07,-6.04896119479944e-13,1.85529328001825e-07,1.8552907584360694e-07,-2.5215821806599715e-13,2.3822437269534002e-07,2.3822404891777898e-07,-3.2377756103246635e-13,4.139718866927778e-08,4.4067018060396896e-08,2.6698293911191163e-09,1.1978673723353536e-07,1.2751214473130819e-07,7.725407497772827e-09
pccv3_n03_dense_r00,3,dense,0,33,1,L33H1,1.0,2,2,False,False,-5.132720947265625,-5.132720947265625,0.0,-5.125,-5.125,0.0,0.03679349909948126,0.03679349909948126,0.0,0.015979213628816973,0.015979213628816973,0.0,2.005981406960454,2.005981406960454,0.0,0.9940425793470968,0.9940425793470968,0.9881317861087109,0.9881317861087109,0.9982560048731841,0.9982560048731841,0.0,0.0,0.0,0.0,0.0,False,0,1.3763708662578055e-05,1.3763708662578055e-05,0.0,0.9940425793470968,0.9940425793470968,0.0,0.005910793238385996,0.005910793238385996,0.0,2.2692519235712053e-05,2.2692519235712053e-05,0.0,6.501515613873638e-06,6.501515613873638e-06,0.0,1.450684220131142e-06,1.450684220131142e-06,0.0,7.764953079973523e-07,7.764953079973523e-07,0.0,6.852547041791348e-07,6.852547041791348e-07,0.0,3.667904118582818e-07,3.667904118582818e-07,0.0,3.904463610073405e-07,3.904463610073405e-07,0.0
pccv3_n03_dense_r00,3,dense,0,33,1,L33H1,0.5,2,2,False,False,-5.132720947265625,-5.132844924926758,-0.0001239776611328125,-5.125,-5.125,0.0,0.03679349909948126,0.03675059961500126,-4.289948447999681e-05,0.015979213628816973,0.015960582619430817,-1.863100938615664e-05,2.005981406960454,2.0059718952009096,-9.511759544444942e-06,0.9940425793470968,0.9940463584219467,0.9881317861087109,0.9881355427123601,0.9982560048731841,0.9981281490530023,-0.0001278558201818214,7.603196752524972e-06,4.692195620005896e-06,3.801598376262486e-06,5.886396231857126e-08,False,1,1.3763708662578055e-05,1.3763760988390175e-05,5.2325812119910584e-11,0.9940425793470968,0.9940463584219467,3.7790748498300886e-06,0.005910793238385996,0.00591081570958646,2.2471200463759777e-08,2.2692519235712053e-05,2.0026154070964636e-05,-2.6663651647474166e-06,6.501515613873638e-06,5.737589203992592e-06,-7.639264098810464e-07,1.450684220131142e-06,1.280229197952769e-06,-1.7045502217837286e-07,7.764953079973523e-07,6.852573093279203e-07,-9.123799866943201e-08,6.852547041791348e-07,6.43739667771063e-07,-4.1515036408071843e-08,3.667904118582818e-07,3.445690141654794e-07,-2.2221397692802364e-08,3.904463610073405e-07,3.445690141654794e-07,-4.587734684186106e-08
pccv3_n03_dense_r00,3,dense,0,33,1,L33H1,1.5,2,2,False,False,-5.132720947265625,-5.132678508758545,4.2438507080078125e-05,-5.125,-5.125,0.0,0.03679349909948126,0.03677535663644326,-1.8142463037995604e-05,0.015979213628816973,0.015971334457231437,-7.879171585536277e-06,2.005981406960454,2.0059830339150846,1.6269546305736071e-06,0.9940425793470968,0.9940441869932887,0.9881317861087109,0.988133384195489,0.9982560048731841,0.99829666365153,4.065877834591447e-05,3.234517510958951e-06,2.280382324194947e-06,1.6172587554794754e-06,2.525322998385447e-08,False,1,1.3763708662578055e-05,1.2146449906992965e-05,-1.6172587555850907e-06,0.9940425793470968,0.9940441869932887,1.6076461918368423e-06,0.005910793238385996,0.005910802797799685,9.559413689450014e-09,2.2692519235712053e-05,2.26925559358926e-05,3.6700180546488104e-11,6.501515613873638e-06,6.501526128651411e-06,1.0514777772568451e-11,1.450684220131142e-06,1.45068656629519e-06,2.346164048087039e-12,7.764953079973523e-07,7.764965638084723e-07,1.2558111200205427e-12,6.852547041791348e-07,6.852558124285585e-07,1.1082494236702522e-12,3.667904118582818e-07,3.667910050614514e-07,5.932031696209476e-13,3.904463610073405e-07,3.904469924688276e-07,6.314614871203155e-13
pccv3_n03_dense_r01,3,dense,1,33,1,L33H1,1.0,3,3,True,True,-0.004215402994304895,-0.004215402994304895,0.0,9.125,9.125,0.0,0.002166984326321107,0.002166984326321107,0.0,0.0009411093352920924,0.0009411093352920924,0.0,3.000151705894859,3.000151705894859,0.0,0.9998014205256474,0.9998014205256474,0.9996925333828386,0.9996925333828386,0.9959912452180788,0.9959912452180788,0.0,0.0,0.0,0.0,0.0,False,0,1.3004714671736727e-05,1.3004714671736727e-05,0.0,4.0057341247254995e-05,4.0057341247254995e-05,0.0,0.9998014205256474,0.9998014205256474,0.0,0.00010888714280879623,0.00010888714280879623,0.0,1.7775337427469292e-05,1.7775337427469292e-05,0.0,1.0781287136497614e-05,1.0781287136497614e-05,0.0,3.0888904809336293e-06,3.0888904809336293e-06,0.0,2.5607801515642398e-06,2.5607801515642398e-06,0.0,1.1363393039656512e-06,1.1363393039656512e-06,0.0,1.287641124447712e-06,1.287641124447712e-06,0.0
pccv3_n03_dense_r01,3,dense,1,33,1,L33H1,0.5,3,3,True,True,-0.004215402994304895,-0.004533726722002029,-0.000318323727697134,9.125,9.25,0.125,0.002166984326321107,0.0021000883150462273,-6.689601127487978e-05,0.0009411093352920924,0.0009120567667340743,-2.9052568558018054e-05,3.000151705894859,3.0001300263843067,-2.167951055209727e-05,0.9998014205256474,0.999809445002561,0.9996925333828386,0.9997133516650551,0.9959912452180788,0.9956662730837706,-0.00032497213430815464,2.689385836162079e-05,1.556863062991338e-05,1.3446929180810395e-05,2.8904859040309555e-07,False,1,1.3004714671736727e-05,1.568680612454261e-05,2.6820914528058816e-06,4.0057341247254995e-05,4.2641160034904234e-05,2.583818787649239e-06,0.9998014205256474,0.999809445002561,8.024476913615075e-06,0.00010888714280879623,9.609333750578228e-05,-1.2793805303013955e-05,1.7775337427469292e-05,1.7775480093584674e-05,1.4266611538175217e-10,1.0781287136497614e-05,1.0128163258670966e-05,-6.531238778266472e-07,3.0888904809336293e-06,3.088915272587096e-06,2.4791653466686633e-11,2.5607801515642398e-06,2.560800704566851e-06,2.0553002611313676e-11,1.1363393039656512e-06,1.209636601073005e-06,7.329729710735385e-08,1.287641124447712e-06,1.3706978432788894e-06,8.305671883117735e-08
pccv3_n03_dense_r01,3,dense,1,33,1,L33H1,1.5,3,3,True,True,-0.004215402994304895,-0.0038174153305590153,0.0003979876637458801,9.125,9.125,0.0,0.002166984326321107,0.0020643679670001446,-0.00010261635932096256,0.0009411093352920924,0.0008965436166859969,-4.456571860609541e-05,3.000151705894859,3.0001526341927196,9.282978608027292e-07,0.9998014205256474,0.9998108520602007,0.9996925333828386,0.999701963890215,0.9959912452180788,0.9963782956008345,0.0003870503827556604,1.8865123460476698e-05,1.0853604376225625e-05,9.432561730238349e-06,1.4964435363761149e-07,False,1,1.3004714671736727e-05,1.0781388840776152e-05,-2.2233258309605746e-06,4.0057341247254995e-05,3.5350813051967676e-05,-4.706528195287318e-06,0.9998014205256474,0.9998108520602007,9.431534553350218e-06,0.00010888714280879623,0.00010888816998562229,1.027176826058694e-09,1.7775337427469292e-05,1.669854169795004e-05,-1.0767957295192512e-06,1.0781287136497614e-05,1.0128177512296556e-05,-6.531096242010576e-07,3.0888904809336293e-06,2.9017714407244703e-06,-1.8711904020915902e-07,2.5607801515642398e-06,2.259901870330456e-06,-3.008782812337839e-07,1.1363393039656512e-06,1.0028253760063412e-06,-1.3351392795931e-07,1.287641124447712e-06,1.136350023517744e-06,-1.512911009299681e-07
pccv3_n03_dense_r02,3,dense,2,33,1,L33H1,1.0,3,3,True,True,-0.0038715661503374577,-0.0038715661503374577,0.0,8.75,8.75,0.0,0.0022676829499584995,0.0022676829499584995,0.0,0.0009848421918730642,0.0009848421918730642,0.0,3.000174687745022,3.000174687745022,0.0,0.9997827584905913,0.9997827584905913,0.999624331589853,0.999624331589853,0.9963523395771858,0.9963523395771858,0.0,0.0,0.0,0.0,0.0,False,0,1.3843188309671197e-05,1.3843188309671197e-05,0.0,2.1440749483716583e-05,2.1440749483716583e-05,0.0,0.9997827584905913,0.9997827584905913,0.0,0.0001584269007383002,0.0001584269007383002,0.0,1.3843188309671197e-05,1.3843188309671197e-05,0.0,5.421070433213727e-06,5.421070433213727e-06,0.0,1.7599638918662344e-06,1.7599638918662344e-06,0.0,1.2876170896710945e-06,1.2876170896710945e-06,0.0,5.713766199559768e-07,5.713766199559768e-07,0.0,6.474545330216671e-07,6.474545330216671e-07,0.0
pccv3_n03_dense_r02,3,dense,2,33,1,L33H1,0.5,3,3,True,True,-0.0038715661503374577,-0.0048655918799340725,-0.0009940257295966148,8.75,8.875,0.125,0.0022676829499584995,0.0022360123288825483,-3.167062107595122e-05,0.0009848421918730642,0.0009710878159013297,-1.3754375971734476e-05,3.000174687745022,3.0001543275375737,-2.0360207448444356e-05,0.9997827584905913,0.9997895298484016,0.999624331589853,0.9996497176522963,0.9963523395771858,0.9953557076407833,-0.0009966319364025367,3.722940926553265e-05,2.0773473036566937e-05,1.8614704632766325e-05,5.796539716732922e-07,False,1,1.3843188309671197e-05,1.7775126024688757e-05,3.93193771501756e-06,2.1440749483716583e-05,2.5862655759678696e-05,4.421906275962113e-06,0.9997827584905913,0.9997895298484016,6.771357810353429e-06,0.0001584269007383002,0.00013981219610533107,-1.8614704632969128e-05,1.3843188309671197e-05,1.568649365983866e-05,1.8433053501674626e-06,5.421070433213727e-06,6.142919180022752e-06,7.218487468090249e-07,1.7599638918662344e-06,2.1229360624435943e-06,3.629721705773599e-07,1.2876170896710945e-06,1.5531732025381774e-06,2.6555611286708294e-07,5.713766199559768e-07,7.336670714926807e-07,1.622904515367039e-07,6.474545330216671e-07,7.809845322944517e-07,1.3352999927278458e-07
pccv3_n03_dense_r02,3,dense,2,33,1,L33H1,1.5,3,3,True,True,-0.0038715661503374577,-0.0033968149218708277,0.00047475122846663,8.75,8.625,-0.125,0.0022676829499584995,0.002386369798439486,0.00011868684848098665,0.0009848421918730642,0.001036387235242844,5.1545043369779836e-05,3.000174687745022,3.00020329216878,2.8604423757627728e-05,0.9997827584905913,0.9997674379231828,0.999624331589853,0.9995879194766513,0.9963523395771858,0.9968407999063515,0.0004884603291657186,4.218309158661033e-05,2.6368774294144703e-05,2.1091545793305166e-05,4.66200378263205e-07,False,1,1.3843188309671197e-05,1.0780920687533555e-05,-3.062267622137642e-06,2.1440749483716583e-05,1.8921105058975392e-05,-2.519644424741191e-06,0.9997827584905913,0.9997674379231828,-1.5320567408494412e-05,0.0001584269007383002,0.00017951844653154542,2.1091545793245226e-05,1.3843188309671197e-05,1.3842976178087766e-05,-2.1213158343086867e-10,5.421070433213727e-06,5.420987361292059e-06,-8.307192166788653e-11,1.7599638918662344e-06,1.7599369223618967e-06,-2.696950433770805e-11,1.2876170896710945e-06,1.2095857780877112e-06,-7.803131158338326e-08,5.713766199559768e-07,5.367504353387519e-07,-3.462618461722493e-08,6.474545330216671e-07,5.713678642398501e-07,-7.608666878181694e-08
pccv3_n03_dense_r03,3,dense,3,33,1,L33H1,1.0,3,3,True,True,-0.0035487550776451826,-0.0035487550776451826,0.0,9.75,9.75,0.0,0.0015088202195256248,0.0015088202195256248,0.0,0.0006552722955240318,0.0006552722955240318,0.0,3.000015113197067,3.000015113197067,0.0,0.9998654553170995,0.9998654553170995,0.9998071684966057,0.9998071684966057,0.9965916032523978,0.9965916032523978,0.0,0.0,0.0,0.0,0.0,False,0,1.012873064839973e-05,1.012873064839973e-05,0.0,5.828682049382235e-05,5.828682049382235e-05,0.0,0.9998654553170995,0.9998654553170995,0.0,5.143793854730254e-05,5.143793854730254e-05,0.0,8.938573424326424e-06,8.938573424326424e-06,0.0,2.5609441631565356e-06,2.5609441631565356e-06,0.0,1.067560356137321e-06,1.067560356137321e-06,0.0,1.0028801438972055e-06,1.0028801438972055e-06,0.0,4.737270363851358e-07,4.737270363851358e-07,0.0,6.475080870910232e-07,6.475080870910232e-07,0.0
pccv3_n03_dense_r03,3,dense,3,33,1,L33H1,0.5,3,3,True,True,-0.0035487550776451826,-0.003998144064098597,-0.00044938898645341396,9.75,9.625,-0.125,0.0015088202195256248,0.0015563633022182067,4.754308269258188e-05,0.0006552722955240318,0.0006759199939900902,2.0647698466058368e-05,3.000015113197067,2.9999990826022045,-1.6030594862659342e-05,0.9998654553170995,0.9998609369298795,0.9998071684966057,0.9997948896078717,0.9965916032523978,0.9961483541058556,-0.0004432491465422572,2.1125451711248615e-05,1.1039803160223123e-05,1.0562725855624307e-05,2.7001737017425963e-07,False,1,1.012873064839973e-05,1.2217526085145579e-05,2.0887954367458483e-06,5.828682049382235e-05,6.60473220078769e-05,7.760501514054556e-06,0.9998654553170995,0.9998609369298795,-4.5183872199316966e-06,5.143793854730254e-05,4.539361630886883e-05,-6.044322238433709e-06,8.938573424326424e-06,9.515018882306691e-06,5.764454579802671e-07,2.5609441631565356e-06,2.5609325902620866e-06,-1.1572894449053835e-11,1.067560356137321e-06,1.0675555318371672e-06,-4.824300153671252e-12,1.0028801438972055e-06,1.0675555318371672e-06,6.467538793996174e-08,4.737270363851358e-07,5.042775264335233e-07,3.0550490048387495e-08,6.475080870910232e-07,6.892656560106117e-07,4.175756891958851e-08
pccv3_n03_dense_r03,3,dense,3,33,1,L33H1,1.5,3,3,True,True,-0.0035487550776451826,-0.0036826191935688257,-0.0001338641159236431,9.75,9.625,-0.125,0.0015088202195256248,0.0017681304987499675,0.00025931027922434266,0.0006552722955240318,0.0007678893188919553,0.00011261702336792345,3.000015113197067,3.0000306472369673,1.5534039900177987e-05,0.9998654553170995,0.9998395960489557,0.9998071684966057,0.9997735501366518,0.9965916032523978,0.9964840215212689,-0.0001075817311289029,5.1719060201432304e-05,3.0807302157933336e-05,2.5859530100716152e-05,6.757526345121414e-07,False,1,1.012873064839973e-05,1.012846869159304e-05,-2.619568066899113e-10,5.828682049382235e-05,6.604591230380482e-05,7.759091809982466e-06,0.9998654553170995,0.9998395960489557,-2.5859268143801906e-05,5.143793854730254e-05,6.604591230380482e-05,1.4607973756502275e-05,8.938573424326424e-06,1.1477058629814439e-05,2.5384852054880146e-06,2.5609441631565356e-06,3.0890084243653258e-06,5.280642612087902e-07,1.067560356137321e-06,1.2876902905848567e-06,2.2012993444753576e-07,1.0028801438972055e-06,1.1363826929293937e-06,1.335025490321882e-07,4.737270363851358e-07,5.042667632101121e-07,3.0539726824976335e-08,6.475080870910232e-07,6.89250944428484e-07,4.174285733746088e-08
pccv3_n03_dense_r04,3,dense,4,33,1,L33H1,1.0,3,3,True,True,-0.004764988087117672,-0.004764988087117672,0.0,8.125,8.125,0.0,0.004989388112953761,0.004989388112953761,0.0,0.0021668637255294965,0.0021668637255294965,0.0,2.9999641575196176,2.9999641575196176,0.0,0.999479800610045,0.999479800610045,0.9991839098822761,0.9991839098822761,0.9957643467810158,0.9957643467810158,0.0,0.0,0.0,0.0,0.0,False,0,1.0124823930120516e-05,1.0124823930120516e-05,0.0,0.0002958907277688804,0.0002958907277688804,0.0,0.999479800610045,0.999479800610045,0.0,0.00017946679831651026,0.00017946679831651026,0.0,2.0135616722754113e-05,2.0135616722754113e-05,0.0,6.53707765082417e-06,6.53707765082417e-06,0.0,2.9008106233443705e-06,2.9008106233443705e-06,0.0,2.7250593923178026e-06,2.7250593923178026e-06,0.0,1.209237775152207e-06,1.209237775152207e-06,0.0,1.209237775152207e-06,1.209237775152207e-06,0.0
pccv3_n03_dense_r04,3,dense,4,33,1,L33H1,0.5,3,3,True,True,-0.004764988087117672,-0.004758818540722132,6.1695463955402374e-06,8.125,8.125,0.0,0.004989388112953761,0.00480481438826456,-0.00018457372468920052,0.0021668637255294965,0.002086704375392647,-8.015935013684942e-05,2.9999641575196176,2.999937211909235,-2.6945610382522744e-05,0.999479800610045,0.9995010678216161,0.9991839098822761,0.9992051707978012,0.9957643467810158,0.9957493014218244,-1.5045359191390162e-05,4.540003670081134e-05,3.0005335036289132e-05,2.270001835040567e-05,3.635142042864381e-07,False,1,1.0124823930120516e-05,1.1473172698182627e-05,1.3483487680621105e-06,0.0002958907277688804,0.00029589702381478905,6.296045908639556e-09,0.999479800610045,0.9995010678216161,2.1267211571029954e-05,0.00017946679831651026,0.00015838226366162166,-2.1084534654888603e-05,2.0135616722754113e-05,1.8916063869909676e-05,-1.2195528528444366e-06,6.53707765082417e-06,6.14114680807431e-06,-3.959308427498602e-07,2.9008106233443705e-06,2.900872347606548e-06,6.172426217731269e-11,2.7250593923178026e-06,2.725117376895985e-06,5.798457818242112e-11,1.209237775152207e-06,1.2872543011389929e-06,7.801652598678581e-08,1.209237775152207e-06,1.2092635056528016e-06,2.5730500594516034e-11
pccv3_n03_dense_r04,3,dense,4,33,1,L33H1,1.5,3,3,True,True,-0.004764988087117672,-0.004456944297999144,0.00030804378911852837,8.125,8.125,0.0,0.004989388112953761,0.0049746389150996185,-1.4749197854142457e-05,0.0021668637255294965,0.0021604582302889434,-6.40549524055312e-06,2.9999641575196176,2.99996602402496,1.866505342285052e-06,0.999479800610045,0.9994810629168329,0.9991839098822761,0.9991851718153648,0.9957643467810158,0.9960698546701678,0.00030550788915206795,2.525898932621241e-06,1.7361281389826111e-06,1.2629494663106204e-06,1.9149036129933583e-08,False,1,1.0124823930120516e-05,8.935137042285956e-06,-1.1896868878345597e-06,0.0002958907277688804,0.0002958911014681527,3.736992722647853e-10,0.999479800610045,0.9994810629168329,1.2623067878747563e-06,0.00017946679831651026,0.0001794670249765764,2.266600661500473e-10,2.0135616722754113e-05,2.0135642153308737e-05,2.54305546246007e-11,6.53707765082417e-06,6.537085906916476e-06,8.256092305717862e-12,2.9008106233443705e-06,2.900814286963123e-06,3.663618752326633e-12,2.7250593923178026e-06,2.725062833969116e-06,3.441651313373646e-12,1.209237775152207e-06,1.2092393023757195e-06,1.5272235124406123e-12,1.209237775152207e-06,1.1359751967192053e-06,-7.326257843300175e-08
pccv3_n03_dense_r05,3,dense,5,33,1,L33H1,1.0,3,3,True,True,-0.0052629257552325726,-0.0052629257552325726,0.0,6.875,6.875,0.0,0.009690745339697951,0.009690745339697951,0.0,0.004208637226560473,0.004208637226560473,0.0,3.001116658728211,3.001116658728211,0.0,0.9988315491175342,0.9988315491175342,0.9977994588364243,0.9977994588364243,0.9959145941843417,0.9959145941843417,0.0,0.0,0.0,0.0,0.0,False,0,1.8903392889381248e-05,1.8903392889381248e-05,0.0,5.469878099579889e-05,5.469878099579889e-05,0.0,0.9988315491175342,0.9988315491175342,0.0,0.0010320902811099095,0.0010320902811099095,0.0,3.7593885741347954e-05,3.7593885741347954e-05,0.0,1.2204947763516496e-05,1.2204947763516496e-05,0.0,5.087779174770181e-06,5.087779174770181e-06,0.0,3.962366405405403e-06,3.962366405405403e-06,0.0,2.2576883230908037e-06,2.2576883230908037e-06,0.0,1.6517600624635676e-06,1.6517600624635676e-06,0.0
pccv3_n03_dense_r05,3,dense,5,33,1,L33H1,0.5,3,3,True,True,-0.0052629257552325726,-0.005488208960741758,-0.0002252832055091858,6.875,7.0,0.125,0.009690745339697951,0.008854790287877638,-0.000835955051820313,0.004208637226560473,0.0038455865604357644,-0.0003630506661247085,3.001116658728211,3.0009746546861242,-0.00014200404208697393,0.9988315491175342,0.9989521168345414,0.9977994588364243,0.9980411904147475,0.9959145941843417,0.9955700445999582,-0.00034454958438345784,0.0002532460141745181,0.0001710444855038988,0.00012662300708725905,2.035993731218875e-06,False,1,1.8903392889381248e-05,2.1422936034237824e-05,2.5195431448565756e-06,5.469878099579889e-05,5.8233577734109166e-05,3.5347967383102727e-06,0.9988315491175342,0.9989521168345414,0.00012056771700719171,0.0010320902811099095,0.0009109264197939265,-0.00012116386131598303,3.7593885741347954e-05,3.31804924155285e-05,-4.413393325819451e-06,1.2204947763516496e-05,1.1466871344757091e-05,-7.380764187594044e-07,5.087779174770181e-06,4.7801031481690536e-06,-3.076760266011271e-07,3.962366405405403e-06,3.962844697737946e-06,4.782923325432953e-10,2.2576883230908037e-06,2.257960845847088e-06,2.72522756284251e-10,1.6517600624635676e-06,1.6519594443713086e-06,1.993819077410622e-10
pccv3_n03_dense_r05,3,dense,5,33,1,L33H1,1.5,3,3,True,True,-0.0052629257552325726,-0.005085390526801348,0.00017753522843122482,6.875,6.75,-0.125,0.009690745339697951,0.010524412410234772,0.0008336670705368209,0.004208637226560473,0.004570694235039064,0.0003620570084785909,3.001116658728211,3.00127111412946,0.00015445540124892077,0.9988315491175342,0.9987041674153884,0.9977994588364243,0.9975348050585625,0.9959145941843417,0.9962184577993867,0.0003038636150449747,0.0002766251661793318,0.00018742835233368697,0.0001383125830896659,2.3848701793425496e-06,False,1,1.8903392889381248e-05,1.4720099680672233e-05,-4.183293208709015e-06,5.469878099579889e-05,4.8265348704398635e-05,-6.433432291400258e-06,0.9988315491175342,0.9987041674153884,-0.00012738170214587896,0.0010320902811099095,0.0011693623568258956,0.00013727207571598613,3.7593885741347954e-05,3.758909136620007e-05,-4.7943751478842964e-09,1.2204947763516496e-05,1.2990442373929737e-05,7.854946104132412e-07,5.087779174770181e-06,4.778916681091096e-06,-3.0886249367908486e-07,3.962366405405403e-06,4.217379168772747e-06,2.550127633673437e-07,2.2576883230908037e-06,2.2574003984835323e-06,-2.8792460727142857e-10,1.6517600624635676e-06,1.6515494123209294e-06,-2.106501426381268e-10
pccv3_n03_distractors_r00,3,distractors,0,33,1,L33H1,1.0,3,3,True,True,-0.08508740365505219,-0.08508740365505219,0.0,3.25,3.25,0.0,0.1664753757818342,0.1664753757818342,0.0,0.07229933707482084,0.07229933707482084,0.0,2.963700476593666,2.963700476593666,0.0,0.961879076042447,0.961879076042447,0.9245829768389925,0.9245829768389925,0.9548310385898731,0.9548310385898731,0.0,0.0,0.0,0.0,0.0,False,0,1.5091686377391039e-05,1.5091686377391039e-05,0.0,0.03729609920345458,0.03729609920345458,0.0,0.961879076042447,0.961879076042447,0.0,0.0006831018849688806,0.0006831018849688806,0.0,7.664190740209393e-05,7.664190740209393e-05,0.0,2.4881984341139964e-05,2.4881984341139964e-05,0.0,1.4177327322805323e-05,1.4177327322805323e-05,0.0,7.588576475386089e-06,7.588576475386089e-06,0.0,2.314385064038861e-06,2.314385064038861e-06,0.0,1.0270021466590723e-06,1.0270021466590723e-06,0.0
pccv3_n03_distractors_r00,3,distractors,0,33,1,L33H1,0.5,3,3,True,True,-0.08508740365505219,-0.0807708278298378,0.004316575825214386,3.25,3.375,0.125,0.1664753757818342,0.15241166783896143,-0.01406370794287276,0.07229933707482084,0.06619154632013226,-0.006107790754688577,2.963700476593666,2.967915079463512,0.004214602869845763,0.961879076042447,0.9661188905824143,0.9245829768389925,0.9330601200813297,0.9548310385898731,0.954753160139262,-7.787845061102416e-05,0.008489820722929971,0.005994248691046473,0.004244910361464986,6.62680789208968e-05,False,1,1.5091686377391039e-05,1.7176500175530774e-05,2.0848137981397352e-06,0.03729609920345458,0.033058770501084585,-0.004237328702369994,0.961879076042447,0.9661188905824143,0.004239814539967246,0.0006831018849688806,0.0006861128926686076,3.011007699726953e-06,7.664190740209393e-05,7.23157668491689e-05,-4.326140552925038e-06,2.4881984341139964e-05,2.3477492136493835e-05,-1.4044922046461294e-06,1.4177327322805323e-05,1.337707178712949e-05,-8.002555356758331e-07,7.588576475386089e-06,6.726414115352877e-06,-8.62162360033212e-07,2.314385064038861e-06,2.1837469390233426e-06,-1.3063812501551826e-07,1.0270021466590723e-06,9.690318300894e-07,-5.797031656967224e-08
pccv3_n03_distractors_r00,3,distractors,0,33,1,L33H1,1.5,3,3,True,True,-0.08508740365505219,-0.10115407407283783,-0.016066670417785645,3.25,3.0,-0.25,0.1664753757818342,0.19819749254827748,0.03172211676644329,0.07229933707482084,0.08607607734077778,0.013776740265956947,2.963700476593666,2.953681608287689,-0.01001886830597698,0.961879076042447,0.9517677264179611,0.9245829768389925,0.9043820015524637,0.9548310385898731,0.9495948718462159,-0.005236166743657122,0.020237060892051798,0.014284266658250565,0.010118530446025899,0.0003153436214213029,False,1,1.5091686377391039e-05,1.5896139788445178e-05,8.044534110541391e-07,0.03729609920345458,0.047385724865497456,0.010089625662042877,0.961879076042447,0.9517677264179611,-0.0101113496244859,0.0006831018849688806,0.000675921063428938,-7.180821539942597e-06,7.664190740209393e-05,9.147596856474777e-05,1.483406116265384e-05,2.4881984341139964e-05,3.161324881899885e-05,6.731264477858885e-06,1.4177327322805323e-05,1.801268621101068e-05,3.835358888205356e-06,7.588576475386089e-06,9.641496152769893e-06,2.0529196773838046e-06,2.314385064038861e-06,2.762334896677643e-06,4.479498326387822e-07,1.0270021466590723e-06,1.2257786799438016e-06,1.9877653328472929e-07
pccv3_n03_distractors_r01,3,distractors,1,33,1,L33H1,1.0,3,3,True,True,-0.07885801792144775,-0.07885801792144775,0.0,5.5,5.5,0.0,0.034966231967122334,0.034966231967122334,0.0,0.015185641596270314,0.015185641596270314,0.0,3.0042255187618205,3.0042255187618205,0.0,0.9949850106471942,0.9949850106471942,0.9909187343239815,0.9909187343239815,0.9288292183069871,0.9288292183069871,0.0,0.0,0.0,0.0,0.0,False,0,1.0729349724927058e-05,1.0729349724927058e-05,0.0,0.0006235836707286195,0.0006235836707286195,0.0,0.9949850106471942,0.9949850106471942,0.0,0.004066276323212818,0.004066276323212818,0.0,0.00020244797730642304,0.00020244797730642304,0.0,6.9964148835013e-05,6.9964148835013e-05,0.0,2.5738371975460196e-05,2.5738371975460196e-05,0.0,1.2157946043214074e-05,1.2157946043214074e-05,0.0,2.8877653027025916e-06,2.8877653027025916e-06,0.0,1.2037996764421215e-06,1.2037996764421215e-06,0.0
pccv3_n03_distractors_r01,3,distractors,1,33,1,L33H1,0.5,3,3,True,True,-0.07885801792144775,-0.07160031050443649,0.007257707417011261,5.5,5.375,-0.125,0.034966231967122334,0.037220768817000996,0.002254536849878662,0.015185641596270314,0.01616477450942016,0.0009791329131498445,3.0042255187618205,3.0047884424425906,0.0005629236807700444,0.9949850106471942,0.9945321619491667,0.9909187343239815,0.989926564329295,0.9288292183069871,0.9360209091106526,0.007191690803665551,0.001080016164117795,0.0007081152547548844,0.0005400080820588975,9.80120988308555e-06,False,1,1.0729349724927058e-05,1.1416135125106417e-05,6.867854001793596e-07,0.0006235836707286195,0.0005500601943834181,-7.352347634520138e-05,0.9949850106471942,0.9945321619491667,-0.00045284869802753036,0.004066276323212818,0.004605597619871716,0.0005393212966588977,0.00020244797730642304,0.00020235583692042677,-9.214038599626977e-08,6.9964148835013e-05,6.171504340883535e-05,-8.249105426177643e-06,2.5738371975460196e-05,2.2703695681113654e-05,-3.034676294346542e-06,1.2157946043214074e-05,1.0074703887393615e-05,-2.0832421558204593e-06,2.8877653027025916e-06,2.7115697658197063e-06,-1.7619553688288532e-07,1.2037996764421215e-06,1.2032517896796784e-06,-5.478867624430452e-10
pccv3_n03_distractors_r01,3,distractors,1,33,1,L33H1,1.5,3,3,True,True,-0.07885801792144775,-0.07049786299467087,0.008360154926776886,5.5,5.5,0.0,0.034966231967122334,0.03475532048071789,-0.00021091148640444563,0.015185641596270314,0.015094043901554851,-9.15976947154628e-05,3.0042255187618205,3.00439602061443,0.0001705018526094726,0.9949850106471942,0.9950201349658242,0.9909187343239815,0.9909537150975493,0.9288292183069871,0.9365938184628249,0.0077646001558377975,0.00014966052289039372,8.614361323924075e-05,7.483026144519686e-05,1.7718968831205152e-06,False,1,1.0729349724927058e-05,9.468952154032534e-06,-1.2603975708945237e-06,0.0006235836707286195,0.0005503300846319853,-7.325358609663424e-05,0.9949850106471942,0.9950201349658242,3.5124318629953244e-05,0.004066276323212818,0.004066419868274991,1.4354506217267166e-07,0.00020244797730642304,0.00022941171056953383,2.6963733263110786e-05,6.9964148835013e-05,7.928256570569625e-05,9.318416870683258e-06,2.5738371975460196e-05,2.7399321548465e-05,1.6609495730048025e-06,1.2157946043214074e-05,1.377724408954786e-05,1.6192980463337858e-06,2.8877653027025916e-06,2.7129002133699507e-06,-1.7486508933264096e-07,1.2037996764421215e-06,1.0623869881683611e-06,-1.414126882737603e-07
pccv3_n03_distractors_r02,3,distractors,2,33,1,L33H1,1.0,3,3,True,True,-0.5996161103248596,-0.5996161103248596,0.0,0.25,0.25,0.0,0.6887155957549651,0.6887155957549651,0.0,0.299105382837092,0.299105382837092,0.0,2.5625968477439995,2.5625968477439995,0.0,0.5619775868487553,0.5619775868487553,0.12430900214236623,0.12430900214236623,0.9769470934890023,0.9769470934890023,0.0,0.0,0.0,0.0,0.0,False,0,6.935354389410984e-05,6.935354389410984e-05,0.0,0.4376685847063891,0.4376685847063891,0.0,0.5619775868487553,0.5619775868487553,0.0,0.00022740151578798013,0.00022740151578798013,0.0,2.891085837956071e-05,2.891085837956071e-05,0.0,9.385981506372206e-06,9.385981506372206e-06,0.0,8.283099607089766e-06,8.283099607089766e-06,0.0,6.866930763066049e-06,6.866930763066049e-06,0.0,2.094295556667031e-06,2.094295556667031e-06,0.0,1.532219360891107e-06,1.532219360891107e-06,0.0
pccv3_n03_distractors_r02,3,distractors,2,33,1,L33H1,0.5,3,3,True,True,-0.5996161103248596,-0.547742486000061,0.051873624324798584,0.25,0.375,0.125,0.6887155957549651,0.6792474662500818,-0.009468129504883294,0.299105382837092,0.2949934264391758,-0.004111956397916172,2.5625968477439995,2.5930569979822278,0.030460150238228234,0.5619775868487553,0.5924536065481796,0.12430900214236623,0.1852665945865708,0.9769470934890023,0.9760321324237111,-0.0009149610652912088,0.06096938578058262,0.04310352805415637,0.03048469289029131,0.000476285755788511,False,1,6.935354389410984e-05,7.78300690173336e-05,8.476525123223759e-06,0.4376685847063891,0.4071870119616088,-0.030481572744780305,0.5619775868487553,0.5924536065481796,0.03047601969942426,0.00022740151578798013,0.00022520877204316477,-2.1927437448153637e-06,2.891085837956071e-05,2.8632082296431473e-05,-2.7877608312923895e-07,9.385981506372206e-06,9.295476163143803e-06,-9.05053432284031e-08,8.283099607089766e-06,8.203228922023345e-06,-7.987068506642108e-08,6.866930763066049e-06,6.388681108185777e-06,-4.782496548802721e-07,2.094295556667031e-06,2.2078691121522222e-06,1.1357355548519144e-07,1.532219360891107e-06,1.6153115491191118e-06,8.309218822800468e-08
pccv3_n03_distractors_r02,3,distractors,2,33,1,L33H1,1.5,3,2,True,False,-0.5996161103248596,-0.7171524167060852,-0.11753630638122559,0.25,0.0,-0.25,0.6887155957549651,0.6966020090645415,0.007886413309576401,0.299105382837092,0.30253040861944935,0.0034250257823573715,2.5625968477439995,2.5004876648360987,-0.062109182907900795,0.5619775868487553,0.49981457709676275,0.12430900214236623,0.0,0.9769470934890023,0.9766427539240112,-0.00030433956499109627,0.12433340625680901,0.08789974086927749,0.062166703128404506,0.0019412406184185112,True,1,6.935354389410984e-05,6.566016748207097e-05,-3.6933764120388742e-06,0.4376685847063891,0.49981457709676275,0.06214599239037366,0.5619775868487553,0.49981457709676275,-0.06216300975199257,0.00022740151578798013,0.0002439571177245971,1.6555601936616972e-05,2.891085837956071e-05,3.101566696590354e-05,2.104808586342829e-06,9.385981506372206e-06,1.0069312807245445e-05,6.833313008732388e-07,8.283099607089766e-06,8.886137363549503e-06,6.030377564597366e-07,6.866930763066049e-06,7.366866622533351e-06,4.99935859467302e-07,2.094295556667031e-06,2.2467673792653116e-06,1.5247182259828084e-07,1.532219360891107e-06,1.643770129277989e-06,1.1155076838688192e-07
pccv3_n03_distractors_r03,3,distractors,3,33,1,L33H1,1.0,2,2,False,False,-1.3538880348205566,-1.3538880348205566,0.0,-0.875,-0.875,0.0,0.6091014417001652,0.6091014417001652,0.0,0.26452939504969697,0.26452939504969697,0.0,2.2948096753288176,2.2948096753288176,0.0,0.7055558363289812,0.7055558363289812,0.411436405400923,0.411436405400923,0.8779912229649653,0.8779912229649653,0.0,0.0,0.0,0.0,0.0,False,0,6.370360736313615e-05,6.370360736313615e-05,0.0,0.7055558363289812,0.7055558363289812,0.0,0.2941194309280582,0.2941194309280582,0.0,0.00016267286020308432,0.00016267286020308432,0.0,3.203218541284701e-05,3.203218541284701e-05,0.0,2.494669108301368e-05,2.494669108301368e-05,0.0,2.2015377610494317e-05,2.2015377610494317e-05,0.0,1.4214196112969265e-05,1.4214196112969265e-05,0.0,3.8256989839262355e-06,3.8256989839262355e-06,0.0,1.3221261909880344e-06,1.3221261909880344e-06,0.0
pccv3_n03_distractors_r03,3,distractors,3,33,1,L33H1,0.5,2,2,False,False,-1.3538880348205566,-1.202932357788086,0.1509556770324707,-0.875,-0.625,0.25,0.6091014417001652,0.6500891899406698,0.04098774824050455,0.26452939504969697,0.2823301479361878,0.017800752886490856,2.2948096753288176,2.34924483266404,0.05443515733522242,0.7055558363289812,0.6511218907597804,0.411436405400923,0.3026014573717144,0.8779912229649653,0.8616778111723988,-0.016313411792566512,0.10887008440146516,0.07695793644794342,0.05443504220073258,0.0016993610542940245,False,1,6.370360736313615e-05,7.54863722418055e-05,1.1782764878669343e-05,0.7055558363289812,0.6511218907597804,-0.05443394556920078,0.2941194309280582,0.34852043338806604,0.05440100246000784,0.00016267286020308432,0.00018108239340207093,1.840953319898661e-05,3.203218541284701e-05,3.349687463008029e-05,1.4646892172332778e-06,2.494669108301368e-05,2.6087392192351203e-05,1.1407011093375236e-06,2.2015377610494317e-05,2.302204280625949e-05,1.0066651957651732e-06,1.4214196112969265e-05,1.311756458122676e-05,-1.096631531742504e-06,3.8256989839262355e-06,4.000631164728664e-06,1.7493218080242826e-07,1.3221261909880344e-06,1.3825811350014772e-06,6.045494401344276e-08
pccv3_n03_distractors_r03,3,distractors,3,33,1,L33H1,1.5,2,2,False,False,-1.3538880348205566,-1.2627918720245361,0.09109616279602051,-0.875,-0.75,0.125,0.6091014417001652,0.6305837272525765,0.021482285552411273,0.26452939504969697,0.2738590331237791,0.009329638074082158,2.2948096753288176,2.32140156268212,0.0265918873533022,0.7055558363289812,0.6789670920846084,0.411436405400923,0.3582457473720108,0.8779912229649653,0.8819593873867007,0.00396816442173531,0.05320715590016587,0.037611477227564576,0.026603577950082936,0.0004156365785750831,False,1,6.370360736313615e-05,5.7588790541043406e-05,-6.114816822092748e-06,0.7055558363289812,0.6789670920846084,-0.026588744244372853,0.2941194309280582,0.32072134471259756,0.026601913784539355,0.00016267286020308432,0.00015654256285065242,-6.1302973524319e-06,3.203218541284701e-05,3.281310374731317e-05,7.809183344661589e-07,2.494669108301368e-05,2.2552094409384214e-05,-2.394596673629465e-06,2.2015377610494317e-05,2.2552094409384214e-05,5.367167988898967e-07,1.4214196112969265e-05,1.456072652328162e-05,3.465304103123561e-07,3.8256989839262355e-06,3.6815282087699763e-06,-1.4417077515625916e-07,1.3221261909880344e-06,1.2723021043021772e-06,-4.9824086685857246e-08
pccv3_n03_distractors_r04,3,distractors,4,33,1,L33H1,1.0,3,3,True,True,-0.0820845291018486,-0.0820845291018486,0.0,3.875,3.875,0.0,0.10833856274499415,0.10833856274499415,0.0,0.04705083997748017,0.04705083997748017,0.0,2.9810835348352995,2.9810835348352995,0.0,0.9786495321422314,0.9786495321422314,0.9583383090922133,0.9583383090922133,0.9412910812599762,0.9412910812599762,0.0,0.0,0.0,0.0,0.0,False,0,2.2341118775560674e-05,2.2341118775560674e-05,0.0,0.020311223050018045,0.020311223050018045,0.0,0.9786495321422314,0.9786495321422314,0.0,0.0007875515838578623,0.0007875515838578623,0.0,0.00011345756290170867,0.00011345756290170867,0.0,6.464617067722194e-05,6.464617067722194e-05,0.0,2.8686564345059622e-05,2.8686564345059622e-05,0.0,1.9715968119706845e-05,1.9715968119706845e-05,0.0,2.212070316629336e-06,2.212070316629336e-06,0.0,6.337687567063443e-07,6.337687567063443e-07,0.0
pccv3_n03_distractors_r04,3,distractors,4,33,1,L33H1,0.5,3,3,True,True,-0.0820845291018486,-0.08122991025447845,0.0008546188473701477,3.875,3.875,0.0,0.10833856274499415,0.10809331249771698,-0.00024525024727717337,0.04705083997748017,0.04694432914840228,-0.00010651082907788684,2.9810835348352995,2.9809821510721024,-0.00010138376319712705,0.9786495321422314,0.9786747037264047,0.9583383090922133,0.9583629582568239,0.9412910812599762,0.9420716492147108,0.000780567954734579,6.0644768150670083e-05,3.055391527434539e-05,3.0322384075335042e-05,6.862998165658143e-07,False,1,2.2341118775560674e-05,2.6949226409040952e-05,4.608107633480278e-06,0.020311223050018045,0.020311745469580797,5.224195627519246e-07,0.9786495321422314,0.9786747037264047,2.5171584173366846e-05,0.0007875515838578623,0.0007875718402625638,2.0256404701496887e-08,0.00011345756290170867,0.00010012852314841309,-1.332903975329558e-05,6.464617067722194e-05,5.7051512755638425e-05,-7.594657921583515e-06,2.8686564345059622e-05,2.378260883302962e-05,-4.903955512030003e-06,1.9715968119706845e-05,1.5355206347656543e-05,-4.3607617720503015e-06,2.212070316629336e-06,2.0781012002167313e-06,-1.3396911641260467e-07,6.337687567063443e-07,6.337850577038741e-07,1.6300997529785516e-11
pccv3_n03_distractors_r04,3,distractors,4,33,1,L33H1,1.5,3,3,True,True,-0.0820845291018486,-0.07506584376096725,0.007018685340881348,3.875,3.875,0.0,0.10833856274499415,0.10770072014447328,-0.0006378426005208687,0.04705083997748017,0.046773828455751135,-0.0002770115217290356,2.9810835348352995,2.9810235726049057,-5.996223039383963e-05,0.9786495321422314,0.9787382211897545,0.9583383090922133,0.9584251574572785,0.9412910812599762,0.9478350578834807,0.006543976623504477,0.0001929338929560835,0.00012827964556961512,9.646694647804176e-05,1.6443920049359215e-06,False,1,2.2341118775560674e-05,1.8523116482804405e-05,-3.818002292756269e-06,0.020311223050018045,0.020313063732476037,1.8406824579923764e-06,0.9786495321422314,0.9787382211897545,8.868904752312723e-05,0.0007875515838578623,0.0006950748180702775,-9.24767657875848e-05,0.00011345756290170867,0.00011346784486972436,1.0281968015689964e-08,6.464617067722194e-05,6.465202916600172e-05,5.858488779777256e-09,2.8686564345059622e-05,3.053945614485577e-05,1.852891799796145e-06,1.9715968119706845e-05,2.3784152360188503e-05,4.068184240481658e-06,2.212070316629336e-06,2.0782360721167807e-06,-1.3383424451255532e-07,6.337687567063443e-07,5.954246036693377e-07,-3.8344153037006646e-08
pccv3_n03_distractors_r05,3,distractors,5,33,1,L33H1,1.0,2,2,False,False,-2.4131369590759277,-2.4131369590759277,0.0,-2.25,-2.25,0.0,0.3198996843111094,0.3198996843111094,0.0,0.13893066765890705,0.13893066765890705,0.0,2.0967256910051444,2.0967256910051444,0.0,0.9041681796024532,0.9041681796024532,0.8088695545988421,0.8088695545988421,0.9395098413459664,0.9395098413459664,0.0,0.0,0.0,0.0,0.0,False,0,3.6225767009015484e-05,3.6225767009015484e-05,0.0,0.9041681796024532,0.9041681796024532,0.0,0.09529862500361105,0.09529862500361105,0.0,0.00028493772894187905,0.00028493772894187905,0.0,7.668994935989266e-05,7.668994935989266e-05,0.0,5.270817998607681e-05,5.270817998607681e-05,0.0,4.951475279604436e-05,4.951475279604436e-05,0.0,2.8212655713983518e-05,2.8212655713983518e-05,0.0,3.586836662156476e-06,3.586836662156476e-06,0.0,1.319523466847366e-06,1.319523466847366e-06,0.0
pccv3_n03_distractors_r05,3,distractors,5,33,1,L33H1,0.5,2,2,False,False,-2.4131369590759277,-2.305598735809326,0.10753822326660156,-2.25,-2.125,0.125,0.3198996843111094,0.3448633612977174,0.024963676986608008,0.13893066765890705,0.1497722548222061,0.010841587163299055,2.0967256910051444,2.1080667203804624,0.011341029375318001,0.9041681796024532,0.8928102050104904,0.8088695545988421,0.786179232127269,0.9395098413459664,0.9349917766849103,-0.004518064661056087,0.02274155502355247,0.016044529341264643,0.011370777511776235,0.0001777707346496664,False,1,3.6225767009015484e-05,3.807771873224348e-05,1.8519517232279972e-06,0.9041681796024532,0.8928102050104904,-0.01135797459196286,0.09529862500361105,0.10663097288322133,0.01133234787961028,0.00028493772894187905,0.00031882083552681797,3.3883106584938914e-05,7.668994935989266e-05,7.572658599902814e-05,-9.6336336086452e-07,5.270817998607681e-05,5.5402753843660925e-05,2.6945738575841172e-06,4.951475279604436e-05,4.314770807775541e-05,-6.367044718288949e-06,2.8212655713983518e-05,2.3095303863019736e-05,-5.117351850963782e-06,3.586836662156476e-06,3.3271939825665525e-06,-2.5964267958992366e-07,1.319523466847366e-06,1.2240062629755688e-06,-9.551720387179724e-08
pccv3_n03_distractors_r05,3,distractors,5,33,1,L33H1,1.5,2,2,False,False,-2.4131369590759277,-2.411879539489746,0.0012574195861816406,-2.25,-2.25,0.0,0.3198996843111094,0.3197074138933915,-0.0001922704177178547,0.13893066765890705,0.13884716567745894,-8.350198144810306e-05,2.0967256910051444,2.0967318672506674,6.176245523015211e-06,0.9041681796024532,0.9041918827521663,0.8088695545988421,0.8088907594549558,0.9395098413459664,0.9406672352960186,0.0011573939500522101,7.546055084896147e-05,4.220457091647651e-05,3.7730275424480734e-05,8.663695064884689e-07,False,1,3.6225767009015484e-05,3.1969965263343524e-05,-4.25580174567196e-06,0.9041681796024532,0.9041918827521663,2.3703149713116822e-05,0.09529862500361105,0.09530112329721048,2.4982935994261046e-06,0.00028493772894187905,0.0002514632552630509,-3.3474473678828174e-05,7.668994935989266e-05,7.66919598192211e-05,2.0104593284489634e-09,5.270817998607681e-05,5.2709561753218696e-05,1.3817671418883226e-09,4.951475279604436e-05,5.2709561753218696e-05,3.194808957174336e-06,2.8212655713983518e-05,3.622671668275789e-05,8.01406096877437e-06,3.586836662156476e-06,3.818267846785035e-06,2.3143118462855907e-07,1.319523466847366e-06,1.4046622417181652e-06,8.513877487079908e-08
pccv3_n03_grid_r00,3,grid,0,33,1,L33H1,1.0,3,3,True,True,-0.0023523299023509026,-0.0023523299023509026,0.0,8.125,8.125,0.0,0.0033535167736392577,0.0033535167736392577,0.0,0.001456413829761526,0.001456413829761526,0.0,2.999779308934976,2.999779308934976,0.0,0.9996496777437626,0.9996496777437626,0.9993537367247635,0.9993537367247635,0.9980000661509507,0.9980000661509507,0.0,0.0,0.0,0.0,0.0,False,0,3.287607755584621e-06,3.287607755584621e-06,0.0,0.00029594101899907464,0.00029594101899907464,0.0,0.9996496777437626,0.9996496777437626,0.0,3.534511433093715e-05,3.534511433093715e-05,0.0,8.395200506906807e-06,8.395200506906807e-06,0.0,3.725347642531214e-06,3.725347642531214e-06,0.0,1.28744569539322e-06,1.28744569539322e-06,0.0,1.28744569539322e-06,1.28744569539322e-06,0.0,4.449293267729292e-07,4.449293267729292e-07,0.0,6.081462849741539e-07,6.081462849741539e-07,0.0
pccv3_n03_grid_r00,3,grid,0,33,1,L33H1,0.5,3,3,True,True,-0.0023523299023509026,-0.0026702960021793842,-0.0003179660998284817,8.125,8.0,-0.125,0.0033535167736392577,0.003692644859477634,0.0003391280858383765,0.001456413829761526,0.0016036952860995451,0.0001472814563380192,2.999779308934976,2.9997418494256642,-3.7459509311776884e-05,0.9996496777437626,0.9996085543109752,0.9993537367247635,0.9992732229984722,0.9980000661509507,0.9977238428750752,-0.000276223275875509,8.224977361788634e-05,5.695228681946305e-05,4.112488680894317e-05,6.398232313149727e-07,False,1,3.287607755584621e-06,3.965448786291385e-06,6.778410307067644e-07,0.00029594101899907464,0.00033533131250299046,3.939029350391582e-05,0.9996496777437626,0.9996085543109752,-4.112343278739328e-05,3.534511433093715e-05,3.5343660309127394e-05,-1.4540218097540522e-09,8.395200506906807e-06,8.936276786820034e-06,5.410762799132267e-07,3.725347642531214e-06,3.965448786291385e-06,2.4010114376017105e-07,1.28744569539322e-06,1.3704224303598898e-06,8.297673496666976e-08,1.28744569539322e-06,1.3704224303598898e-06,8.297673496666976e-08,4.449293267729292e-07,4.736053190564408e-07,2.8675992283511598e-08,6.081462849741539e-07,6.890916731446354e-07,8.094538817048152e-08
pccv3_n03_grid_r00,3,grid,0,33,1,L33H1,1.5,3,3,True,True,-0.0023523299023509026,-0.0022839431185275316,6.838678382337093e-05,8.125,8.0,-0.125,0.0033535167736392577,0.0037233555857395196,0.000369838812100262,0.001456413829761526,0.0016170327850503232,0.00016061895528879724,2.999779308934976,2.9997471985333446,-3.211040163142442e-05,0.9996496777437626,0.9996051896747733,0.9993537367247635,0.99926985949098,0.9980000661509507,0.9981127570169406,0.00011269086598986178,8.974932732027e-05,5.960977552529981e-05,4.4874663660135e-05,7.006493921216558e-07,False,1,3.287607755584621e-06,2.901174542585953e-06,-3.8643321299866794e-07,0.00029594101899907464,0.00033533018379328826,3.938916479421362e-05,0.9996496777437626,0.9996051896747733,-4.448806898926794e-05,3.534511433093715e-05,4.004947919985705e-05,4.704364868919903e-06,8.395200506906807e-06,8.936246707725315e-06,5.410462008185077e-07,3.725347642531214e-06,3.965435438774014e-06,2.400877962427997e-07,1.28744569539322e-06,1.2873883993482238e-06,-5.7296044996190274e-11,1.28744569539322e-06,1.2873883993482238e-06,-5.7296044996190274e-11,4.449293267729292e-07,4.449095257896192e-07,-1.980098330999889e-11,6.081462849741539e-07,6.081192202388933e-07,-2.7064735260621664e-11
pccv3_n03_grid_r01,3,grid,1,33,1,L33H1,1.0,3,3,True,True,-0.00260740052908659,-0.00260740052908659,0.0,9.75,9.75,0.0,0.001283101627382668,0.001283101627382668,0.0,0.000557243956493375,0.000557243956493375,0.0,3.0000190596422893,3.0000190596422893,0.0,0.9998870659870495,0.9998870659870495,0.9998287779067689,0.9998287779067689,0.9975086449358344,0.9975086449358344,0.0,0.0,0.0,0.0,0.0,False,0,3.089155082928615e-06,3.089155082928615e-06,0.0,5.828808028056008e-05,5.828808028056008e-05,0.0,0.9998870659870495,0.9998870659870495,0.0,3.535350778595104e-05,3.535350778595104e-05,0.0,8.397194127216747e-06,8.397194127216747e-06,0.0,3.966553642570469e-06,3.966553642570469e-06,0.0,1.459213537405373e-06,1.459213537405373e-06,0.0,1.2877514269697525e-06,1.2877514269697525e-06,0.0,4.450349847785496e-07,4.450349847785496e-07,0.0,6.475220820575315e-07,6.475220820575315e-07,0.0
pccv3_n03_grid_r01,3,grid,1,33,1,L33H1,0.5,3,3,True,True,-0.00260740052908659,-0.003157394239678979,-0.0005499937105923891,9.75,9.625,-0.125,0.001283101627382668,0.0014124229903275673,0.00012932136294489934,0.000557243956493375,0.0006134075108125525,5.61635543191775e-05,3.0000190596422893,3.0000170848645977,-1.974777691593488e-06,0.9998870659870495,0.9998745681438451,0.9998287779067689,0.9998085199214068,0.9975086449358344,0.9969726220688813,-0.0005360228669530898,2.4995686408900053e-05,1.4934272571017218e-05,1.2497843204450027e-05,1.8678340187802806e-07,False,1,3.089155082928615e-06,3.966504063605831e-06,8.773489806772162e-07,5.828808028056008e-05,6.604822243827166e-05,7.76014215771158e-06,0.9998870659870495,0.9998745681438451,-1.2497843204339887e-05,3.535350778595104e-05,3.763314274933476e-05,2.2796349633837212e-06,8.397194127216747e-06,8.938654890958294e-06,5.414607637415467e-07,3.966553642570469e-06,4.4946379437582286e-06,5.280843011877599e-07,1.459213537405373e-06,1.6534848950177376e-06,1.9427135761236454e-07,1.2877514269697525e-06,1.4591952983235683e-06,1.714438713538158e-07,4.450349847785496e-07,5.042844013044247e-07,5.924941652587517e-08,6.475220820575315e-07,7.337294744238177e-07,8.620739236628621e-08
pccv3_n03_grid_r01,3,grid,1,33,1,L33H1,1.5,3,3,True,True,-0.00260740052908659,-0.0026114429347217083,-4.0424056351184845e-06,9.75,9.75,0.0,0.001283101627382668,0.0013394115948723699,5.63099674897019e-05,0.000557243956493375,0.0005816990646503041,2.44551081569291e-05,3.0000190596422893,3.0000263681412833,7.308498993996437e-06,0.9998870659870495,0.9998816550206486,0.9998287779067689,0.9998233672557986,0.9975086449358344,0.9975099894629125,1.3445270781176077e-06,1.1196945723734446e-05,7.199821597810153e-06,5.598472861867223e-06,8.192500171133139e-08,False,1,3.089155082928615e-06,2.9019769336015713e-06,-1.8717814932704357e-07,5.828808028056008e-05,5.828776485009329e-05,-3.154304667940186e-10,0.9998870659870495,0.9998816550206486,-5.410966400831718e-06,3.535350778595104e-05,4.006055586615839e-05,4.707048080207351e-06,8.397194127216747e-06,8.938718246051042e-06,5.415241188342947e-07,3.966553642570469e-06,4.2223515238103395e-06,2.5579788123987083e-07,1.459213537405373e-06,1.553316319008736e-06,9.410278160336286e-08,1.2877514269697525e-06,1.2877444582030377e-06,-6.968766714819243e-12,4.450349847785496e-07,4.450325764372161e-07,-2.4083413334724743e-12,6.475220820575315e-07,6.475185779415678e-07,-3.5041159636861624e-12
pccv3_n03_grid_r02,3,grid,2,33,1,L33H1,1.0,3,3,True,True,-0.0038254905957728624,-0.0038254905957728624,0.0,10.0,10.0,0.0,0.0013048384668246462,0.0013048384668246462,0.0,0.0005666841459170431,0.0005666841459170431,0.0,3.000046594689855,3.000046594689855,0.0,0.9998860120977353,0.9998860120977353,0.9998406173430155,0.9998406173430155,0.9962954112859279,0.9962954112859279,0.0,0.0,0.0,0.0,0.0,False,0,4.22236992309888e-06,4.22236992309888e-06,0.0,4.539475471972826e-05,4.539475471972826e-05,0.0,0.9998860120977353,0.9998860120977353,0.0,4.539475471972826e-05,4.539475471972826e-05,0.0,1.0128938890511658e-05,1.0128938890511658e-05,0.0,4.7845719466353895e-06,4.7845719466353895e-06,0.0,1.6535038197964044e-06,1.6535038197964044e-06,0.0,1.287750069668999e-06,1.287750069668999e-06,0.0,4.737367759983172e-07,4.737367759983172e-07,0.0,6.475213995638519e-07,6.475213995638519e-07,0.0
pccv3_n03_grid_r02,3,grid,2,33,1,L33H1,0.5,3,3,True,True,-0.0038254905957728624,-0.004338614176958799,-0.0005131235811859369,10.0,9.875,-0.125,0.0013048384668246462,0.0013927070328497429,8.786856602509665e-05,0.0005666841459170431,0.0006048449792744942,3.8160833357451054e-05,3.000046594689855,3.0000433066402628,-3.2880495921538966e-06,0.9998860120977353,0.9998777088551343,0.9998406173430155,0.9998262702862054,0.9962954112859279,0.9957925720557341,-0.0005028392301937856,1.6607239135194172e-05,1.0334588256535793e-05,8.303619567597086e-06,1.2810446053179547e-07,False,1,4.22236992309888e-06,5.093108031003393e-06,8.707381079045129e-07,4.539475471972826e-05,5.143856892885345e-05,6.043814209125187e-06,0.9998860120977353,0.9998777088551343,-8.303242601037653e-06,4.539475471972826e-05,4.539437775309738e-05,-3.76966630884234e-10,1.0128938890511658e-05,1.078210978624433e-05,6.531708957326716e-07,4.7845719466353895e-06,5.093108031003393e-06,3.0853608436800333e-07,1.6535038197964044e-06,1.7601310373902956e-06,1.0662721759389113e-07,1.287750069668999e-06,1.45919988180963e-06,1.71449812140631e-07,4.737367759983172e-07,5.368096370775614e-07,6.307286107924422e-08,6.475213995638519e-07,7.337317791453468e-07,8.621037958149487e-08
pccv3_n03_grid_r02,3,grid,2,33,1,L33H1,1.5,3,3,True,True,-0.0038254905957728624,-0.0035766696091741323,0.0002488209865987301,10.0,9.875,-0.125,0.0013048384668246462,0.001383889703691653,7.905123686700682e-05,0.0005666841459170431,0.0006010156618760111,3.433151595896801e-05,3.000046594689855,3.000057798320735,1.1203630879919046e-05,0.9998860120977353,0.9998783471305087,0.9998406173430155,0.9998269085287439,0.9962954112859279,0.9965509746677412,0.0002555633818133174,1.584234209540074e-05,9.8629757811177e-06,7.92117104770037e-06,1.215600750885233e-07,False,1,4.22236992309888e-06,3.9665190548521684e-06,-2.558508682467115e-07,4.539475471972826e-05,4.5394406730754544e-05,-3.479889737167106e-10,0.9998860120977353,0.9998783471305087,-7.664967226594932e-06,4.539475471972826e-05,5.143860176484084e-05,6.043847045112582e-06,1.0128938890511658e-05,1.1477503449600241e-05,1.3485645590885835e-06,4.7845719466353895e-06,5.093111282206422e-06,3.0853933557103293e-07,1.6535038197964044e-06,1.7601321609759972e-06,1.0662834117959276e-07,1.287750069668999e-06,1.3707923052772705e-06,8.304223560827161e-08,4.737367759983172e-07,5.042863072275155e-07,3.054953122919823e-08,6.475213995638519e-07,6.475164357677329e-07,-4.963796118965266e-12
pccv3_n03_grid_r03,3,grid,3,33,1,L33H1,1.0,3,3,True,True,-0.0015066235791891813,-0.0015066235791891813,0.0,9.5,9.5,0.0,0.0013750490335494834,0.0013750490335494834,0.0,0.00059717620761694,0.00059717620761694,0.0,2.9999945515221187,2.9999945515221187,0.0,0.9998765807506366,0.9998765807506366,0.9998017381589055,0.9998017381589055,0.9986177545403905,0.9986177545403905,0.0,0.0,0.0,0.0,0.0,False,0,2.560972658604526e-06,2.560972658604526e-06,0.0,7.484259173104238e-05,7.484259173104238e-05,0.0,0.9998765807506366,0.9998765807506366,0.0,3.119903394697635e-05,3.119903394697635e-05,0.0,7.888351132652066e-06,7.888351132652066e-06,0.0,3.7261932313415352e-06,3.7261932313415352e-06,0.0,1.2097178264090116e-06,1.2097178264090116e-06,0.0,1.0028913028749733e-06,1.0028913028749733e-06,0.0,4.180672940344721e-07,4.180672940344721e-07,0.0,5.714302394501779e-07,5.714302394501779e-07,0.0
pccv3_n03_grid_r03,3,grid,3,33,1,L33H1,0.5,3,3,True,True,-0.0015066235791891813,-0.0015326907159760594,-2.606713678687811e-05,9.5,9.5,0.0,0.0013750490335494834,0.0013322318086689284,-4.281722488055505e-05,0.00059717620761694,0.0005785809231209043,-1.859528449603561e-05,2.9999945515221187,2.9999885351815134,-6.0163406052637924e-06,0.9998765807506366,0.9998806453877066,0.9998017381589055,0.99980580249173,0.9986177545403905,0.99858764470099,-3.0109839400438432e-05,8.88560998692756e-06,5.5101948781553785e-06,4.44280499346378e-06,6.892336131335166e-08,False,1,2.560972658604526e-06,2.9019740033232783e-06,3.4100134471875235e-07,7.484259173104238e-05,7.48428959765649e-05,3.042455225200826e-10,0.9998765807506366,0.9998806453877066,4.064637070033683e-06,3.119903394697635e-05,2.753316274751108e-05,-3.6658711994652703e-06,7.888351132652066e-06,7.410450222458992e-06,-4.779009101930738e-07,3.7261932313415352e-06,3.5004488258418397e-06,-2.257444054996955e-07,1.2097178264090116e-06,1.1364293481711915e-06,-7.328847823782009e-08,1.0028913028749733e-06,1.0028953797673073e-06,4.076892333925927e-12,4.180672940344721e-07,4.1806899353604436e-07,1.6995015722759055e-12,5.714302394501779e-07,6.082867963130169e-07,3.685655686283898e-08
pccv3_n03_grid_r03,3,grid,3,33,1,L33H1,1.5,3,3,True,True,-0.0015066235791891813,-0.001392943668179214,0.00011367991100996733,9.5,9.375,-0.125,0.0013750490335494834,0.0015352820360683532,0.00016023300251886974,0.00059717620761694,0.000666764516429675,6.958830881273503e-05,2.9999945515221187,2.999994061311259,-4.902108599047494e-07,0.9998765807506366,0.9998605588254383,0.9998017381589055,0.9997757524173462,0.9986177545403905,0.9987473192198877,0.00012956467949720718,3.204393246983291e-05,1.9355267941090563e-05,1.6021966234916453e-05,2.496825563311194e-07,False,1,2.560972658604526e-06,2.560931621827427e-06,-4.1036777099146064e-11,7.484259173104238e-05,8.480640809212215e-05,9.963816361079769e-06,0.9998765807506366,0.9998605588254383,-1.6021925198228537e-05,3.119903394697635e-05,3.5352570558961835e-05,4.153536611985484e-06,7.888351132652066e-06,8.938529650786691e-06,1.0501785181346248e-06,3.7261932313415352e-06,4.222262437715455e-06,4.960692063739198e-07,1.2097178264090116e-06,1.3707679182388029e-06,1.6105009182979132e-07,1.0028913028749733e-06,1.136406518487498e-06,1.3351521561252457e-07,4.180672940344721e-07,4.4502318683189595e-07,2.6955892797423867e-08,5.714302394501779e-07,6.082745764639105e-07,3.6844337013732535e-08
pccv3_n03_grid_r04,3,grid,4,33,1,L33H1,1.0,3,3,True,True,-0.003855297341942787,-0.003855297341942787,0.0,7.625,7.625,0.0,0.0048837161802408645,0.0048837161802408645,0.0,0.002120970988260234,0.002120970988260234,0.0,2.9995893435896455,2.9995893435896455,0.0,0.9994559043587519,0.9994559043587519,0.998968074685723,0.998968074685723,0.9966944000741762,0.9966944000741762,0.0,0.0,0.0,0.0,0.0,False,0,3.96484322367874e-06,3.96484322367874e-06,0.0,0.0004878296730289,0.0004878296730289,0.0,0.9994559043587519,0.9994559043587519,0.0,3.5338262988311845e-05,3.5338262988311845e-05,0.0,9.511164453735791e-06,9.511164453735791e-06,0.0,3.49896186413001e-06,3.49896186413001e-06,0.0,1.4585843094593145e-06,1.4585843094593145e-06,0.0,1.287196135256336e-06,1.287196135256336e-06,0.0,4.735329949161412e-07,4.735329949161412e-07,0.0,7.334222499290823e-07,7.334222499290823e-07,0.0
pccv3_n03_grid_r04,3,grid,4,33,1,L33H1,0.5,3,3,True,True,-0.003855297341942787,-0.0038786910008639097,-2.339365892112255e-05,7.625,7.75,0.125,0.0048837161802408645,0.004450553939631352,-0.0004331622406095123,0.002120970988260234,0.0019328510173946742,-0.00018811997086555965,2.9995893435896455,2.9996459202807437,5.6576691098264575e-05,0.9994559043587519,0.9995126229850968,0.998968074685723,0.9990820903785347,0.9966944000741762,0.9966145245622897,-7.987551188648467e-05,0.0001145941329337073,8.062405104737869e-05,5.729706646685365e-05,9.033021296421445e-07,False,1,3.96484322367874e-06,4.4930109272344565e-06,5.281677035557169e-07,0.0004878296730289,0.0004305326065620699,-5.729706646683008e-05,0.9994559043587519,0.9995126229850968,5.671862634493152e-05,3.5338262988311845e-05,3.534026841719107e-05,2.0054288792269105e-09,9.511164453735791e-06,9.511704207596271e-06,5.397538604795234e-10,3.49896186413001e-06,3.499160428478573e-06,1.985643485632633e-10,1.4585843094593145e-06,1.4586670833946928e-06,8.277393537836313e-11,1.287196135256336e-06,1.287269182997922e-06,7.304774158598951e-11,4.735329949161412e-07,4.7355986767849473e-07,2.6872762353544553e-11,7.334222499290823e-07,7.807682267914724e-07,4.734597686239005e-08
pccv3_n03_grid_r04,3,grid,4,33,1,L33H1,1.5,3,3,True,True,-0.003855297341942787,-0.003554100636392832,0.00030119670554995537,7.625,7.625,0.0,0.0048837161802408645,0.004939787935054305,5.607175481344047e-05,0.002120970988260234,0.0021453226419663432,2.4351653706109356e-05,2.9995893435896455,2.9995968115447806,7.467955135176396e-06,0.9994559043587519,0.9994505091559895,0.998968074685723,0.9989626821163334,0.9966944000741762,0.9970000547732241,0.0003056546990478637,1.1276174824607975e-05,7.1929905689768264e-06,5.638087412303987e-06,8.263306611771775e-08,False,1,3.96484322367874e-06,3.724605410281811e-06,-2.4023781339692863e-07,0.0004878296730289,0.0004878270396560938,-2.633372806165428e-09,0.9994559043587519,0.9994505091559895,-5.395202762326079e-06,3.5338262988311845e-05,4.0043281878871084e-05,4.705018890559239e-06,9.511164453735791e-06,1.0124527204949295e-05,6.133627512135031e-07,3.49896186413001e-06,3.724605410281811e-06,2.2564354615180122e-07,1.4585843094593145e-06,1.5526465338355752e-06,9.406222437626077e-08,1.287196135256336e-06,1.2871891867915621e-06,-6.9484647739707765e-12,4.735329949161412e-07,4.7353043871880315e-07,-2.5561973380377333e-12,7.334222499290823e-07,7.334182908131959e-07,-3.959115886456729e-12
pccv3_n03_grid_r05,3,grid,5,33,1,L33H1,1.0,3,3,True,True,-0.0019440815085545182,-0.0019440815085545182,0.0,10.0,10.0,0.0,0.0011107154898464466,0.0011107154898464466,0.0,0.00048237760820477905,0.00048237760820477905,0.0,3.0000696213074027,3.0000696213074027,0.0,0.9999048479971372,0.9999048479971372,0.9998594523872689,0.9998594523872689,0.9981527588902281,0.9981527588902281,0.0,0.0,0.0,0.0,0.0,False,0,2.9020442470505713e-06,2.9020442470505713e-06,0.0,2.75338292014398e-05,2.75338292014398e-05,0.0,0.9999048479971372,0.9999048479971372,0.0,4.539560986823812e-05,4.539560986823812e-05,0.0,9.515436755051456e-06,9.515436755051456e-06,0.0,5.421732432841667e-06,5.421732432841667e-06,0.0,1.653534968578599e-06,1.653534968578599e-06,0.0,1.4592394880859298e-06,1.4592394880859298e-06,0.0,5.368242074123535e-07,5.368242074123535e-07,0.0,7.337516944317563e-07,7.337516944317563e-07,0.0
pccv3_n03_grid_r05,3,grid,5,33,1,L33H1,0.5,3,3,True,True,-0.0019440815085545182,-0.002140613505616784,-0.00019653199706226587,10.0,10.125,0.125,0.0011107154898464466,0.0010584605589148074,-5.225493093163913e-05,0.00048237760820477905,0.0004596835800489326,-2.269402815584644e-05,3.0000696213074027,3.0000627369807034,-6.8843266993745544e-06,0.9999048479971372,0.9999100891119033,0.9998594523872689,0.9998700274168167,0.9981527588902281,0.9979514100645588,-0.0002013488256693563,1.132474849437755e-05,7.495220864434928e-06,5.662374247188775e-06,9.215822892227293e-08,False,1,2.9020442470505713e-06,3.288464186044814e-06,3.8641993899424254e-07,2.75338292014398e-05,2.7533973523131093e-05,1.4432169129276217e-10,0.9999048479971372,0.9999100891119033,5.241114766074695e-06,4.539560986823812e-05,4.006169508648061e-05,-5.33391478175751e-06,9.515436755051456e-06,9.515486631293365e-06,4.9876241908457914e-11,5.421732432841667e-06,5.0932729673194406e-06,-3.2845946552222645e-07,1.653534968578599e-06,1.6535436357698396e-06,8.667191240551122e-12,1.4592394880859298e-06,1.4592471368553538e-06,7.648769423979722e-12,5.368242074123535e-07,5.714493895045655e-07,3.462518209221206e-08,7.337516944317563e-07,7.337555404745552e-07,3.846042798961935e-12
pccv3_n03_grid_r05,3,grid,5,33,1,L33H1,1.5,3,3,True,True,-0.0019440815085545182,-0.001970970071852207,-2.688856329768896e-05,10.0,9.875,-0.125,0.0011107154898464466,0.0011892416951576933,7.852620531124672e-05,0.00048237760820477905,0.0005164811058562554,3.41034976514763e-05,3.0000696213074027,3.000081177758084,1.155645068129374e-05,0.9999048479971372,0.999897224342414,0.9998594523872689,0.9998457847695137,0.9981527588902281,0.9981335443957278,-1.9214494500374713e-05,1.601868877762469e-05,9.826170379883898e-06,8.009344388812345e-06,1.2700402603404528e-07,False,1,2.9020442470505713e-06,2.5610255328043374e-06,-3.4101871424623387e-07,2.75338292014398e-05,2.7533619273057654e-05,-2.099283821457203e-10,0.9999048479971372,0.999897224342414,-7.6236547231767204e-06,4.539560986823812e-05,5.143957290036789e-05,6.043963032129773e-06,9.515436755051456e-06,1.0782320230106132e-05,1.266883475054676e-06,5.421732432841667e-06,5.7713601291158165e-06,3.496276962741495e-07,1.653534968578599e-06,1.8736863059310537e-06,2.2015133735245465e-07,1.4592394880859298e-06,1.5533405059527133e-06,9.410101786678349e-08,5.368242074123535e-07,5.714420372788497e-07,3.461782986649622e-08,7.337516944317563e-07,6.892906711565002e-07,-4.446102327525608e-08
pccv3_n03_random_sparse_r00,3,random_sparse,0,33,1,L33H1,1.0,3,3,True,True,-0.004413150716573,-0.004413150716573,0.0,6.5,6.5,0.0,0.012226040707265984,0.012226040707265984,0.0,0.005309702014690147,0.005309702014690147,0.0,3.0015160924360766,3.0015160924360766,0.0,0.998417318119473,0.998417318119473,0.9969162583924646,0.9969162583924646,0.9971747980587224,0.9971747980587224,0.0,0.0,0.0,0.0,0.0,False,0,1.2986711239755907e-05,1.2986711239755907e-05,0.0,4.000188677272932e-05,4.000188677272932e-05,0.0,0.998417318119473,0.998417318119473,0.0,0.0015010597270083727,0.0015010597270083727,0.0,1.7750729653566565e-05,1.7750729653566565e-05,0.0,4.4880873108470975e-06,4.4880873108470975e-06,0.0,2.5572350656134715e-06,2.5572350656134715e-06,0.0,1.991576671597427e-06,1.991576671597427e-06,0.0,1.0660141742443345e-06,1.0660141742443345e-06,0.0,7.799126305558039e-07,7.799126305558039e-07,0.0
pccv3_n03_random_sparse_r00,3,random_sparse,0,33,1,L33H1,0.5,3,3,True,True,-0.004413150716573,-0.004238313529640436,0.00017483718693256378,6.5,6.75,0.25,0.012226040707265984,0.010022511191327877,-0.0022035295159381074,0.005309702014690147,0.004352721305207283,-0.0009569807094828636,3.0015160924360766,3.0011789991410596,-0.00033709329501707685,0.998417318119473,0.9987496519599283,0.9969162583924646,0.9975802363461761,0.9971747980587224,0.9970172517483888,-0.00015754631033360056,0.0006665174346246148,0.0004695056651817192,0.0003332587173123074,1.0356810863006203e-05,False,1,1.2986711239755907e-05,1.3828883713871295e-05,8.42172474115388e-07,4.000188677272932e-05,4.00152018268809e-05,1.3315054151578367e-08,0.998417318119473,0.9987496519599283,0.0003323338404552789,0.0015010597270083727,0.0011694156137521583,-0.0003316441132562144,1.7750729653566565e-05,1.668081785139671e-05,-1.0699118021698555e-06,4.4880873108470975e-06,4.217571243239743e-06,-2.705160676073541e-07,2.5572350656134715e-06,2.403099656477052e-06,-1.5413540913641968e-07,1.991576671597427e-06,1.8715358942629522e-06,-1.200407773344748e-07,1.0660141742443345e-06,1.1351439006231818e-06,6.912972637884729e-08,7.799126305558039e-07,7.801722327832777e-07,2.5960222747378423e-10
pccv3_n03_random_sparse_r00,3,random_sparse,0,33,1,L33H1,1.5,3,3,True,True,-0.004413150716573,-0.004654881544411182,-0.00024173082783818245,6.5,6.25,-0.25,0.012226040707265984,0.0149218149949494,0.002695774287683415,0.005309702014690147,0.006480461912287723,0.0011707598975975756,3.0015160924360766,3.0019521349590366,0.00043604252295992296,0.998417318119473,0.9979932617534633,0.9969162583924646,0.9960666815333838,0.9971747980587224,0.9973573989236684,0.00018260086494592542,0.0008564622596552472,0.0006007540645574499,0.0004282311298276236,1.3347269634755224e-05,False,1,1.2986711239755907e-05,1.1455864743271696e-05,-1.5308464964842114e-06,4.000188677272932e-05,3.756233439576707e-05,-2.4395523769622535e-06,0.998417318119473,0.9979932617534633,-0.0004240563660097285,0.0015010597270083727,0.001926580220079356,0.0004255204930709833,1.7750729653566565e-05,2.0105668767186284e-05,2.354939113619719e-06,4.4880873108470975e-06,4.775514914044055e-06,2.8742760319695746e-07,2.5572350656134715e-06,2.4012796998525348e-06,-1.5595536576093676e-07,1.991576671597427e-06,1.9907307920732435e-06,-8.458795241835246e-10,1.0660141742443345e-06,1.1342842139863204e-06,6.827003974198593e-08,7.799126305558039e-07,7.323489313106876e-07,-4.756369924511631e-08
pccv3_n03_random_sparse_r01,3,random_sparse,1,33,1,L33H1,1.0,3,3,True,True,-0.005426676012575626,-0.005426676012575626,0.0,7.875,7.875,0.0,0.004770741164878687,0.004770741164878687,0.0,0.0020719065624955056,0.0020719065624955056,0.0,3.0004090954995424,3.0004090954995424,0.0,0.9994983391019044,0.9994983391019044,0.9991184008398694,0.9991184008398694,0.9950872138132354,0.9950872138132354,0.0,0.0,0.0,0.0,0.0,False,0,2.1434649993793037e-05,2.1434649993793037e-05,0.0,5.4735296261418484e-05,5.4735296261418484e-05,0.0,0.9994983391019044,0.9994983391019044,0.0,0.00037993826203506673,0.00037993826203506673,0.0,2.7522635389836e-05,2.7522635389836e-05,0.0,9.511568277275097e-06,9.511568277275097e-06,0.0,3.287110039130777e-06,3.287110039130777e-06,0.0,2.72510993710253e-06,2.72510993710253e-06,0.0,1.1359948322265336e-06,1.1359948322265336e-06,0.0,1.3702713298175565e-06,1.3702713298175565e-06,0.0
pccv3_n03_random_sparse_r01,3,random_sparse,1,33,1,L33H1,0.5,3,3,True,True,-0.005426676012575626,-0.00659337779507041,-0.0011667017824947834,7.875,7.875,0.0,0.004770741164878687,0.0050073772077810445,0.00023663604290235715,0.0020719065624955056,0.0021746762901474204,0.0001027697276519148,3.0004090954995424,3.000401740463479,-7.3550360633056755e-06,0.9994983391019044,0.9994753796685549,0.9991184008398694,0.9990954501340653,0.9950872138132354,0.9939497361448275,-0.0011374776684078824,4.5936321789757386e-05,2.656756925531357e-05,2.2968160894878693e-05,5.404711944729557e-07,False,1,2.1434649993793037e-05,2.7522003168562474e-05,6.087353174769436e-06,5.4735296261418484e-05,6.60218534415487e-05,1.1286557180130213e-05,0.9994983391019044,0.9994753796685549,-2.2959433349512004e-05,0.00037993826203506673,0.00037992953448959434,-8.727545472398627e-09,2.7522635389836e-05,3.118651531575686e-05,3.663879925920859e-06,9.511568277275097e-06,1.0124779145569428e-05,6.132108682943316e-07,3.287110039130777e-06,3.724698094056354e-06,4.3758805492557696e-07,2.72510993710253e-06,3.0878831764037574e-06,3.6277323930122753e-07,1.1359948322265336e-06,1.3702398533737879e-06,2.342450211472543e-07,1.3702713298175565e-06,1.6528247601016322e-06,2.825534302840757e-07
pccv3_n03_random_sparse_r01,3,random_sparse,1,33,1,L33H1,1.5,3,3,True,True,-0.005426676012575626,-0.0052625699900090694,0.00016410602256655693,7.875,7.75,-0.125,0.004770741164878687,0.005123447095355134,0.0003527059304764468,0.0020719065624955056,0.0022250848018359783,0.0001531782393404727,3.0004090954995424,3.0004711524776244,6.20569780820368e-05,0.9994983391019044,0.9994519050249876,0.9991184008398694,0.9990213985722339,0.9950872138132354,0.9952967917309934,0.00020957791775799706,0.00010468377420374648,6.880245229412012e-05,5.234188710187324e-05,8.692717048615618e-07,False,1,2.1434649993793037e-05,1.8915133439086753e-05,-2.519516554706284e-06,5.4735296261418484e-05,5.1416663510347567e-05,-3.3186327510709176e-06,0.9994983391019044,0.9994519050249876,-4.643407691684587e-05,0.00037993826203506673,0.0004305064527536739,5.056819071860716e-05,2.7522635389836e-05,2.9296331773165214e-05,1.7736963833292144e-06,9.511568277275097e-06,9.511126394706903e-06,-4.4188256819321524e-10,3.287110039130777e-06,3.286957328601485e-06,-1.5271052929203728e-10,2.72510993710253e-06,2.7249833356270936e-06,-1.2660147543625176e-10,1.1359948322265336e-06,1.067118806832082e-06,-6.887602539445165e-08,1.3702713298175565e-06,1.3702076705978895e-06,-6.365921966698371e-11
pccv3_n03_random_sparse_r02,3,random_sparse,2,33,1,L33H1,1.0,3,3,True,True,-0.003086210461333394,-0.003086210461333394,0.0,8.125,8.125,0.0,0.004018227674549856,0.004018227674549856,0.0,0.0017450941060879381,0.0017450941060879381,0.0,2.9998216474292656,2.9998216474292656,0.0,0.9995821199208583,0.9995821199208583,0.9992861989019967,0.9992861989019967,0.9973353256409894,0.9973353256409894,0.0,0.0,0.0,0.0,0.0,False,0,1.0125860434316003e-05,1.0125860434316003e-05,0.0,0.00029592101886162975,0.00029592101886162975,0.0,0.9995821199208583,0.9995821199208583,0.0,9.607148891662485e-05,9.607148891662485e-05,0.0,1.0778922324104973e-05,1.0778922324104973e-05,0.0,2.560218459387733e-06,2.560218459387733e-06,0.0,8.311812398166203e-07,8.311812398166203e-07,0.0,7.808225142492334e-07,7.808225142492334e-07,0.0,3.926222169551796e-07,3.926222169551796e-07,0.0,4.179441743968343e-07,4.179441743968343e-07,0.0
pccv3_n03_random_sparse_r02,3,random_sparse,2,33,1,L33H1,0.5,3,3,True,True,-0.003086210461333394,-0.0031721293926239014,-8.591893129050732e-05,8.125,8.25,0.125,0.004018227674549856,0.003530230185137241,-0.00048799748941261503,0.0017450941060879381,0.0015331594892533987,-0.0002119346168345394,2.9998216474292656,2.9998285883974813,6.940968215740639e-06,0.9995821199208583,0.9996384389392298,0.9992861989019967,0.9993772748428492,0.9973353256409894,0.9971934535147682,-0.0001418721262211875,0.0001153359063478941,6.953284266974893e-05,5.766795317394705e-05,1.251250764712845e-06,False,1,1.0125860434316003e-05,1.147474956748959e-05,1.3488891331735877e-06,0.00029592101886162975,0.00026116409638055424,-3.475692248107551e-05,0.9995821199208583,0.9996384389392298,5.6319018371442375e-05,9.607148891662485e-05,7.482476638068581e-05,-2.124672253593903e-05,1.0778922324104973e-05,9.512901515276824e-06,-1.2660208088281487e-06,2.560218459387733e-06,2.259512159882976e-06,-3.007062995047571e-07,8.311812398166203e-07,7.808665077907829e-07,-5.031473202583741e-08,7.808225142492334e-07,7.335561977322022e-07,-4.7266316517031296e-08,3.926222169551796e-07,3.9264433829709746e-07,2.2121341917859708e-11,4.179441743968343e-07,4.1796772244272964e-07,2.354804589534429e-11
pccv3_n03_random_sparse_r02,3,random_sparse,2,33,1,L33H1,1.5,3,3,True,True,-0.003086210461333394,-0.0024827865418046713,0.0006034239195287228,8.125,8.25,0.125,0.004018227674549856,0.003703035078060384,-0.00031519259648947213,0.0017450941060879381,0.0016082077006958021,-0.000136886405392136,2.9998216474292656,2.9998573550924856,3.5707663220030383e-05,0.9995821199208583,0.9996194768827245,0.9992861989019967,0.9993583177403434,0.9973353256409894,0.9978999919603666,0.0005646663193772383,7.472129597469502e-05,5.106236115263246e-05,3.736064798734751e-05,5.915631946282533e-07,False,1,1.0125860434316003e-05,8.394946875770279e-06,-1.730913558545724e-06,0.00029592101886162975,0.0002611591423810282,-3.4761876480601545e-05,0.9995821199208583,0.9996194768827245,3.735696186613069e-05,9.607148891662485e-05,9.60750793559458e-05,3.5904393209500998e-09,1.0778922324104973e-05,1.0126238863836267e-05,-6.526834602687062e-07,2.560218459387733e-06,2.560314141354677e-06,9.568196694412982e-11,8.311812398166203e-07,7.808516956004278e-07,-5.032954421619255e-08,7.808225142492334e-07,7.335422829670937e-07,-4.7280231282139715e-08,3.926222169551796e-07,3.4650083949494005e-07,-4.6121377460239545e-08,4.179441743968343e-07,3.4650083949494005e-07,-7.144333490189425e-08
pccv3_n03_random_sparse_r03,3,random_sparse,3,33,1,L33H1,1.0,3,3,True,True,-0.0037363022565841675,-0.0037363022565841675,0.0,7.75,7.75,0.0,0.004533187393391218,0.004533187393391218,0.0,0.0019687382703831914,0.0019687382703831914,0.0,2.9996329051053436,2.9996329051053436,0.0,0.9995037938303062,0.9995037938303062,0.9990732650268367,0.9990732650268367,0.9967652576582395,0.9967652576582395,0.0,0.0,0.0,0.0,0.0,False,0,7.885410095546248e-06,7.885410095546248e-06,0.0,0.00043052880346950426,0.00043052880346950426,0.0,0.9995037938303062,0.9995037938303062,0.0,4.537740203723304e-05,4.537740203723304e-05,0.0,8.393975353003928e-06,8.393975353003928e-06,0.0,1.7594728174552798e-06,1.7594728174552798e-06,0.0,7.807613299065593e-07,7.807613299065593e-07,0.0,6.890194553003679e-07,6.890194553003679e-07,0.0,3.4646073996136225e-07,3.4646073996136225e-07,0.0,4.448643959948314e-07,4.448643959948314e-07,0.0
pccv3_n03_random_sparse_r03,3,random_sparse,3,33,1,L33H1,0.5,3,3,True,True,-0.0037363022565841675,-0.0037701495457440615,-3.384728915989399e-05,7.75,7.875,0.125,0.004533187393391218,0.004095103062540838,-0.0004380843308503801,0.0019687382703831914,0.0017784806628865929,-0.00019025760749659848,2.9996329051053436,2.9996756689386186,4.276383327495026e-05,0.9995037938303062,0.9995587716451064,0.9990732650268367,0.9991788104109117,0.9967652576582395,0.996676682382855,-8.857527538452814e-05,0.000112102251221439,7.489434711194736e-05,5.60511256107195e-05,8.906067069877677e-07,False,1,7.885410095546248e-06,8.935831740927347e-06,1.0504216453810994e-06,0.00043052880346950426,0.00037996123419473555,-5.0567569274768715e-05,0.9995037938303062,0.9995587716451064,5.497781480023889e-05,4.537740203723304e-05,4.004761944769406e-05,-5.329782589538985e-06,8.393975353003928e-06,8.394437064530433e-06,4.6171152650462057e-10,1.7594728174552798e-06,1.6529626647728646e-06,-1.065101526824152e-07,7.807613299065593e-07,7.334977361574125e-07,-4.7263593749146774e-08,6.890194553003679e-07,6.890573548903856e-07,3.789959001768148e-11,3.4646073996136225e-07,3.688258241101446e-07,2.236508414878236e-08,4.448643959948314e-07,4.448888658092785e-07,2.446981444709482e-11
pccv3_n03_random_sparse_r03,3,random_sparse,3,33,1,L33H1,1.5,3,3,True,True,-0.0037363022565841675,-0.0034862712491303682,0.00025003100745379925,7.75,7.75,0.0,0.004533187393391218,0.004591730680729854,5.8543287338635834e-05,0.0019687382703831914,0.0019941632970268378,2.5425026643646417e-05,2.9996329051053436,2.999642783095639,9.877990295503736e-06,0.9995037938303062,0.9994979094368532,0.9990732650268367,0.9990673831680423,0.9967652576582395,0.9970203985232331,0.0002551408649935638,1.3627063619920967e-05,8.502755739633677e-06,6.8135318099604834e-06,1.1483727622841057e-07,False,1,7.885410095546248e-06,6.95880901598853e-06,-9.266010795577178e-07,0.00043052880346950426,0.0004305262688109186,-2.5346585856653864e-09,0.9995037938303062,0.9994979094368532,-5.884393452948444e-06,4.537740203723304e-05,5.141903020088365e-05,6.041628163650604e-06,8.393975353003928e-06,8.935287646405084e-06,5.413122934011563e-07,1.7594728174552798e-06,1.8729380381570378e-06,1.13465220701758e-07,7.807613299065593e-07,8.311112163807205e-07,5.034988647416119e-08,6.890194553003679e-07,7.334530741593012e-07,4.4433618858933366e-08,3.4646073996136225e-07,3.68803366647159e-07,2.2342626685796755e-08,4.448643959948314e-07,4.448617769381e-07,-2.6190567313793563e-12
pccv3_n03_random_sparse_r04,3,random_sparse,4,33,1,L33H1,1.0,3,3,True,True,-0.003168564522638917,-0.003168564522638917,0.0,8.0,8.0,0.0,0.004140761470902715,0.004140761470902715,0.0,0.0017983098576906415,0.0017983098576906415,0.0,3.000381249143097,3.000381249143097,0.0,0.9995684342317378,0.9995684342317378,0.999233116378022,0.999233116378022,0.9972668101137288,0.9972668101137288,0.0,0.0,0.0,0.0,0.0,False,0,9.512235326520934e-06,9.512235326520934e-06,0.0,4.5380336706917857e-05,4.5380336706917857e-05,0.0,0.9995684342317378,0.9995684342317378,0.0,0.00033531785371577783,0.00033531785371577783,0.0,2.5856936436108047e-05,2.5856936436108047e-05,0.0,9.512235326520934e-06,9.512235326520934e-06,0.0,2.5601834063858657e-06,2.5601834063858657e-06,0.0,1.6529786437181751e-06,1.6529786437181751e-06,0.0,8.311698597730759e-07,8.311698597730759e-07,0.0,9.418388408376318e-07,9.418388408376318e-07,0.0
pccv3_n03_random_sparse_r04,3,random_sparse,4,33,1,L33H1,0.5,3,3,True,True,-0.003168564522638917,-0.003130062250420451,3.8502272218465805e-05,8.0,8.125,0.125,0.004140761470902715,0.003813979259129836,-0.00032678221177287903,0.0017983098576906415,0.0016563901463335401,-0.00014191971135710138,3.000381249143097,3.000334287411323,-4.696173177398677e-05,0.9995684342317378,0.9996087422546005,0.999233116378022,0.9993128133543373,0.9972668101137288,0.9972649969532199,-1.8131605088456126e-06,8.32612193436297e-05,5.6397050925690343e-05,4.163060967181485e-05,6.527650925799043e-07,False,1,9.512235326520934e-06,1.0779209404137493e-05,1.2669740776165584e-06,4.5380336706917857e-05,4.538216668832469e-05,1.8299814068332542e-09,0.9995684342317378,0.9996087422546005,4.030802286270063e-05,0.00033531785371577783,0.0002959289002632359,-3.938895345254192e-05,2.5856936436108047e-05,2.4291323370879605e-05,-1.5656130652284416e-06,9.512235326520934e-06,8.936278466993986e-06,-5.759568595269481e-07,2.5601834063858657e-06,2.560286646872203e-06,1.0324048633720957e-10,1.6529786437181751e-06,1.5528923489808434e-06,-1.0008629473733175e-07,8.311698597730759e-07,8.848113891053432e-07,5.364152933226729e-08,9.418388408376318e-07,9.418768208900519e-07,3.798005242003385e-11
pccv3_n03_random_sparse_r04,3,random_sparse,4,33,1,L33H1,1.5,3,3,True,True,-0.003168564522638917,-0.0029046034906059504,0.0002639610320329666,8.0,7.875,-0.125,0.004140761470902715,0.0044390890251212465,0.00029832755421853145,0.0017983098576906415,0.0019278718682874429,0.00012956201059680138,3.000381249143097,3.0004395183247476,5.82691816508607e-05,0.9995684342317378,0.9995291220387477,0.999233116378022,0.9991491720752269,0.9972668101137288,0.9975693714260956,0.0003025613123668336,9.382348929193321e-05,5.9778932704338855e-05,4.6911744645966605e-05,8.657318126390251e-07,False,1,9.512235326520934e-06,7.407844965230034e-06,-2.1043903612909005e-06,4.5380336706917857e-05,4.004643152739771e-05,-5.3339051795201495e-06,0.9995684342317378,0.9995291220387477,-3.931219299013744e-05,0.00033531785371577783,0.0003799499635207691,4.463210980499129e-05,2.5856936436108047e-05,2.752348304261722e-05,1.6665466065091743e-06,9.512235326520934e-06,1.0125323560809692e-05,6.130882342887573e-07,2.5601834063858657e-06,2.5600827165073992e-06,-1.0068987846641156e-10,1.6529786437181751e-06,1.652913633446517e-06,-6.501027165821395e-11,8.311698597730759e-07,7.807811150097564e-07,-5.0388744763319424e-08,9.418388408376318e-07,8.311371705555936e-07,-1.1070167028203823e-07
pccv3_n03_random_sparse_r05,3,random_sparse,5,33,1,L33H1,1.0,3,3,True,True,-0.0048832674510777,-0.0048832674510777,0.0,8.75,8.75,0.0,0.0024033194930174295,0.0024033194930174295,0.0,0.0010437483940679902,0.0010437483940679902,0.0,3.000147507994721,3.000147507994721,0.0,0.999769669169867,0.999769669169867,0.9996112443432797,0.9996112443432797,0.9953578931999232,0.9953578931999232,0.0,0.0,0.0,0.0,0.0,False,0,1.7774772924307775e-05,1.7774772924307775e-05,0.0,3.320764766011372e-05,3.320764766011372e-05,0.0,0.999769669169867,0.999769669169867,0.0,0.00015842482658719336,0.00015842482658719336,0.0,1.3004301672401172e-05,1.3004301672401172e-05,0.0,3.9660879292027684e-06,3.9660879292027684e-06,0.0,1.553142348970738e-06,1.553142348970738e-06,0.0,1.2876002319758466e-06,1.2876002319758466e-06,0.0,5.042314957520931e-07,5.042314957520931e-07,0.0,6.082192828869616e-07,6.082192828869616e-07,0.0
pccv3_n03_random_sparse_r05,3,random_sparse,5,33,1,L33H1,0.5,3,3,True,True,-0.0048832674510777,-0.004864761605858803,1.8505845218896866e-05,8.75,9.0,0.25,0.0024033194930174295,0.002109613816910287,-0.0002937056761071425,0.0010437483940679902,0.0009161936396309946,-0.00012755475443699562,3.000147507994721,3.000105312199271,-4.2195795450172824e-05,0.999769669169867,0.9998030143537671,0.9996112443432797,0.9996796288596403,0.9953578931999232,0.9953431177332845,-1.4775466638639045e-05,7.142819462469464e-05,4.84302987375523e-05,3.571409731234732e-05,1.138010023656611e-06,False,1,1.7774772924307775e-05,2.014212821809313e-05,2.3673552937853553e-06,3.320764766011372e-05,3.3208755230339405e-05,1.1075702256851667e-09,0.999769669169867,0.9998030143537671,3.334518390007979e-05,0.00015842482658719336,0.00012338549412667005,-3.5039332460523305e-05,1.3004301672401172e-05,1.300473540313349e-05,4.3373073231778205e-10,3.9660879292027684e-06,3.5001770499425304e-06,-4.65910879260238e-07,1.553142348970738e-06,1.4590908742714064e-06,-9.40514746993316e-08,1.2876002319758466e-06,1.2096288208422936e-06,-7.797141113355305e-08,5.042314957520931e-07,5.04248313317651e-07,1.6817565557880962e-11,6.082192828869616e-07,5.713881961974527e-07,-3.683108668950887e-08
pccv3_n03_random_sparse_r05,3,random_sparse,5,33,1,L33H1,1.5,3,3,True,True,-0.0048832674510777,-0.004035425838083029,0.0008478416129946709,8.75,8.75,0.0,0.0024033194930174295,0.0023091194913754743,-9.420000164195525e-05,0.0010437483940679902,0.0010028378531596119,-4.091054090837832e-05,3.000147507994721,3.000155822339135,8.314344413840047e-06,0.999769669169867,0.9997782653165534,0.9996112443432797,0.9996198391278095,0.9953578931999232,0.9961935836303155,0.0008356904303923329,1.719524131168842e-05,1.0232663107512095e-05,8.59762065584421e-06,1.9500981943057335e-07,False,1,1.7774772924307775e-05,1.3843126096301557e-05,-3.931646828006218e-06,3.320764766011372e-05,2.930589817584175e-05,-3.901749484271969e-06,0.999769669169867,0.9997782653165534,8.596146686468131e-06,0.00015842482658719336,0.0001584261887439882,1.3621567948303524e-09,1.3004301672401172e-05,1.3004413485039801e-05,1.1181263862925298e-10,3.9660879292027684e-06,3.725826843817245e-06,-2.4026108538552347e-07,1.553142348970738e-06,1.3706550972050467e-06,-1.8248725176569128e-07,1.2876002319758466e-06,1.136312986565371e-06,-1.512872454104757e-07,5.042314957520931e-07,4.180261864935213e-07,-8.620530925857185e-08,6.082192828869616e-07,5.042358311985815e-07,-1.0398345168838006e-07
pccv3_n03_row_r00,3,row,0,33,1,L33H1,1.0,3,3,True,True,-0.0008404298569075763,-0.0008404298569075763,0.0,9.0,9.0,0.0,0.0018992731002068965,0.0018992731002068965,0.0,0.000824843827047137,0.000824843827047137,0.0,3.0002085634140023,3.0002085634140023,0.0,0.9998233590057546,0.9998233590057546,0.9996999710008984,0.9996999710008984,0.9993364559259135,0.9993364559259135,0.0,0.0,0.0,0.0,0.0,False,0,3.5002482738565947e-06,3.5002482738565947e-06,0.0,1.3843750472373147e-05,1.3843750472373147e-05,0.0,0.9998233590057546,0.9998233590057546,0.0,0.00012338800485618606,0.00012338800485618606,0.0,1.568702443241278e-05,1.568702443241278e-05,0.0,1.3843750472373147e-05,1.3843750472373147e-05,0.0,2.405683111728244e-06,2.405683111728244e-06,0.0,1.5532257561398069e-06,1.5532257561398069e-06,0.0,1.2096534351683567e-06,1.2096534351683567e-06,0.0,1.2096534351683567e-06,1.2096534351683567e-06,0.0
pccv3_n03_row_r00,3,row,0,33,1,L33H1,0.5,3,3,True,True,-0.0008404298569075763,-0.0008971241768449545,-5.669431993737817e-05,9.0,9.0,0.0,0.0018992731002068965,0.0019026245156133425,3.3514154064459654e-06,0.000824843827047137,0.000826299328264722,1.4555012175850469e-06,3.0002085634140023,3.000204254540445,-4.308873557512527e-06,0.9998233590057546,0.9998230963361262,0.9996999710008984,0.999699708363686,0.9993364559259135,0.9992800840202563,-5.637190565721539e-05,2.717785851355488e-06,1.4170149458490119e-06,1.358892925677744e-06,2.2814067927277805e-08,False,1,3.5002482738565947e-06,3.96629987485958e-06,4.660516010029851e-07,1.3843750472373147e-05,1.4736591796942733e-05,8.928413245695862e-07,0.9998233590057546,0.9998230963361262,-2.626696283813956e-07,0.00012338800485618606,0.00012338797244017868,-3.241600737835526e-11,1.568702443241278e-05,1.4736591796942733e-05,-9.504326354700458e-07,1.3843750472373147e-05,1.3843746835397916e-05,-3.6369752305973448e-12,2.405683111728244e-06,2.2599295464273976e-06,-1.4575356530084657e-07,1.5532257561398069e-06,1.5532253480824951e-06,-4.0805731172922867e-13,1.2096534351683567e-06,1.2096531173730027e-06,-3.1779535397007987e-13,1.2096534351683567e-06,1.2096531173730027e-06,-3.1779535397007987e-13
pccv3_n03_row_r00,3,row,0,33,1,L33H1,1.5,3,3,True,True,-0.0008404298569075763,-0.0008554374799132347,-1.5007623005658388e-05,9.0,8.875,-0.125,0.0018992731002068965,0.0020430207309839374,0.0001437476307770409,0.000824843827047137,0.0008872726298802719,6.242880283313494e-05,3.0002085634140023,3.0002316879354525,2.3124521450146318e-05,0.9998233590057546,0.9998071130241881,0.9996999710008984,0.9996672983692229,0.9993364559259135,0.9993376709976474,1.2150717338954564e-06,3.686171651682956e-05,2.3203949240133895e-05,1.843085825841478e-05,3.0512657618933886e-07,False,1,3.5002482738565947e-06,3.0889080679306016e-06,-4.113402059259932e-07,1.3843750472373147e-05,1.2216868398713894e-05,-1.6268820736592526e-06,0.9998233590057546,0.9998071130241881,-1.6245981566465062e-05,0.00012338800485618606,0.0001398146549652689,1.6426650109082854e-05,1.568702443241278e-05,1.6698479249689313e-05,1.0114548172765337e-06,1.3843750472373147e-05,1.4736356215723958e-05,8.926057433508113e-07,2.405683111728244e-06,2.4056440221399325e-06,-3.908958831162692e-11,1.5532257561398069e-06,1.6533733450043678e-06,1.0014758886456096e-07,1.2096534351683567e-06,1.1363457738602693e-06,-7.330766130808743e-08,1.2096534351683567e-06,1.1363457738602693e-06,-7.330766130808743e-08
pccv3_n03_row_r01,3,row,1,33,1,L33H1,1.0,3,3,True,True,-0.0019866747315973043,-0.0019866747315973043,0.0,8.625,8.625,0.0,0.0023894669370557536,0.0023894669370557536,0.0,0.0010377323054535784,0.0010377323054535784,0.0,3.0002810180282493,3.0002810180282493,0.0,0.9997677310346053,0.9997677310346053,0.9995882125354426,0.9995882125354426,0.9982471463666798,0.9982471463666798,0.0,0.0,0.0,0.0,0.0,False,0,4.494157689394042e-06,4.494157689394042e-06,0.0,8.396191935273353e-06,8.396191935273353e-06,0.0,0.9997677310346053,0.9997677310346053,0.0,0.00017951849916269264,0.00017951849916269264,0.0,1.6697821503482776e-05,1.6697821503482776e-05,0.0,1.5686151640899475e-05,1.5686151640899475e-05,0.0,2.901646289691843e-06,2.901646289691843e-06,0.0,1.994270385748807e-06,1.994270385748807e-06,0.0,1.209586132713592e-06,1.209586132713592e-06,0.0,1.3706406551354912e-06,1.3706406551354912e-06,0.0
pccv3_n03_row_r01,3,row,1,33,1,L33H1,0.5,3,3,True,True,-0.0019866747315973043,-0.0021034989040344954,-0.00011682417243719101,8.625,8.875,0.25,0.0023894669370557536,0.002036480091553294,-0.0003529868455024597,0.0010377323054535784,0.0008844320662674245,-0.00015330023918615394,3.0002810180282493,3.0002357922997747,-4.522572847465156e-05,0.9997677310346053,0.9998080883769304,0.9995882125354426,0.9996682735855702,0.9982471463666798,0.9980902429825846,-0.0001569033840951306,8.332905103144157e-05,5.6636469073707676e-05,4.166452551572078e-05,1.2677181544291867e-06,False,1,4.494157689394042e-06,5.092753403018868e-06,5.985957136248262e-07,8.396191935273353e-06,8.938060576718675e-06,5.418686414453216e-07,0.9997677310346053,0.9998080883769304,4.0357342325103573e-05,0.00017951849916269264,0.00013981479136018483,-3.97037078025078e-05,1.6697821503482776e-05,1.5686784839363362e-05,-1.011036664119414e-06,1.5686151640899475e-05,1.473637059164233e-05,-9.497810492571448e-07,2.901646289691843e-06,2.901763419630112e-06,1.171299382689754e-10,1.994270385748807e-06,1.9943508878996046e-06,8.050215079770501e-11,1.209586132713592e-06,1.2876497119525379e-06,7.806357923894594e-08,1.3706406551354912e-06,1.4590982791909627e-06,8.845762405547144e-08
pccv3_n03_row_r01,3,row,1,33,1,L33H1,1.5,3,3,True,True,-0.0019866747315973043,-0.0018944665789604187,9.220815263688564e-05,8.625,8.5,-0.125,0.0023894669370557536,0.0025917970895586806,0.00020233015250292708,0.0010377323054535784,0.001125603174208243,8.787086875466465e-05,3.0002810180282493,3.0003105014795475,2.9483451298162322e-05,0.9997677310346053,0.9997439564925685,0.9995882125354426,0.9995405402203127,0.9982471463666798,0.998362938464652,0.00011579209797218937,5.057980586932193e-05,3.3746043059928465e-05,2.5289902934660964e-05,4.0768949819969e-07,False,1,4.494157689394042e-06,3.9659859269694485e-06,-5.281717624245932e-07,8.396191935273353e-06,7.409437175293757e-06,-9.867547599795956e-07,0.9997677310346053,0.9997439564925685,-2.3774542036725244e-05,0.00017951849916269264,0.00020341627225579134,2.38977730930987e-05,1.6697821503482776e-05,1.7774315782013554e-05,1.0764942785307784e-06,1.5686151640899475e-05,1.5685778623187453e-05,-3.730177120217005e-10,2.901646289691843e-06,3.088712945573978e-06,1.8706665588213498e-07,1.994270385748807e-06,2.1228392927558787e-06,1.2856890700707177e-07,1.209586132713592e-06,1.2095573686762393e-06,-2.8764037352615085e-11,1.3706406551354912e-06,1.3706080612110613e-06,-3.259392442991146e-11
pccv3_n03_row_r02,3,row,2,33,1,L33H1,1.0,3,3,True,True,-0.0011247029760852456,-0.0011247029760852456,0.0,9.375,9.375,0.0,0.001471798120860327,0.001471798120860327,0.0,0.0006391938023652153,0.0006391938023652153,0.0,3.000147633784829,3.000147633784829,0.0,0.9998680808457676,0.9998680808457676,0.999783273799671,0.999783273799671,0.9990077042519943,0.9990077042519943,0.0,0.0,0.0,0.0,0.0,False,0,2.9019375369967836e-06,2.9019375369967836e-06,0.0,1.568772610895457e-05,1.568772610895457e-05,0.0,0.9998680808457676,0.9998680808457676,0.0,8.480704609661198e-05,8.480704609661198e-05,0.0,1.1477385603945449e-05,1.1477385603945449e-05,0.0,1.221761337826354e-05,1.221761337826354e-05,0.0,1.8736316945477596e-06,1.8736316945477596e-06,0.0,1.2877269760656368e-06,1.2877269760656368e-06,0.0,8.850409446598311e-07,8.850409446598311e-07,0.0,7.810458923228452e-07,7.810458923228452e-07,0.0
pccv3_n03_row_r02,3,row,2,33,1,L33H1,0.5,3,3,True,True,-0.0011247029760852456,-0.0012022180017083883,-7.751502562314272e-05,9.375,9.5,0.125,0.001471798120860327,0.0013467672877947084,-0.0001250308330656186,0.0006391938023652153,0.0005848936014970505,-5.430020086816484e-05,3.000147633784829,3.000126093851564,-2.153993326503567e-05,0.9998680808457676,0.9998806685012942,0.999783273799671,0.9998058256035876,0.9990077042519943,0.9989176919260103,-9.001232598393472e-05,2.757368956485429e-05,1.627198282737891e-05,1.3786844782427144e-05,2.395102829060697e-07,False,1,2.9019375369967836e-06,3.0891353178708285e-06,1.871977808740449e-07,1.568772610895457e-05,1.6699707751259424e-05,1.0119816423048547e-06,0.9998680808457676,0.9998806685012942,1.2587655526585806e-05,8.480704609661198e-05,7.484289770665922e-05,-9.964148389952752e-06,1.1477385603945449e-05,9.515206654693484e-06,-1.9621789492519646e-06,1.221761337826354e-05,1.0782141701377092e-05,-1.4354716768864482e-06,1.8736316945477596e-06,1.6534949831320046e-06,-2.20136711415755e-07,1.2877269760656368e-06,1.1364293744412862e-06,-1.5129760162435054e-07,8.850409446598311e-07,8.314294915353003e-07,-5.361145312453083e-08,7.810458923228452e-07,7.810557251566273e-07,9.832833782159841e-12
pccv3_n03_row_r02,3,row,2,33,1,L33H1,1.5,3,3,True,True,-0.0011247029760852456,-0.001111009274609387,1.3693701475858688e-05,9.375,9.25,-0.125,0.001471798120860327,0.0015721426430652212,0.00010034452220489417,0.0006391938023652153,0.0006827728746480192,4.3579072282803845e-05,3.000147633784829,3.0001603996098933,1.2765825064153802e-05,0.9998680808457676,0.9998571657859947,0.999783273799671,0.9997610678619656,0.9990077042519943,0.999032321066295,2.4616814300770784e-05,2.282339004444765e-05,1.571251854073756e-05,1.1411695022223825e-05,1.888610094406997e-07,False,1,2.9019375369967836e-06,2.4057644544969974e-06,-4.961730824997863e-07,1.568772610895457e-05,1.5687554853894564e-05,-1.712550600055417e-10,0.9998680808457676,0.9998571657859947,-1.0915059772909075e-05,8.480704609661198e-05,9.609792402911575e-05,1.1290877932503777e-05,1.1477385603945449e-05,1.1477260311067015e-05,-1.252928784333684e-10,1.221761337826354e-05,1.2217480004688705e-05,-1.3337357483556955e-10,1.8736316945477596e-06,1.9944487842613976e-06,1.2081708971363798e-07,1.2877269760656368e-06,1.2877129185942722e-06,-1.4057471364581608e-11,8.850409446598311e-07,8.850312831104752e-07,-9.661549355922665e-12,7.810458923228452e-07,7.810373660354645e-07,-8.526287380714379e-12
pccv3_n03_row_r03,3,row,3,33,1,L33H1,1.0,3,3,True,True,-0.0012747265864163637,-0.0012747265864163637,0.0,9.5,9.5,0.0,0.0012041195007304775,0.0012041195007304775,0.0,0.000522942454719345,0.000522942454719345,0.0,3.0001136762838443,3.0001136762838443,0.0,0.9998929472099929,0.9998929472099929,0.9998181033932024,0.9998181033932024,0.9988329977977628,0.9988329977977628,0.0,0.0,0.0,0.0,0.0,False,0,2.726185827311191e-06,2.726185827311191e-06,0.0,1.0782274107954467e-05,1.0782274107954467e-05,0.0,0.9998929472099929,0.9998929472099929,0.0,7.484381679047398e-05,7.484381679047398e-05,0.0,8.938819195696856e-06,8.938819195696856e-06,0.0,6.14355459825339e-06,6.14355459825339e-06,0.0,1.3708123213889012e-06,1.3708123213889012e-06,0.0,9.421446117251564e-07,9.421446117251564e-07,0.0,5.71439592894362e-07,5.71439592894362e-07,0.0,7.337429613780565e-07,7.337429613780565e-07,0.0
pccv3_n03_row_r03,3,row,3,33,1,L33H1,0.5,3,3,True,True,-0.0012747265864163637,-0.001437464845366776,-0.00016273825895041227,9.5,9.5,0.0,0.0012041195007304775,0.0012435138299056831,3.9394329175205644e-05,0.000522942454719345,0.000540051194498417,1.710873977907204e-05,3.0001136762838443,3.000115255351165,1.579067320900407e-06,0.9998929472099929,0.9998896540228409,0.9998181033932024,0.9998148104525515,0.9988329977977628,0.9986737873060747,-0.00015921049168809986,6.586867306248946e-06,3.7065155124485064e-06,3.293433653124473e-06,4.7050738590035056e-08,False,1,2.726185827311191e-06,3.2883969799437335e-06,5.622111526325423e-07,1.0782274107954467e-05,1.2217876985775243e-05,1.4356028778207762e-06,0.9998929472099929,0.9998896540228409,-3.293187151975907e-06,7.484381679047398e-05,7.48435702893895e-05,-2.465010844775921e-10,8.938819195696856e-06,9.515292163991853e-06,5.764729682949975e-07,6.14355459825339e-06,6.539758288875351e-06,3.962036906219612e-07,1.3708123213889012e-06,1.4592173143287784e-06,8.840499293987726e-08,9.421446117251564e-07,1.0029044155643255e-06,6.075980383916909e-08,5.71439592894362e-07,6.47523758057133e-07,7.608416516277109e-08,7.337429613780565e-07,8.314369632545225e-07,9.769400187646605e-08
pccv3_n03_row_r03,3,row,3,33,1,L33H1,1.5,3,3,True,True,-0.0012747265864163637,-0.0012280549854040146,4.667160101234913e-05,9.5,9.5,0.0,0.0012041195007304775,0.001204770635739159,6.51135008681485e-07,0.000522942454719345,0.0005232252390605894,2.8278434124440026e-07,3.0001136762838443,3.0001176157121616,3.9394283173344036e-06,0.9998929472099929,0.9998928873240072,0.9998181033932024,0.9998180435116992,0.9988329977977628,0.9988796734402285,4.6675642465743294e-05,2.066983244609783e-06,1.0129165068555565e-06,1.0334916223048914e-06,1.817763101501465e-08,False,1,2.726185827311191e-06,2.4058504043799915e-06,-3.2033542293119974e-07,1.0782274107954467e-05,1.0129008537197303e-05,-6.532655707571632e-07,0.9998929472099929,0.9998928873240072,-5.988598572592707e-08,7.484381679047398e-05,7.484381230789837e-05,-4.482575606274547e-12,8.938819195696856e-06,9.515322933192363e-06,5.765037374955073e-07,6.14355459825339e-06,6.539779436216978e-06,3.9622483796358797e-07,1.3708123213889012e-06,1.370812239287665e-06,-8.210123619300266e-14,9.421446117251564e-07,1.0029076586141995e-06,6.076304688904304e-08,5.71439592894362e-07,5.714395586694748e-07,-3.4224887159072567e-14,7.337429613780565e-07,7.337429174324315e-07,-4.394562498543985e-14
pccv3_n03_row_r04,3,row,4,33,1,L33H1,1.0,3,3,True,True,-0.0014515112852677703,-0.0014515112852677703,0.0,8.75,8.75,0.0,0.0021167103466779125,0.0021167103466779125,0.0,0.0009192756233497365,0.0009192756233497365,0.0,3.0002474705715336,3.0002474705715336,0.0,0.9997964689599272,0.9997964689599272,0.9996380398866098,0.9996380398866098,0.9987527981592166,0.9987527981592166,0.0,0.0,0.0,0.0,0.0,False,0,4.221991795745035e-06,4.221991795745035e-06,0.0,5.770778573748803e-06,5.770778573748803e-06,0.0,0.9997964689599272,0.9997964689599272,0.0,0.00015842907331743914,0.00015842907331743914,0.0,1.568660253308218e-05,1.568660253308218e-05,0.0,1.3004650265247552e-05,1.3004650265247552e-05,0.0,2.5607674691745622e-06,2.5607674691745622e-06,0.0,1.6533557429970383e-06,1.6533557429970383e-06,0.0,1.0674866991271304e-06,1.0674866991271304e-06,0.0,1.1363336761893466e-06,1.1363336761893466e-06,0.0
pccv3_n03_row_r04,3,row,4,33,1,L33H1,0.5,3,3,True,True,-0.0014515112852677703,-0.0016004146309569478,-0.0001489033456891775,8.75,8.875,0.125,0.0021167103466779125,0.0019756276949287263,-0.00014108265174918614,0.0009192756233497365,0.0008580042062027867,-6.12714171469498e-05,3.0002474705715336,3.0002278208965003,-1.9649675033317493e-05,0.9997964689599272,0.9998132225162818,0.9996380398866098,0.9996734070069552,0.9987527981592166,0.9985873806380141,-0.0001654175212024711,3.722712798185497e-05,2.5070358767034082e-05,1.8613563990927487e-05,3.2592753910720465e-07,False,1,4.221991795745035e-06,5.09277955494338e-06,8.70787759198345e-07,5.770778573748803e-06,6.539258390134985e-06,7.684798163861818e-07,0.9997964689599272,0.9998132225162818,1.6753556354554e-05,0.00015842907331743914,0.00013981550932659316,-1.8613563990845975e-05,1.568660253308218e-05,1.5686865392961876e-05,2.628598796960979e-10,1.3004650265247552e-05,1.300486818374182e-05,2.1791849426786784e-10,2.5607674691745622e-06,2.5608103798703265e-06,4.291069576431127e-11,1.6533557429970383e-06,1.6533834482245266e-06,2.770522748829435e-11,1.0674866991271304e-06,1.1363527176951656e-06,6.886601856803519e-08,1.1363336761893466e-06,1.2876563241945609e-06,1.5132264800521426e-07
pccv3_n03_row_r04,3,row,4,33,1,L33H1,1.5,3,3,True,True,-0.0014515112852677703,-0.0016659918474033475,-0.0002144805621355772,8.75,8.5,-0.25,0.0021167103466779125,0.002585109096451095,0.0004683987497731824,0.0009192756233497365,0.0011226986157066117,0.00020342299235687515,3.0002474705715336,3.0003126973347483,6.522676321463194e-05,0.9997964689599272,0.9997444048679175,0.9996380398866098,0.9995409885044315,0.9987527981592166,0.9985906559912792,-0.00016214216793741798,0.00010412922476016028,6.893918771222483e-05,5.206461238008014e-05,1.5655534269005154e-06,False,1,4.221991795745035e-06,4.221771936827603e-06,-2.1985891743266035e-10,5.770778573748803e-06,5.770478062238752e-06,-3.0051151005155334e-10,0.9997964689599272,0.9997444048679175,-5.2064092009751484e-05,0.00015842907331743914,0.00020341636348599227,4.4987290168553134e-05,1.568660253308218e-05,1.892066914674023e-05,3.2340666136580506e-06,1.3004650265247552e-05,1.5685785658105163e-05,2.681135392857611e-06,2.5607674691745622e-06,3.088714330831409e-06,5.279468616568466e-07,1.6533557429970383e-06,1.9942238562580118e-06,3.4086811326097344e-07,1.0674866991271304e-06,1.2095579111508438e-06,1.4207121202371338e-07,1.1363336761893466e-06,1.2875676941603337e-06,1.5123401797098709e-07
pccv3_n03_row_r05,3,row,5,33,1,L33H1,1.0,3,3,True,True,-0.0010224120924249291,-0.0010224120924249291,0.0,9.25,9.25,0.0,0.0014570315331663428,0.0014570315331663428,0.0,0.0006327807548131775,0.0006327807548131775,0.0,3.0001517025791875,3.0001517025791875,0.0,0.9998672538948647,0.9998672538948647,0.9997711550012508,0.9997711550012508,0.9991107660281955,0.9991107660281955,0.0,0.0,0.0,0.0,0.0,False,0,2.901935136920301e-06,2.901935136920301e-06,0.0,9.515078996707497e-06,9.515078996707497e-06,0.0,0.9998672538948647,0.9998672538948647,0.0,9.609889361392542e-05,9.609889361392542e-05,0.0,1.1477376111458822e-05,1.1477376111458822e-05,0.0,8.397027742442107e-06,8.397027742442107e-06,0.0,1.553293946857412e-06,1.553293946857412e-06,0.0,1.136414127869097e-06,1.136414127869097e-06,0.0,7.810452463510233e-07,7.810452463510233e-07,0.0,8.850402126778604e-07,8.850402126778604e-07,0.0
pccv3_n03_row_r05,3,row,5,33,1,L33H1,0.5,3,3,True,True,-0.0010224120924249291,-0.001178047270514071,-0.00015563517808914185,9.25,9.375,0.125,0.0014570315331663428,0.0013906948772912917,-6.633665587505106e-05,0.0006327807548131775,0.0006039711112187278,-2.8809643594449627e-05,3.0001517025791875,3.0001411929293127,-1.050964987481251e-05,0.9998672538948647,0.999875318130417,0.9997711550012508,0.9997905104704666,0.9991107660281955,0.9989471800499246,-0.00016358597827093035,2.258246732719968e-05,1.3978438642431677e-05,1.129123366359984e-05,2.3238813056680366e-07,False,1,2.901935136920301e-06,3.7261885259938888e-06,8.242533890735878e-07,9.515078996707497e-06,1.0782084006035268e-05,1.267005009327771e-06,0.9998672538948647,0.999875318130417,8.06423555221869e-06,9.609889361392542e-05,8.480765995032391e-05,-1.1291233663601513e-05,1.1477376111458822e-05,1.2217701812275434e-05,7.403257008166126e-07,8.397027742442107e-06,8.397095467041937e-06,6.772459983022208e-11,1.553293946857412e-06,1.653486135264772e-06,1.0019218840736011e-07,1.136414127869097e-06,1.2097162988062882e-06,7.330217093719117e-08,7.810452463510233e-07,8.850473507981663e-07,1.0400210444714296e-07,8.850402126778604e-07,1.0028900364478348e-06,1.178498237699744e-07
pccv3_n03_row_r05,3,row,5,33,1,L33H1,1.5,3,3,True,True,-0.0010224120924249291,-0.0010343207977712154,-1.1908705346286297e-05,9.25,9.125,-0.125,0.0014570315331663428,0.0015852456178270448,0.00012821408466070204,0.0006327807548131775,0.0006884634242835967,5.5682669470419246e-05,3.0001517025791875,3.0001714135846624,1.9711005474931653e-05,0.9998672538948647,0.9998535111320092,0.9997711550012508,0.9997446183160765,0.9991107660281955,0.9991125759158308,1.809887635317864e-06,3.0073618508676765e-05,1.8880481759219098e-05,1.5036809254338383e-05,2.480524221053117e-07,False,1,2.901935136920301e-06,2.726078305723821e-06,-1.7585683119647997e-07,9.515078996707497e-06,8.396912328760433e-06,-1.1181666679470642e-06,0.9998672538948647,0.9998535111320092,-1.374276285559528e-05,9.609889361392542e-05,0.0001088928159326561,1.2793922318730678e-05,1.1477376111458822e-05,1.3005392229758657e-05,1.528016118299835e-06,8.397027742442107e-06,8.938466645984542e-06,5.414389035424355e-07,1.553293946857412e-06,1.6534500731989672e-06,1.0015612634155523e-07,1.136414127869097e-06,1.2096899152353333e-06,7.327578736623624e-08,7.810452463510233e-07,7.810345112063746e-07,-1.0735144648746944e-11,8.850402126778604e-07,8.850280481653082e-07,-1.216451255220924e-11
pccv3_n04_dense_r00,4,dense,0,33,1,L33H1,1.0,4,4,True,True,-0.004457063041627407,-0.004457063041627407,0.0,8.125,8.125,0.0,0.006420759245799758,0.006420759245799758,0.0,0.0027885003100801197,0.0027885003100801197,0.0,3.999728558883856,3.999728558883856,0.0,0.9993224122905158,0.9993224122905158,0.9990265681567294,0.9990265681567294,0.9962278696342537,0.9962278696342537,0.0,0.0,0.0,0.0,0.0,False,0,9.604652798721967e-05,9.604652798721967e-05,0.0,3.72412803769176e-06,3.72412803769176e-06,0.0,0.00029584413378631126,0.00029584413378631126,0.0,0.9993224122905158,0.9993224122905158,0.0,0.00026108153171424233,0.00026108153171424233,0.0,1.221094573123244e-05,1.221094573123244e-05,0.0,3.964313660423519e-06,3.964313660423519e-06,0.0,2.1219441929756403e-06,2.1219441929756403e-06,0.0,1.4583894940249194e-06,1.4583894940249194e-06,0.0,1.1357948799697171e-06,1.1357948799697171e-06,0.0
pccv3_n04_dense_r00,4,dense,0,33,1,L33H1,0.5,4,4,True,True,-0.004457063041627407,-0.004941631108522415,-0.0004845680668950081,8.125,8.125,0.0,0.006420759245799758,0.006308923907220878,-0.00011183533857887958,0.0027885003100801197,0.0027399308396535305,-4.856947042658922e-05,3.999728558883856,3.9996647617982997,-6.379708555614982e-05,0.9993224122905158,0.9993382949034921,0.9990265681567294,0.999042446067742,0.9962278696342537,0.995729455935475,-0.0004984136987786769,6.134845352247195e-05,3.6845837541681785e-05,3.067422676123597e-05,7.174409831603859e-07,False,1,9.604652798721967e-05,0.00010883670436699894,1.2790176379779276e-05,3.72412803769176e-06,4.220056994845703e-06,4.959289571539433e-07,0.00029584413378631126,0.00029584883575018247,4.701963871207859e-09,0.9993224122905158,0.9993382949034921,1.5882612976358956e-05,0.00026108153171424233,0.00023040730495300552,-3.067422676123681e-05,1.221094573123244e-05,1.2211139804459198e-05,1.940732267579281e-10,3.964313660423519e-06,4.492227287330806e-06,5.279136269072864e-07,2.1219441929756403e-06,2.559593953108678e-06,4.376497601330379e-07,1.4583894940249194e-06,1.7591814820297967e-06,3.007919880048773e-07,1.1357948799697171e-06,1.37005191576952e-06,2.3425703579980295e-07
pccv3_n04_dense_r00,4,dense,0,33,1,L33H1,1.5,4,4,True,True,-0.004457063041627407,-0.00448115449398756,-2.4091452360153198e-05,8.125,8.0,-0.125,0.006420759245799758,0.0069277245280759394,0.0005069652822761814,0.0027885003100801197,0.0030086725346891896,0.00022017222460906987,3.999728558883856,3.9998387080346207,0.00011014915076490439,0.9993224122905158,0.999258588743107,0.9990265681567294,0.9989233748309732,0.9962278696342537,0.99626752075676,3.96511225062568e-05,0.0001515147304815337,9.848506508517017e-05,7.575736524076684e-05,2.517182129126237e-06,False,1,9.604652798721967e-05,8.475535005206764e-05,-1.129117793515203e-05,3.72412803769176e-06,3.498271088467644e-06,-2.2585694922411585e-07,0.00029584413378631126,0.00029582523916144737,-1.8894624863893903e-08,0.9993224122905158,0.999258588743107,-6.382354740874785e-05,0.00026108153171424233,0.00033521391213391804,7.413238041967572e-05,1.221094573123244e-05,1.383593055246441e-05,1.6249848212319697e-06,3.964313660423519e-06,3.723890189466356e-06,-2.404234709571634e-07,2.1219441929756403e-06,2.1218086711419123e-06,-1.355218337279703e-10,1.4583894940249194e-06,1.3699426418846994e-06,-8.844685214021994e-08,1.1357948799697171e-06,1.0669124022627132e-06,-6.888247770700395e-08
pccv3_n04_dense_r01,4,dense,1,33,1,L33H1,1.0,4,4,True,True,-0.006219911389052868,-0.006219911389052868,0.0,6.0,6.0,0.0,0.019526440474856972,0.019526440474856972,0.0,0.008480225349442694,0.008480225349442694,0.0,3.9973829637620653,3.9973829637620653,0.0,0.9973170866250965,0.9973170866250965,0.9948449847257981,0.9948449847257981,0.99647283875413,0.99647283875413,0.0,0.0,0.0,0.0,0.0,False,0,9.585379282459511e-05,9.585379282459511e-05,0.0,1.4554629651623848e-06,1.4554629651623848e-06,0.0,0.0024721018992985093,0.0024721018992985093,0.0,0.9973170866250965,0.9973170866250965,0.0,9.585379282459511e-05,9.585379282459511e-05,0.0,1.010291543502592e-05,1.010291543502592e-05,0.0,3.7166548844396746e-06,3.7166548844396746e-06,0.0,1.7556234554908237e-06,1.7556234554908237e-06,0.0,1.133515696999894e-06,1.133515696999894e-06,0.0,9.397175187274641e-07,9.397175187274641e-07,0.0
pccv3_n04_dense_r01,4,dense,1,33,1,L33H1,0.5,4,4,True,True,-0.006219911389052868,-0.006528122816234827,-0.00030821142718195915,6.0,6.0,0.0,0.019526440474856972,0.019344534682035827,-0.0001819057928211451,0.008480225349442694,0.008401224667394236,-7.900068204845859e-05,3.9973829637620653,3.9973117374189218,-7.122634314349341e-05,0.9973170866250965,0.9973357482205492,0.9948449847257981,0.9948636000637803,0.99647283875413,0.996147126624237,-0.0003257121298929633,6.340084720638993e-05,3.7584517818920106e-05,3.1700423603194966e-05,1.638343113337453e-06,False,1,9.585379282459511e-05,0.00010861860947118229,1.2764816646587175e-05,1.4554629651623848e-06,1.549361252367186e-06,9.389828720480123e-08,0.0024721018992985093,0.0024721481567688574,4.625747034806699e-08,0.9973170866250965,0.9973357482205492,1.8661595452607038e-05,9.585379282459511e-05,6.588051685962509e-05,-2.9973275964970025e-05,1.010291543502592e-05,8.37576779688976e-06,-1.7271476381361599e-06,3.7166548844396746e-06,3.7167244297335643e-06,6.954529388969186e-11,1.7556234554908237e-06,1.7556563063615576e-06,3.285087073393119e-11,1.133515696999894e-06,1.206643756604057e-06,7.3128059604163e-08,9.397175187274641e-07,1.000342809495347e-06,6.062529076788285e-08
pccv3_n04_dense_r01,4,dense,1,33,1,L33H1,1.5,4,4,True,True,-0.006219911389052868,-0.005814424250274897,0.00040548713877797127,6.0,6.0,0.0,0.019526440474856972,0.019447526128446482,-7.891434641048994e-05,0.008480225349442694,0.008445953284253616,-3.4272065189078216e-05,3.9973829637620653,3.9974593718054434,7.64080433781622e-05,0.9973170866250965,0.997325134023422,0.9948449847257981,0.9948530121766174,0.99647283875413,0.9968689258594736,0.00039608710534366764,4.4352572872001876e-05,2.6061716036316343e-05,2.2176286436000938e-05,8.97799790963391e-07,False,1,9.585379282459511e-05,7.465161127464939e-05,-2.1202181549945722e-05,1.4554629651623848e-06,1.2066309148356579e-06,-2.4883205032672693e-07,0.0024721018992985093,0.002472121846804625,1.9947506115641778e-08,0.9973170866250965,0.997325134023422,8.047398325494726e-06,9.585379282459511e-05,0.00010861745349203018,1.2763660667435066e-05,1.010291543502592e-05,1.1448195371944344e-05,1.3452799369184231e-06,3.7166548844396746e-06,3.4915023212807213e-06,-2.251525631589533e-07,1.7556234554908237e-06,1.5493447632101662e-06,-2.0627869228065742e-07,1.133515696999894e-06,1.000332163295415e-06,-1.3318353370447893e-07,9.397175187274641e-07,7.790594721059819e-07,-1.6065804662148222e-07
pccv3_n04_dense_r02,4,dense,2,33,1,L33H1,1.0,4,4,True,True,-0.009262211620807648,-0.009262211620807648,0.0,6.25,6.25,0.0,0.021309035822181653,0.021309035822181653,0.0,0.009254396672252214,0.009254396672252214,0.0,3.9983342869110783,3.9983342869110783,0.0,0.9972447588926191,0.9972447588926191,0.9953196236229834,0.9953196236229834,0.9935179137996784,0.9935179137996784,0.0,0.0,0.0,0.0,0.0,False,0,0.0001580247259588623,0.0001580247259588623,0.0,3.0809916646096067e-06,3.0809916646096067e-06,0.0,0.0019251352696356611,0.0019251352696356611,0.0,0.9972447588926191,0.9972447588926191,0.0,0.0006249999152857993,0.0006249999152857993,0.0,2.9231635027838475e-05,2.9231635027838475e-05,0.0,7.86758783512684e-06,7.86758783512684e-06,0.0,3.2796985549490383e-06,3.2796985549490383e-06,0.0,2.254101654482718e-06,2.254101654482718e-06,0.0,1.3671817635527415e-06,1.3671817635527415e-06,0.0
pccv3_n04_dense_r02,4,dense,2,33,1,L33H1,0.5,4,4,True,True,-0.009262211620807648,-0.009264456108212471,-2.2444874048233032e-06,6.25,6.25,0.0,0.021309035822181653,0.020228358720401695,-0.001080677101779958,0.009254396672252214,0.00878506457022998,-0.0004693321020222338,3.9983342869110783,3.9981866414530587,-0.00014764545801959628,0.9972447588926191,0.9973872007363712,0.9953196236229834,0.9954617904892891,0.9935179137996784,0.9933738134358236,-0.00014410036385470448,0.00028634852723565657,0.00019851566658270114,0.00014317426361782829,4.427200525111302e-06,False,1,0.0001580247259588623,0.00015804729748217518,2.2571523312881836e-08,3.0809916646096067e-06,3.280167011970198e-06,1.9917534736059142e-07,0.0019251352696356611,0.0019254102470821044,2.749774464432062e-07,0.9972447588926191,0.9973872007363712,0.00014244184375211688,0.0006249999152857993,0.0004868199486305563,-0.00013817996665524299,2.9231635027838475e-05,2.4237338065309523e-05,-4.994296962528952e-06,7.86758783512684e-06,7.868711605101186e-06,1.1237699743454004e-09,3.2796985549490383e-06,3.280167011970198e-06,4.684570211598009e-10,2.254101654482718e-06,2.399821451512603e-06,1.4571979702988487e-07,1.3671817635527415e-06,1.4555652881784687e-06,8.838352462572719e-08
pccv3_n04_dense_r02,4,dense,2,33,1,L33H1,1.5,4,4,True,True,-0.009262211620807648,-0.008274795487523079,0.0009874161332845688,6.25,6.25,0.0,0.021309035822181653,0.02245592525737717,0.0011468894351955167,0.009254396672252214,0.009752484425310765,0.0004980877530585508,3.9983342869110783,3.9985731642052844,0.00023887729420613013,0.9972447588926191,0.9970833775891684,0.9953196236229834,0.9951585538587375,0.9935179137996784,0.9946604087197102,0.0011424949200318224,0.0003625455583264914,0.00024056352749025683,0.0001812727791632457,5.893803393582242e-06,False,1,0.0001580247259588623,0.0001394337633661763,-1.8590962592686004e-05,3.0809916646096067e-06,2.7185255983811765e-06,-3.6246606622843024e-07,0.0019251352696356611,0.001924823730430905,-3.1153920475616645e-07,0.9972447588926191,0.9970833775891684,-0.00016138130345066948,0.0006249999152857993,0.0008023859077925478,0.0001773859925067485,2.9231635027838475e-05,3.311842168429647e-05,3.886786656457998e-06,7.86758783512684e-06,7.86631464560288e-06,-1.2731895239596902e-09,3.2796985549490383e-06,3.0804930764281983e-06,-1.9920547852084003e-07,2.254101654482718e-06,1.9889158154671904e-06,-2.651858390155278e-07,1.3671817635527415e-06,1.2063384216682052e-06,-1.608433418845364e-07
pccv3_n04_dense_r03,4,dense,3,33,1,L33H1,1.0,4,4,True,True,-0.051442693918943405,-0.051442693918943405,0.0,3.125,3.125,0.0,0.18326094491852904,0.18326094491852904,0.0,0.07958921712649293,0.07958921712649293,0.0,4.041254969097874,4.041254969097874,0.0,0.9569871698708858,0.9569871698708858,0.9149400881098162,0.9149400881098162,0.9925504769635154,0.9925504769635154,0.0,0.0,0.0,0.0,0.0,False,0,0.0004122150848485224,0.0004122150848485224,0.0,1.4105224543200194e-05,1.4105224543200194e-05,0.0,0.0002206428351730969,0.0002206428351730969,0.0,0.9569871698708858,0.9569871698708858,0.0,0.04204708176106963,0.04204708176106963,0.0,0.0002833110083723004,0.0002833110083723004,0.0,2.325558373237566e-05,2.325558373237566e-05,0.0,6.2591554491347145e-06,6.2591554491347145e-06,0.0,3.7963696838076027e-06,3.7963696838076027e-06,0.0,2.1631062421627367e-06,2.1631062421627367e-06,0.0
pccv3_n04_dense_r03,4,dense,3,33,1,L33H1,0.5,4,4,True,True,-0.051442693918943405,-0.03714095056056976,0.014301743358373642,3.125,3.5,0.375,0.18326094491852904,0.1398250064029788,-0.04343593851555025,0.07958921712649293,0.060725228712900536,-0.018863988413592395,4.041254969097874,4.028463330729363,-0.012791638368510938,0.9569871698708858,0.9699040352838012,0.9149400881098162,0.9406154712474823,0.9925504769635154,0.9934388154547378,0.0008883384912223846,0.025833730825830976,0.01815585385057248,0.012916865412915488,0.0006000960402667876,False,1,0.0004122150848485224,0.0003686886101658189,-4.352647468270352e-05,1.4105224543200194e-05,1.3429481643606471e-05,-6.757428995937227e-07,0.0002206428351730969,0.0001973447921560373,-2.329804301705958e-05,0.9569871698708858,0.9699040352838012,0.012916865412915368,0.04204708176106963,0.029288564036318878,-0.012758517724750753,0.0002833110083723004,0.0001973447921560373,-8.596621621626311e-05,2.325558373237566e-05,1.953978049422015e-05,-3.715803238155508e-06,6.2591554491347145e-06,5.598240841189249e-06,-6.609146079454658e-07,3.7963696838076027e-06,3.395504710636723e-06,-4.0086497317087973e-07,2.1631062421627367e-06,2.059477712199846e-06,-1.0362852996289074e-07
pccv3_n04_dense_r03,4,dense,3,33,1,L33H1,1.5,4,4,True,True,-0.051442693918943405,-0.06326717883348465,-0.011824484914541245,3.125,2.875,-0.25,0.18326094491852904,0.2180668779457493,0.034805933027220265,0.07958921712649293,0.09470524177770884,0.015116024651215906,4.041254969097874,4.052820950387944,0.011565981290069693,0.9569871698708858,0.9455685245908971,0.9149400881098162,0.8922231987971961,0.9925504769635154,0.9927283001204614,0.00017782315694603312,0.02285339801382536,0.016063971877734885,0.01142669900691268,0.00035813327500123083,False,1,0.0004122150848485224,0.0004072965885706875,-4.918496277834931e-06,1.4105224543200194e-05,1.579260257439121e-05,1.6873780311910158e-06,0.0002206428351730969,0.00021801015382925764,-2.6326813438392563e-06,0.9569871698708858,0.9455685245908971,-0.011418645279988704,0.04204708176106963,0.05334532579370098,0.011298244032631348,0.0002833110083723004,0.0004072965885706875,0.00012398558019838707,2.325558373237566e-05,2.603759978411239e-05,2.7820160517367303e-06,6.2591554491347145e-06,6.1844720280020985e-06,-7.468342113261592e-08,3.7963696838076027e-06,3.5238059415844154e-06,-2.725637422231874e-07,2.1631062421627367e-06,2.007804103199578e-06,-1.5530213896315856e-07
pccv3_n04_dense_r04,4,dense,4,33,1,L33H1,1.0,3,3,False,False,-1.5113306045532227,-1.5113306045532227,0.0,-1.25,-1.25,0.0,0.5358181294712402,0.5358181294712402,0.0,0.23270285693308174,0.23270285693308174,0.0,3.22167216679786,3.22167216679786,0.0,0.7767916170012262,0.7767916170012262,0.5542370925695913,0.5542370925695913,0.991290726399825,0.991290726399825,0.0,0.0,0.0,0.0,0.0,False,0,0.0005516575118618613,0.0005516575118618613,0.0,1.2187701922576837e-05,1.2187701922576837e-05,0.0,0.7767916170012262,0.7767916170012262,0.0,0.2225545244316349,0.2225545244316349,0.0,6.189425746309048e-05,6.189425746309048e-05,0.0,1.4701174729938423e-05,1.4701174729938423e-05,0.0,6.52360674144212e-06,6.52360674144212e-06,0.0,3.491835063520425e-06,3.491835063520425e-06,0.0,2.1179050246847483e-06,2.1179050246847483e-06,0.0,1.2845743318307417e-06,1.2845743318307417e-06,0.0
pccv3_n04_dense_r04,4,dense,4,33,1,L33H1,0.5,3,3,False,False,-1.5113306045532227,-1.7112683057785034,-0.19993770122528076,-1.25,-1.5,-0.25,0.5358181294712402,0.4806753325043036,-0.05514279696693658,0.23270285693308174,0.20875464449362982,-0.023948212439451916,3.22167216679786,3.1813287147022735,-0.04034345209558632,0.7767916170012262,0.8170277092180511,0.5542370925695913,0.6347241856145226,0.991290726399825,0.9908560488286184,-0.00043467757120652095,0.08053453673008697,0.056912979307220016,0.04026726836504348,0.0012567941377118514,False,1,0.0005516575118618613,0.0005802321540613573,2.8574642199496016e-05,1.2187701922576837e-05,1.452582775018229e-05,2.3381258276054527e-06,0.7767916170012262,0.8170277092180511,0.04023609221682489,0.2225545244316349,0.1823035236035285,-0.0402510008281064,6.189425746309048e-05,4.762835556766835e-05,-1.4265901895422128e-05,1.4701174729938423e-05,1.2818997997013235e-05,-1.882176732925188e-06,6.52360674144212e-06,6.445796990844495e-06,-7.780975059762529e-08,3.491835063520425e-06,3.450186505262833e-06,-4.1648558257591947e-08,2.1179050246847483e-06,2.2276078330243467e-06,1.0970280833959838e-07,1.2845743318307417e-06,1.4382517148513994e-06,1.5367738302065778e-07
pccv3_n04_dense_r04,4,dense,4,33,1,L33H1,1.5,3,3,False,False,-1.5113306045532227,-1.2323795557022095,0.2789510488510132,-1.25,-0.875,0.375,0.5358181294712402,0.6111528738435326,0.07533474437229237,0.23270285693308174,0.2654203207095604,0.03271746377647866,3.22167216679786,3.2932926020910704,0.0716204352932106,0.7767916170012262,0.7053471397504941,0.5542370925695913,0.411314706499644,0.991290726399825,0.9917201013315662,0.0004293749317412221,0.142993133169769,0.10106140504543727,0.0714965665848845,0.0033429021602856893,False,1,0.0005516575118618613,0.0005009194738941472,-5.0738037967714084e-05,1.2187701922576837e-05,1.1066752656790836e-05,-1.1209492657860017e-06,0.7767916170012262,0.7053471397504941,-0.07144447725073211,0.2225545244316349,0.2940324332508501,0.0714779088192152,6.189425746309048e-05,7.681848931101596e-05,1.4924231847925483e-05,1.4701174729938423e-05,1.8245990502828204e-05,3.5448157728897814e-06,6.52360674144212e-06,6.712324789799884e-06,1.8871804835776366e-07,3.491835063520425e-06,3.3751688659085397e-06,-1.1666619761188535e-07,2.1179050246847483e-06,2.0471433988810476e-06,-7.07616258037007e-08,1.2845743318307417e-06,1.2416552362496845e-06,-4.291909558105715e-08
pccv3_n04_dense_r05,4,dense,5,33,1,L33H1,1.0,4,4,True,True,-0.003907783888280392,-0.003907783888280392,0.0,7.25,7.25,0.0,0.00806705062327767,0.00806705062327767,0.0,0.00350347557092368,0.00350347557092368,0.0,3.9992276976087595,3.9992276976087595,0.0,0.9990818988103786,0.9990818988103786,0.9983723764334872,0.9983723764334872,0.9970151905024522,0.9970151905024522,0.0,0.0,0.0,0.0,0.0,False,0,7.478310833363536e-05,7.478310833363536e-05,0.0,3.7232317273680792e-06,3.7232317273680792e-06,0.0,0.000709522376891314,0.000709522376891314,0.0,0.9990818988103786,0.9990818988103786,0.0,0.0001088087805839023,0.0001088087805839023,0.0,1.220800684282419e-05,1.220800684282419e-05,0.0,4.218974272276466e-06,4.218974272276466e-06,0.0,2.2582541958635687e-06,2.2582541958635687e-06,0.0,1.3697004072159526e-06,1.3697004072159526e-06,0.0,1.2087563668369375e-06,1.2087563668369375e-06,0.0
pccv3_n04_dense_r05,4,dense,5,33,1,L33H1,0.5,4,4,True,True,-0.003907783888280392,-0.0043453797698020935,-0.0004375958815217018,7.25,7.125,-0.125,0.00806705062327767,0.008728271190149168,0.0006612205668714982,0.00350347557092368,0.003790640014436912,0.0002871644435132317,3.9992276976087595,3.9990909600903217,-0.00013673751843779058,0.9990818988103786,0.9989899139498782,0.9983723764334872,0.9981859937893413,0.9970151905024522,0.9966707833852979,-0.0003444071171543328,0.00021103954338146623,0.00013279972808372462,0.00010551977169073311,1.849378805252281e-06,False,1,7.478310833363536e-05,8.473256153025077e-05,9.949453196615404e-06,3.7232317273680792e-06,4.2185858338908325e-06,4.953541065227533e-07,0.000709522376891314,0.0008039201605370139,9.439778364569984e-05,0.9990818988103786,0.9989899139498782,-9.198486050032706e-05,0.0001088087805839023,9.601457102239333e-05,-1.2794209561508974e-05,1.220800684282419e-05,1.14673052140602e-05,-7.407016287639906e-07,4.218974272276466e-06,4.490661244646169e-06,2.716869723697028e-07,2.2582541958635687e-06,2.403677752804175e-06,1.4542355694060618e-07,1.3697004072159526e-06,1.5519309991055225e-06,1.8223059188956992e-07,1.2087563668369375e-06,1.286595987665279e-06,7.783962082834154e-08
pccv3_n04_dense_r05,4,dense,5,33,1,L33H1,1.5,4,4,True,True,-0.003907783888280392,-0.004098587669432163,-0.00019080378115177155,7.25,7.125,-0.125,0.00806705062327767,0.009238241740086113,0.0011711911168084434,0.00350347557092368,0.004012117410207694,0.000508641839284014,3.9992276976087595,3.9991920429122296,-3.56546965298854e-05,0.9990818988103786,0.9989335854099863,0.9983723764334872,0.9981297105788848,0.9970151905024522,0.996972996606587,-4.219389586523903e-05,0.0002966494105066488,0.00018264796471725365,0.0001483247052533244,3.89973945274542e-06,False,1,7.478310833363536e-05,7.477200680421913e-05,-1.1101529416232547e-08,3.7232317273680792e-06,3.9627711835461225e-06,2.3953945617804333e-07,0.000709522376891314,0.0008038748311015507,9.435245421023672e-05,0.9990818988103786,0.9989335854099863,-0.0001483134003922304,0.0001088087805839023,0.00015829233964669492,4.9483559062792615e-05,1.220800684282419e-05,1.56730640663037e-05,3.4650572234795083e-06,4.218974272276466e-06,4.7800144731271145e-06,5.610402008506484e-07,2.2582541958635687e-06,2.4035422202464427e-06,1.45288024382874e-07,1.3697004072159526e-06,1.3694970756120525e-06,-2.0333160390010867e-10,1.2087563668369375e-06,1.2865234423148165e-06,7.776707547787907e-08
pccv3_n04_distractors_r00,4,distractors,0,33,1,L33H1,1.0,4,4,True,True,-0.19009917974472046,-0.19009917974472046,0.0,2.5,2.5,0.0,0.3864514146565125,0.3864514146565125,0.0,0.16783371690902882,0.16783371690902882,0.0,4.064098626117691,4.064098626117691,0.0,0.9025790449708506,0.9025790449708506,0.8284908453064584,0.8284908453064584,0.9161270951468623,0.9161270951468623,0.0,0.0,0.0,0.0,0.0,False,0,0.000134358493169786,0.000134358493169786,0.0,2.193342107004338e-05,2.193342107004338e-05,0.0,0.018732430457046267,0.018732430457046267,0.0,0.9025790449708506,0.9025790449708506,0.0,0.07408819966439216,0.07408819966439216,0.0,0.004179770207850058,0.004179770207850058,0.0,0.00023580649913980135,0.00023580649913980135,0.0,2.0604542265387075e-05,2.0604542265387075e-05,0.0,6.689315485247315e-06,6.689315485247315e-06,0.0,1.1624287308555538e-06,1.1624287308555538e-06,0.0
pccv3_n04_distractors_r00,4,distractors,0,33,1,L33H1,0.5,4,4,True,True,-0.19009917974472046,-0.1767939180135727,0.013305261731147766,2.5,2.625,0.125,0.3864514146565125,0.3434366782455243,-0.043014736410988186,0.16783371690902882,0.14915265424521376,-0.018681062663815057,4.064098626117691,4.057537517813343,-0.006561108304347307,0.9025790449708506,0.9155863115713182,0.8284908453064584,0.8492614616172055,0.9161270951468623,0.9152085714900977,-0.0009185236567645916,0.02603598625497458,0.01570141249794198,0.01301799312748729,0.0003046997505221661,False,1,0.000134358493169786,0.00014508502018943417,1.0726527019648183e-05,2.193342107004338e-05,2.0901478889298112e-05,-1.0319421807452682e-06,0.018732430457046267,0.014799074392081755,-0.003933356064964512,0.9025790449708506,0.9155863115713182,0.013007266600467582,0.07408819966439216,0.06632484995411274,-0.007763349710279421,0.004179770207850058,0.0029141105300163088,-0.001265659677833749,0.00023580649913980135,0.00018629285350388759,-4.951364563591376e-05,2.0604542265387075e-05,1.6278088126335807e-05,-4.326454139051267e-06,6.689315485247315e-06,5.988373963255908e-06,-7.009415219914068e-07,1.1624287308555538e-06,1.1077377988915298e-06,-5.4690931964023984e-08
pccv3_n04_distractors_r00,4,distractors,0,33,1,L33H1,1.5,4,4,True,True,-0.19009917974472046,-0.19511745870113373,-0.005018278956413269,2.5,2.5,0.0,0.3864514146565125,0.40152050664423733,0.015069091987724825,0.16783371690902882,0.17437814040659022,0.006544423497561402,4.064098626117691,4.063905135116636,-0.0001934910010543689,0.9025790449708506,0.8992207555643855,0.8284908453064584,0.8254082210813017,0.9161270951468623,0.9149455092069729,-0.0011815859398893735,0.0072690808784683005,0.004307200820489569,0.0036345404392341503,7.531341989657338e-05,False,1,0.000134358493169786,0.00013385857606358363,-4.999171062023647e-07,2.193342107004338e-05,2.185181184585688e-05,-8.160922418650119e-08,0.018732430457046267,0.021147645197811704,0.0024152147407654374,0.9025790449708506,0.8992207555643855,-0.003358289406465098,0.07408819966439216,0.07381253448308382,-0.0002756651813083377,0.004179770207850058,0.005346962064036899,0.0011671918561868416,0.00023580649913980135,0.0002833786077503555,4.7572108610554156e-05,2.0604542265387075e-05,2.4761346789840072e-05,4.156804524452997e-06,6.689315485247315e-06,7.094244632007849e-06,4.0492914676053456e-07,1.1624287308555538e-06,1.158103600425865e-06,-4.325130429688805e-09
pccv3_n04_distractors_r01,4,distractors,1,33,1,L33H1,1.0,4,4,True,True,-0.3027772307395935,-0.3027772307395935,0.0,1.875,1.875,0.0,0.5447011442027979,0.5447011442027979,0.0,0.23656070121366257,0.23656070121366257,0.0,4.102131904150903,4.102131904150903,0.0,0.8360372179239296,0.8360372179239296,0.7078267580880792,0.7078267580880792,0.8836492241221094,0.8836492241221094,0.0,0.0,0.0,0.0,0.0,False,0,8.553523618122768e-05,8.553523618122768e-05,0.0,3.56563913081848e-05,3.56563913081848e-05,0.0,0.03241668084283711,0.03241668084283711,0.0,0.8360372179239296,0.8360372179239296,0.0,0.12821045983585047,0.12821045983585047,0.0,0.003015221010501594,0.003015221010501594,0.0,0.00017010712916317843,0.00017010712916317843,0.0,2.1626694543125133e-05,2.1626694543125133e-05,0.0,6.196151726835449e-06,6.196151726835449e-06,0.0,1.2987839584606485e-06,1.2987839584606485e-06,0.0
pccv3_n04_distractors_r01,4,distractors,1,33,1,L33H1,0.5,4,4,True,True,-0.3027772307395935,-0.2992808520793915,0.0034963786602020264,1.875,1.875,0.0,0.5447011442027979,0.5312408169623096,-0.01346032724048829,0.23656070121366257,0.23071495536850647,-0.005845745845156097,4.102131904150903,4.1055738526733805,0.0034419485224779223,0.8360372179239296,0.8395626305576777,0.7078267580880792,0.7108115311842641,0.8836492241221094,0.8830207110279389,-0.0006285130941705575,0.008132825714819028,0.005142358756090597,0.004066412857409514,6.373419853741665e-05,False,1,8.553523618122768e-05,8.589592227964414e-05,3.606860984164598e-07,3.56563913081848e-05,3.3637326473301664e-05,-2.0190648348831377e-06,0.03241668084283711,0.028728253422476174,-0.0036884274203609346,0.8360372179239296,0.8395626305576777,0.0035254126337480596,0.12821045983585047,0.12875109937341359,0.0005406395375631146,0.003015221010501594,0.002672143818006117,-0.00034307719249547725,0.00017010712916317843,0.00014161843412885435,-2.8488695034324082e-05,2.1626694543125133e-05,1.8004763419659095e-05,-3.621931123466038e-06,6.196151726835449e-06,5.491142597715231e-06,-7.050091291202173e-07,1.2987839584606485e-06,1.2252395272260645e-06,-7.354443123458402e-08
pccv3_n04_distractors_r01,4,distractors,1,33,1,L33H1,1.5,4,4,True,True,-0.3027772307395935,-0.28582635521888733,0.016950875520706177,1.875,2.0,0.125,0.5447011442027979,0.523012486633367,-0.021688657569430947,0.23656070121366257,0.2271414369113695,-0.009419264302293062,4.102131904150903,4.089289473534191,-0.012842430616711198,0.8360372179239296,0.8484679437063857,0.7078267580880792,0.7336402942276956,0.8836492241221094,0.8855880574787989,0.001938833356689429,0.026787500677260052,0.018277312928228037,0.013393750338630026,0.00021667733379593656,False,1,8.553523618122768e-05,7.660693309165238e-05,-8.928303089575295e-06,3.56563913081848e-05,3.3994120492982007e-05,-1.6622708152027948e-06,0.03241668084283711,0.032898672387825206,0.0004819915449880974,0.8360372179239296,0.8484679437063857,0.012430725782456076,0.12821045983585047,0.11482764947869006,-0.013382810357160407,0.003015221010501594,0.0034674945587915944,0.0004522735482900002,0.00017010712916317843,0.00019562265675737549,2.5515527594197052e-05,2.1626694543125133e-05,2.4870629844960957e-05,3.2439353018358238e-06,6.196151726835449e-06,5.907292372195073e-06,-2.8885935464037517e-07,1.2987839584606485e-06,1.2382357484429086e-06,-6.05482100177399e-08
pccv3_n04_distractors_r02,4,distractors,2,33,1,L33H1,1.0,3,3,False,False,-1.843575119972229,-1.843575119972229,0.0,-1.625,-1.625,0.0,0.4693351756987955,0.4693351756987955,0.0,0.20382967696908005,0.20382967696908005,0.0,3.1702260016886106,3.1702260016886106,0.0,0.832824116481151,0.832824116481151,0.6688313245543946,0.6688313245543946,0.9649853417691929,0.9649853417691929,0.0,0.0,0.0,0.0,0.0,False,0,0.00010940731518655488,0.00010940731518655488,0.0,6.635889105748915e-05,6.635889105748915e-05,0.0,0.832824116481151,0.832824116481151,0.0,0.16399279192675628,0.16399279192675628,0.0,0.0026506966048063375,0.0026506966048063375,0.0,0.0002465531907485014,0.0002465531907485014,0.0,8.004410171157483e-05,8.004410171157483e-05,0.0,2.4412071758985733e-05,2.4412071758985733e-05,0.0,4.242181977354194e-06,4.242181977354194e-06,0.0,1.3772348459311622e-06,1.3772348459311622e-06,0.0
pccv3_n04_distractors_r02,4,distractors,2,33,1,L33H1,0.5,3,3,False,False,-1.843575119972229,-1.642177700996399,0.20139741897583008,-1.625,-1.375,0.25,0.4693351756987955,0.5280899373458416,0.05875476164704613,0.20382967696908005,0.229346545737933,0.02551686876885295,3.1702260016886106,3.2083492178501047,0.03812321616149417,0.832824116481151,0.7951745272643344,0.6688313245543946,0.5941229211965897,0.9649853417691929,0.9627283138854636,-0.002257027883729279,0.07535099517192008,0.05283187090009314,0.03767549758596004,0.001175788362837068,False,1,0.00010940731518655488,0.0001260044092885975,1.659709410204261e-05,6.635889105748915e-05,6.744530011550622e-05,1.0864090580170693e-06,0.832824116481151,0.7951745272643344,-0.037649589216816604,0.16399279192675628,0.20105160606774464,0.037058814140988355,0.0026506966048063375,0.003249696546618048,0.0005989999418117104,0.0002465531907485014,0.00023540722827205746,-1.1145962476443951e-05,8.004410171157483e-05,7.179514825300843e-05,-8.248953458566392e-06,2.4412071758985733e-05,1.8152656265032502e-05,-6.2594154939532305e-06,4.242181977354194e-06,4.0504050995361e-06,-1.9177687781809437e-07,1.3772348459311622e-06,1.3149740093652372e-06,-6.226083656592499e-08
pccv3_n04_distractors_r02,4,distractors,2,33,1,L33H1,1.5,3,3,False,False,-1.843575119972229,-2.1591460704803467,-0.3155709505081177,-1.625,-2.0,-0.375,0.4693351756987955,0.3832523084324857,-0.08608286726630981,0.20382967696908005,0.16644436272891164,-0.037385314240168416,3.1702260016886106,3.1236843651423873,-0.04654163654622323,0.832824116481151,0.8786789701996262,0.6688313245543946,0.7597627028936046,0.9649853417691929,0.9706295512980887,0.005644209528895772,0.09171571793112167,0.06430468492305245,0.045857858965560834,0.002140633810202544,False,1,0.00010940731518655488,8.445128745749106e-05,-2.495602772906382e-05,6.635889105748915e-05,6.178588178856597e-05,-4.573009268923179e-06,0.832824116481151,0.8786789701996262,0.0458548537184752,0.16399279192675628,0.11891626730602158,-0.045076524620734706,0.0026506966048063375,0.0019221024430457663,-0.0007285941617605712,0.0002465531907485014,0.00022956240008566926,-1.6990790662832147e-05,8.004410171157483e-05,7.452799960051716e-05,-5.516102111057666e-06,2.4412071758985733e-05,2.7417318844663727e-05,3.005247085677994e-06,4.242181977354194e-06,3.710530611431084e-06,-5.316513659231105e-07,1.3772348459311622e-06,1.2046329182097875e-06,-1.726019277213747e-07
pccv3_n04_distractors_r03,4,distractors,3,33,1,L33H1,1.0,5,5,False,False,-1.8966381549835205,-1.8966381549835205,0.0,-1.5,-1.5,0.0,0.7514770750252651,0.7514770750252651,0.0,0.32636234696026856,0.32636234696026856,0.0,4.924039737289385,4.924039737289385,0.0,0.742941601433976,0.742941601433976,0.577168922925082,0.577168922925082,0.9052897174752275,0.9052897174752275,0.0,0.0,0.0,0.0,0.0,False,0,0.00038601364642466476,0.00038601364642466476,0.0,1.2408388331776212e-05,1.2408388331776212e-05,0.0,0.0004374107663087937,0.0004374107663087937,0.0,0.165772678508894,0.165772678508894,0.0,0.742941601433976,0.742941601433976,0.0,0.08873172070808992,0.08873172070808992,0.0,0.0016251781544653916,0.0016251781544653916,0.0,8.613128674621482e-05,8.613128674621482e-05,0.0,6.239329484943244e-06,6.239329484943244e-06,0.0,6.177772782091476e-07,6.177772782091476e-07,0.0
pccv3_n04_distractors_r03,4,distractors,3,33,1,L33H1,0.5,5,5,False,False,-1.8966381549835205,-1.970093846321106,-0.07345569133758545,-1.5,-1.625,-0.125,0.7514770750252651,0.654188336620962,-0.09728873840430308,0.32636234696026856,0.28411038471995076,-0.0422519622403178,4.924039737289385,4.901457839689545,-0.02258189759983953,0.742941601433976,0.7864260710607026,0.577168922925082,0.6315695959838871,0.9052897174752275,0.9004709644798368,-0.004818752995390696,0.08706835674333671,0.05495041996720258,0.043534178371668356,0.002210869798078243,False,1,0.00038601364642466476,0.00043495996818044414,4.894632175577937e-05,1.2408388331776212e-05,1.3134652932504327e-05,7.262646007281142e-07,0.0004374107663087937,0.0003838508246675361,-5.3559941641257596e-05,0.165772678508894,0.15485647507681552,-0.01091620343207847,0.742941601433976,0.7864260710607026,0.043484469626726585,0.08873172070808992,0.05696851351303827,-0.03176320719505165,0.0016251781544653916,0.0008650211864887706,-0.000760156967976621,8.613128674621482e-05,4.5844443361672e-05,-4.028684338454282e-05,6.239329484943244e-06,5.475337949219997e-06,-7.639915357232477e-07,6.177772782091476e-07,6.539358635387575e-07,3.615858532960993e-08
pccv3_n04_distractors_r03,4,distractors,3,33,1,L33H1,1.5,5,5,False,False,-1.8966381549835205,-1.8652796745300293,0.03135848045349121,-1.5,-1.375,0.125,0.7514770750252651,0.8623216262360087,0.11084455121074366,0.32636234696026856,0.37450152390013697,0.04813917693986841,4.924039737289385,4.966726365911479,0.0426866286220946,0.742941601433976,0.686465561467896,0.577168922925082,0.5128998863724747,0.9052897174752275,0.8921860694796351,-0.013103647995592382,0.11296485440252253,0.07355963096319641,0.056482427201261266,0.003238023609256204,False,1,0.00038601364642466476,0.0003796733726926502,-6.340273732014564e-06,1.2408388331776212e-05,1.2991708386586376e-05,5.833200548101634e-07,0.0004374107663087937,0.0005880496232109858,0.00015063885690219214,0.165772678508894,0.17356567509542115,0.007792996586527157,0.742941601433976,0.686465561467896,-0.05647603996608008,0.08873172070808992,0.13517308367863104,0.04644136297054112,0.0016251781544653916,0.0036022406642071637,0.001977062509741772,8.613128674621482e-05,0.00020322451183809093,0.00011709322509187611,6.239329484943244e-06,8.929061887279574e-06,2.68973240233633e-06,6.177772782091476e-07,5.708158290361111e-07,-4.69614491730365e-08
pccv3_n04_distractors_r04,4,distractors,4,33,1,L33H1,1.0,2,2,False,False,-6.638632297515869,-6.638632297515869,0.0,-6.5,-6.5,0.0,0.3265472924368647,0.3265472924368647,0.0,0.1418176871857778,0.1418176871857778,0.0,2.0984901275318593,2.0984901275318593,0.0,0.9032602439544593,0.9032602439544593,0.8080573146640988,0.8080573146640988,0.9637841296575402,0.9637841296575402,0.0,0.0,0.0,0.0,0.0,False,0,1.9370784747745318e-05,1.9370784747745318e-05,0.0,0.9032602439544593,0.9032602439544593,0.0,0.09520292929036041,0.09520292929036041,0.0,0.0013579968522196173,0.0013579968522196173,0.0,9.241284555682052e-05,9.241284555682052e-05,0.0,3.8523405443054276e-05,3.8523405443054276e-05,0.0,1.605894459788565e-05,1.605894459788565e-05,0.0,9.150110815180681e-06,9.150110815180681e-06,0.0,2.462718916373297e-06,2.462718916373297e-06,0.0,8.510928836949988e-07,8.510928836949988e-07,0.0
pccv3_n04_distractors_r04,4,distractors,4,33,1,L33H1,0.5,2,2,False,False,-6.638632297515869,-6.405983924865723,0.23264837265014648,-6.5,-6.25,0.25,0.3265472924368647,0.3537820892506838,0.027234796813819073,0.1418176871857778,0.1536456091577757,0.01182792197199789,2.0984901275318593,2.1105781754366437,0.01208804790478446,0.9032602439544593,0.8915884054300808,0.8080573146640988,0.7851033556973748,0.9637841296575402,0.9596050851051814,-0.004179044552358846,0.023343935517864553,0.016237311709581415,0.011671967758932277,0.00018807844053122104,False,1,1.9370784747745318e-05,2.166633939313102e-05,2.2955546453857017e-06,0.9032602439544593,0.8915884054300808,-0.011671838524378475,0.09520292929036041,0.10648504973270598,0.01128212044234557,0.0013579968522196173,0.0017211705250751673,0.00036317367285555,9.241284555682052e-05,0.0001100307504400813,1.7617904883260774e-05,3.8523405443054276e-05,4.308866097980651e-05,4.5652555367522345e-06,1.605894459788565e-05,1.796202624128468e-05,1.9030816433990305e-06,9.150110815180681e-06,9.031873998460624e-06,-1.1823681672005733e-07,2.462718916373297e-06,2.7545659386999467e-06,2.918470223266498e-07,8.510928836949988e-07,8.400951465818878e-07,-1.0997737113111009e-08
pccv3_n04_distractors_r04,4,distractors,4,33,1,L33H1,1.5,2,2,False,False,-6.638632297515869,-6.644959449768066,-0.006327152252197266,-6.5,-6.5,0.0,0.3265472924368647,0.32660247707103895,5.5184634174254565e-05,0.1418176871857778,0.14184165356788553,2.396638210772073e-05,2.0984901275318593,2.0985095840183035,1.9456486444191512e-05,0.9032602439544593,0.9032556851472082,0.8080573146640988,0.808053236351597,0.9637841296575402,0.9577102517176286,-0.006073877939911654,1.0093633465212712e-05,5.36193089959966e-06,5.046816732606356e-06,6.905691932500803e-08,False,1,1.9370784747745318e-05,2.0619988958050618e-05,1.2492042103053e-06,0.9032602439544593,0.9032556851472082,-4.558807251031638e-06,0.09520292929036041,0.09520244879561122,-4.804947491832134e-07,0.0013579968522196173,0.001357989998330123,-6.853889494362955e-09,9.241284555682052e-05,9.241237914378704e-05,-4.664130334801038e-10,3.8523405443054276e-05,3.852321101317513e-05,-1.94429879145266e-10,1.605894459788565e-05,1.819707638680823e-05,2.138131788922581e-06,9.150110815180681e-06,1.0368381585519972e-05,1.2182707703392904e-06,2.462718916373297e-06,2.7906120459736068e-06,3.2789312960030985e-07,8.510928836949988e-07,9.644097171183894e-07,1.133168334233906e-07
pccv3_n04_distractors_r05,4,distractors,5,33,1,L33H1,1.0,5,5,False,False,-2.7797446250915527,-2.7797446250915527,0.0,-2.5,-2.5,0.0,0.5021108169291006,0.5021108169291006,0.0,0.21806395709624227,0.21806395709624227,0.0,4.993135094604133,4.993135094604133,0.0,0.8643440776627497,0.8643440776627497,0.7933943952372278,0.7933943952372278,0.8746247658816628,0.8746247658816628,0.0,0.0,0.0,0.0,0.0,False,0,0.00030865563529244915,0.00030865563529244915,0.0,2.1004279581283242e-05,2.1004279581283242e-05,0.0,0.0002121357089749167,0.0002121357089749167,0.0,0.07094968242552188,0.07094968242552188,0.0,0.8643440776627497,0.8643440776627497,0.0,0.06261287497988376,0.06261287497988376,0.0,0.0014725136810909778,0.0014725136810909778,0.0,6.887038133351953e-05,6.887038133351953e-05,0.0,8.755886408145786e-06,8.755886408145786e-06,0.0,1.429359163686408e-06,1.429359163686408e-06,0.0
pccv3_n04_distractors_r05,4,distractors,5,33,1,L33H1,0.5,5,5,False,False,-2.7797446250915527,-3.0901591777801514,-0.31041455268859863,-2.5,-2.875,-0.375,0.5021108169291006,0.3937573400706317,-0.10835347685846897,0.21806395709624227,0.1710066400015775,-0.04705731709466476,4.993135094604133,4.994010909775602,0.0008758151714687301,0.8643440776627497,0.9027845522419349,0.7933943952372278,0.8518529330007987,0.8746247658816628,0.893250766707979,0.018626000826316158,0.07691027147087318,0.04680777409321163,0.03845513573543659,0.0018220967405510892,False,1,0.00030865563529244915,0.00032238265605744954,1.3727020765000395e-05,2.1004279581283242e-05,2.1938415067560565e-05,9.341354862773231e-07,0.0002121357089749167,0.00017255900101105672,-3.9576707963859996e-05,0.07094968242552188,0.05093161924113617,-0.02001806318438571,0.8643440776627497,0.9027845522419349,0.0384404745791852,0.06261287497988376,0.04494699622392065,-0.017665878755963108,0.0014725136810909778,0.000773355788819708,-0.0006991578922712698,6.887038133351953e-05,3.850311753065015e-05,-3.0367263802869376e-05,8.755886408145786e-06,6.6908385684370416e-06,-2.065047839708744e-06,1.429359163686408e-06,1.4024759535341538e-06,-2.6883210152254156e-08
pccv3_n04_distractors_r05,4,distractors,5,33,1,L33H1,1.5,5,5,False,False,-2.7797446250915527,-2.361497402191162,0.4182472229003906,-2.5,-2.0,0.5,0.5021108169291006,0.6479804707172626,0.14586965378816197,0.21806395709624227,0.2814143428135788,0.06335038571733653,4.993135094604133,4.97970347818206,-0.013431616422073134,0.8643440776627497,0.803291071276322,0.7933943952372278,0.6945774466236989,0.8746247658816628,0.8672230035725761,-0.007401762309086735,0.12211306497914298,0.07510741169051606,0.06105653248957149,0.0034706146495350762,False,1,0.00030865563529244915,0.00030535419779011337,-3.3014375023357793e-06,2.1004279581283242e-05,2.0779613939739093e-05,-2.2466564154414914e-07,0.0002121357089749167,0.0002868537221889623,7.471801321404557e-05,0.07094968242552188,0.10871362465262309,0.03776394222710121,0.8643440776627497,0.803291071276322,-0.06105300638642763,0.06261287497988376,0.08466625600999364,0.022053381030109884,0.0014725136810909778,0.002556699395665956,0.0010841857145749783,6.887038133351953e-05,0.00014423910977511383,7.53687284415943e-05,8.755886408145786e-06,1.3416327119933031e-05,4.660440711787245e-06,1.429359163686408e-06,1.7056945816486317e-06,2.7633541796222376e-07
pccv3_n04_grid_r00,4,grid,0,33,1,L33H1,1.0,4,4,True,True,-0.6394402980804443,-0.6394402980804443,0.0,0.125,0.125,0.0,0.6954169775968307,0.6954169775968307,0.0,0.30201575599214087,0.30201575599214087,0.0,3.5313553579979073,3.5313553579979073,0.0,0.530966290560119,0.530966290560119,0.062390183763981644,0.062390183763981644,0.9936367837301532,0.9936367837301532,0.0,0.0,0.0,0.0,0.0,False,0,0.00015718977215816026,0.00015718977215816026,0.0,5.725637032321878e-06,5.725637032321878e-06,0.0,0.46857610679613737,0.46857610679613737,0.0,0.530966290560119,0.530966290560119,0.0,0.00022870976895591436,0.00022870976895591436,0.0,3.733584343643467e-05,3.733584343643467e-05,0.0,1.3735089219060047e-05,1.3735089219060047e-05,0.0,8.33075272524837e-06,8.33075272524837e-06,0.0,2.8790311038512653e-06,2.8790311038512653e-06,0.0,3.6967491127795896e-06,3.6967491127795896e-06,0.0
pccv3_n04_grid_r00,4,grid,0,33,1,L33H1,0.5,4,3,True,False,-0.6394402980804443,-0.7002230286598206,-0.06078273057937622,0.125,0.0,-0.125,0.6954169775968307,0.6974330686718123,0.002016091074981574,0.30201575599214087,0.30289133322101974,0.0008755772288788766,3.5313553579979073,3.500084114620133,-0.031271243377774205,0.530966290560119,0.499767412210198,0.062390183763981644,0.0,0.9936367837301532,0.9934112387932146,-0.00022554493693860422,0.062429021677841964,0.04411652959525992,0.031214510838920982,0.00048783534661849925,True,1,0.00015718977215816026,0.00017846599762830757,2.1276225470147304e-05,5.725637032321878e-06,6.919877682935604e-06,1.1942406506137264e-06,0.46857610679613737,0.499767412210198,0.03119130541406062,0.530966290560119,0.499767412210198,-0.031198878349921022,0.00022870976895591436,0.00021527108483235756,-1.3438684123556798e-05,3.733584343643467e-05,3.514203855997776e-05,-2.1938048764569103e-06,1.3735089219060047e-05,1.3761820032980326e-05,2.6730813920279234e-08,8.33075272524837e-06,8.346965783450091e-06,1.6213058201721412e-08,2.8790311038512653e-06,3.07067710789277e-06,1.9164600404150462e-07,3.6967491127795896e-06,4.1971179761616605e-06,5.003688633820709e-07
pccv3_n04_grid_r00,4,grid,0,33,1,L33H1,1.5,4,4,True,True,-0.6394402980804443,-0.5828689932823181,0.05657130479812622,0.125,0.25,0.125,0.6954169775968307,0.6903647072862211,-0.005052270310609619,0.30201575599214087,0.2998215828751595,-0.0021941731169813905,3.5313553579979073,3.562420618971343,0.03106526097343565,0.530966290560119,0.5618647343553982,0.062390183763981644,0.12428403925920717,0.9936367837301532,0.9936454609828616,8.677252708366723e-06,0.061991624647836925,0.0437656967776734,0.030995812323918463,0.00048681714568864817,False,1,0.00015718977215816026,0.00016633709361071062,9.147321452550355e-06,5.725637032321878e-06,5.346897112621947e-06,-3.787399196999312e-07,0.46857610679613737,0.437580695096191,-0.03099541169994635,0.530966290560119,0.5618647343553982,0.030898443795279174,0.00022870976895591436,0.0003107586027092353,8.204883375332093e-05,3.733584343643467e-05,4.205660351586835e-05,4.72076007943368e-06,1.3735089219060047e-05,1.4534373259880374e-05,7.992840408203275e-07,8.33075272524837e-06,8.815543001824904e-06,4.847902765765337e-07,2.8790311038512653e-06,3.046570140375349e-06,1.6753903652408366e-07,3.6967491127795896e-06,3.6748650603034695e-06,-2.1884052476120094e-08
pccv3_n04_grid_r01,4,grid,1,33,1,L33H1,1.0,4,4,True,True,-0.006791129242628813,-0.006791129242628813,0.0,6.625,6.625,0.0,0.015616279042851466,0.015616279042851466,0.0,0.006782063816171786,0.006782063816171786,0.0,3.999907524558784,3.999907524558784,0.0,0.9980715671448461,0.9980715671448461,0.9967473453207939,0.9967473453207939,0.9951509743548286,0.9951509743548286,0.0,0.0,0.0,0.0,0.0,False,0,0.00042991188250832894,0.00042991188250832894,0.0,2.1192881696937432e-06,2.1192881696937432e-06,0.0,0.00015815574309012683,0.00015815574309012683,0.0,0.9980715671448461,0.9980715671448461,0.0,0.0013242218240522238,0.0013242218240522238,0.0,1.0110558393309327e-05,1.0110558393309327e-05,0.0,2.1192881696937432e-06,2.1192881696937432e-06,0.0,6.880321333344347e-07,6.880321333344347e-07,0.0,5.358399642191469e-07,5.358399642191469e-07,0.0,5.703986727780259e-07,5.703986727780259e-07,0.0
pccv3_n04_grid_r01,4,grid,1,33,1,L33H1,0.5,4,4,True,True,-0.006791129242628813,-0.006758331321179867,3.2797921448946e-05,6.625,7.125,0.5,0.015616279042851466,0.011812887859595554,-0.003803391183255912,0.006782063816171786,0.0051302720127642636,-0.0016517918034075225,3.999907524558784,3.999512231110078,-0.00039529344870592453,0.9980715671448461,0.9986235412484052,0.9967473453207939,0.9978199159200751,0.9951509743548286,0.9946335087722105,-0.0005174655826181151,0.0011462694901761075,0.0007607098300524723,0.0005731347450880537,3.3389098926173705e-05,False,1,0.00042991188250832894,0.00037960572603866965,-5.0306156469659294e-05,2.1192881696937432e-06,2.1204602221057726e-06,1.1720524120293657e-09,0.00015815574309012683,0.00017931304820963643,2.11573051195096e-05,0.9980715671448461,0.9986235412484052,0.0005519741035591164,0.0013242218240522238,0.00080362532833013,-0.0005205964957220938,1.0110558393309327e-05,7.87846549699765e-06,-2.2320928963116775e-06,2.1192881696937432e-06,2.1204602221057726e-06,1.1720524120293657e-09,6.880321333344347e-07,6.884126430418732e-07,3.8050970743858324e-10,5.358399642191469e-07,5.361363054772665e-07,2.963412581195108e-10,5.703986727780259e-07,5.707141264052429e-07,3.1545362721695416e-10
pccv3_n04_grid_r01,4,grid,1,33,1,L33H1,1.5,4,4,True,True,-0.006791129242628813,-0.00867006741464138,-0.0018789381720125675,6.625,6.0,-0.625,0.015616279042851466,0.023506190027961695,0.00788991098511023,0.006782063816171786,0.010208608619713008,0.0034265448035412215,3.999907524558784,4.000876304392523,0.0009687798337387754,0.9980715671448461,0.9968411300312126,0.9967473453207939,0.9943702079103571,0.9951509743548286,0.9945089242095833,-0.0006420501452453209,0.002460874227267377,0.0016830241560282352,0.0012304371136336884,8.968713589347353e-05,False,1,0.00042991188250832894,0.0004865534141167409,5.664153160841193e-05,2.1192881696937432e-06,2.2531893202977745e-06,1.339011506040313e-07,0.00015815574309012683,0.000178992998085324,2.0837254995197162e-05,0.9980715671448461,0.9968411300312126,-0.0012304371136335757,0.0013242218240522238,0.0024709221208554207,0.0011467002968031969,1.0110558393309327e-05,1.5640233868494357e-05,5.52967547518503e-06,2.1192881696937432e-06,2.5531979927621174e-06,4.3390982306837413e-07,6.880321333344347e-07,7.786813929001096e-07,9.064925956567496e-08,5.358399642191469e-07,5.696954770156608e-07,3.3855512796513876e-08,5.703986727780259e-07,6.064376785537377e-07,3.603900577571181e-08
pccv3_n04_grid_r02,4,grid,2,33,1,L33H1,1.0,4,4,True,True,-0.1506396383047104,-0.1506396383047104,0.0,1.875,1.875,0.0,0.39515950090227875,0.39515950090227875,0.0,0.1716155907135027,0.1716155907135027,0.0,3.866669540910945,3.866669540910945,0.0,0.86675323228175,0.86675323228175,0.7338323190824477,0.7338323190824477,0.9923904288195899,0.9923904288195899,0.0,0.0,0.0,0.0,0.0,False,0,0.00019983851047020108,0.00019983851047020108,0.0,4.147515966475436e-06,4.147515966475436e-06,0.0,0.13292091319930235,0.13292091319930235,0.0,0.86675323228175,0.86675323228175,0.0,8.330508508415278e-05,8.330508508415278e-05,0.0,1.97866920440048e-05,1.97866920440048e-05,0.0,7.748579937753334e-06,7.748579937753334e-06,0.0,6.034600123213673e-06,6.034600123213673e-06,0.0,1.95914781952232e-06,1.95914781952232e-06,0.0,3.0343875023791657e-06,3.0343875023791657e-06,0.0
pccv3_n04_grid_r02,4,grid,2,33,1,L33H1,0.5,4,4,True,True,-0.1506396383047104,-0.1507018804550171,-6.224215030670166e-05,1.875,1.875,0.0,0.39515950090227875,0.3950646167741541,-9.488412812463931e-05,0.1716155907135027,0.17157438306023798,-4.120765326473541e-05,3.866669540910945,3.8666551964242566,-1.4344486688244729e-05,0.86675323228175,0.8667623148654854,0.7338323190824477,0.7338400088068554,0.9923904288195899,0.9923182748177624,-7.215400182758458e-05,2.2704027963075287e-05,1.3496841516082604e-05,1.1352013981537644e-05,1.7619353400317764e-07,False,1,0.00019983851047020108,0.00019984060454950452,2.094079303434056e-09,4.147515966475436e-06,4.699800549506464e-06,5.52284583031028e-07,0.13292091319930235,0.13292230605862995,1.3928593275980283e-06,0.86675323228175,0.8667623148654854,9.08258373533144e-06,8.330508508415278e-05,7.351724992503493e-05,-9.787835159117853e-06,1.97866920440048e-05,1.8588071755722355e-05,-1.1986202882824463e-06,7.748579937753334e-06,7.74866113401946e-06,8.11962661260876e-11,6.034600123213673e-06,5.669041589060046e-06,-3.655585341536273e-07,1.95914781952232e-06,2.0855238517610748e-06,1.2637603223875493e-07,3.0343875023791657e-06,3.2301225301317128e-06,1.9573502775254705e-07
pccv3_n04_grid_r02,4,grid,2,33,1,L33H1,1.5,4,4,True,True,-0.1506396383047104,-0.13348303735256195,0.017156600952148438,1.875,2.0,0.125,0.39515950090227875,0.36836185370347624,-0.02679764719880251,0.1716155907135027,0.15997752040707264,-0.011638070306430076,3.866669540910945,3.880483478338442,0.013813937427497258,0.86675323228175,0.8805259932878624,0.7338323190824477,0.7613597585890498,0.9923904288195899,0.9937722698070957,0.0013818409875057114,0.027559085636200714,0.01946485560437782,0.013779542818100357,0.00021528354281370726,False,1,0.00019983851047020108,0.0001791591877257588,-2.0679322744442293e-05,4.147515966475436e-06,3.281414985983935e-06,-8.661009804915013e-07,0.13292091319930235,0.1191662346988126,-0.013754678500489753,0.86675323228175,0.8805259932878624,0.013772761006112355,8.330508508415278e-05,9.008689707213533e-05,6.78181198798255e-06,1.97866920440048e-05,1.8883239459428457e-05,-9.034525845763439e-07,7.748579937753334e-06,6.525872935875102e-06,-1.2227070018782313e-06,6.034600123213673e-06,5.410138685385877e-06,-6.244614378277963e-07,1.95914781952232e-06,1.8696938998283087e-06,-8.945391969401112e-08,3.0343875023791657e-06,2.555568560666532e-06,-4.788189417126338e-07
pccv3_n04_grid_r03,4,grid,3,33,1,L33H1,1.0,3,3,False,False,-3.295177698135376,-3.295177698135376,0.0,-3.25,-3.25,0.0,0.16059915440816896,0.16059915440816896,0.0,0.06974732655779607,0.06974732655779607,0.0,3.0373580992582347,3.0373580992582347,0.0,0.9625668906514951,0.9625668906514951,0.9252441219814397,0.9252441219814397,0.9929985551964933,0.9929985551964933,0.0,0.0,0.0,0.0,0.0,False,0,5.2712827895825374e-05,5.2712827895825374e-05,0.0,3.3698183455373876e-06,3.3698183455373876e-06,0.0,0.9625668906514951,0.9625668906514951,0.0,0.0373227686700555,0.0373227686700555,0.0,3.622896146755446e-05,3.622896146755446e-05,0.0,9.160115973882204e-06,9.160115973882204e-06,0.0,3.818504445361902e-06,3.818504445361902e-06,0.0,2.7936775314289963e-06,2.7936775314289963e-06,0.0,8.520235084210926e-07,8.520235084210926e-07,0.0,1.404749281470405e-06,1.404749281470405e-06,0.0
pccv3_n04_grid_r03,4,grid,3,33,1,L33H1,0.5,3,3,False,False,-3.295177698135376,-3.5375051498413086,-0.24232745170593262,-3.25,-3.5,-0.25,0.16059915440816896,0.13358073755635846,-0.0270184168518105,0.06974732655779607,0.05801337720929295,-0.011733949348503123,3.0373580992582347,3.0293379681566166,-0.008020131101618144,0.9625668906514951,0.9705818056760553,0.9252441219814397,0.9412727747473293,0.9929985551964933,0.9923836165707485,-0.0006149386257447986,0.01603256019095929,0.011333969299706054,0.008016280095479646,0.00024987980821200573,False,1,5.2712827895825374e-05,5.315174683267282e-05,4.3891893684744484e-07,3.3698183455373876e-06,4.098622617587931e-06,7.288042720505432e-07,0.9625668906514951,0.9705818056760553,0.008014915024560199,0.0373227686700555,0.02930903092872607,-0.008013737741329432,3.622896146755446e-05,3.4317347019583584e-05,-1.9116144479708726e-06,9.160115973882204e-06,8.676784149522734e-06,-4.833318243594701e-07,3.818504445361902e-06,3.850299626504863e-06,3.1795181142961e-08,2.7936775314289963e-06,2.6462696534296773e-06,-1.4740787799931904e-07,8.520235084210926e-07,9.145263210503717e-07,6.250281262927917e-08,1.404749281470405e-06,1.5077989981308822e-06,1.0304971666047716e-07
pccv3_n04_grid_r03,4,grid,3,33,1,L33H1,1.5,3,3,False,False,-3.295177698135376,-3.056345224380493,0.2388324737548828,-3.25,-3.0,0.25,0.16059915440816896,0.192259339580522,0.03166018517235303,0.06974732655779607,0.08349717027418414,0.013749843716388072,3.0373580992582347,3.047478858158014,0.010120758899779148,0.9625668906514951,0.9524546950335665,0.9252441219814397,0.9050347680146373,0.9929985551964933,0.9923965148109346,-0.0006020403855586665,0.02022489559800754,0.014290178950558997,0.01011244779900377,0.0003152013249016308,False,1,5.2712827895825374e-05,5.552302616586896e-05,2.810198270043587e-06,3.3698183455373876e-06,3.132394789845543e-06,-2.374235556918447e-07,0.9625668906514951,0.9524546950335665,-0.010112195617928643,0.0373227686700555,0.04741992701892918,0.010097158348873675,3.622896146755446e-05,4.603020542099764e-05,9.801243953443184e-06,9.160115973882204e-06,1.0933132094727557e-05,1.7730161208453523e-06,3.818504445361902e-06,4.28147604549601e-06,4.629716001341073e-07,2.7936775314289963e-06,3.132394789845543e-06,3.387172584165466e-07,8.520235084210926e-07,9.553264357031905e-07,1.0330292728209793e-07,1.404749281470405e-06,1.3899917621059492e-06,-1.4757519364455839e-08
pccv3_n04_grid_r04,4,grid,4,33,1,L33H1,1.0,3,3,False,False,-0.834955632686615,-0.834955632686615,0.0,-0.25,-0.25,0.0,0.6879878980092681,0.6879878980092681,0.0,0.2987893477216423,0.2987893477216423,0.0,3.4376716892596604,3.4376716892596604,0.0,0.5620262089116717,0.5620262089116717,0.12431975730460876,0.12431975730460876,0.9912892963187687,0.9912892963187687,0.0,0.0,0.0,0.0,0.0,False,0,0.00015630414598050298,0.00015630414598050298,0.0,3.912997729029755e-06,3.912997729029755e-06,0.0,0.5620262089116717,0.5620262089116717,0.0,0.4377064516070629,0.4377064516070629,0.0,7.383285061593852e-05,7.383285061593852e-05,0.0,1.647433578214946e-05,1.647433578214946e-05,0.0,6.867524887008743e-06,6.867524887008743e-06,0.0,5.34843375976477e-06,5.34843375976477e-06,0.0,1.7363822166103278e-06,1.7363822166103278e-06,0.0,2.8628102945908845e-06,2.8628102945908845e-06,0.0
pccv3_n04_grid_r04,4,grid,4,33,1,L33H1,0.5,3,3,False,False,-0.834955632686615,-0.8359537124633789,-0.000998079776763916,-0.25,-0.25,0.0,0.6879878980092681,0.6877896946168583,-0.00019820339240972373,0.2987893477216423,0.29870326908202427,-8.607863961801465e-05,3.4376716892596604,3.437671865182053,1.7592239265340481e-07,0.5620262089116717,0.5620391236881902,0.12431975730460876,0.1243226140430615,0.9912892963187687,0.9902777035601957,-0.0010115927585729878,4.682036021668718e-05,2.2761416956798804e-05,2.341018010834359e-05,3.8307730985557765e-07,False,1,0.00015630414598050298,0.00014683753060187006,-9.466615378632919e-06,3.912997729029755e-06,4.16546011604298e-06,2.524623870132253e-07,0.5620262089116717,0.5620391236881902,1.2914776518546667e-05,0.4377064516070629,0.4377165096451287,1.005803806580774e-05,7.383285061593852e-05,6.121098957130033e-05,-1.2621861044638191e-05,1.647433578214946e-05,1.5476561862016127e-05,-9.977739201333326e-07,6.867524887008743e-06,6.8676826955730855e-06,1.5780856434233063e-10,5.34843375976477e-06,5.024503994727671e-06,-3.239297650370982e-07,1.7363822166103278e-06,1.7364221168639507e-06,3.9900253622946356e-11,2.8628102945908845e-06,3.0475157226509365e-06,1.84705428060052e-07
pccv3_n04_grid_r04,4,grid,4,33,1,L33H1,1.5,3,3,False,False,-0.834955632686615,-0.7017011642456055,0.13325446844100952,-0.25,0.0,0.25,0.6879878980092681,0.6956418857132843,0.007653987704016263,0.2987893477216423,0.3021134323460519,0.00332408462440964,3.4376716892596604,3.4998837393416613,0.062212050082000925,0.5620262089116717,0.4998723193839223,0.12431975730460876,0.0,0.9912892963187687,0.9917357471152854,0.0004464507965167286,0.12434500152864125,0.08790734570941541,0.062172500764320626,0.0019415619564586632,False,1,0.00015630414598050298,0.00013901863425888112,-1.7285511721621858e-05,3.912997729029755e-06,3.2694049097498477e-06,-6.435928192799071e-07,0.5620262089116717,0.4998723193839223,-0.06215388952774936,0.4377064516070629,0.4998723193839223,0.062165867776859396,7.383285061593852e-05,7.921043011826035e-05,5.377579502321834e-06,1.647433578214946e-05,1.767423595771344e-05,1.1999001755639821e-06,6.867524887008743e-06,6.501988047255833e-06,-3.6553683975291027e-07,5.34843375976477e-06,5.390337417236006e-06,4.1903657471236195e-08,1.7363822166103278e-06,1.7499863423997038e-06,1.3604125789376047e-08,2.8628102945908845e-06,2.546215103890677e-06,-3.165951907002076e-07
pccv3_n04_grid_r05,4,grid,5,33,1,L33H1,1.0,4,4,True,True,-0.07762280106544495,-0.07762280106544495,0.0,2.625,2.625,0.0,0.2503927513960989,0.2503927513960989,0.0,0.1087441902398985,0.1087441902398985,0.0,3.9320748979870745,3.9320748979870745,0.0,0.9321546091535404,0.9321546091535404,0.8646295557481003,0.8646295557481003,0.9926608757568829,0.9926608757568829,0.0,0.0,0.0,0.0,0.0,False,0,0.00018966397799022536,0.00018966397799022536,0.0,3.2633490028695855e-06,3.2633490028695855e-06,0.0,0.0675250534054401,0.0675250534054401,0.0,0.9321546091535404,0.9321546091535404,0.0,0.00010151981179764235,0.00010151981179764235,0.0,1.4625315558859243e-05,1.4625315558859243e-05,0.0,5.0543738106619e-06,5.0543738106619e-06,0.0,3.2633490028695855e-06,3.2633490028695855e-06,0.0,1.2005190075230464e-06,1.2005190075230464e-06,0.0,1.7467448490319966e-06,1.7467448490319966e-06,0.0
pccv3_n04_grid_r05,4,grid,5,33,1,L33H1,0.5,4,4,True,True,-0.07762280106544495,-0.07761232554912567,1.0475516319274902e-05,2.625,2.625,0.0,0.2503927513960989,0.2500527355438111,-0.0003400158522878227,0.1087441902398985,0.10859652323149027,-0.00014766700840822267,3.9320748979870745,3.9321218402933815,4.6942306306974046e-05,0.9321546091535404,0.9321913921651126,0.8646295557481003,0.8646636742072512,0.9926608757568829,0.9926320733612783,-2.8802395604543563e-05,8.10373434009487e-05,4.646238676430935e-05,4.051867170047435e-05,7.745122248966246e-07,False,1,0.00018966397799022536,0.00016738447787336083,-2.2279500116864528e-05,3.2633490028695855e-06,3.6980047926865126e-06,4.3465578981692715e-07,0.0675250534054401,0.06752771795786137,2.664552421274835e-06,0.9321546091535404,0.9321913921651126,3.678301157217234e-05,0.00010151981179764235,8.416620113690408e-05,-1.7353610660738266e-05,1.4625315558859243e-05,1.3739754635896842e-05,-8.855609229624013e-07,5.0543738106619e-06,5.380565224575837e-06,3.2619141391393714e-07,3.2633490028695855e-06,3.2634777752888362e-06,1.2877241925079666e-10,1.2005190075230464e-06,1.2779962593377904e-06,7.74772518147439e-08,1.7467448490319966e-06,1.979399328003455e-06,2.3265447897145865e-07
pccv3_n04_grid_r05,4,grid,5,33,1,L33H1,1.5,4,4,True,True,-0.07762280106544495,-0.06896313279867172,0.008659668266773224,2.625,2.75,0.125,0.2503927513960989,0.23029964036747166,-0.020093111028627236,0.1087441902398985,0.10001786299589632,-0.008726327244002172,3.9320748979870745,3.939608509495549,0.007533611508474536,0.9321546091535404,0.9396192394108612,0.8646295557481003,0.8795513910866516,0.9926608757568829,0.9933397185191097,0.00067884276222685,0.014958423845950935,0.010551362950333387,0.007479211922975467,0.00011702729230976914,False,1,0.00018966397799022536,0.00016871822365067916,-2.09457543395462e-05,3.2633490028695855e-06,2.7270760949027127e-06,-5.362729079668728e-07,0.0675250534054401,0.060067848324209666,-0.007457205081230434,0.9321546091535404,0.9396192394108612,0.007464630257320803,0.00010151981179764235,0.00011595822625176925,1.4438414454126901e-05,1.4625315558859243e-05,1.474243408401749e-05,1.1711852515824722e-07,5.0543738106619e-06,4.78616760024411e-06,-2.682062104177902e-07,3.2633490028695855e-06,3.289481678144493e-06,2.6132675274907612e-08,1.2005190075230464e-06,1.1368144487381244e-06,-6.370455878492207e-08,1.7467448490319966e-06,1.553841120609842e-06,-1.929037284221545e-07
pccv3_n04_random_sparse_r00,4,random_sparse,0,33,1,L33H1,1.0,4,4,True,True,-0.005868111737072468,-0.005868111737072468,0.0,6.5,6.5,0.0,0.013359314368480327,0.013359314368480327,0.0,0.005801876512241831,0.005801876512241831,0.0,3.9984406278940177,3.9984406278940177,0.0,0.9983036773941708,0.9983036773941708,0.9968027885190828,0.9968027885190828,0.9958383519575591,0.9958383519575591,0.0,0.0,0.0,0.0,0.0,False,0,7.019750681702747e-05,7.019750681702747e-05,0.0,5.08509033823568e-06,5.08509033823568e-06,0.0,0.001500888875088035,0.001500888875088035,0.0,0.9983036773941708,0.9983036773941708,0.0,9.594861569331936e-05,9.594861569331936e-05,0.0,1.4714196778465772e-05,1.4714196778465772e-05,0.0,4.777000289325194e-06,4.777000289325194e-06,0.0,2.1197810286445953e-06,2.1197810286445953e-06,0.0,1.456902774371929e-06,1.456902774371929e-06,0.0,1.1346370215397606e-06,1.1346370215397606e-06,0.0
pccv3_n04_random_sparse_r00,4,random_sparse,0,33,1,L33H1,0.5,4,4,True,True,-0.005868111737072468,-0.00534853944554925,0.0005195722915232182,6.5,6.625,0.125,0.013359314368480327,0.01196104733861034,-0.0013982670298699866,0.005801876512241831,0.005194616856942046,-0.0006072596552997847,3.9984406278940177,3.998586691925905,0.00014606403188732742,0.9983036773941708,0.9985048210660444,0.9968027885190828,0.9971800244091679,0.9958383519575591,0.9961551721740989,0.00031682021653978154,0.0004023182675331222,0.0002681935562408048,0.0002011591337665611,3.5187637803583233e-06,False,1,7.019750681702747e-05,7.021165059371314e-05,1.4143776685669762e-08,5.08509033823568e-06,5.086114909982337e-06,1.024571746656952e-09,0.001500888875088035,0.0013247966568765354,-0.00017609221821149952,0.9983036773941708,0.9985048210660444,0.00020114367187362703,9.594861569331936e-05,7.473991300848448e-05,-2.1208702684834884e-05,1.4714196778465772e-05,1.1461736881408976e-05,-3.2524598970567964e-06,4.777000289325194e-06,4.488480654248741e-06,-2.885196350764524e-07,2.1197810286445953e-06,1.871077110818043e-06,-2.487039178265523e-07,1.456902774371929e-06,1.4571963190920736e-06,2.9354472014455574e-10,1.1346370215397606e-06,1.0661076014912787e-06,-6.85294200484819e-08
pccv3_n04_random_sparse_r00,4,random_sparse,0,33,1,L33H1,1.5,4,4,True,True,-0.005868111737072468,-0.0052146608941257,0.0006534508429467678,6.5,6.625,0.125,0.013359314368480327,0.012234434827936909,-0.0011248795405434178,0.005801876512241831,0.005313347534977959,-0.0004885289772638716,3.9984406278940177,3.998652453473352,0.0002118255793344126,0.9983036773941708,0.998475720870986,0.9968027885190828,0.9971509628236789,0.9958383519575591,0.9963175647335447,0.00047921277598561574,0.00037157861419764165,0.00024668603590819425,0.00018578930709882083,3.1058912140621425e-06,False,1,7.019750681702747e-05,6.195975838071559e-05,-8.237748436311877e-06,5.08509033823568e-06,4.777823537558304e-06,-3.072668006773759e-07,0.001500888875088035,0.001324758047307193,-0.00017613082778084196,0.9983036773941708,0.998475720870986,0.00017204347681520904,9.594861569331936e-05,0.00010874276249020979,1.2794146796890426e-05,1.4714196778465772e-05,1.5665880265139883e-05,9.516834866741113e-07,4.777000289325194e-06,4.2164144729909785e-06,-5.60585816334215e-07,2.1197810286445953e-06,1.8710225805766807e-06,-2.4875844806791457e-07,1.456902774371929e-06,1.2859337600061705e-06,-1.7096901436575854e-07,1.1346370215397606e-06,1.0014862192707617e-06,-1.3315080226899892e-07
pccv3_n04_random_sparse_r01,4,random_sparse,1,33,1,L33H1,1.0,4,4,True,True,-0.01088278740644455,-0.01088278740644455,0.0,7.25,7.25,0.0,0.009197085282515852,0.009197085282515852,0.0,0.003994243387790244,0.003994243387790244,0.0,4.000120502350207,4.000120502350207,0.0,0.9989596590524313,0.9989596590524313,0.9982502234870854,0.9982502234870854,0.9902063659501437,0.9902063659501437,0.0,0.0,0.0,0.0,0.0,False,0,0.00017937340159157464,0.00017937340159157464,0.0,6.955061552794651e-06,6.955061552794651e-06,0.0,0.00011581217241795866,0.00011581217241795866,0.0,0.9989596590524313,0.9989596590524313,0.0,0.0007094355653459216,0.0007094355653459216,0.0,1.776037186139519e-05,1.776037186139519e-05,0.0,5.416607383626295e-06,5.416607383626295e-06,0.0,2.2579778937439782e-06,2.2579778937439782e-06,0.0,1.871929422121408e-06,1.871929422121408e-06,0.0,1.457860099802555e-06,1.457860099802555e-06,0.0
pccv3_n04_random_sparse_r01,4,random_sparse,1,33,1,L33H1,0.5,4,4,True,True,-0.01088278740644455,-0.00996625516563654,0.0009165322408080101,7.25,7.625,0.375,0.009197085282515852,0.0074272448691913425,-0.0017698404133245091,0.003994243387790244,0.003225611462434039,-0.0007686319253562049,4.000120502350207,3.9998973625291074,-0.00022313982109922748,0.9989596590524313,0.9991936341712552,0.9982502234870854,0.9987059325110573,0.9902063659501437,0.9908822312472694,0.0006758652971257106,0.0004680351397707438,0.00032245211576557403,0.0002340175698853719,1.0527417970019873e-05,False,1,0.00017937340159157464,0.00017941541421197517,4.201262040053077e-08,6.955061552794651e-06,6.139257870441934e-06,-8.158036823527167e-07,0.00011581217241795866,0.00010882094954460469,-6.9912228733539695e-06,0.9989596590524313,0.9991936341712552,0.00023397511882383704,0.0007094355653459216,0.00048770166019786485,-0.0002217339051480567,1.776037186139519e-05,1.383503117871338e-05,-3.925340682681812e-06,5.416607383626295e-06,5.089623538614559e-06,-3.269838450117358e-07,2.2579778937439782e-06,2.121670747710142e-06,-1.3630714603383616e-07,1.871929422121408e-06,1.8723678631585428e-06,4.384410371348032e-10,1.457860099802555e-06,1.369853591824217e-06,-8.800650797833813e-08
pccv3_n04_random_sparse_r01,4,random_sparse,1,33,1,L33H1,1.5,4,4,True,True,-0.01088278740644455,-0.009751422330737114,0.0011313650757074356,7.25,7.125,-0.125,0.009197085282515852,0.009803070593317812,0.0006059853108019604,0.003994243387790244,0.004257419464385962,0.000263176076595718,4.000120502350207,4.000222226013105,0.00010172366289840085,0.9989596590524313,0.9988728415126225,0.9982502234870854,0.9980690155641403,0.9902063659501437,0.9914134267003192,0.0012070607501755148,0.0001910683712879599,0.00012844601370704117,9.553418564397995e-05,1.5602295135635896e-06,False,1,0.00017937340159157464,0.000179357812616292,-1.5588975282653872e-08,6.955061552794651e-06,6.137286852225906e-06,-8.177747005687447e-07,0.00011581217241795866,0.00010878601241077446,-7.026160007184203e-06,0.9989596590524313,0.9988728415126225,-8.681753980888107e-05,0.0007094355653459216,0.0008038259484821784,9.439038313625685e-05,1.776037186139519e-05,1.8904174368869343e-05,1.143802507474152e-06,5.416607383626295e-06,5.0879895071210075e-06,-3.286178765052871e-07,2.2579778937439782e-06,2.1209895820415218e-06,-1.3698831170245647e-07,1.871929422121408e-06,1.6518283473802289e-06,-2.2010107474117913e-07,1.457860099802555e-06,1.2864452104392668e-06,-1.7141488936328827e-07
pccv3_n04_random_sparse_r02,4,random_sparse,2,33,1,L33H1,1.0,4,4,True,True,-0.007512768730521202,-0.007512768730521202,0.0,8.5,8.5,0.0,0.0056612694681947035,0.0056612694681947035,0.0,0.0024586580906043164,0.0024586580906043164,0.0,3.9994805733214194,3.9994805733214194,0.0,0.9994225860144619,0.9994225860144619,0.9992192351309331,0.9992192351309331,0.9930888085009428,0.9930888085009428,0.0,0.0,0.0,0.0,0.0,False,0,0.00017945652485197399,0.00017945652485197399,0.0,7.40705539108585e-06,7.40705539108585e-06,0.0,0.0002033508835287628,0.0002033508835287628,0.0,0.9994225860144619,0.9994225860144619,0.0,0.00015836982733046252,0.00015836982733046252,0.0,1.7768602178721645e-05,1.7768602178721645e-05,0.0,5.419117488591887e-06,5.419117488591887e-06,0.0,2.7249033979985814e-06,2.7249033979985814e-06,0.0,1.4585356853889713e-06,1.4585356853889713e-06,0.0,1.4585356853889713e-06,1.4585356853889713e-06,0.0
pccv3_n04_random_sparse_r02,4,random_sparse,2,33,1,L33H1,0.5,4,4,True,True,-0.007512768730521202,-0.0066171810030937195,0.0008955877274274826,8.5,8.625,0.125,0.0056612694681947035,0.0048846145522875965,-0.000776654915907107,0.0024586580906043164,0.002121361146282826,-0.0003372969443214903,3.9994805733214194,3.9995201967214395,3.9623400020172284e-05,0.9994225860144619,0.9995094116013395,0.9992192351309331,0.9993299394860674,0.9930888085009428,0.993892278443127,0.0008034699421841651,0.00017365117375546266,9.901221517867233e-05,8.682558687773133e-05,2.0108313558083598e-06,False,1,0.00017945652485197399,0.0001583835858280131,-2.1072939023960874e-05,7.40705539108585e-06,6.537271320920646e-06,-8.697840701652033e-07,0.0002033508835287628,0.00017947211527218998,-2.3878768256572824e-05,0.9994225860144619,0.9995094116013395,8.682558687767017e-05,0.00015836982733046252,0.00012334926066851368,-3.502056666194884e-05,1.7768602178721645e-05,1.3000916424740612e-05,-4.767685753981032e-06,5.419117488591887e-06,4.782769869050202e-06,-6.363476195416854e-07,2.7249033979985814e-06,2.4049277203263836e-06,-3.199756776721978e-07,1.4585356853889713e-06,1.3702865097612661e-06,-8.824917562770524e-08,1.4585356853889713e-06,1.287265047066819e-06,-1.7127063832215242e-07
pccv3_n04_random_sparse_r02,4,random_sparse,2,33,1,L33H1,1.5,4,4,True,True,-0.007512768730521202,-0.006968954112380743,0.0005438146181404591,8.5,8.5,0.0,0.0056612694681947035,0.005844511466046046,0.00018324199785134214,0.0024586580906043164,0.002538239079124082,7.958098851976571e-05,3.9994805733214194,3.999587714339948,0.00010714101852871138,0.9994225860144619,0.9994002811368209,0.9992192351309331,0.9991969347916292,0.9930888085009428,0.9936511953728768,0.0005623868719339953,9.224414422667697e-05,5.448615942625192e-05,4.6122072113338484e-05,1.7963960869295645e-06,False,1,0.00017945652485197399,0.00015836629286999497,-2.1090231981979013e-05,7.40705539108585e-06,6.140527553280541e-06,-1.2665278378053087e-06,0.0002033508835287628,0.0002033463451916882,-4.538337074606836e-09,0.9994225860144619,0.9994002811368209,-2.230487764098843e-05,0.00015836982733046252,0.0002033463451916882,4.4976517861225674e-05,1.7768602178721645e-05,1.8914156430860136e-05,1.1455542521384917e-06,5.419117488591887e-06,4.782247666966423e-06,-6.368698216254647e-07,2.7249033979985814e-06,2.4046651406285774e-06,-3.20238257370004e-07,1.4585356853889713e-06,1.2091415671539822e-06,-2.493941182349891e-07,1.4585356853889713e-06,1.2091415671539822e-06,-2.493941182349891e-07
pccv3_n04_random_sparse_r03,4,random_sparse,3,33,1,L33H1,1.0,4,4,True,True,-0.0035265416372567415,-0.0035265416372567415,0.0,8.5,8.5,0.0,0.0038287625574821263,0.0038287625574821263,0.0,0.0016628104512322692,0.0016628104512322692,0.0,3.9999459233966213,3.9999459233966213,0.0,0.9996226406388703,0.9996226406388703,0.9994192490505533,0.9994192490505533,0.9968558629520885,0.9968558629520885,0.0,0.0,0.0,0.0,0.0,False,0,8.478622829140441e-05,8.478622829140441e-05,0.0,4.2212577445974705e-06,4.2212577445974705e-06,0.0,6.203092973742939e-05,6.203092973742939e-05,0.0,0.9996226406388703,0.9996226406388703,0.0,0.0002033915883169042,0.0002033915883169042,0.0,1.2214614289070878e-05,1.2214614289070878e-05,0.0,4.783311683286985e-06,4.783311683286985e-06,0.0,2.7254488424716844e-06,2.7254488424716844e-06,0.0,1.5529139401231407e-06,1.5529139401231407e-06,0.0,1.6530682844373837e-06,1.6530682844373837e-06,0.0
pccv3_n04_random_sparse_r03,4,random_sparse,3,33,1,L33H1,0.5,4,4,True,True,-0.0035265416372567415,-0.003448612755164504,7.792888209223747e-05,8.5,8.875,0.375,0.0038287625574821263,0.003216030823203039,-0.0006127317342790872,0.0016628104512322692,0.001396704440147852,-0.00026610601108441713,3.9999459233966213,3.999880598845938,-6.532455068342102e-05,0.9996226406388703,0.9996920646769444,0.9994192490505533,0.9995522661105274,0.9968558629520885,0.9968643246553484,8.461703259854403e-06,0.0001388604393316855,9.423402433756394e-05,6.943021966584274e-05,3.0203780918968666e-06,False,1,8.478622829140441e-05,8.479211671579755e-05,5.888424393132299e-09,4.2212577445974705e-06,4.221550911985311e-06,2.931673878404104e-10,6.203092973742939e-05,5.8276712744760424e-05,-3.754216992668969e-06,0.9996226406388703,0.9996920646769444,6.942403807408404e-05,0.0002033915883169042,0.0001397985664170233,-6.359302189988092e-05,1.2214614289070878e-05,1.0780107905521624e-05,-1.4345063835492538e-06,4.783311683286985e-06,4.493817553848e-06,-2.894941294389847e-07,2.7254488424716844e-06,2.56050005965692e-06,-1.6494878281476441e-07,1.5529139401231407e-06,1.4589289567150166e-06,-9.398498340812411e-08,1.6530682844373837e-06,1.553021790377949e-06,-1.000464940594348e-07
pccv3_n04_random_sparse_r03,4,random_sparse,3,33,1,L33H1,1.5,4,4,True,True,-0.0035265416372567415,-0.003538658143952489,-1.2116506695747375e-05,8.5,8.25,-0.25,0.0038287625574821263,0.004384504827335734,0.0005557422698536075,0.0016628104512322692,0.001904166252390079,0.00024135580115780975,3.9999459233966213,4.000004887465426,5.8964068804900904e-05,0.9996226406388703,0.9995579331776367,0.9994192490505533,0.9992967901140754,0.9968558629520885,0.9969082903780873,5.2427425998757826e-05,0.0001294269335364439,8.686026108196062e-05,6.471346676822195e-05,1.8936955912605676e-06,False,1,8.478622829140441e-05,8.47807399187353e-05,-5.488372669111932e-09,4.2212577445974705e-06,4.493214605692853e-06,2.7195686109538205e-07,6.203092973742939e-05,6.602730663808416e-05,3.996376900654763e-06,0.9996226406388703,0.9995579331776367,-6.470746123354854e-05,0.0002033915883169042,0.000261143063561426,5.7751475244521806e-05,1.2214614289070878e-05,1.4732683504325203e-05,2.5180692152543254e-06,4.783311683286985e-06,4.783002050488835e-06,-3.096327981498513e-10,2.7254488424716844e-06,2.901037389089872e-06,1.7558854661818775e-07,1.5529139401231407e-06,1.5528134170712465e-06,-1.0052305189421354e-10,1.6530682844373837e-06,1.6529612782056488e-06,-1.0700623173488435e-10
pccv3_n04_random_sparse_r04,4,random_sparse,4,33,1,L33H1,1.0,4,4,True,True,-0.005652278196066618,-0.005652278196066618,0.0,7.125,7.125,0.0,0.009826279116470464,0.009826279116470464,0.0,0.004267498797924283,0.004267498797924283,0.0,3.998908698580492,3.998908698580492,0.0,0.9988641639437273,0.9988641639437273,0.9980603449783713,0.9980603449783713,0.995494384028973,0.995494384028973,0.0,0.0,0.0,0.0,0.0,False,0,0.00015828133902916005,0.00015828133902916005,0.0,2.7233808726731033e-06,2.7233808726731033e-06,0.0,0.0008038189653560409,0.0008038189653560409,0.0,0.9988641639437273,0.9988641639437273,0.0,0.00015828133902916005,0.00015828133902916005,0.0,7.880363847601842e-06,7.880363847601842e-06,0.0,2.5583795668054764e-06,2.5583795668054764e-06,0.0,9.411752453408353e-07,9.411752453408353e-07,0.0,7.802616836981347e-07,7.802616836981347e-07,0.0,5.708516424617765e-07,5.708516424617765e-07,0.0
pccv3_n04_random_sparse_r04,4,random_sparse,4,33,1,L33H1,0.5,4,4,True,True,-0.005652278196066618,-0.005642557982355356,9.72021371126175e-06,7.125,7.125,0.0,0.009826279116470464,0.009651633289403527,-0.00017464582706693682,0.004267498797924283,0.004191651078941682,-7.584771898260043e-05,3.998908698580492,3.998888226391731,-2.0472188760667365e-05,0.9988641639437273,0.9988836666626205,0.9980603449783713,0.9980798320027828,0.995494384028973,0.9954846142135807,-9.769815392246528e-06,3.904330336804425e-05,2.6963271254224214e-05,1.9521651684022126e-05,3.0482747093089307e-07,False,1,0.00015828133902916005,0.0001582844294558392,3.0904266791584485e-09,2.7233808726731033e-06,2.7234340464013396e-06,5.3173728236231735e-11,0.0008038189653560409,0.0008038346598377214,1.569448168051591e-08,0.9988641639437273,0.9988836666626205,1.950271889317179e-05,0.00015828133902916005,0.00013968551872214801,-1.8595820307012035e-05,7.880363847601842e-06,6.954532470620122e-06,-9.258313769817205e-07,2.5583795668054764e-06,2.5584295189003804e-06,4.9952094904048025e-11,9.411752453408353e-07,9.411936216895939e-07,1.8376348758571232e-11,7.802616836981347e-07,7.802769182263414e-07,1.5234528206667753e-11,5.708516424617765e-07,5.708627882807121e-07,1.1145818935682318e-11
pccv3_n04_random_sparse_r04,4,random_sparse,4,33,1,L33H1,1.5,4,4,True,True,-0.005652278196066618,-0.0057294429279863834,-7.716473191976547e-05,7.125,7.125,0.0,0.009826279116470464,0.01022513539240314,0.00039885627593267553,0.004267498797924283,0.004440719877634325,0.00017322107971004183,3.998908698580492,3.9989565039334947,4.780535300286104e-05,0.9988641639437273,0.998818173057249,0.9980603449783713,0.9980143911022774,0.995494384028973,0.9954634198966232,-3.096413234970896e-05,9.31425946356609e-05,6.432818369478655e-05,4.657129731783045e-05,1.4468839885389345e-06,False,1,0.00015828133902916005,0.00015827405125234544,-7.287776814614072e-09,2.7233808726731033e-06,2.4032645256463275e-06,-3.201163470267758e-07,0.0008038189653560409,0.0008037819549715268,-3.701038451403571e-08,0.9988641639437273,0.998818173057249,-4.599088647838645e-05,0.00015828133902916005,0.00020322790461014978,4.494656558098973e-05,7.880363847601842e-06,9.505095584404552e-06,1.62473173680271e-06,2.5583795668054764e-06,2.5582617708643736e-06,-1.177959411028107e-10,9.411752453408353e-07,8.841116106819224e-07,-5.706363465891292e-08,7.802616836981347e-07,6.885468147216022e-07,-9.171486897653247e-08,5.708516424617765e-07,5.037516109117518e-07,-6.710003155002462e-08
pccv3_n04_random_sparse_r05,4,random_sparse,5,33,1,L33H1,1.0,4,4,True,True,-0.008277395740151405,-0.008277395740151405,0.0,7.375,7.375,0.0,0.00828341680740452,0.00828341680740452,0.0,0.003597442210760434,0.003597442210760434,0.0,4.000128688751335,4.000128688751335,0.0,0.9990785391671315,0.9990785391671315,0.9984523899727886,0.9984523899727886,0.9926715046452728,0.9926715046452728,0.0,0.0,0.0,0.0,0.0,False,0,0.00015831530921113266,0.00015831530921113266,0.0,7.882055123374181e-06,7.882055123374181e-06,0.0,9.602308893843783e-05,9.602308893843783e-05,0.0,0.9990785391671315,0.9990785391671315,0.0,0.0006261491943429243,0.0006261491943429243,0.0,2.1425647212780554e-05,2.1425647212780554e-05,0.0,5.417251981134528e-06,5.417251981134528e-06,0.0,2.723965361940081e-06,2.723965361940081e-06,0.0,1.8721521890593877e-06,1.8721521890593877e-06,0.0,1.6521685080118796e-06,1.6521685080118796e-06,0.0
pccv3_n04_random_sparse_r05,4,random_sparse,5,33,1,L33H1,0.5,4,4,True,True,-0.008277395740151405,-0.007464257534593344,0.0008131382055580616,7.375,7.625,0.25,0.00828341680740452,0.006981024837526942,-0.0013023919698775784,0.003597442210760434,0.0030318205649674957,-0.0005656216457929383,4.000128688751335,4.000044786520654,-8.390223068133196e-05,0.9990785391671315,0.9992456427597859,0.9984523899727886,0.9987579157144434,0.9926715046452728,0.9933128584830229,0.0006413538377501027,0.000334210176402652,0.00021789173782298978,0.000167105088201326,4.74058928695766e-06,False,1,0.00015831530921113266,0.00013973613804908774,-1.8579171162044918e-05,7.882055123374181e-06,7.405744005384941e-06,-4.7631111798924e-07,9.602308893843783e-05,9.0220431620118e-05,-5.802657318319834e-06,0.9990785391671315,0.9992456427597859,0.0001671035926543718,0.0006261491943429243,0.000487727045342549,-0.00013842214900037532,2.1425647212780554e-05,1.7765456327962874e-05,-3.6601908848176795e-06,5.417251981134528e-06,5.418158058317526e-06,9.06077182997428e-10,2.723965361940081e-06,2.5593566442133996e-06,-1.6460871772668126e-07,1.8721521890593877e-06,1.8724653209549526e-06,3.131318955648742e-10,1.6521685080118796e-06,1.652444845939816e-06,2.763379279365053e-10
pccv3_n04_random_sparse_r05,4,random_sparse,5,33,1,L33H1,1.5,4,4,True,True,-0.008277395740151405,-0.007822947576642036,0.0004544481635093689,7.375,7.125,-0.25,0.00828341680740452,0.009563417801593576,0.0012800009941890556,0.003597442210760434,0.004153339579367417,0.0005558973686069827,4.000128688751335,4.000321129354084,0.00019244060274914432,0.9990785391671315,0.9989022896930612,0.9984523899727886,0.998098440046656,0.9926715046452728,0.9932979401318107,0.0006264354865379573,0.00036422901878386713,0.0002503893848112531,0.00018211450939193357,5.687624895427633e-06,False,1,0.00015831530921113266,0.0001582873804859205,-2.7928725212150512e-08,7.882055123374181e-06,7.880664634022617e-06,-1.3904893515646394e-09,9.602308893843783e-05,9.018943077252617e-05,-5.83365816591166e-06,0.9990785391671315,0.9989022896930612,-0.00017624947407035574,0.0006261491943429243,0.0008038496464050656,0.00017770045206214123,2.1425647212780554e-05,2.5839704542418785e-05,4.414057329638231e-06,5.417251981134528e-06,5.416296312710925e-06,-9.556684236030683e-10,2.723965361940081e-06,2.7234848216786235e-06,-4.805402614574335e-10,1.8721521890593877e-06,1.8718219188896608e-06,-3.302701697269039e-10,1.6521685080118796e-06,1.6518770456100794e-06,-2.914624018002106e-10
pccv3_n04_row_r00,4,row,0,33,1,L33H1,1.0,3,3,False,False,-0.9786096215248108,-0.9786096215248108,0.0,-0.5,-0.5,0.0,0.6653708900236096,0.6653708900236096,0.0,0.2889669059563091,0.2889669059563091,0.0,3.3778177969058913,3.3778177969058913,0.0,0.622302831870808,0.622302831870808,0.24485708471516682,0.24485708471516682,0.9957279934903909,0.9957279934903909,0.0,0.0,0.0,0.0,0.0,False,0,5.98105532535877e-05,5.98105532535877e-05,0.0,4.070159228614995e-06,4.070159228614995e-06,0.0,0.622302831870808,0.622302831870808,0.0,0.3774457471556412,0.3774457471556412,0.0,0.00012661894223145844,0.00012661894223145844,0.0,3.20142821750265e-05,3.20142821750265e-05,0.0,1.1063839870079027e-05,1.1063839870079027e-05,0.0,9.763804416036694e-06,9.763804416036694e-06,0.0,3.1698431944706635e-06,3.1698431944706635e-06,0.0,4.909549181515372e-06,4.909549181515372e-06,0.0
pccv3_n04_row_r00,4,row,0,33,1,L33H1,0.5,3,3,False,False,-0.9786096215248108,-1.1414470672607422,-0.1628374457359314,-0.5,-0.75,-0.25,0.6653708900236096,0.629799451650027,-0.035571438373582565,0.2889669059563091,0.2735184265573006,-0.015448479399008508,3.3778177969058913,3.3210740331808837,-0.05674376372500767,0.622302831870808,0.6790250551154333,0.24485708471516682,0.35827633060577857,0.9957279934903909,0.9956596419006019,-6.835158978901745e-05,0.1134455453191454,0.08019952221794477,0.0567227726595727,0.00177104361938376,False,1,5.98105532535877e-05,5.759370686302752e-05,-2.216846390560185e-06,4.070159228614995e-06,4.172074131859614e-06,1.0191490324461823e-07,0.622302831870808,0.6790250551154333,0.05672222324462528,0.3774457471556412,0.32074872450965475,-0.05669702264598647,0.00012661894223145844,0.0001075992100203876,-1.9019732211070844e-05,3.20142821750265e-05,2.8959934503131936e-05,-3.054347671894561e-06,1.1063839870079027e-05,1.0653764521373749e-05,-4.100753487052782e-07,9.763804416036694e-06,8.832281006456112e-06,-9.315234095805818e-07,3.1698431944706635e-06,3.0523546399924864e-06,-1.1748855447817712e-07,4.909549181515372e-06,5.357049225613188e-06,4.475000440978163e-07
pccv3_n04_row_r00,4,row,0,33,1,L33H1,1.5,3,3,False,False,-0.9786096215248108,-0.9026737809181213,0.07593584060668945,-0.5,-0.375,0.125,0.6653708900236096,0.6784780034088332,0.013107113385223634,0.2889669059563091,0.29465925297319195,0.0056923470168828705,3.3778177969058913,3.407638060174761,0.029820263268869773,0.622302831870808,0.5925116452516646,0.24485708471516682,0.18528474391139566,0.9957279934903909,0.9957201592326328,-7.834257758077001e-06,0.059589400217923826,0.042124008121004926,0.029794700108961913,0.0004654640403416522,False,1,5.98105532535877e-05,5.694727309075251e-05,-2.863280162835195e-06,4.070159228614995e-06,3.4199495730085485e-06,-6.502096556064469e-07,0.622302831870808,0.5925116452516646,-0.029791186619143484,0.3774457471556412,0.4072269013402689,0.02978115418462768,0.00012661894223145844,0.00013660940647620352,9.990464244745081e-06,3.20142821750265e-05,3.454026711656962e-05,2.5259849415431204e-06,1.1063839870079027e-05,1.1213582942610798e-05,1.4974307253177066e-07,9.763804416036694e-06,1.0534186297230958e-05,7.703818811942637e-07,3.1698431944706635e-06,3.2127453030475993e-06,4.290210857693581e-08,4.909549181515372e-06,4.9759972671546214e-06,6.644808563924958e-08
pccv3_n04_row_r01,4,row,1,33,1,L33H1,1.0,4,4,True,True,-0.06398141384124756,-0.06398141384124756,0.0,2.75,2.75,0.0,0.23002112428642663,0.23002112428642663,0.0,0.09989690499877714,0.09989690499877714,0.0,3.9401467292356647,3.9401467292356647,0.0,0.9396602924914998,0.9396602924914998,0.879589819731649,0.879589819731649,0.9982569671456076,0.9982569671456076,0.0,0.0,0.0,0.0,0.0,False,0,5.145839916135124e-05,5.145839916135124e-05,0.0,2.4067413556585905e-06,2.4067413556585905e-06,0.0,0.06007047275985084,0.06007047275985084,0.0,0.9396602924914998,0.9396602924914998,0.0,0.00013140362562722067,0.00013140362562722067,0.0,4.5411877871854206e-05,4.5411877871854206e-05,0.0,1.3849840245726582e-05,1.3849840245726582e-05,0.0,1.569392504966775e-05,1.569392504966775e-05,0.0,4.223962624347552e-06,4.223962624347552e-06,0.0,4.786376713591519e-06,4.786376713591519e-06,0.0
pccv3_n04_row_r01,4,row,1,33,1,L33H1,0.5,4,4,True,True,-0.06398141384124756,-0.07211475819349289,-0.00813334435224533,2.75,2.625,-0.125,0.23002112428642663,0.24990209234806882,0.01988096806164219,0.09989690499877714,0.10853109972284312,0.008634194724065986,3.9401467292356647,3.9326529048317957,-0.007493824403868921,0.9396602924914998,0.9322184571745079,0.879589819731649,0.8646887786339418,0.9982569671456076,0.9980751766631784,-0.0001817904824292782,0.014924988035638086,0.010536647971805532,0.007462494017819043,0.00011680137228180375,False,1,5.145839916135124e-05,5.434336148469727e-05,2.8849623233460317e-06,2.4067413556585905e-06,2.5416728390757565e-06,1.34931483417166e-07,0.06007047275985084,0.0675296785405661,0.00745920578071526,0.9396602924914998,0.9322184571745079,-0.0074418353169919405,0.00013140362562722067,0.0001150448971658927,-1.635872846132797e-05,4.5411877871854206e-05,4.232265247901465e-05,-3.089225392839555e-06,1.3849840245726582e-05,1.3740153552462082e-05,-1.0968669326450032e-07,1.569392504966775e-05,1.4626317321276431e-05,-1.067607728391318e-06,4.223962624347552e-06,4.190510072944984e-06,-3.3452551402567775e-08,4.786376713591519e-06,5.054720010489559e-06,2.683432968980404e-07
pccv3_n04_row_r01,4,row,1,33,1,L33H1,1.5,4,4,True,True,-0.06398141384124756,-0.05680476874113083,0.00717664510011673,2.75,2.875,0.125,0.23002112428642663,0.21132234788468984,-0.018698776401736783,0.09989690499877714,0.09177612958916011,-0.008120775409617031,3.9401467292356647,3.946860130988503,0.0067134017528385215,0.9396602924914998,0.9463311766227822,0.879589819731649,0.8929428249456576,0.9982569671456076,0.9983592704646753,0.00010230331906768697,0.013379742406649027,0.009442023910441483,0.0066898712033245135,0.00010476226721896828,False,1,5.145839916135124e-05,4.5734268184489264e-05,-5.7241309768619734e-06,2.4067413556585905e-06,1.887678689825922e-06,-5.190626658326686e-07,0.06007047275985084,0.05338835167712464,-0.0066821210827262,0.9396602924914998,0.9463311766227822,0.006670884131282362,0.00013140362562722067,0.00014995689224599413,1.8553266618773456e-05,4.5411877871854206e-05,4.5734268184489264e-05,3.2239031263505796e-07,1.3849840245726582e-05,1.310308721574655e-05,-7.467530299800323e-07,1.569392504966775e-05,1.5805340160434825e-05,1.1141511076707587e-07,4.223962624347552e-06,3.996215817720868e-06,-2.2774680662668338e-07,4.786376713591519e-06,4.253949594603767e-06,-5.324271189877519e-07
pccv3_n04_row_r02,4,row,2,33,1,L33H1,1.0,4,4,True,True,-0.009851408191025257,-0.009851408191025257,0.0,4.875,4.875,0.0,0.04612252842975961,0.04612252842975961,0.0,0.02003075958847045,0.02003075958847045,0.0,3.992344606490316,3.992344606490316,0.0,0.992281644710307,0.992281644710307,0.9847054808612985,0.9847054808612985,0.99789908262062,0.99789908262062,0.0,0.0,0.0,0.0,0.0,False,0,6.554666043052297e-05,6.554666043052297e-05,0.0,1.4481143502449333e-06,1.4481143502449333e-06,0.0,0.007576163849008519,0.007576163849008519,0.0,0.992281644710307,0.992281644710307,0.0,5.1047790471006753e-05,5.1047790471006753e-05,0.0,1.3739326415963894e-05,1.3739326415963894e-05,0.0,3.936382923801579e-06,3.936382923801579e-06,0.0,3.936382923801579e-06,3.936382923801579e-06,0.0,9.952734673866975e-07,9.952734673866975e-07,0.0,1.5415097017151676e-06,1.5415097017151676e-06,0.0
pccv3_n04_row_r02,4,row,2,33,1,L33H1,0.5,4,4,True,True,-0.009851408191025257,-0.00984892901033163,2.479180693626404e-06,4.875,4.875,0.0,0.04612252842975961,0.046057920973087384,-6.460745667222906e-05,0.02003075958847045,0.0200027009265479,-2.8058661922552436e-05,3.992344606490316,3.9923369119182035,-7.69457211236002e-06,0.992281644710307,0.9922881174877414,0.9847054808612985,0.9847119042184673,0.99789908262062,0.9978950359890177,-4.046631602250272e-06,1.4137576818615635e-05,8.873344386453762e-06,7.0687884093078175e-06,1.0779269061419524e-07,False,1,6.554666043052297e-05,6.554708799959753e-05,4.2756907456047936e-10,1.4481143502449333e-06,1.6409392398262552e-06,1.9282488958132194e-07,0.007576163849008519,0.007576213269274088,4.942026556910284e-08,0.992281644710307,0.9922881174877414,6.472777434374244e-06,5.1047790471006753e-05,4.504981083809178e-05,-5.997979632914973e-06,1.3739326415963894e-05,1.2906986902757473e-05,-8.323395132064212e-07,3.936382923801579e-06,4.190285144142118e-06,2.5390222034053967e-07,3.936382923801579e-06,3.697913660651664e-06,-2.384692631499146e-07,9.952734673866975e-07,9.952799596801656e-07,6.492293468161628e-12,1.5415097017151676e-06,1.6409392398262552e-06,9.942953811108758e-08
pccv3_n04_row_r02,4,row,2,33,1,L33H1,1.5,4,4,True,True,-0.009851408191025257,-0.010008862242102623,-0.00015745405107736588,4.875,4.875,0.0,0.04612252842975961,0.04628819185269083,0.00016566342293121428,0.02003075958847045,0.020102706298902682,7.194671043223022e-05,3.992344606490316,3.9923281530916492,-1.6453398666627095e-05,0.992281644710307,0.9922648573442666,0.9847054808612985,0.9846888216683795,0.99789908262062,0.9977588839374221,-0.00014019868319792295,3.401795170063039e-05,2.0126955744573642e-05,1.7008975850315194e-05,2.5471943106505e-07,False,1,6.554666043052297e-05,7.427284030547655e-05,8.72617987495358e-06,1.4481143502449333e-06,1.5414836225392045e-06,9.336927229427126e-08,0.007576163849008519,0.0075760356758871146,-1.2817312140464554e-07,0.992281644710307,0.9922648573442666,-1.678736604038278e-05,5.1047790471006753e-05,5.7843746190842536e-05,6.7959557198357825e-06,1.3739326415963894e-05,1.4625189406724969e-05,8.858629907610744e-07,3.936382923801579e-06,4.1901869200155415e-06,2.5380399621396275e-07,3.936382923801579e-06,4.1901869200155415e-06,2.5380399621396275e-07,9.952734673866975e-07,9.952566294051663e-07,-1.6837981531175227e-11,1.5415097017151676e-06,1.448089851126366e-06,-9.341985058880165e-08
pccv3_n04_row_r03,4,row,3,33,1,L33H1,1.0,4,4,True,True,-0.0018090326339006424,-0.0018090326339006424,0.0,8.0,8.0,0.0,0.005166949141698631,0.005166949141698631,0.0,0.0022439775005144583,0.0022439775005144583,0.0,3.9996427692465244,3.9996427692465244,0.0,0.9994627091220031,0.9994627091220031,0.9991274267351105,0.9991274267351105,0.9987292164406654,0.9987292164406654,0.0,0.0,0.0,0.0,0.0,False,0,6.602101646948867e-05,6.602101646948867e-05,0.0,1.2092170967223266e-06,1.2092170967223266e-06,0.0,0.00033528238689263095,0.00033528238689263095,0.0,0.9994627091220031,0.9994627091220031,0.0,0.00010885025416648945,0.00010885025416648945,0.0,1.6692727118764025e-05,1.6692727118764025e-05,0.0,4.2205823775872266e-06,4.2205823775872266e-06,0.0,2.725012792756722e-06,2.725012792756722e-06,0.0,1.002476183384374e-06,1.002476183384374e-06,0.0,1.2872048990896578e-06,1.2872048990896578e-06,0.0
pccv3_n04_row_r03,4,row,3,33,1,L33H1,0.5,4,4,True,True,-0.0018090326339006424,-0.001622551935724914,0.00018648069817572832,8.0,8.0,0.0,0.005166949141698631,0.004828785211040404,-0.00033816393065822653,0.0022439775005144583,0.002097114771450877,-0.00014686272906358142,3.9996427692465244,3.9996336068761784,-9.162370345983106e-06,0.9994627091220031,0.9994980743012459,0.9991274267351105,0.9991627800506573,0.9987292164406654,0.9988801172615354,0.00015090082086999246,7.075426254515431e-05,4.357471198365125e-05,3.5377131272577156e-05,9.470957861693403e-07,False,1,6.602101646948867e-05,5.826540414104206e-05,-7.755612328446604e-06,1.2092170967223266e-06,1.209259883890851e-06,4.27871685245013e-11,0.00033528238689263095,0.000335294250588596,1.1863695965072876e-08,0.9994627091220031,0.9994980743012459,3.536517924285221e-05,0.00010885025416648945,8.4775662794476e-05,-2.4074591372013452e-05,1.6692727118764025e-05,1.3839246516508208e-05,-2.853480602255817e-06,4.2205823775872266e-06,3.965010511910277e-06,-2.555718656769492e-07,2.725012792756722e-06,2.404900441556467e-06,-3.201123512002548e-07,1.002476183384374e-06,8.84713430512748e-07,-1.1776275287162607e-07,1.2872048990896578e-06,1.287250445793465e-06,4.5546703807133816e-11
pccv3_n04_row_r03,4,row,3,33,1,L33H1,1.5,4,4,True,True,-0.0018090326339006424,-0.0016902696806937456,0.00011876295320689678,8.0,8.0,0.0,0.005166949141698631,0.0052323057874780745,6.535664577944373e-05,0.0022439775005144583,0.002272361531132176,2.8384030617717784e-05,3.9996427692465244,3.9996824670902984,3.969784377400032e-05,0.9994627091220031,0.9994550794504556,0.9991274267351105,0.9991197996230327,0.9987292164406654,0.9988554588681495,0.00012624242748415782,3.148896044053354e-05,1.8156637627174785e-05,1.574448022026677e-05,3.622728782492829e-07,False,1,6.602101646948867e-05,5.826289777067308e-05,-7.758118698815584e-06,1.2092170967223266e-06,1.0671221961788838e-06,-1.420949005434428e-07,0.00033528238689263095,0.0003352798274229636,-2.5594696673484837e-09,0.9994627091220031,0.9994550794504556,-7.629671547437766e-06,0.00010885025416648945,0.0001233425555484175,1.4492301381928036e-05,1.6692727118764025e-05,1.776917987522928e-05,1.0764527564652548e-06,4.2205823775872266e-06,4.2205501586189885e-06,-3.2218968238048097e-11,2.725012792756722e-06,2.9007388746183686e-06,1.7572608186164672e-07,1.002476183384374e-06,9.41732032807136e-07,-6.07441505772381e-08,1.2872048990896578e-06,1.1359456648206788e-06,-1.5125923426897898e-07
pccv3_n04_row_r04,4,row,4,33,1,L33H1,1.0,4,4,True,True,-0.0022561114747077227,-0.0022561114747077227,0.0,8.0,8.0,0.0,0.003969315884621384,0.003969315884621384,0.0,0.0017238519856219916,0.0017238519856219916,0.0,3.9995830742944234,3.9995830742944234,0.0,0.9995823458750067,0.9995823458750067,0.9992470233544545,0.9992470233544545,0.9981632949997277,0.9981632949997277,0.0,0.0,0.0,0.0,0.0,False,0,4.538096829454515e-05,4.538096829454515e-05,0.0,7.335150354346076e-07,7.335150354346076e-07,0.0,0.0003353225205521873,0.0003353225205521873,0.0,0.9995823458750067,0.9995823458750067,0.0,2.585729630389039e-05,2.585729630389039e-05,0.0,5.769542665292466e-06,5.769542665292466e-06,0.0,1.7596110962574805e-06,1.7596110962574805e-06,0.0,1.6530016492958176e-06,1.6530016492958176e-06,0.0,3.4648796867194887e-07,3.4648796867194887e-07,0.0,8.311814277039838e-07,8.311814277039838e-07,0.0
pccv3_n04_row_r04,4,row,4,33,1,L33H1,0.5,4,4,True,True,-0.0022561114747077227,-0.0021384721621870995,0.00011763931252062321,8.0,8.125,0.125,0.003969315884621384,0.0036051478672410515,-0.00036416801738033263,0.0017238519856219916,0.0015656958251880656,-0.00015815616043392592,3.9995830742944234,3.9996179763079605,3.490201353706368e-05,0.9995823458750067,0.9996261286688028,0.9992470233544545,0.9993301946213833,0.9981632949997277,0.9982370413694639,7.374636973622728e-05,8.78169224675801e-05,5.9058750878620474e-05,4.390846123379005e-05,7.202303950193508e-07,False,1,4.538096829454515e-05,4.53829560303083e-05,1.9877357631506616e-09,7.335150354346076e-07,7.808568916360776e-07,4.7341856201470024e-08,0.0003353225205521873,0.0002959340474195351,-3.938847313265215e-05,0.9995823458750067,0.9996261286688028,4.378279379613215e-05,2.585729630389039e-05,2.1437390493233775e-05,-4.419905810656614e-06,5.769542665292466e-06,5.769795377535589e-06,2.5271224312324136e-10,1.7596110962574805e-06,1.7596881691370756e-06,7.707287959506865e-11,1.6530016492958176e-06,1.5529193587782267e-06,-1.0008229051759095e-07,3.4648796867194887e-07,3.6885067808619804e-07,2.236270941424917e-08,8.311814277039838e-07,8.848267788239918e-07,5.3645351120007923e-08
pccv3_n04_row_r04,4,row,4,33,1,L33H1,1.5,4,4,True,True,-0.0022561114747077227,-0.002034024568274617,0.00022208690643310547,8.0,8.125,0.125,0.003969315884621384,0.0036898370591540003,-0.0002794788254673838,0.0017238519856219916,0.0016024758739127047,-0.00012137611170928687,3.9995830742944234,3.9996262358078454,4.3161513421985376e-05,0.9995823458750067,0.9996181025433524,0.9992470233544545,0.999322170872025,0.9981632949997277,0.9983492851366123,0.000185990136884584,7.914931302183644e-05,5.331223514041054e-05,3.957465651091822e-05,6.746364069118615e-07,False,1,4.538096829454515e-05,4.538259164477658e-05,1.6233502314334488e-09,7.335150354346076e-07,6.473479026176883e-07,-8.616713281691924e-08,0.0003353225205521873,0.00029593167132739275,-3.939084922479453e-05,0.9995823458750067,0.9996181025433524,3.5756668345654496e-05,2.585729630389039e-05,2.9301203420928762e-05,3.4439071170383728e-06,5.769542665292466e-06,6.141865894257371e-06,3.72323228964905e-07,1.7596110962574805e-06,1.759674040376738e-06,6.294411925742212e-11,1.6530016492958176e-06,1.6530607798236752e-06,5.913052785757457e-11,3.4648796867194887e-07,3.4650036310391605e-07,1.2394431967175995e-11,8.311814277039838e-07,7.335412744472881e-07,-9.764015325669576e-08
pccv3_n04_row_r05,4,row,5,33,1,L33H1,1.0,4,4,True,True,-0.0029042467940598726,-0.0029042467940598726,0.0,8.25,8.25,0.0,0.0036253360012371786,0.0036253360012371786,0.0,0.0015744634203825071,0.0015744634203825071,0.0,3.999600537628082,3.999600537628082,0.0,0.9996305299285464,0.9996305299285464,0.9993693678984625,0.9993693678984625,0.9974685303445767,0.9974685303445767,0.0,0.0,0.0,0.0,0.0,False,0,6.603210212594348e-05,6.603210212594348e-05,0.0,7.335503939299686e-07,7.335503939299686e-07,0.0,0.00026116203008383343,0.00026116203008383343,0.0,0.9996305299285464,0.9996305299285464,0.0,3.1191356451474545e-05,3.1191356451474545e-05,0.0,5.7698207814014895e-06,5.7698207814014895e-06,0.0,1.873186552897475e-06,1.873186552897475e-06,0.0,1.458839154235379e-06,1.458839154235379e-06,0.0,4.179644155358988e-07,4.179644155358988e-07,0.0,8.31221494128305e-07,8.31221494128305e-07,0.0
pccv3_n04_row_r05,4,row,5,33,1,L33H1,0.5,4,4,True,True,-0.0029042467940598726,-0.0026135831139981747,0.00029066368006169796,8.25,8.25,0.0,0.0036253360012371786,0.003472278279118388,-0.0001530577221187904,0.0015744634203825071,0.001507991296253635,-6.647212412887204e-05,3.999600537628082,3.999615202458728,1.4664830645827465e-05,0.9996305299285464,0.999645631701183,0.9993693678984625,0.9993844657256319,0.9974685303445767,0.9977434216077938,0.0002748912632171141,3.0406885235892503e-05,1.8330613777971613e-05,1.5203442617946252e-05,3.4330925245086675e-07,False,1,6.603210212594348e-05,5.827400595005239e-05,-7.758096175891086e-06,7.335503939299686e-07,8.312340516859617e-07,9.768365775599315e-08,0.00026116203008383343,0.0002611659755511652,3.945467331751412e-09,0.9996305299285464,0.999645631701183,1.51017726366387e-05,3.1191356451474545e-05,2.4292219815096257e-05,-6.8991366363782875e-06,5.7698207814014895e-06,5.420326897703288e-06,-3.4949388369820136e-07,1.873186552897475e-06,1.8732148517904968e-06,2.8298893021702165e-11,1.458839154235379e-06,1.2874404845076284e-06,-1.713986697277507e-07,4.179644155358988e-07,3.926471635158442e-07,-2.5317252020054566e-08,8.31221494128305e-07,8.312340516859617e-07,1.2557557656762858e-11
pccv3_n04_row_r05,4,row,5,33,1,L33H1,1.5,4,4,True,True,-0.0029042467940598726,-0.002622024854645133,0.0002822219394147396,8.25,8.25,0.0,0.0036253360012371786,0.0036600913501482635,3.475534891108495e-05,0.0015744634203825071,0.0015895574766312134,1.5094056248706215e-05,3.999600537628082,3.9996027524042295,2.2147761473689798e-06,0.9996305299285464,0.9996269640914145,0.9993693678984625,0.9993658029929361,0.9974685303445767,0.9977535870612257,0.00028505671664902366,8.305909562855585e-06,5.481653951044585e-06,4.152954781427792e-06,7.4413999151082e-08,False,1,6.603210212594348e-05,6.603186657919435e-05,-2.3554674912482955e-10,7.335503939299686e-07,6.473536413138338e-07,-8.619675261613482e-08,0.00026116203008383343,0.0002611610984783688,-9.316054646463234e-10,0.9996305299285464,0.9996269640914145,-3.565837131902505e-06,3.1191356451474545e-05,3.5344311232954935e-05,4.15295478148039e-06,5.7698207814014895e-06,5.769800199555927e-06,-2.0581845562510728e-11,1.873186552897475e-06,1.653075434097655e-06,-2.2011111879982008e-07,1.458839154235379e-06,1.3704476694156614e-06,-8.839148481971772e-08,4.179644155358988e-07,3.6885098634764493e-07,-4.911342918825386e-08,8.31221494128305e-07,6.891043641388755e-07,-1.4211712998942942e-07
pccv3_n05_dense_r00,5,dense,0,33,1,L33H1,1.0,4,4,False,False,-6.880526542663574,-6.880526542663574,0.0,-6.875,-6.875,0.0,0.010160967936525605,0.010160967936525605,0.0,0.0044128523056289415,0.0044128523056289415,0.0,4.000558959254625,4.000558959254625,0.0,0.9987695426719518,0.9987695426719518,0.9977375164619557,0.9977375164619557,0.9957140189149527,0.9957140189149527,0.0,0.0,0.0,0.0,0.0,False,0,0.00015826634521705035,0.00015826634521705035,0.0,1.871573167048421e-06,1.871573167048421e-06,0.0,2.583627062917247e-05,2.583627062917247e-05,0.0,0.9987695426719518,0.9987695426719518,0.0,0.001032026209996108,0.001032026209996108,0.0,8.928776210518099e-06,8.928776210518099e-06,0.0,1.9922792657823938e-06,1.9922792657823938e-06,0.0,6.467983793031355e-07,6.467983793031355e-07,0.0,4.445375916344216e-07,4.445375916344216e-07,0.0,4.445375916344216e-07,4.445375916344216e-07,0.0
pccv3_n05_dense_r00,5,dense,0,33,1,L33H1,0.5,4,4,False,False,-6.880526542663574,-7.3804121017456055,-0.49988555908203125,-6.875,-7.375,-0.5,0.010160967936525605,0.007270958212560005,-0.0028900097239656,0.0044128523056289415,0.003157737029863941,-0.0012551152757650005,4.000558959254625,4.000147485130478,-0.0004114741241467712,0.9987695426719518,0.9991758037773928,0.9977375164619557,0.9985495936247218,0.9957140189149527,0.995422686542895,-0.00029133237205769547,0.0008164194883397301,0.0005742328103940002,0.00040820974416986503,2.5212624020336677e-05,False,1,0.00015826634521705035,0.0001583307218901615,6.437667311116392e-08,1.871573167048421e-06,1.8723344511597934e-06,7.612841113723526e-10,2.583627062917247e-05,2.7513753912209082e-05,1.6774832830366105e-06,0.9987695426719518,0.9991758037773928,0.0004062611054409526,0.001032026209996108,0.0006262101526709892,-0.00040581605732511886,8.928776210518099e-06,6.5350893656187675e-06,-2.393686844899331e-06,1.9922792657823938e-06,1.993089648500612e-06,8.103827182181102e-10,6.467983793031355e-07,7.332167060949913e-07,8.641832679185586e-08,4.445375916344216e-07,5.039319811295188e-07,5.9394389495097154e-08,4.445375916344216e-07,5.039319811295188e-07,5.9394389495097154e-08
pccv3_n05_dense_r00,5,dense,0,33,1,L33H1,1.5,4,4,False,False,-6.880526542663574,-6.0075459480285645,0.8729805946350098,-6.875,-6.0,0.875,0.010160967936525605,0.019671091801142158,0.009510123864616552,0.0044128523056289415,0.008543046622248338,0.004130194316619397,4.000558959254625,4.001947178583872,0.0013882193292467093,0.9987695426719518,0.9972951558126173,0.9977375164619557,0.9948231082743679,0.9957140189149527,0.995174155305051,-0.0005398636099016585,0.0029487763435804273,0.0020610673855527553,0.0014743881717902137,0.00015373747077853062,False,1,0.00015826634521705035,0.00017907452304790166,2.0808177830851317e-05,1.871573167048421e-06,2.1176395510922574e-06,2.460663840438364e-07,2.583627062917247e-05,3.111848604154149e-05,5.282215412369018e-06,0.9987695426719518,0.9972951558126173,-0.0014743868593345422,0.001032026209996108,0.0024720475382493403,0.0014400213282532322,8.928776210518099e-06,1.6656525291943757e-05,7.727749081425658e-06,1.9922792657823938e-06,2.2542155681230113e-06,2.619363023406175e-07,6.467983793031355e-07,6.874969052377295e-07,4.069852593459406e-08,4.445375916344216e-07,4.438813637904762e-07,-6.562278439454383e-10,4.445375916344216e-07,4.438813637904762e-07,-6.562278439454383e-10
pccv3_n05_dense_r01,5,dense,1,33,1,L33H1,1.0,5,5,True,True,-0.0073004853911697865,-0.0073004853911697865,0.0,5.75,5.75,0.0,0.03124815447150859,0.03124815447150859,0.0,0.013570901056636603,0.013570901056636603,0.0,4.993943326647977,4.993943326647977,0.0,0.9956702270982198,0.9956702270982198,0.9925012270197552,0.9925012270197552,0.9970430577301386,0.9970430577301386,0.0,0.0,0.0,0.0,0.0,False,0,0.0008012486989442077,0.0008012486989442077,0.0,1.07367387075365e-05,1.07367387075365e-05,0.0,5.071676250960034e-06,5.071676250960034e-06,0.0,0.0031690000784646336,0.0031690000784646336,0.0,0.9956702270982198,0.9956702270982198,0.0,0.0003340101509066596,0.0003340101509066596,0.0,6.512161211444281e-06,6.512161211444281e-06,0.0,1.1316439340977006e-06,1.1316439340977006e-06,0.0,1.063081094145012e-06,1.063081094145012e-06,0.0,9.986722666698667e-07,9.986722666698667e-07,0.0
pccv3_n05_dense_r01,5,dense,1,33,1,L33H1,0.5,5,5,True,True,-0.0073004853911697865,-0.011230941861867905,-0.003930456470698118,5.75,5.125,-0.625,0.03124815447150859,0.046500416703139126,0.015252262231630537,0.013570901056636603,0.020194874380375122,0.006623973323738519,4.993943326647977,4.990750083996985,-0.0031932426509921896,0.9956702270982198,0.992866626257047,0.9925012270197552,0.9869628254913355,0.9970430577301386,0.9959362632035891,-0.0011067945265494927,0.005687356119453373,0.003918133187121945,0.0028436780597266864,0.00021265601259562374,False,1,0.0008012486989442077,0.0009053771706847573,0.00010412847174054961,1.07367387075365e-05,1.2914511738515321e-05,2.1777730309788215e-06,5.071676250960034e-06,5.730779844976704e-06,6.591035940166699e-07,0.0031690000784646336,0.005903800765711545,0.0027348006872469116,0.9956702270982198,0.992866626257047,-0.0028036008411728153,0.0003340101509066596,0.00029393293235272823,-4.007721855393137e-05,6.512161211444281e-06,7.358466978391923e-06,8.463057669476425e-07,1.1316439340977006e-06,1.4489680596498976e-06,3.1732412555219694e-07,1.063081094145012e-06,1.4489680596498976e-06,3.8588696550488545e-07,9.986722666698667e-07,1.3611795228346091e-06,3.625072561647424e-07
pccv3_n05_dense_r01,5,dense,1,33,1,L33H1,1.5,5,5,True,True,-0.0073004853911697865,-0.00651201605796814,0.0007884693332016468,5.75,6.0,0.25,0.03124815447150859,0.028315995414345124,-0.002932159057163465,0.013570901056636603,0.01229748055804787,-0.0012734204985887336,4.993943326647977,4.994794494689997,0.0008511680420202339,0.9956702270982198,0.9962184875768766,0.9925012270197552,0.9937491088323601,0.9970430577301386,0.9972803420080822,0.00023728427794367235,0.0014018892444769906,0.0009017966148279184,0.0007009446222384953,2.8914550166230534e-05,False,1,0.0008012486989442077,0.0008016899022495295,4.412033053218011e-07,1.07367387075365e-05,1.0091786523840085e-05,-6.449521836964149e-07,5.071676250960034e-06,4.767022411264569e-06,-3.0465383969546463e-07,0.0031690000784646336,0.0024693787445164506,-0.000699621333948183,0.9956702270982198,0.9962184875768766,0.000548260478656748,0.0003340101509066596,0.00048624950529636374,0.00015223935438970414,6.512161211444281e-06,6.515747098142211e-06,3.5858866979298433e-09,1.1316439340977006e-06,9.992221802055375e-07,-1.324217538921631e-07,1.063081094145012e-06,9.386823687380428e-07,-1.2439872540696932e-07,9.986722666698667e-07,8.818104790252133e-07,-1.1686178764465346e-07
pccv3_n05_dense_r02,5,dense,2,33,1,L33H1,1.0,5,5,True,True,-0.07310130447149277,-0.07310130447149277,0.0,2.75,2.75,0.0,0.23920509693168318,0.23920509693168318,0.0,0.10388545364056247,0.10388545364056247,0.0,4.9358880969007535,4.9358880969007535,0.0,0.9385141075551127,0.9385141075551127,0.8785169079467924,0.8785169079467924,0.9904024362012933,0.9904024362012933,0.0,0.0,0.0,0.0,0.0,False,0,0.0010988870423612978,0.0010988870423612978,0.0,1.8907395974478938e-05,1.8907395974478938e-05,0.0,2.7510098815653596e-05,2.7510098815653596e-05,0.0,0.05999719960832026,0.05999719960832026,0.0,0.9385141075551127,0.9385141075551127,0.0,0.00031483640884401873,0.00031483640884401873,0.0,1.776185476221244e-05,1.776185476221244e-05,0.0,4.218810291775263e-06,4.218810291775263e-06,0.0,3.2856127588642767e-06,3.2856127588642767e-06,0.0,3.2856127588642767e-06,3.2856127588642767e-06,0.0
pccv3_n05_dense_r02,5,dense,2,33,1,L33H1,0.5,5,5,True,True,-0.07310130447149277,-0.10209979861974716,-0.028998494148254395,2.75,2.375,-0.375,0.23920509693168318,0.304342195666545,0.06513709873486184,0.10388545364056247,0.13217413618830026,0.028288682547737795,4.9358880969007535,4.909778393766635,-0.026109703134118867,0.9385141075551127,0.9133343253986173,0.8785169079467924,0.828380999643099,0.9904024362012933,0.9886187452511876,-0.0017836909501056653,0.05048122544203343,0.03545290681152835,0.025240612721016714,0.0011745724475660851,False,1,0.0010988870423612978,0.0013731426210960127,0.0002742555787347148,1.8907395974478938e-05,2.0850069381693176e-05,1.9426734072142373e-06,2.7510098815653596e-05,3.03366719445574e-05,2.8265731289038054e-06,0.05999719960832026,0.0849533257555183,0.024956126147198034,0.9385141075551127,0.9133343253986173,-0.02517978215649541,0.00031483640884401873,0.0002540058443227255,-6.083056452129321e-05,1.776185476221244e-05,2.0850069381693176e-05,3.0882146194807345e-06,4.218810291775263e-06,4.952325557736895e-06,7.335152659616319e-07,3.2856127588642767e-06,4.105622090072878e-06,8.200093312086016e-07,3.2856127588642767e-06,4.105622090072878e-06,8.200093312086016e-07
pccv3_n05_dense_r02,5,dense,2,33,1,L33H1,1.5,5,5,True,True,-0.07310130447149277,-0.0474090613424778,0.02569224312901497,2.75,3.25,0.5,0.23920509693168318,0.17067734398401935,-0.06852775294766383,0.10388545364056247,0.07412422867816278,-0.02976122496239969,4.9358880969007535,4.9590487189879475,0.02316062208719405,0.9385141075551127,0.961345678942899,0.8785169079467924,0.9240702617894392,0.9904024362012933,0.9920439898717177,0.0016415536704244005,0.04567846105344634,0.03221135340944014,0.02283923052672317,0.0014094547203419758,False,1,0.0010988870423612978,0.000993356219975807,-0.00010553082238549082,1.8907395974478938e-05,1.6056107885699865e-05,-2.851288088779073e-06,2.7510098815653596e-05,2.1946097445754363e-05,-5.564001369899233e-06,0.05999719960832026,0.03727541715345987,-0.022721782454860395,0.9385141075551127,0.961345678942899,0.022831571387786354,0.00031483640884401873,0.00032249554778090935,7.659138936890613e-06,1.776185476221244e-05,1.6056107885699865e-05,-1.7057468765125759e-06,4.218810291775263e-06,3.582601923896678e-06,-6.362083678785853e-07,3.2856127588642767e-06,2.7901331837638547e-06,-4.95479575100422e-07,3.2856127588642767e-06,2.621087559817117e-06,-6.645251990471596e-07
pccv3_n05_dense_r03,5,dense,3,33,1,L33H1,1.0,5,5,True,True,-0.0866413339972496,-0.0866413339972496,0.0,2.5,2.5,0.0,0.2750098825724601,0.2750098825724601,0.0,0.11943527447008068,0.11943527447008068,0.0,4.922020047678953,4.922020047678953,0.0,0.9234472212858852,0.9234472212858852,0.8476460573973901,0.8476460573973901,0.9930247616986208,0.9930247616986208,0.0,0.0,0.0,0.0,0.0,False,0,0.0005787490281879051,0.0005787490281879051,0.0,5.673855824671345e-06,5.673855824671345e-06,0.0,1.0600158207495509e-05,1.0600158207495509e-05,0.0,0.07580116388849506,0.07580116388849506,0.0,0.9234472212858852,0.9234472212858852,0.0,0.00014633067035941974,0.00014633067035941974,0.0,6.429320950650537e-06,6.429320950650537e-06,0.0,1.4345754133643094e-06,1.4345754133643094e-06,0.0,1.0495577933199178e-06,1.0495577933199178e-06,0.0,1.347658882905474e-06,1.347658882905474e-06,0.0
pccv3_n05_dense_r03,5,dense,3,33,1,L33H1,0.5,5,5,True,True,-0.0866413339972496,-0.15234319865703583,-0.06570186465978622,2.5,1.875,-0.625,0.2750098825724601,0.3996994308548117,0.12468954828235157,0.11943527447008068,0.17358725724011506,0.054151982770034385,4.922020047678953,4.864112103680224,-0.05790794399872912,0.9234472212858852,0.8662159110493279,0.8476460573973901,0.7333773987298088,0.9930247616986208,0.9913158343093755,-0.0017089273892452184,0.11451301572640307,0.08080053970824776,0.057256507863201536,0.004414911590108798,False,1,0.0005787490281879051,0.0007898866675622572,0.0002111376393743521,5.673855824671345e-06,7.274604711467816e-06,1.6007488867964713e-06,1.0600158207495509e-05,1.3590750844117148e-05,2.9905926366216398e-06,0.07580116388849506,0.13283851231951918,0.05703734843102412,0.9234472212858852,0.8662159110493279,-0.05723131023655725,0.00014633067035941974,0.00012113304371526098,-2.519762664415876e-05,6.429320950650537e-06,8.243207075472403e-06,1.8138861248218657e-06,1.4345754133643094e-06,2.0842091450972685e-06,6.496337317329592e-07,1.0495577933199178e-06,1.5248399845466808e-06,4.75282191226763e-07,1.347658882905474e-06,1.8393081148868273e-06,4.916492319813534e-07
pccv3_n05_dense_r03,5,dense,3,33,1,L33H1,1.5,5,5,True,True,-0.0866413339972496,-0.048673514276742935,0.03796781972050667,2.5,3.125,0.625,0.2750098825724601,0.18039467907735723,-0.09461520349510288,0.11943527447008068,0.07834441368800424,-0.04109086078207644,4.922020047678953,4.956236268652404,0.034216220973450895,0.9234472212858852,0.9572801980359921,0.8476460573973901,0.9152202415158823,0.9930247616986208,0.9949981829947774,0.00197342129615663,0.0677170710175137,0.04778234492654089,0.03385853550875685,0.002604816307274279,False,1,0.0005787490281879051,0.0004672439113805205,-0.00011150511680738459,5.673855824671345e-06,4.303167655207299e-06,-1.3706881694640453e-06,1.0600158207495509e-05,8.039375575994132e-06,-2.560782631501377e-06,0.07580116388849506,0.042059956520109694,-0.033741207368385366,0.9234472212858852,0.9572801980359921,0.03383297675010688,0.00014633067035941974,0.0001718894290094248,2.5558758650005056e-05,6.429320950650537e-06,5.525376641554764e-06,-9.039443090957728e-07,1.4345754133643094e-06,1.0880111706226722e-06,-3.4656424274163715e-07,1.0495577933199178e-06,7.960059768960783e-07,-2.535518164238394e-07,1.347658882905474e-06,9.601664880519478e-07,-3.8749239485352613e-07
pccv3_n05_dense_r04,5,dense,4,33,1,L33H1,1.0,5,5,True,True,-0.23740805685520172,-0.23740805685520172,0.0,1.375,1.375,0.0,0.5131255114610781,0.5131255114610781,0.0,0.22284757815133,0.22284757815133,0.0,4.795002227609469,4.795002227609469,0.0,0.7971566410439982,0.7971566410439982,0.5956038781293643,0.5956038781293643,0.989353109900776,0.989353109900776,0.0,0.0,0.0,0.0,0.0,False,0,0.000933374465576763,0.000933374465576763,0.0,1.1037587316405881e-05,1.1037587316405881e-05,0.0,2.062092788368046e-05,2.062092788368046e-05,0.0,0.20155276291463387,0.20155276291463387,0.0,0.7971566410439982,0.7971566410439982,0.0,0.00030302232321877717,0.00030302232321877717,0.0,1.5086593123082223e-05,1.5086593123082223e-05,0.0,2.7907391157396596e-06,2.7907391157396596e-06,0.0,2.041748353387866e-06,2.041748353387866e-06,0.0,2.6216567802303647e-06,2.6216567802303647e-06,0.0
pccv3_n05_dense_r04,5,dense,4,33,1,L33H1,0.5,5,5,True,True,-0.23740805685520172,-0.48881423473358154,-0.2514061778783798,1.375,0.5,-0.875,0.5131255114610781,0.6730405409762165,0.15991502951513836,0.22284757815133,0.29229779304315023,0.06945021489182024,4.795002227609469,4.618917398399103,-0.1760848292103665,0.7971566410439982,0.6216299086888675,0.5956038781293643,0.2445923100747046,0.989353109900776,0.9866855662339731,-0.002667543666802885,0.35124244215119577,0.24820271166169083,0.17562122107559788,0.018967344344376615,False,1,0.000933374465576763,0.0010590210181053012,0.0001256465525285382,1.1037587316405881e-05,1.3331107213636801e-05,2.2935198972309196e-06,2.062092788368046e-05,2.490578715997249e-05,4.284859276292032e-06,0.20155276291463387,0.37703759861416286,0.175484835699529,0.7971566410439982,0.6216299086888675,-0.17552673235513072,0.00030302232321877717,0.00020853360275156598,-9.44887204672112e-05,1.5086593123082223e-05,1.711748049489895e-05,2.0308873718167273e-06,2.7907391157396596e-06,3.5880188310676292e-06,7.972797153279696e-07,2.041748353387866e-06,2.625050653763938e-06,5.833023003760719e-07,2.6216567802303647e-06,3.3706317595256687e-06,7.48974979295304e-07
pccv3_n05_dense_r04,5,dense,4,33,1,L33H1,1.5,5,5,True,True,-0.23740805685520172,-0.09638586640357971,0.141022190451622,1.375,2.375,1.0,0.5131255114610781,0.29974043902797465,-0.21338507243310345,0.22284757815133,0.13017561867310748,-0.09267195947822252,4.795002227609469,4.912727286266053,0.11772505865658367,0.7971566410439982,0.913955740327259,0.5956038781293643,0.8289446139795652,0.989353109900776,0.9936077850851461,0.004254675184370171,0.23368699600630305,0.16499716825416574,0.11684349800315152,0.014208523348443058,False,1,0.000933374465576763,0.0006490679593160506,-0.0002843065062607124,1.1037587316405881e-05,8.17055979687681e-06,-2.8670275195290714e-06,2.062092788368046e-05,1.3470975730638113e-05,-7.149952153042346e-06,0.20155276291463387,0.08501112634769378,-0.11654163656694008,0.7971566410439982,0.913955740327259,0.11679909928326082,0.00030302232321877717,0.0003474210431094151,4.439871989063795e-05,1.5086593123082223e-05,1.0491206447756854e-05,-4.595386675325369e-06,2.7907391157396596e-06,1.8230983159794448e-06,-9.676407997602148e-07,2.041748353387866e-06,1.1770807412453e-06,-8.64667612142566e-07,2.6216567802303647e-06,1.511401589252612e-06,-1.1102551909777529e-06
pccv3_n05_dense_r05,5,dense,5,33,1,L33H1,1.0,4,4,False,False,-4.270838260650635,-4.270838260650635,0.0,-4.25,-4.25,0.0,0.07772841871214588,0.07772841871214588,0.0,0.03375702333375041,0.03375702333375041,0.0,4.01316290826088,4.01316290826088,0.0,0.9855392315201792,0.9855392315201792,0.97148126939528,0.97148126939528,0.993747502322492,0.993747502322492,0.0,0.0,0.0,0.0,0.0,False,0,0.00033061158050678134,0.00033061158050678134,0.0,3.909635759537967e-06,3.909635759537967e-06,0.0,1.5462909387646528e-05,1.5462909387646528e-05,0.0,0.9855392315201792,0.9855392315201792,0.0,0.014057962124899208,0.014057962124899208,0.0,4.474341188918944e-05,4.474341188918944e-05,0.0,4.715920917372667e-06,4.715920917372667e-06,0.0,1.4382746184027147e-06,1.4382746184027147e-06,0.0,8.723576531477347e-07,8.723576531477347e-07,0.0,1.0522641895406934e-06,1.0522641895406934e-06,0.0
pccv3_n05_dense_r05,5,dense,5,33,1,L33H1,0.5,4,4,False,False,-4.270838260650635,-4.889239311218262,-0.618401050567627,-4.25,-4.875,-0.625,0.07772841871214588,0.04822552327994296,-0.02950289543220292,0.03375702333375041,0.020944078647376033,-0.01281294468637438,4.01316290826088,4.006647906377609,-0.006515001883271587,0.9855392315201792,0.9920349342195863,0.97148126939528,0.9844606540284192,0.993747502322492,0.993776918489857,2.9416167365070578e-05,0.012996624205065607,0.009177825484285706,0.0064983121025328034,0.0004993545330175557,False,1,0.00033061158050678134,0.0003327906460043979,2.1790654976165474e-06,3.909635759537967e-06,3.935404222877328e-06,2.576846333936066e-08,1.5462909387646528e-05,1.4621800523986105e-05,-8.411088636604222e-07,0.9855392315201792,0.9920349342195863,0.006495702699407135,0.014057962124899208,0.007574280191167086,-0.006483681933732122,4.474341188918944e-05,3.0954351952185795e-05,-1.3789059937003643e-05,4.715920917372667e-06,4.7470036173337e-06,3.108269996103303e-08,1.4382746184027147e-06,1.541126436926397e-06,1.0285181852368238e-07,8.723576531477347e-07,9.95026013040596e-07,1.2266835989286124e-07,1.0522641895406934e-06,1.2002304758903221e-06,1.4796628634962873e-07
pccv3_n05_dense_r05,5,dense,5,33,1,L33H1,1.5,4,4,False,False,-4.270838260650635,-3.537139892578125,0.7336983680725098,-4.25,-3.5,0.75,0.07772841871214588,0.13715503099321952,0.05942661228107364,0.03375702333375041,0.05956567312562471,0.025808649791874298,4.01316290826088,4.028206481083292,0.015043572822412088,0.9855392315201792,0.9701761751656508,0.97148126939528,0.9408793932169752,0.993747502322492,0.9931611938750962,-0.0005863084473958224,0.03072611270905669,0.021639173153018096,0.015363056354528346,0.001403126807098768,False,1,0.00033061158050678134,0.00041789615049685566,8.728456999007432e-05,3.909635759537967e-06,4.941816409610778e-06,1.032180650072811e-06,1.5462909387646528e-05,1.7248634102354342e-05,1.7857247147078148e-06,0.9855392315201792,0.9701761751656508,-0.015363056354528393,0.014057962124899208,0.029296781948675594,0.015238819823776386,4.474341188918944e-05,7.730301493478187e-05,3.255960304559244e-05,4.715920917372667e-06,5.960968440357505e-06,1.2450475229848377e-06,1.4382746184027147e-06,1.6043728906121204e-06,1.6609827220940567e-07,8.723576531477347e-07,9.141441175346901e-07,4.1786464386955345e-08,1.0522641895406934e-06,1.1737842814301281e-06,1.2152009188943473e-07
pccv3_n05_distractors_r00,5,distractors,0,33,1,L33H1,1.0,6,6,False,False,-0.9338549971580505,-0.9338549971580505,0.0,-0.25,-0.25,0.0,0.7236498411034629,0.7236498411034629,0.0,0.3142771328213989,0.3142771328213989,0.0,5.559404465371212,5.559404465371212,0.0,0.5589032730925964,0.5589032730925964,0.12362896634691106,0.12362896634691106,0.9029608263679165,0.9029608263679165,0.0,0.0,0.0,0.0,0.0,False,0,0.0013853827047242255,0.0013853827047242255,0.0,3.060709061476564e-05,3.060709061476564e-05,0.0,3.930028228022391e-05,3.930028228022391e-05,0.0,0.0008944703018438836,0.0008944703018438836,0.0,0.4352743067456853,0.4352743067456853,0.0,0.5589032730925964,0.5589032730925964,0.0,0.0033233603430522594,0.0033233603430522594,0.0,0.00013717146348304194,0.00013717146348304194,0.0,1.125971939124368e-05,1.125971939124368e-05,0.0,8.682563286194082e-07,8.682563286194082e-07,0.0
pccv3_n05_distractors_r00,5,distractors,0,33,1,L33H1,0.5,6,5,False,True,-0.9338549971580505,-0.7452571392059326,0.18859785795211792,-0.25,0.125,0.375,0.7236498411034629,0.7217330261041822,-0.0019168149992806471,0.3142771328213989,0.3134446706443819,-0.0008324621770169904,5.559404465371212,5.463510776786551,-0.09589368858466063,0.5589032730925964,0.5288783297951859,0.12362896634691106,0.06214484190682018,0.9029608263679165,0.8973940000947778,-0.0055668262731387586,0.18753805610820246,0.13137483060617686,0.09376902805410123,0.004471716741458021,True,1,0.0013853827047242255,0.0014855103823390677,0.00010012767761484226,3.060709061476564e-05,3.08307843899539e-05,2.236937751882599e-07,3.930028228022391e-05,3.7189024744538564e-05,-2.111257535685344e-06,0.0008944703018438836,0.0009591175893505535,6.464728750666987e-05,0.4352743067456853,0.5288783297951859,0.0936040230495006,0.5589032730925964,0.4667334878883657,-0.09216978520423064,0.0033233603430522594,0.00179186755900631,-0.0015314927840459494,0.00013717146348304194,7.395920696668687e-05,-6.321225651635506e-05,1.125971939124368e-05,8.833167618684061e-06,-2.426551772559619e-06,8.682563286194082e-07,8.74602032574892e-07,6.345703955483794e-09
pccv3_n05_distractors_r00,5,distractors,0,33,1,L33H1,1.5,6,6,False,False,-0.9338549971580505,-1.163720726966858,-0.22986572980880737,-0.25,-0.625,-0.375,0.7236498411034629,0.6988657964307531,-0.024784044672709782,0.3142771328213989,0.30351355898079735,-0.010763573840601559,5.559404465371212,5.653273422017399,0.09386895664618766,0.5589032730925964,0.64566384666267,0.12362896634691106,0.30006489375494294,0.9029608263679165,0.9037120609125395,0.0007512345446230029,0.17982121815285165,0.12481246949684195,0.08991060907642583,0.00439731415585482,False,1,0.0013853827047242255,0.0012464244434026448,-0.0001389582613215807,3.060709061476564e-05,2.586871403241663e-05,-4.738376582349008e-06,3.930028228022391e-05,3.763875682437959e-05,-1.6615254558443188e-06,0.0008944703018438836,0.0008047521051866229,-8.97181966572607e-05,0.4352743067456853,0.345598952907727,-0.08967535383795827,0.5589032730925964,0.64566384666267,0.0867605735700736,0.0033233603430522594,0.0063298656217825764,0.003006505278730317,0.00013717146348304194,0.0002781148856693496,0.00014094342218630765,1.125971939124368e-05,1.3846524826940573e-05,2.586805435696893e-06,8.682563286194082e-07,6.893778782162158e-07,-1.788784504031924e-07
pccv3_n05_distractors_r01,5,distractors,1,33,1,L33H1,1.0,7,7,False,False,-7.033783435821533,-7.033783435821533,0.0,-6.375,-6.375,0.0,0.7697772881904542,0.7697772881904542,0.0,0.33431002855556347,0.33431002855556347,0.0,6.57435067168815,6.57435067168815,0.0,0.5525184156431681,0.5525184156431681,0.12221664087889683,0.12221664087889683,0.9365851805696366,0.9365851805696366,0.0,0.0,0.0,0.0,0.0,False,0,0.0013695562254237507,0.0013695562254237507,0.0,1.7240168574645173e-05,1.7240168574645173e-05,0.0,1.1131089435588108e-05,1.1131089435588108e-05,0.0,1.5214395367160645e-05,1.5214395367160645e-05,0.0,0.0009412813104351757,0.0009412813104351757,0.0,0.4303017747642712,0.4303017747642712,0.0,0.5525184156431681,0.5525184156431681,0.0,0.014724117038603702,0.014724117038603702,0.0,9.921032021444302e-05,9.921032021444302e-05,0.0,2.059044506288494e-06,2.059044506288494e-06,0.0
pccv3_n05_distractors_r01,5,distractors,1,33,1,L33H1,0.5,7,6,False,False,-7.033783435821533,-6.582580089569092,0.4512033462524414,-6.375,-6.125,0.25,0.7697772881904542,0.6799642377071008,-0.08981305048335342,0.33431002855556347,0.2953047163277449,-0.039005312227818556,6.57435067168815,6.32175760875348,-0.25259306293467,0.5525184156431681,0.6732702951920234,0.12221664087889683,0.35523992678924193,0.9365851805696366,0.9399096919303247,0.0033245113606881205,0.48700056189134805,0.33778370430307014,0.24350028094567402,0.0304994039087974,True,1,0.0013695562254237507,0.0012997174261526925,-6.983879927105821e-05,1.7240168574645173e-05,1.63610278353803e-05,-8.791407392648734e-07,1.1131089435588108e-05,1.1244759021257546e-05,1.1366958566943763e-07,1.5214395367160645e-05,1.5369763269611138e-05,1.5536790245049284e-07,0.0009412813104351757,0.0014727727908689205,0.0005314914804337448,0.4303017747642712,0.6732702951920234,0.2429685204277522,0.5525184156431681,0.3180303684027815,-0.23448804724038658,0.014724117038603702,0.005824929383316442,-0.00889918765528726,9.921032021444302e-05,5.710559828205678e-05,-4.210472193238624e-05,2.059044506288494e-06,1.8356564488464598e-06,-2.2338805744203413e-07
pccv3_n05_distractors_r01,5,distractors,1,33,1,L33H1,1.5,7,7,False,False,-7.033783435821533,-7.605469226837158,-0.571685791015625,-6.375,-7.25,-0.875,0.7697772881904542,0.6728490337486772,-0.096928254441777,0.33431002855556347,0.29221462251098534,-0.04209540604457812,6.57435067168815,6.809437452448394,0.23508678076024392,0.5525184156431681,0.7501296740814964,0.12221664087889683,0.5352139241899767,0.9365851805696366,0.9342977566637956,-0.002287423905841024,0.4317794183947581,0.29287201203599544,0.21588970919737904,0.027668064871957374,False,1,0.0013695562254237507,0.0012779357621841704,-9.162046323958031e-05,1.7240168574645173e-05,1.712434900882547e-05,-1.1581956581970464e-07,1.1131089435588108e-05,9.757159949926757e-06,-1.3739294856613513e-06,1.5214395367160645e-05,1.3336456417661312e-05,-1.8779389494993327e-06,0.0009412813104351757,0.0005327228828434872,-0.00040855842759168846,0.4303017747642712,0.21491574989151974,-0.2153860248727515,0.5525184156431681,0.7501296740814964,0.19761125843832839,0.014724117038603702,0.03295839769906695,0.01823428066046325,9.921032021444302e-05,0.0001433804188018094,4.417009858736637e-05,2.059044506288494e-06,1.921298710975348e-06,-1.3774579531314572e-07
pccv3_n05_distractors_r02,5,distractors,2,33,1,L33H1,1.0,6,6,False,False,-2.1953954696655273,-2.1953954696655273,0.0,-2.0,-2.0,0.0,0.45898978920656286,0.45898978920656286,0.0,0.19933673270234697,0.19933673270234697,0.0,5.89720175603567,5.89720175603567,0.0,0.8639138868507708,0.8639138868507708,0.7469958562817787,0.7469958562817787,0.952073371485767,0.952073371485767,0.0,0.0,0.0,0.0,0.0,False,0,0.0007877874932113228,0.0007877874932113228,0.0,2.0993825586952027e-05,2.0993825586952027e-05,0.0,1.5359410910794008e-05,1.5359410910794008e-05,0.0,0.00014572603332369647,0.00014572603332369647,0.0,0.11691803056899204,0.11691803056899204,0.0,0.8639138868507708,0.8639138868507708,0.0,0.017929960701482107,0.017929960701482107,0.0,0.00025575715342510515,0.00025575715342510515,0.0,1.123718507375047e-05,1.123718507375047e-05,0.0,1.2607772234764223e-06,1.2607772234764223e-06,0.0
pccv3_n05_distractors_r02,5,distractors,2,33,1,L33H1,0.5,6,6,False,False,-2.1953954696655273,-1.8617323637008667,0.33366310596466064,-2.0,-1.625,0.375,0.45898978920656286,0.4995636854139059,0.04057389620734303,0.19933673270234697,0.2169577519345113,0.01762101923216433,5.89720175603567,5.841150403748338,-0.05605135228733271,0.8639138868507708,0.827805104845653,0.7469958562817787,0.664800614907912,0.952073371485767,0.9533674523477202,0.0012940808619532618,0.09220077298021864,0.05936455220961657,0.04610038649010932,0.0030600655866520558,False,1,0.0007877874932113228,0.0007548605461027164,-3.292694710860635e-05,2.0993825586952027e-05,2.0116352168465747e-05,-8.774734184862795e-07,1.5359410910794008e-05,1.6677041699229542e-05,1.3176307884355344e-06,0.00014572603332369647,0.0001582273661742256,1.2501332850529143e-05,0.11691803056899204,0.16300448993774103,0.046086459368748986,0.8639138868507708,0.827805104845653,-0.0361087820051178,0.017929960701482107,0.008115515684799101,-0.009814445016683005,0.00025575715342510515,0.00011576161402012667,-0.0001399955394049785,1.123718507375047e-05,7.877676697383213e-06,-3.359508376367256e-06,1.2607772234764223e-06,1.3689349449319597e-06,1.0815772145553742e-07
pccv3_n05_distractors_r02,5,distractors,2,33,1,L33H1,1.5,6,6,False,False,-2.1953954696655273,-2.670017719268799,-0.4746222496032715,-2.0,-2.5,-0.5,0.45898978920656286,0.4500739661020045,-0.008915823104558351,0.19933673270234697,0.19546463992641175,-0.0038720927759352264,5.89720175603567,5.968419340190444,0.0712175841547733,0.8639138868507708,0.8820730560203096,0.7469958562817787,0.8096680904307043,0.952073371485767,0.956439971923146,0.00436660043737902,0.08907430786145551,0.05464953846687434,0.044537153930727755,0.0055454333511562315,False,1,0.0007877874932113228,0.0008043465120864789,1.655901887515608e-05,2.0993825586952027e-05,2.1435108492750608e-05,4.4128290579858144e-07,1.5359410910794008e-05,1.3839546212166425e-05,-1.519864698627583e-06,0.00014572603332369647,0.00012335053269285583,-2.2375500630840645e-05,0.11691803056899204,0.07240496558960532,-0.044513064979386716,0.8639138868507708,0.8820730560203096,0.018159169169538858,0.017929960701482107,0.043915831545533836,0.02598587084405173,0.00025575715342510515,0.0006264256934737028,0.0003706685400485977,1.123718507375047e-05,1.568226038146324e-05,4.445075307712771e-06,1.2607772234764223e-06,1.0671912120011556e-06,-1.935860114752667e-07
pccv3_n05_distractors_r03,5,distractors,3,33,1,L33H1,1.0,5,5,True,True,-0.7931593060493469,-0.7931593060493469,0.0,0.0,0.0,0.0,0.7269866178003183,0.7269866178003183,0.0,0.3157262765281865,0.3157262765281865,0.0,5.500014668634998,5.500014668634998,0.0,0.49741894569887896,0.49741894569887896,0.0,0.0,0.909521511227581,0.909521511227581,0.0,0.0,0.0,0.0,0.0,False,0,0.0008474127626998558,0.0008474127626998558,0.0,1.6521918595459094e-05,1.6521918595459094e-05,0.0,2.5589648112213747e-05,2.5589648112213747e-05,0.0,0.0008474127626998558,0.0008474127626998558,0.0,0.49741894569887896,0.49741894569887896,0.0,0.49741894569887896,0.49741894569887896,0.0,0.003351582492460018,0.003351582492460018,0.0,6.53454556548889e-05,6.53454556548889e-05,0.0,6.887360354666983e-06,6.887360354666983e-06,0.0,1.3562016651724278e-06,1.3562016651724278e-06,0.0
pccv3_n05_distractors_r03,5,distractors,3,33,1,L33H1,0.5,5,5,True,True,-0.7931593060493469,-0.6183258891105652,0.17483341693878174,0.0,0.375,0.375,0.7269866178003183,0.7034744823083245,-0.023512135491993713,0.3157262765281865,0.3055150858262521,-0.010211190701934436,5.500014668634998,5.40581883111164,-0.09419583752335825,0.49741894569887896,0.5903232816128154,0.0,0.1846004191396235,0.909521511227581,0.9127977585632152,0.0032762473356342525,0.1859014338721125,0.13054073721882092,0.09295071693605625,0.004387532516442586,False,1,0.0008474127626998558,0.0008337433329677178,-1.3669429732138011e-05,1.6521918595459094e-05,1.9607763813876765e-05,3.0858452184176708e-06,2.5589648112213747e-05,2.8529128009052137e-05,2.93947989683839e-06,0.0008474127626998558,0.0008875151581038435,4.010239540398763e-05,0.49741894569887896,0.5903232816128154,0.09290433591393649,0.49741894569887896,0.40572286247319195,-0.09169608322568701,0.003351582492460018,0.0021290381857966127,-0.0012225443066634055,6.53454556548889e-05,4.703658018305105e-05,-1.830887547183784e-05,6.887360354666983e-06,6.776261852789241e-06,-1.1109850187774218e-07,1.3562016651724278e-06,1.6095032656798071e-06,2.5330160050737936e-07
pccv3_n05_distractors_r03,5,distractors,3,33,1,L33H1,1.5,5,6,True,False,-0.7931593060493469,-0.8674355745315552,-0.07427626848220825,0.0,-0.125,-0.125,0.7269866178003183,0.735143100495647,0.00815648269532876,0.3157262765281865,0.3192685919545072,0.0035423154263206635,5.500014668634998,5.533438874711914,0.03342420607691565,0.49741894569887896,0.527391372877748,0.0,0.06197011986329798,0.909521511227581,0.9024669346179053,-0.007054576609675678,0.0639953961689857,0.043880781088429605,0.03199769808449285,0.0005875384098540191,True,1,0.0008474127626998558,0.0008984743829700281,5.106162027017228e-05,1.6521918595459094e-05,1.7517461701003325e-05,9.955431055442305e-07,2.5589648112213747e-05,2.7131575437676972e-05,1.5419273254632249e-06,0.0008474127626998558,0.0009564210021512377,0.00010900823945138186,0.49741894569887896,0.46542125301445,-0.03199769268442898,0.49741894569887896,0.527391372877748,0.029972427178869,0.003351582492460018,0.005170363088561921,0.0018187805961019025,6.53454556548889e-05,0.00010730746246971985,4.1962006814830956e-05,6.887360354666983e-06,8.808332909161026e-06,1.920972554494043e-06,1.3562016651724278e-06,1.3508016012434816e-06,-5.40006392894622e-09
pccv3_n05_distractors_r04,5,distractors,4,33,1,L33H1,1.0,6,6,False,False,-6.1492719650268555,-6.1492719650268555,0.0,-5.875,-5.875,0.0,0.4925767885194422,0.4925767885194422,0.0,0.21392338116761878,0.21392338116761878,0.0,6.155473068398014,6.155473068398014,0.0,0.8298102776630185,0.8298102776630185,0.6664109457867361,0.6664109457867361,0.9160231887688042,0.9160231887688042,0.0,0.0,0.0,0.0,0.0,False,0,0.0020568940319773223,0.0020568940319773223,0.0,1.0793589277967381e-05,1.0793589277967381e-05,0.0,1.0793589277967381e-05,1.0793589277967381e-05,0.0,1.0139638762366032e-05,1.0139638762366032e-05,0.0,0.0023307662904574903,0.0023307662904574903,0.0,0.8298102776630185,0.8298102776630185,0.0,0.1633993318762824,0.1633993318762824,0.0,0.0023307662904574903,0.0023307662904574903,0.0,3.76733283220891e-05,3.76733283220891e-05,0.0,2.563702166282767e-06,2.563702166282767e-06,0.0
pccv3_n05_distractors_r04,5,distractors,4,33,1,L33H1,0.5,6,6,False,False,-6.1492719650268555,-5.770954608917236,0.37831735610961914,-5.875,-5.625,0.25,0.4925767885194422,0.28640000884834876,-0.20617677967109344,0.21392338116761878,0.12438194345988035,-0.08954143770773842,6.155473068398014,6.0573041124735285,-0.0981689559244856,0.8298102776630185,0.9271632141106303,0.6664109457867361,0.8599997361493605,0.9160231887688042,0.9320870013448257,0.01606381257602152,0.19673208565247083,0.136904509993285,0.09836604282623541,0.011999336304264136,False,1,0.0020568940319773223,0.00157953360549881,-0.00047736042647851225,1.0793589277967381e-05,8.823202470866702e-06,-1.970386807100679e-06,1.0793589277967381e-05,9.997998230958003e-06,-7.955910470093782e-07,1.0139638762366032e-05,9.39225014014797e-06,-7.473886222180613e-07,0.0023307662904574903,0.003343872669081259,0.0010131063786237688,0.8298102776630185,0.9271632141106303,0.09735293644761178,0.1633993318762824,0.06716347796126972,-0.09623585391501267,0.0023307662904574903,0.0007009137886227665,-0.0016298525018347237,3.76733283220891e-05,1.8678719777401804e-05,-1.8994608544687293e-05,2.563702166282767e-06,2.0956942779253293e-06,-4.6800788835743756e-07
pccv3_n05_distractors_r04,5,distractors,4,33,1,L33H1,1.5,6,6,False,False,-6.1492719650268555,-6.651782989501953,-0.5025110244750977,-5.875,-6.125,-0.25,0.4925767885194422,0.7049767209791938,0.21239993245975164,0.21392338116761878,0.3061674997915123,0.09224411862389353,6.155473068398014,6.346286571831118,0.19081350343310355,0.8298102776630185,0.6449207467153912,0.6664109457867361,0.299719546546977,0.9160231887688042,0.9156188108531751,-0.00040437791562908387,0.371636306600485,0.2593315244617989,0.1858181533002425,0.022958720227883415,False,1,0.0020568940319773223,0.002052641367916422,-4.2526640609001805e-06,1.0793589277967381e-05,9.505615363909468e-06,-1.2879739140579136e-06,1.0793589277967381e-05,8.929699242937024e-06,-1.8638900350303573e-06,1.0139638762366032e-05,8.929699242937024e-06,-1.2099395194290077e-06,0.0023307662904574903,0.0014107584053717924,-0.0009200078850856979,0.8298102776630185,0.6449207467153912,-0.18488953094762728,0.1633993318762824,0.3452012001684142,0.18180186829213182,0.0023307662904574903,0.006322580526242319,0.003991814235784829,3.76733283220891e-05,6.198439841548453e-05,2.4311070093395435e-05,2.563702166282767e-06,2.723404398867984e-06,1.5970223258521716e-07
pccv3_n05_distractors_r05,5,distractors,5,33,1,L33H1,1.0,7,7,False,False,-8.256014823913574,-8.256014823913574,0.0,-7.9375,-7.9375,0.0,0.6409048332173054,0.6409048332173054,0.0,0.27834143249139964,0.27834143249139964,0.0,6.830949170495263,6.830949170495263,0.0,0.7851152920962343,0.7851152920962343,0.6099323912358203,0.6099323912358203,0.9262690341338384,0.9262690341338384,0.0,0.0,0.0,0.0,0.0,False,0,0.004668466176694286,0.004668466176694286,0.0,2.7759714607962485e-05,2.7759714607962485e-05,0.0,1.2318298685901814e-05,1.2318298685901814e-05,0.0,8.466234619765236e-06,8.466234619765236e-06,0.0,0.0002803631858218534,0.0002803631858218534,0.0,0.17518290086041402,0.17518290086041402,0.0,0.7851152920962343,0.7851152920962343,0.0,0.034495558475554376,0.034495558475554376,0.0,0.0002051180885285395,0.0002051180885285395,0.0,3.7568688390361375e-06,3.7568688390361375e-06,0.0
pccv3_n05_distractors_r05,5,distractors,5,33,1,L33H1,0.5,7,7,False,False,-8.256014823913574,-7.706582546234131,0.5494322776794434,-7.9375,-7.125,0.8125,0.6409048332173054,0.7674215499369857,0.12651671671968034,0.27834143249139964,0.3332869444312737,0.05494551193987407,6.830949170495263,6.618035566970323,-0.2129136035249397,0.7851152920962343,0.6090286712754032,0.6099323912358203,0.23963410950282432,0.9262690341338384,0.9178764218545439,-0.008392612279294553,0.3888524684159748,0.26278954122738857,0.1944262342079874,0.02497595193882715,False,1,0.004668466176694286,0.004649991287174794,-1.8474889519492013e-05,2.7759714607962485e-05,2.9433121588104603e-05,1.673406980142118e-06,1.2318298685901814e-05,1.3903222180980112e-05,1.584923495078298e-06,8.466234619765236e-06,9.555535545636469e-06,1.0893009258712333e-06,0.0002803631858218534,0.0004901054758876487,0.00020974229006579534,0.17518290086041402,0.36939456177257884,0.19421166091216482,0.7851152920962343,0.6090286712754032,-0.17608662082083115,0.034495558475554376,0.01623006434144947,-0.018265494134104908,0.0002051180885285395,0.00014947372499666644,-5.5644363531873046e-05,3.7568688390361375e-06,4.240243194760327e-06,4.833743557241892e-07
pccv3_n05_distractors_r05,5,distractors,5,33,1,L33H1,1.5,7,7,False,False,-8.256014823913574,-8.843299865722656,-0.587285041809082,-7.9375,-8.625,-0.6875,0.6409048332173054,0.5172150515852776,-0.12368978163202782,0.27834143249139964,0.22462364286079178,-0.05371778963060786,6.830949170495263,6.9646015155048,0.13365234500953704,0.7851152920962343,0.8618302756784614,0.6099323912358203,0.7910869386853605,0.9262690341338384,0.9327642179293889,0.006495183795550474,0.20943335648139708,0.13256405657158069,0.10471667824069854,0.014395813889001036,False,1,0.004668466176694286,0.004522470228594291,-0.00014599594809999554,2.7759714607962485e-05,2.689159096739569e-05,-8.68123640566795e-07,1.2318298685901814e-05,9.892863457296534e-06,-2.4254352286052796e-06,8.466234619765236e-06,6.799258990742898e-06,-1.6669756290223378e-06,0.0002803631858218534,0.0001547504213430268,-0.0001256127644788266,0.17518290086041402,0.07074333699310083,-0.10443956386731319,0.7851152920962343,0.8618302756784614,0.07671498358222706,0.034495558475554376,0.06243077577490969,0.027935217299355317,0.0002051180885285395,0.0002715954476446475,6.6477359116108e-05,3.7568688390361375e-06,3.2117425306505734e-06,-5.451263083855641e-07
pccv3_n05_grid_r00,5,grid,0,33,1,L33H1,1.0,4,4,False,False,-4.1442131996154785,-4.1442131996154785,0.0,-4.125,-4.125,0.0,0.08675370834380931,0.08675370834380931,0.0,0.03767665681836048,0.03767665681836048,0.0,4.014322682063562,4.014322682063562,0.0,0.9835171036644457,0.9835171036644457,0.9676200302819968,0.9676200302819968,0.997410537484825,0.997410537484825,0.0,0.0,0.0,0.0,0.0,False,0,0.0005439679378098716,0.0005439679378098716,0.0,3.038580018967465e-06,3.038580018967465e-06,0.0,9.359485371209256e-06,9.359485371209256e-06,0.0,0.9835171036644457,0.9835171036644457,0.0,0.01589707338244884,0.01589707338244884,0.0,2.245223822124036e-05,2.245223822124036e-05,0.0,3.443162248012751e-06,3.443162248012751e-06,0.0,1.5278939857283822e-06,1.5278939857283822e-06,0.0,5.983318817768753e-07,5.983318817768753e-07,0.0,1.4353235687873885e-06,1.4353235687873885e-06,0.0
pccv3_n05_grid_r00,5,grid,0,33,1,L33H1,0.5,4,4,False,False,-4.1442131996154785,-4.761541366577148,-0.6173281669616699,-4.125,-4.75,-0.625,0.08675370834380931,0.053520411723723266,-0.03323329662008605,0.03767665681836048,0.02324361948080312,-0.01443303733755736,4.014322682063562,4.0073392744486265,-0.006983407614935544,0.9835171036644457,0.9909644932317861,0.9676200302819968,0.9823909704792299,0.997410537484825,0.9975382363318204,0.00012769884699537215,0.014894996475935592,0.01044565731924514,0.007447498237967796,0.0005672298680853559,False,1,0.0005439679378098716,0.0004268505634349583,-0.00011711737437491326,3.038580018967465e-06,2.8760964729545182e-06,-1.6248354601294685e-07,9.359485371209256e-06,8.859000815108229e-06,-5.004845561010273e-07,0.9835171036644457,0.9909644932317861,0.007447389567340479,0.01589707338244884,0.008573522752556314,-0.007323550629892527,2.245223822124036e-05,1.6550792459714714e-05,-5.901445761525646e-06,3.443162248012751e-06,3.259044269199367e-06,-1.84117978813384e-07,1.5278939857283822e-06,1.446192127892378e-06,-8.170185783600422e-08,5.983318817768753e-07,6.028625712763764e-07,4.530689499501112e-09,1.4353235687873885e-06,1.5394635066720647e-06,1.0413993788467627e-07
pccv3_n05_grid_r00,5,grid,0,33,1,L33H1,1.5,4,4,False,False,-4.1442131996154785,-3.533130168914795,0.6110830307006836,-4.125,-3.5,0.625,0.08675370834380931,0.13799569497167655,0.051241986627867234,0.03767665681836048,0.059930768852603435,0.022254112034242955,4.014322682063562,4.027543071096676,0.013220389033113733,0.9835171036644457,0.9700472990355753,0.9676200302819968,0.9407544088088136,0.997410537484825,0.9972839393904565,-0.0001265980943685463,0.026939609257740665,0.018997044575101724,0.013469804628870333,0.001032246035158208,False,1,0.0005439679378098716,0.0006079545410634097,6.39866032535382e-05,3.038580018967465e-06,3.396006257930389e-06,3.5742623896292384e-07,9.359485371209256e-06,1.0460435694708256e-05,1.1009503234989994e-06,0.9835171036644457,0.9700472990355753,-0.013469804628870374,0.01589707338244884,0.02929289022676172,0.013395816844312878,2.245223822124036e-05,3.0268274300477327e-05,7.816036079236967e-06,3.443162248012751e-06,3.848179237779081e-06,4.0501698976633023e-07,1.5278939857283822e-06,1.7076191854743279e-06,1.797251997459457e-07,5.983318817768753e-07,6.687132812529992e-07,7.038139947612386e-08,1.4353235687873885e-06,1.506968641975124e-06,7.164507318773554e-08
pccv3_n05_grid_r01,5,grid,1,33,1,L33H1,1.0,4,4,False,False,-6.254552841186523,-6.254552841186523,0.0,-6.25,-6.25,0.0,0.017803709502160953,0.017803709502160953,0.0,0.007732052794196992,0.007732052794196992,0.0,4.000841848023234,4.000841848023234,0.0,0.9976572559269142,0.9976572559269142,0.9957313243506726,0.9957313243506726,0.9977952280672184,0.9977952280672184,0.0,0.0,0.0,0.0,0.0,False,0,0.00037923841300640675,0.00037923841300640675,0.0,2.720090264874053e-06,2.720090264874053e-06,0.0,7.870842158220651e-06,7.870842158220651e-06,0.0,0.9976572559269142,0.9976572559269142,0.0,0.0019259315762416979,0.0019259315762416979,0.0,2.0098899561309512e-05,2.0098899561309512e-05,0.0,3.4926650357831755e-06,3.4926650357831755e-06,0.0,1.756222271266787e-06,1.756222271266787e-06,0.0,5.701618935964474e-07,5.701618935964474e-07,0.0,1.0652026527934637e-06,1.0652026527934637e-06,0.0
pccv3_n05_grid_r01,5,grid,1,33,1,L33H1,0.5,4,4,False,False,-6.254552841186523,-6.753762722015381,-0.4992098808288574,-6.25,-6.75,-0.5,0.017803709502160953,0.012861022647900774,-0.004942686854260178,0.007732052794196992,0.0055854711676160546,-0.002146581626580937,4.000841848023234,4.000077765587957,-0.00076408243527748,0.9976572559269142,0.9984176166381655,0.9957313243506726,0.997248589797805,0.9977952280672184,0.9978231308271006,2.790275988218127e-05,0.0015220174146214375,0.001072877119845887,0.0007610087073107188,4.69113981690602e-05,False,1,0.00037923841300640675,0.00037952744813117957,2.8903512477282444e-07,2.720090264874053e-06,2.897727825125043e-06,1.7763756025098993e-07,7.870842158220651e-06,7.399607226574922e-06,-4.712349316457292e-07,0.9976572559269142,0.9984176166381655,0.0007603607112512956,0.0019259315762416979,0.0011690268403605234,-0.0007569047358811744,2.0098899561309512e-05,1.6675272296800835e-05,-3.4236272645086767e-06,3.4926650357831755e-06,3.283555802449141e-06,-2.091092333340344e-07,1.756222271266787e-06,1.7575607694407468e-06,1.3384981739598035e-09,5.701618935964474e-07,6.073967490107941e-07,3.7234855414346765e-08,1.0652026527934637e-06,1.207952673660237e-06,1.4275002086677337e-07
pccv3_n05_grid_r01,5,grid,1,33,1,L33H1,1.5,4,4,False,False,-6.254552841186523,-5.755768299102783,0.49878454208374023,-6.25,-5.75,0.5,0.017803709502160953,0.0257049557434935,0.007901246241332548,0.007732052794196992,0.011163520436966527,0.003431467642769535,4.000841848023234,4.001947734307402,0.0011058862841677453,0.9976572559269142,0.9963559756923852,0.9957313243506726,0.9931847930264638,0.9977952280672184,0.9978844672779701,8.923921075165708e-05,0.002602714430011044,0.0018018064364777838,0.001301357215005522,7.799470320448784e-05,False,1,0.00037923841300640675,0.00042917290428750595,4.99344912810992e-05,2.720090264874053e-06,2.7165423533274904e-06,-3.547911546562721e-09,7.870842158220651e-06,8.367539527518774e-06,4.966973692981233e-07,0.9976572559269142,0.9963559756923852,-0.001301280234529023,0.0019259315762416979,0.0031711826659213765,0.0012452510896796786,2.0098899561309512e-05,2.5773836236650952e-05,5.67493667534144e-06,3.4926650357831755e-06,3.4881094271812287e-06,-4.555608601946755e-09,1.756222271266787e-06,1.7539315674048522e-06,-2.2907038619348096e-09,5.701618935964474e-07,5.69418210935683e-07,-7.436826607643748e-10,1.0652026527934637e-06,9.993600828606718e-07,-6.584256993279187e-08
pccv3_n05_grid_r02,5,grid,2,33,1,L33H1,1.0,5,5,True,True,-0.007429470308125019,-0.007429470308125019,0.0,6.75,6.75,0.0,0.01948341143709784,0.01948341143709784,0.0,0.008461538075782296,0.008461538075782296,0.0,4.994537477431569,4.994537477431569,0.0,0.9975599325910973,0.9975599325910973,0.9963919099955086,0.9963919099955086,0.9950259872658762,0.9950259872658762,0.0,0.0,0.0,0.0,0.0,False,0,0.0011680225955887336,0.0011680225955887336,0.0,2.4002370630324073e-06,2.4002370630324073e-06,0.0,8.829978694273461e-07,8.829978694273461e-07,0.0,0.0010307763227558769,0.0010307763227558769,0.0,0.9975599325910973,0.9975599325910973,0.0,0.00022999728597372838,0.00022999728597372838,0.0,6.129220061011477e-06,6.129220061011477e-06,0.0,8.829978694273461e-07,8.829978694273461e-07,0.0,4.7263470096890603e-07,4.7263470096890603e-07,0.0,5.031170202736999e-07,5.031170202736999e-07,0.0
pccv3_n05_grid_r02,5,grid,2,33,1,L33H1,0.5,5,5,True,True,-0.007429470308125019,-0.008721829392015934,-0.001292359083890915,6.75,6.375,-0.375,0.01948341143709784,0.02471282430474851,0.005229412867650669,0.008461538075782296,0.010732643227796842,0.0022711051520145457,4.994537477431569,4.993227537947504,-0.0013099394840647705,0.9975599325910973,0.9967638592290033,0.9963919099955086,0.9950657525866803,0.9950259872658762,0.9945345340748872,-0.0004914531909889774,0.0016465214626833998,0.0010505530174252002,0.0008232607313416999,4.4142892647830394e-05,False,1,0.0011680225955887336,0.0013224867827799846,0.000154464187191251,2.4002370630324073e-06,2.553000079924097e-06,1.5276301689168994e-07,8.829978694273461e-07,9.997691962045938e-07,1.1677132677724775e-07,0.0010307763227558769,0.0016981066423231003,0.0006673303195672234,0.9975599325910973,0.9967638592290033,-0.0007960733620939742,0.00022999728597372838,0.00020280991672608063,-2.7187369247647753e-05,6.129220061011477e-06,6.939773725312164e-06,8.105536643006873e-07,8.829978694273461e-07,1.0642487695565524e-06,1.8125090012920635e-07,4.7263470096890603e-07,5.351378881497536e-07,6.250318718084757e-08,5.031170202736999e-07,6.454995082974942e-07,1.4238248802379433e-07
pccv3_n05_grid_r02,5,grid,2,33,1,L33H1,1.5,5,5,True,True,-0.007429470308125019,-0.007602567318826914,-0.00017309701070189476,6.75,6.625,-0.125,0.01948341143709784,0.019787382344739507,0.0003039709076416673,0.008461538075782296,0.008593550963630195,0.00013201288784789843,4.994537477431569,4.994249134043335,-0.00028834338823457983,0.9975599325910973,0.9975275108727094,0.9963919099955086,0.9962040108918724,0.9950259872658762,0.9948861212008921,-0.00013986606498406218,0.0005210167763092889,0.00029693815954229806,0.00026050838815464445,1.4415061222052682e-05,False,1,0.0011680225955887336,0.0013234999808369753,0.00015547738524824173,2.4002370630324073e-06,2.400159052872236e-06,-7.801016017124925e-11,8.829978694273461e-07,8.294727733865545e-07,-5.35250960407916e-08,0.0010307763227558769,0.0008027433165067083,-0.0002280330062491686,0.9975599325910973,0.9975275108727094,-3.2421718387909415e-05,0.00022999728597372838,0.00033463320020241056,0.00010463591422868218,6.129220061011477e-06,6.524308738834073e-06,3.950886778225962e-07,8.829978694273461e-07,8.829691710932165e-07,-2.869833412953286e-11,4.7263470096890603e-07,4.726193398575838e-07,-1.536111132223458e-11,5.031170202736999e-07,5.031006684558145e-07,-1.6351817885399713e-11
pccv3_n05_grid_r03,5,grid,3,33,1,L33H1,1.0,4,4,False,False,-2.8175675868988037,-2.8175675868988037,0.0,-2.75,-2.75,0.0,0.2378217920988919,0.2378217920988919,0.0,0.10328469198489111,0.10328469198489111,0.0,4.056501189450967,4.056501189450967,0.0,0.9386272555733135,0.9386272555733135,0.8786228226541899,0.8786228226541899,0.9957781196037558,0.9957781196037558,0.0,0.0,0.0,0.0,0.0,False,0,0.001245352274723243,0.001245352274723243,0.0,3.963683304878769e-06,3.963683304878769e-06,0.0,1.0121619902438446e-05,1.0121619902438446e-05,0.0,0.9386272555733135,0.9386272555733135,0.0,0.06000443291912362,0.06000443291912362,0.0,9.02130162030041e-05,9.02130162030041e-05,0.0,1.0774408301418451e-05,1.0774408301418451e-05,0.0,3.7235358734588043e-06,3.7235358734588043e-06,0.0,1.7588738045532386e-06,1.7588738045532386e-06,0.0,2.4040954498000712e-06,2.4040954498000712e-06,0.0
pccv3_n05_grid_r03,5,grid,3,33,1,L33H1,0.5,4,4,False,False,-2.8175675868988037,-3.655834913253784,-0.8382673263549805,-2.75,-3.625,-0.875,0.2378217920988919,0.1283665629981207,-0.10945522910077121,0.10328469198489111,0.05574888997096995,-0.04753580201392116,4.056501189450967,4.023428637338057,-0.033072552112909825,0.9386272555733135,0.9730967899027908,0.8786228226541899,0.9471646388309762,0.9957781196037558,0.9964430630146808,0.0006649434109249341,0.06893906865895455,0.04846853085915552,0.034469534329477275,0.0036443751609115957,False,1,0.001245352274723243,0.000887349413451347,-0.000358002861271896,3.963683304878769e-06,3.200281683318809e-06,-7.6340162155996e-07,1.0121619902438446e-05,8.172205569354788e-06,-1.9494143330836586e-06,0.9386272555733135,0.9730967899027908,0.0344695343294773,0.06000443291912362,0.025932151071814534,-0.03407228184730909,9.02130162030041e-05,5.672635014497109e-05,-3.348666605803302e-05,1.0774408301418451e-05,8.699267545715845e-06,-2.0751407557026066e-06,3.7235358734588043e-06,3.200281683318809e-06,-5.232541901399953e-07,1.7588738045532386e-06,1.5117060265495176e-06,-2.4716777800372096e-07,2.4040954498000712e-06,2.1995192900561428e-06,-2.0457615974392843e-07
pccv3_n05_grid_r03,5,grid,3,33,1,L33H1,1.5,4,4,False,False,-2.8175675868988037,-2.2440686225891113,0.5734989643096924,-2.75,-2.125,0.625,0.2378217920988919,0.35118734310662075,0.11336555100772885,0.10328469198489111,0.1525187252254694,0.049234033240578276,4.056501189450967,4.102865274740206,0.0463640852892393,0.9386272555733135,0.8919432483533698,0.8786228226541899,0.785415818677067,0.9957781196037558,0.9952952445927394,-0.00048287501101640373,0.09336801443988726,0.06590749987642464,0.04668400721994363,0.003595323068827853,False,1,0.001245352274723243,0.0013409824374861848,9.563016276294177e-05,3.963683304878769e-06,4.543318929061127e-06,5.796356241823577e-07,1.0121619902438446e-05,1.160177132186824e-05,1.4801514194297929e-06,0.9386272555733135,0.8919432483533698,-0.0466840072199437,0.06000443291912362,0.10652742967630283,0.046522996757179205,9.02130162030041e-05,0.00015045405972834118,6.024104352533707e-05,1.0774408301418451e-05,1.3146529226210065e-05,2.372120924791614e-06,3.7235358734588043e-06,4.268053150487753e-06,5.44517277028949e-07,1.7588738045532386e-06,1.8939371048120193e-06,1.350633002587807e-07,2.4040954498000712e-06,2.4318633801866277e-06,2.7767930386556507e-08
pccv3_n05_grid_r04,5,grid,4,33,1,L33H1,1.0,4,4,False,False,-1.1612881422042847,-1.1612881422042847,0.0,-0.75,-0.75,0.0,0.6595061616051485,0.6595061616051485,0.0,0.28641988676631025,0.28641988676631025,0.0,4.30415001105339,4.30415001105339,0.0,0.6754616539493363,0.6754616539493363,0.35639616096454413,0.35639616096454413,0.9812487665915341,0.9812487665915341,0.0,0.0,0.0,0.0,0.0,False,0,0.005157213369130166,0.005157213369130166,0.0,1.7472909760921146e-05,1.7472909760921146e-05,0.0,2.1076352299026204e-05,2.1076352299026204e-05,0.0,0.6754616539493363,0.6754616539493363,0.0,0.3190654929847922,0.3190654929847922,0.0,0.00024120607904109186,0.00024120607904109186,0.0,2.388263600393299e-05,2.388263600393299e-05,0.0,5.328936396324225e-06,5.328936396324225e-06,0.0,3.232163308029195e-06,3.232163308029195e-06,0.0,3.440619931714697e-06,3.440619931714697e-06,0.0
pccv3_n05_grid_r04,5,grid,4,33,1,L33H1,0.5,4,4,False,False,-1.1612881422042847,-1.6230981349945068,-0.46180999279022217,-0.75,-1.375,-0.625,0.6595061616051485,0.5328927760555274,-0.1266133855496211,0.28641988676631025,0.23143239208702088,-0.05498749467928937,4.30415001105339,4.18705403383685,-0.11709597721654053,0.6754616539493363,0.7942262387948511,0.35639616096454413,0.5934143976004369,0.9812487665915341,0.9824447348757985,0.0011959682842643815,0.237529428865579,0.16759816953313206,0.1187647144327895,0.009193589415726146,False,1,0.005157213369130166,0.004722641846087494,-0.0004345715230426716,1.7472909760921146e-05,1.6000558616358875e-05,-1.4723511445622718e-06,2.1076352299026204e-05,1.9300357810685586e-05,-1.7759944883406181e-06,0.6754616539493363,0.7942262387948511,0.11876458484551478,0.3190654929847922,0.2008118411944142,-0.118253651790378,0.00024120607904109186,0.00017202221666906187,-6.918386237202999e-05,2.388263600393299e-05,2.0545123944606834e-05,-3.3375120593261564e-06,5.328936396324225e-06,4.879894667740725e-06,-4.4904172858349985e-07,3.232163308029195e-06,2.9598057321529437e-06,-2.7235757587625143e-07,3.440619931714697e-06,3.5702072065324943e-06,1.295872748177974e-07
pccv3_n05_grid_r04,5,grid,4,33,1,L33H1,1.5,4,5,False,True,-1.1612881422042847,-0.6572704315185547,0.50401771068573,-0.75,0.125,0.875,0.6595061616051485,0.7237932031309434,0.0642870415257949,0.28641988676631025,0.31433939415884815,0.0279195073925379,4.30415001105339,4.51347837067105,0.20932835961766028,0.6754616539493363,0.5282316210318787,0.35639616096454413,0.06206885162400588,0.9812487665915341,0.9811302960767989,-0.00011847051473523607,0.4186009153434104,0.29589948465661087,0.2093004576717052,0.0226959155746458,True,1,0.005157213369130166,0.005178600591609505,2.1387222479339087e-05,1.7472909760921146e-05,1.7545370793977315e-05,7.24610330561686e-08,2.1076352299026204e-05,1.9881509773679268e-05,-1.1948425253469362e-06,0.6754616539493363,0.4661627694078728,-0.2092988845414635,0.3190654929847922,0.5282316210318787,0.2091661280470865,0.00024120607904109186,0.0003524081929134499,0.00011120211387235802,2.388263600393299e-05,2.5528363871529926e-05,1.645727867596936e-06,5.328936396324225e-06,5.351035762809358e-06,2.2099366485132822e-08,3.232163308029195e-06,3.0489282721697054e-06,-1.8323503585948977e-07,3.440619931714697e-06,3.2455672513626544e-06,-1.9505268035204248e-07
pccv3_n05_grid_r05,5,grid,5,33,1,L33H1,1.0,5,5,True,True,-0.010875122621655464,-0.010875122621655464,0.0,5.625,5.625,0.0,0.044213534904435255,0.044213534904435255,0.0,0.019201694234433048,0.019201694234433048,0.0,4.988288700804579,4.988288700804579,0.0,0.9936705601132422,0.9936705601132422,0.9900868245017936,0.9900868245017936,0.9954846439486573,0.9954846439486573,0.0,0.0,0.0,0.0,0.0,False,0,0.00217364552464753,0.00217364552464753,0.0,5.061490485350574e-06,5.061490485350574e-06,0.0,1.9821081534343673e-06,1.9821081534343673e-06,0.0,0.0035837356114485222,0.0035837356114485222,0.0,0.9936705601132422,0.9936705601132422,0.0,0.0005495836558746776,0.0005495836558746776,0.0,1.2141884475957028e-05,1.2141884475957028e-05,0.0,1.5436673820269015e-06,1.5436673820269015e-06,0.0,1.0609460416864172e-06,1.0609460416864172e-06,0.0,6.849982484343402e-07,6.849982484343402e-07,0.0
pccv3_n05_grid_r05,5,grid,5,33,1,L33H1,0.5,5,5,True,True,-0.010875122621655464,-0.014674938283860683,-0.0037998156622052193,5.625,5.0,-0.625,0.044213534904435255,0.06092676731183328,0.016713232407398027,0.019201694234433048,0.026460158843732613,0.007258464609299565,4.988288700804579,4.983899978526898,-0.004388722277680834,0.9936705601132422,0.9904707165983913,0.9900868245017936,0.9837969774058051,0.9954846439486573,0.9949130160675281,-0.0005716278811291886,0.00674591933806758,0.004460528126648754,0.00337295966903379,0.0002501051321991202,False,1,0.00217364552464753,0.0024551314446925503,0.00028148592004502036,5.061490485350574e-06,5.370578229236468e-06,3.090877438858942e-07,1.9821081534343673e-06,2.5368815243703737e-06,5.547733709360065e-07,0.0035837356114485222,0.006673739192586162,0.0030900035811376398,0.9936705601132422,0.9904707165983913,-0.0031998435148509197,0.0005495836558746776,0.00037650660130076735,-0.00017307705457391022,1.2141884475957028e-05,1.2102784867034295e-05,-3.909960892273274e-08,1.5436673820269015e-06,1.7435714732626563e-06,1.9990409123575479e-07,1.0609460416864172e-06,1.2756241400244812e-06,2.1467809833806397e-07,6.849982484343402e-07,8.767227952057798e-07,1.917245467714396e-07
pccv3_n05_grid_r05,5,grid,5,33,1,L33H1,1.5,5,5,True,True,-0.010875122621655464,-0.009117988869547844,0.0017571337521076202,5.625,6.0,0.375,0.044213534904435255,0.03729713669700205,-0.006916398207433207,0.019201694234433048,0.016197940658299263,-0.0030037535761337844,4.988288700804579,4.990574742355051,0.0022860415504721843,0.9936705601132422,0.9948862846411369,0.9900868245017936,0.9924202080975472,0.9954846439486573,0.9960168108885341,0.0005321669398767881,0.002745367262365627,0.0016780423224716022,0.0013726836311828135,6.095796300073817e-05,False,1,0.00217364552464753,0.0019205823432617009,-0.0002530631813858291,5.061490485350574e-06,4.472214602851462e-06,-5.892758824991125e-07,1.9821081534343673e-06,1.7513444021827785e-06,-2.3076375125158878e-07,0.0035837356114485222,0.0024660765435897247,-0.0011176590678587976,0.9936705601132422,0.9948862846411369,0.001215724527894757,0.0005495836558746776,0.0007065427591628537,0.0001569591032881761,1.2141884475957028e-05,1.1420200064036573e-05,-7.216844119204551e-07,1.5436673820269015e-06,1.3639483918476691e-06,-1.797189901792324e-07,1.0609460416864172e-06,9.374271065410909e-07,-1.2351893514532633e-07,6.849982484343402e-07,5.68578281362873e-07,-1.164199670714672e-07
pccv3_n05_random_sparse_r00,5,random_sparse,0,33,1,L33H1,1.0,5,5,True,True,-0.01015567034482956,-0.01015567034482956,0.0,5.5,5.5,0.0,0.03152167937773598,0.03152167937773598,0.0,0.013689691414074263,0.013689691414074263,0.0,5.002498785197692,5.002498785197692,0.0,0.9953931430580242,0.9953931430580242,0.9913251987909316,0.9913251987909316,0.9944771153749343,0.9944771153749343,0.0,0.0,0.0,0.0,0.0,False,0,0.0003783777581410567,0.0003783777581410567,0.0,5.070264859408962e-06,5.070264859408962e-06,0.0,4.203397205336883e-06,4.203397205336883e-06,0.0,0.00011539869629654302,0.00011539869629654302,0.0,0.9953931430580242,0.9953931430580242,0.0,0.00406794426709251,0.00406794426709251,0.0,2.9177359728012632e-05,2.9177359728012632e-05,0.0,3.2736090350765194e-06,3.2736090350765194e-06,0.0,1.8652462030705705e-06,1.8652462030705705e-06,0.0,1.5463434149209352e-06,1.5463434149209352e-06,0.0
pccv3_n05_random_sparse_r00,5,random_sparse,0,33,1,L33H1,0.5,5,5,True,True,-0.01015567034482956,-0.008327759802341461,0.0018279105424880981,5.5,6.125,0.625,0.03152167937773598,0.02042894236812269,-0.011092737009613288,0.013689691414074263,0.008872176941595233,-0.00481751447247903,5.002498785197692,5.000751667712504,-0.0017471174851877436,0.9953931430580242,0.9973045639780153,0.9913251987909316,0.9951229691021901,0.9944771153749343,0.9943871550872245,-8.996028770980047e-05,0.0038716557361692587,0.0026859575606093585,0.0019358278680846293,0.0001464139523397096,False,1,0.0003783777581410567,0.0003345584098512338,-4.3819348289822935e-05,5.070264859408962e-06,5.407633047055797e-06,3.373681876468353e-07,4.203397205336883e-06,3.956308852834372e-06,-2.470883525025106e-07,0.00011539869629654302,0.0001394646944310155,2.4065998134472475e-05,0.9953931430580242,0.9973045639780153,0.0019114209199910803,0.00406794426709251,0.002181594875825163,-0.001886349391267347,2.9177359728012632e-05,2.4235329923388896e-05,-4.942029804623736e-06,3.2736090350765194e-06,2.894497389673586e-06,-3.7911164540293325e-07,1.8652462030705705e-06,1.8688279743921308e-06,3.581771321560284e-09,1.5463434149209352e-06,1.4554446898823388e-06,-9.089872503859631e-08
pccv3_n05_random_sparse_r00,5,random_sparse,0,33,1,L33H1,1.5,5,5,True,True,-0.01015567034482956,-0.01279643177986145,-0.002640761435031891,5.5,5.0,-0.5,0.03152167937773598,0.045098527874933486,0.013576848497197508,0.013689691414074263,0.0195860417980436,0.005896350383969335,5.002498785197692,5.005156649004671,0.002657863806978966,0.9953931430580242,0.992786965899846,0.9913251987909316,0.98609761994223,0.9944771153749343,0.9944581381702164,-1.8977204717884888e-05,0.005255057605102478,0.003696531025757852,0.002627528802551239,0.000162788835737961,False,1,0.0003783777581410567,0.00037738707473389526,-9.906834071614573e-07,5.070264859408962e-06,5.056989694159271e-06,-1.3275165249690868e-08,4.203397205336883e-06,3.938387533795265e-06,-2.650096715416183e-07,0.00011539869629654302,9.541839543765372e-05,-1.9980300858889297e-05,0.9953931430580242,0.992786965899846,-0.0026061771581781246,0.00406794426709251,0.0066893459576160335,0.0026214016905235235,2.9177359728012632e-05,3.510246599107975e-05,5.92510626306712e-06,3.2736090350765194e-06,3.4756147997521045e-06,2.020057646755851e-07,1.8652462030705705e-06,1.8603625426970555e-06,-4.883660373515024e-09,1.5463434149209352e-06,1.4488518050491768e-06,-9.749160987175834e-08
pccv3_n05_random_sparse_r01,5,random_sparse,1,33,1,L33H1,1.0,5,5,True,True,-0.09758764505386353,-0.09758764505386353,0.0,2.5,2.5,0.0,0.28739563349235053,0.28739563349235053,0.0,0.12481433774881721,0.12481433774881721,0.0,5.067780562085819,5.067780562085819,0.0,0.921802044131998,0.921802044131998,0.8461359246079158,0.8461359246079158,0.9839670439018846,0.9839670439018846,0.0,0.0,0.0,0.0,0.0,False,0,0.0020164337842615734,0.0020164337842615734,0.0,1.976842122347724e-05,1.976842122347724e-05,0.0,1.7445570498706242e-05,1.7445570498706242e-05,0.0,0.00024082867216765384,0.00024082867216765384,0.0,0.921802044131998,0.921802044131998,0.0,0.07566611952408216,0.07566611952408216,0.0,0.0002125305572415155,0.0002125305572415155,0.0,1.358662396551982e-05,1.358662396551982e-05,0.0,6.831783567880135e-06,6.831783567880135e-06,0.0,4.410930993476096e-06,4.410930993476096e-06,0.0
pccv3_n05_random_sparse_r01,5,random_sparse,1,33,1,L33H1,0.5,5,5,True,True,-0.09758764505386353,-0.06176983192563057,0.035817813128232956,2.5,3.125,0.625,0.28739563349235053,0.19258238321470753,-0.09481325027764301,0.12481433774881721,0.0836374663419249,-0.041176871406892315,5.067780562085819,5.034629317119583,-0.03315124496623589,0.921802044131998,0.9556471733486394,0.8461359246079158,0.9136589669258233,0.9839670439018846,0.9837304683878756,-0.00023657551400901866,0.06781092251849252,0.04774652165959885,0.03390546125924626,0.0026020180975942454,False,1,0.0020164337842615734,0.0018448330385651996,-0.00017160074569637384,1.976842122347724e-05,1.8086106708780205e-05,-1.6823145146970335e-06,1.7445570498706242e-05,1.5960933150313e-05,-1.4846373483932407e-06,0.00024082867216765384,0.00030116071477256917,6.033204260491533e-05,0.921802044131998,0.9556471733486394,0.0338451292166414,0.07566611952408216,0.041988206422816095,-0.03367791310126606,0.0002125305572415155,0.00016119971440296555,-5.133084283854994e-05,1.358662396551982e-05,1.243038723601411e-05,-1.1562367295057106e-06,6.831783567880135e-06,6.653506828993136e-06,-1.782767388869991e-07,4.410930993476096e-06,4.295826879717335e-06,-1.1510411375876106e-07
pccv3_n05_random_sparse_r01,5,random_sparse,1,33,1,L33H1,1.5,5,5,True,True,-0.09758764505386353,-0.18129388988018036,-0.08370624482631683,2.5,1.75,-0.75,0.28739563349235053,0.4405459094035123,0.15315027591116176,0.12481433774881721,0.19132665747899527,0.06651231973017806,5.067780562085819,5.138439484428825,0.0706589223430063,0.921802044131998,0.849412315700696,0.8461359246079158,0.7018065879860116,0.9839670439018846,0.9820792151954265,-0.0018878287064580945,0.14481728173463096,0.10205745971196097,0.07240864086731548,0.00665150785618412,False,1,0.0020164337842615734,0.002385824381098587,0.00036939059683701366,1.976842122347724e-05,2.338979920834366e-05,3.62137798486642e-06,1.7445570498706242e-05,1.939082461210977e-05,1.945254113403526e-06,0.00024082867216765384,0.0002219162361542324,-1.8912436013421437e-05,0.921802044131998,0.849412315700696,-0.07238972843130198,0.07566611952408216,0.14760572771468436,0.0719396081906022,0.0002125305572415155,0.000303323531338089,9.079297409657352e-05,1.358662396551982e-05,1.6075558228968165e-05,2.488934263448345e-06,6.831783567880135e-06,7.133485722156391e-06,3.017021542762564e-07,4.410930993476096e-06,4.902768257246564e-06,4.918372637704682e-07
pccv3_n05_random_sparse_r02,5,random_sparse,2,33,1,L33H1,1.0,5,5,True,True,-0.0043362402357161045,-0.0043362402357161045,0.0,7.25,7.25,0.0,0.012724609928072783,0.012724609928072783,0.0,0.005526227876133344,0.005526227876133344,0.0,4.998559563538263,4.998559563538263,0.0,0.998533079920506,0.998533079920506,0.9978239473007344,0.9978239473007344,0.9971358386385418,0.9971358386385418,0.0,0.0,0.0,0.0,0.0,False,0,0.0002956104560979066,0.0002956104560979066,0.0,7.400462963617391e-06,7.400462963617391e-06,0.0,4.488607683501767e-06,4.488607683501767e-06,0.0,0.0007091326197716135,0.0007091326197716135,0.0,0.998533079920506,0.998533079920506,0.0,0.00043011067569382477,0.00043011067569382477,0.0,1.3825885014905074e-05,1.3825885014905074e-05,0.0,2.7224781794655216e-06,2.7224781794655216e-06,0.0,1.7577640248040042e-06,1.7577640248040042e-06,0.0,1.8711300644890173e-06,1.8711300644890173e-06,0.0
pccv3_n05_random_sparse_r02,5,random_sparse,2,33,1,L33H1,0.5,5,5,True,True,-0.0043362402357161045,-0.004364370368421078,-2.813013270497322e-05,7.25,7.125,-0.125,0.012724609928072783,0.012325391581866015,-0.0003992183462067679,0.005526227876133344,0.005352849551301202,-0.0001733783248321413,4.998559563538263,4.998326523670887,-0.00023303986737666094,0.998533079920506,0.9985741187690362,0.9978239473007344,0.9977705332126067,0.9971358386385418,0.9970668643489944,-6.8974289547441e-05,0.00027196309429285885,0.0001693919703771955,0.00013598154714642943,7.757722572823815e-06,False,1,0.0002956104560979066,0.0002956226054327416,1.214933483499733e-08,7.400462963617391e-06,7.87807558700414e-06,4.776126233867502e-07,4.488607683501767e-06,4.216829992680419e-06,-2.7177769082134736e-07,0.0007091326197716135,0.0008035855564295396,9.44529366579261e-05,0.998533079920506,0.9985741187690362,4.1038848530239314e-05,0.00043011067569382477,0.0002956226054327416,-0.00013448807026108318,1.3825885014905074e-05,1.2988750792477127e-05,-8.371342224279471e-07,2.7224781794655216e-06,2.557636677356474e-06,-1.6484150210904753e-07,1.7577640248040042e-06,1.6513343518731374e-06,-1.0642967293086677e-07,1.8711300644890173e-06,1.7578362673896695e-06,-1.1329379709934774e-07
pccv3_n05_random_sparse_r02,5,random_sparse,2,33,1,L33H1,1.5,5,5,True,True,-0.0043362402357161045,-0.004419440869241953,-8.320063352584839e-05,7.25,7.375,0.125,0.012724609928072783,0.013050716053236093,0.0003261061251633099,0.005526227876133344,0.00566785396680662,0.0001416260906732759,4.998559563538263,4.99876539548144,0.0002058319431768041,0.998533079920506,0.9984937952132131,0.9978239473007344,0.9978680124935179,0.9971358386385418,0.9970921540972313,-4.3684541310540226e-05,0.0002460635001524489,0.00015300220503890812,0.00012303175007622445,5.118453216310703e-06,False,1,0.0002956104560979066,0.0002955988260673407,-1.1630030565868733e-08,7.400462963617391e-06,7.400171811499145e-06,-2.911521182457014e-10,4.488607683501767e-06,4.488431090815411e-06,-1.7659268635610882e-10,0.0007091326197716135,0.0006257827196952474,-8.334990007636612e-05,0.998533079920506,0.9984937952132131,-3.928470729286371e-05,0.00043011067569382477,0.0005522513118220199,0.00012214063612819517,1.3825885014905074e-05,1.4716998962875014e-05,8.911139479699397e-07,2.7224781794655216e-06,2.5574309455349024e-06,-1.6504723393061925e-07,1.7577640248040042e-06,1.6512015214257002e-06,-1.0656250337830397e-07,1.8711300644890173e-06,1.757694870114397e-06,-1.1343519437462025e-07
pccv3_n05_random_sparse_r03,5,random_sparse,3,33,1,L33H1,1.0,4,4,False,False,-5.75869607925415,-5.75869607925415,0.0,-5.75,-5.75,0.0,0.024282228400928443,0.024282228400928443,0.0,0.010545637802837644,0.010545637802837644,0.0,4.002516616041853,4.002516616041853,0.0,0.996539128103124,0.996539128103124,0.9933673625032269,0.9933673625032269,0.9947844722543095,0.9947844722543095,0.0,0.0,0.0,0.0,0.0,False,0,0.00022976192942614348,0.00022976192942614348,0.0,3.71375570284602e-06,3.71375570284602e-06,0.0,2.7441149226052868e-05,2.7441149226052868e-05,0.0,0.996539128103124,0.996539128103124,0.0,0.0031717655998971103,0.0031717655998971103,0.0,2.1371188505629247e-05,2.1371188505629247e-05,0.0,3.71375570284602e-06,3.71375570284602e-06,0.0,1.283439628233587e-06,1.283439628233587e-06,0.0,9.389844908251598e-07,9.389844908251598e-07,0.0,8.820942964604155e-07,8.820942964604155e-07,0.0
pccv3_n05_random_sparse_r03,5,random_sparse,3,33,1,L33H1,0.5,4,4,False,False,-5.75869607925415,-6.2576165199279785,-0.4989204406738281,-5.75,-6.25,-0.5,0.024282228400928443,0.01674852907197261,-0.007533699328955833,0.010545637802837644,0.007273793755953895,-0.003271844046883749,4.002516616041853,4.001259252897702,-0.0012573631441510358,0.996539128103124,0.997792464256862,0.9933673625032269,0.9958662716671405,0.9947844722543095,0.9946079016835938,-0.00017657057071573945,0.0025072556926471136,0.0017670142304073923,0.0012536278463235568,7.729740301748519e-05,False,1,0.00022976192942614348,0.00023005089844379815,2.8896901765467246e-07,3.71375570284602e-06,3.4931383821190536e-06,-2.2061732072696623e-07,2.7441149226052868e-05,2.5810995466805533e-05,-1.630153759247335e-06,0.996539128103124,0.997792464256862,0.001253336153738016,0.0031717655998971103,0.001926192589721498,-0.0012455730101756123,2.1371188505629247e-05,1.5655160108321354e-05,-5.716028397307893e-06,3.71375570284602e-06,3.2814998263777693e-06,-4.322558764682505e-07,1.283439628233587e-06,1.2850537959484734e-06,1.614167714886438e-09,9.389844908251598e-07,8.832036966250276e-07,-5.578079420013224e-08,8.820942964604155e-07,8.832036966250276e-07,1.1094001646120475e-09
pccv3_n05_random_sparse_r03,5,random_sparse,3,33,1,L33H1,1.5,4,4,False,False,-5.75869607925415,-5.136710166931152,0.621985912322998,-5.75,-5.125,0.625,0.024282228400928443,0.03940777581128969,0.015125547410361245,0.010545637802837644,0.017114579578923553,0.006568941776085909,4.002516616041853,4.005179463443522,0.0026628474016687775,0.996539128103124,0.9937642373925015,0.9933673625032269,0.987855099235877,0.9947844722543095,0.994560159274215,-0.00022431298009450984,0.005550453942041551,0.0038979711787490772,0.0027752269710207755,0.00021126087088930008,False,1,0.00022976192942614348,0.0002596294109591568,2.9867481533013296e-05,3.71375570284602e-06,3.703414647577107e-06,-1.0341055268912725e-08,2.7441149226052868e-05,2.736473858854873e-05,-7.641063750413724e-08,0.996539128103124,0.9937642373925015,-0.002774890710622424,0.0031717655998971103,0.005909138156624547,0.002737372556727437,2.1371188505629247e-05,2.9129612597245848e-05,7.7584240916166e-06,3.71375570284602e-06,3.942264371421068e-06,2.2850866857504782e-07,1.283439628233587e-06,1.2023227029869612e-06,-8.111692524662576e-08,9.389844908251598e-07,8.263435034099207e-07,-1.1264098741523907e-07,8.820942964604155e-07,8.263435034099207e-07,-5.575079305049478e-08
pccv3_n05_random_sparse_r04,5,random_sparse,4,33,1,L33H1,1.0,5,5,True,True,-0.00974729098379612,-0.00974729098379612,0.0,6.25,6.25,0.0,0.026638975096091422,0.026638975096091422,0.0,0.01156915988779065,0.01156915988779065,0.0,4.991224307354354,4.991224307354354,0.0,0.9964791079086609,0.9964791079086609,0.9945554506931341,0.9945554506931341,0.9937991187553337,0.9937991187553337,0.0,0.0,0.0,0.0,0.0,False,0,0.0019236572155267723,0.0019236572155267723,0.0,8.368573609425175e-06,8.368573609425175e-06,0.0,2.2523710310481935e-06,2.2523710310481935e-06,0.0,0.001322108980300445,0.001322108980300445,0.0,0.9964791079086609,0.9964791079086609,0.0,0.00026033869411346943,0.00026033869411346943,0.0,3.0786261828374136e-06,3.0786261828374136e-06,0.0,4.4351815290509754e-07,4.4351815290509754e-07,0.0,3.914033961787896e-07,3.914033961787896e-07,0.0,2.527090259817079e-07,2.527090259817079e-07,0.0
pccv3_n05_random_sparse_r04,5,random_sparse,4,33,1,L33H1,0.5,5,5,True,True,-0.00974729098379612,-0.010699053294956684,-0.0009517623111605644,6.25,6.25,0.0,0.026638975096091422,0.030035509036774835,0.0033965339406834133,0.01156915988779065,0.013044255835826564,0.0014750959480359128,4.991224307354354,4.990567729954632,-0.0006565773997220248,0.9964791079086609,0.9959351535179206,0.9945554506931341,0.9940125463813974,0.9937991187553337,0.993396010139378,-0.00040310861595571623,0.001205403725061381,0.0008122906715296635,0.0006027018625306905,2.9823371972055072e-05,False,1,0.0019236572155267723,0.0019226071365232484,-1.0500790035238277e-06,8.368573609425175e-06,9.477659783743113e-06,1.1090861743179382e-06,2.2523710310481935e-06,2.7153949910513137e-06,4.630239600031202e-07,0.001322108980300445,0.0019226071365232484,0.0006004981562228034,0.9964791079086609,0.9959351535179206,-0.0005439543907402866,0.00026033869411346943,0.0002026413013266568,-5.7697392786812624e-05,3.0786261828374136e-06,3.4866361848564695e-06,4.0801000201905593e-07,4.4351815290509754e-07,5.346929765289917e-07,9.11748236238942e-08,3.914033961787896e-07,4.71864895620573e-07,8.046149944178338e-08,2.527090259817079e-07,3.04658874530474e-07,5.194984854876609e-08
pccv3_n05_random_sparse_r04,5,random_sparse,4,33,1,L33H1,1.5,5,5,True,True,-0.00974729098379612,-0.008472214452922344,0.0012750765308737755,6.25,6.375,0.125,0.026638975096091422,0.024197490849325584,-0.0024414842467658376,0.01156915988779065,0.01050883675176653,-0.001060323136024121,4.991224307354354,4.992538029754106,0.0013137223997521374,0.9964791079086609,0.9968782655920546,0.9945554506931341,0.9951799640447867,0.9937991187553337,0.9946686501292845,0.0008695313739508492,0.0010359241095879961,0.0005562955740253784,0.0005179620547939981,1.815459309994035e-05,False,1,0.0019236572155267723,0.0016983015472679603,-0.000225355668258812,8.368573609425175e-06,7.864696450431694e-06,-5.038771589934806e-07,2.2523710310481935e-06,2.2532732588979907e-06,9.022278497972326e-10,0.001322108980300445,0.001030071957855422,-0.00029203702244502304,0.9964791079086609,0.9968782655920546,0.0003991576833937138,0.00026033869411346943,0.00037894229622222617,0.00011860360210875674,3.0786261828374136e-06,3.2784932464853523e-06,1.9986706364793874e-07,4.4351815290509754e-07,4.16813641804644e-07,-2.6704511100453554e-08,3.914033961787896e-07,3.6783674784760337e-07,-2.3566648331186238e-08,2.527090259817079e-07,2.3749325421383322e-07,-1.5215771767874686e-08
pccv3_n05_random_sparse_r05,5,random_sparse,5,33,1,L33H1,1.0,5,5,True,True,-0.00865777675062418,-0.00865777675062418,0.0,5.75,5.75,0.0,0.024760506750434456,0.024760506750434456,0.0,0.0107533514508419,0.0107533514508419,0.0,5.002108075571422,5.002108075571422,0.0,0.9964860302801744,0.9964860302801744,0.9933144336790085,0.9933144336790085,0.9948755814511401,0.9948755814511401,0.0,0.0,0.0,0.0,0.0,False,0,0.00026034050264226415,0.00026034050264226415,0.0,3.953061728302831e-06,3.953061728302831e-06,0.0,2.2523866778880913e-06,2.2523866778880913e-06,0.0,5.457033389045904e-05,5.457033389045904e-05,0.0,0.9964860302801744,0.9964860302801744,0.0,0.0031715966011658897,0.0031715966011658897,0.0,1.7716393542106497e-05,1.7716393542106497e-05,0.0,1.6478812959741331e-06,1.6478812959741331e-06,0.0,1.063952130473784e-06,1.063952130473784e-06,0.0,8.286067523634726e-07,8.286067523634726e-07,0.0
pccv3_n05_random_sparse_r05,5,random_sparse,5,33,1,L33H1,0.5,5,5,True,True,-0.00865777675062418,-0.007887054234743118,0.0007707225158810616,5.75,6.125,0.375,0.024760506750434456,0.0189634167030972,-0.005797090047337257,0.0107533514508419,0.008235707232187068,-0.0025176442186548315,5.002108075571422,5.001107783151292,-0.0010002924201302221,0.9964860302801744,0.9974687215192248,0.9933144336790085,0.9952867675502363,0.9948755814511401,0.9946617544680976,-0.0002138269830425088,0.001981399203170206,0.0013946790166810086,0.000990699601585103,4.6247650008476e-05,False,1,0.00026034050264226415,0.00026059723913765147,2.5673649538731974e-07,3.953061728302831e-06,4.212162064492398e-06,2.5910033618956696e-07,2.2523866778880913e-06,2.2546078837937e-06,2.221205905608564e-09,5.457033389045904e-05,6.189726969398995e-05,7.326935803530916e-06,0.9964860302801744,0.9974687215192248,0.0009826912390504816,0.0031715966011658897,0.002181953968988542,-0.0009896426321773476,1.7716393542106497e-05,1.6659424134442964e-05,-1.0569694076635325e-06,1.6478812959741331e-06,1.7558903854174966e-06,1.0800908944336341e-07,1.063952130473784e-06,1.0650013538503443e-06,1.0492233765603683e-09,8.286067523634726e-07,8.829171332434835e-07,5.431038088001092e-08
pccv3_n05_random_sparse_r05,5,random_sparse,5,33,1,L33H1,1.5,5,5,True,True,-0.00865777675062418,-0.010124399326741695,-0.0014666225761175156,5.75,5.375,-0.375,0.024760506750434456,0.03270931155723418,0.007948804806799725,0.0107533514508419,0.014205473516161065,0.003452122065319165,5.002108075571422,5.0035514090965245,0.0014433335251027302,0.9964860302801744,0.9950522821351793,0.9933144336790085,0.9904442758809945,0.9948755814511401,0.9948489280605486,-2.665339059149119e-05,0.0028752577662878513,0.002029512074710958,0.0014376288831439257,6.698124982869606e-05,False,1,0.00026034050264226415,0.0002599659236703688,-3.745789718953628e-07,3.953061728302831e-06,3.947374047043103e-06,-5.687681259727723e-09,2.2523866778880913e-06,2.2491459347937543e-06,-3.2407430943369345e-09,5.457033389045904e-05,5.119032552593796e-05,-3.380008364521076e-06,0.9964860302801744,0.9950522821351793,-0.001433748144995084,0.0031715966011658897,0.00460800625418481,0.0014364096530189202,1.7716393542106497e-05,1.8831868347866275e-05,1.1154748057597781e-06,1.6478812959741331e-06,1.751636615259243e-06,1.0375531928510979e-07,1.063952130473784e-06,9.980524585445244e-07,-6.589967192925957e-08,8.286067523634726e-07,7.772840362608164e-07,-5.132271610265612e-08
pccv3_n05_row_r00,5,row,0,33,1,L33H1,1.0,5,5,True,True,-0.007244626525789499,-0.007244626525789499,0.0,6.375,6.375,0.0,0.024488755439706952,0.024488755439706952,0.0,0.01063533135614297,0.01063533135614297,0.0,4.9923534312838145,4.9923534312838145,0.0,0.9968228045566027,0.9968228045566027,0.9951245974938526,0.9951245974938526,0.9959458942107631,0.9959458942107631,0.0,0.0,0.0,0.0,0.0,False,0,0.0016982070627500686,0.0016982070627500686,0.0,3.079688035003615e-06,3.079688035003615e-06,0.0,9.998283192579112e-07,9.998283192579112e-07,0.0,0.0011671595073952299,0.0011671595073952299,0.0,0.9968228045566027,0.9968228045566027,0.0,0.00029510413808947695,0.00029510413808947695,0.0,1.0097908311407952e-05,1.0097908311407952e-05,0.0,1.3666032814217406e-06,1.3666032814217406e-06,0.0,6.455376810097464e-07,6.455376810097464e-07,0.0,5.351695344397307e-07,5.351695344397307e-07,0.0
pccv3_n05_row_r00,5,row,0,33,1,L33H1,0.5,5,5,True,True,-0.007244626525789499,-0.008227502927184105,-0.0009828764013946056,6.375,6.375,0.0,0.024488755439706952,0.02744142788248935,0.0029526724427823975,0.01063533135614297,0.01191766070491116,0.0012823293487681901,4.9923534312838145,4.991762756694854,-0.0005906745889605602,0.9968228045566027,0.996356902861013,0.9951245974938526,0.9946594895176144,0.9959458942107631,0.9954327271099146,-0.0005131671008484773,0.0010641592748644464,0.0007088793927293633,0.0005320796374322232,2.678013763054012e-05,False,1,0.0016982070627500686,0.001697413343398564,-7.937193515045963e-07,3.079688035003615e-06,3.4881126730749754e-06,4.084246380713604e-07,9.998283192579112e-07,1.205459483761263e-06,2.0563116450335183e-07,0.0011671595073952299,0.001697413343398564,0.0005302538360033341,0.9968228045566027,0.996356902861013,-0.00046590169558968775,0.00029510413808947695,0.00022971991559845038,-6.538422249102656e-05,1.0097908311407952e-05,1.0744143426530051e-05,6.462351151220992e-07,1.3666032814217406e-06,1.6476677589526722e-06,2.810644775309316e-07,6.455376810097464e-07,7.783031393589869e-07,1.3276545834924056e-07,5.351695344397307e-07,6.868501097561727e-07,1.51680575316442e-07
pccv3_n05_row_r00,5,row,0,33,1,L33H1,1.5,5,5,True,True,-0.007244626525789499,-0.006274168845266104,0.0009704576805233955,6.375,6.5,0.125,0.024488755439706952,0.02066087674353273,-0.0038278786961742223,0.01063533135614297,0.008972904760999491,-0.0016624265951434795,4.9923534312838145,4.9936910099323235,0.0013375786485090302,0.9968228045566027,0.9973977675345945,0.9951245974938526,0.9958982406398946,0.9959458942107631,0.9963381496780812,0.00039225546731813665,0.0013179972277131532,0.0007665812247948922,0.0006589986138565766,3.41276190382407e-05,False,1,0.0016982070627500686,0.001499526894699843,-0.00019868016805022555,3.079688035003615e-06,2.554623702149015e-06,-5.250643328546e-07,9.998283192579112e-07,8.293648880747995e-07,-1.704634311831117e-07,0.0011671595073952299,0.0007083263499918035,-0.0004588331574034264,0.9968228045566027,0.9973977675345945,0.0005749629779918664,0.00029510413808947695,0.00037913977395425503,8.403563586477809e-05,1.0097908311407952e-05,9.491578519311393e-06,-6.063297920965593e-07,1.3666032814217406e-06,1.284545467273556e-06,-8.205781414818449e-08,6.455376810097464e-07,6.067763142151057e-07,-3.876136679464067e-08,5.351695344397307e-07,4.725578686599051e-07,-6.26116657798256e-08
pccv3_n05_row_r01,5,row,1,33,1,L33H1,1.0,5,5,True,True,-0.0032157397363334894,-0.0032157397363334894,0.0,7.125,7.125,0.0,0.012984698882996212,0.012984698882996212,0.0,0.005639183074060572,0.005639183074060572,0.0,4.996812554095146,4.996812554095146,0.0,0.998453954630608,0.998453954630608,0.9976504657742273,0.9976504657742273,0.9983328636924966,0.9983328636924966,0.0,0.0,0.0,0.0,0.0,False,0,0.000625757750538447,0.000625757750538447,0.0,1.3688395214369543e-06,1.3688395214369543e-06,0.0,5.360452586122882e-07,5.360452586122882e-07,0.0,0.0008034888563807132,0.0008034888563807132,0.0,0.998453954630608,0.998453954630608,0.0,0.00010874039195574585,0.00010874039195574585,0.0,4.488251999357358e-06,4.488251999357358e-06,0.0,7.326869976575951e-07,7.326869976575951e-07,0.0,3.251278843419403e-07,3.251278843419403e-07,0.0,6.074188555703213e-07,6.074188555703213e-07,0.0
pccv3_n05_row_r01,5,row,1,33,1,L33H1,0.5,5,5,True,True,-0.0032157397363334894,-0.0036253698635846376,-0.0004096301272511482,7.125,6.75,-0.375,0.012984698882996212,0.014750320087276177,0.0017656212042799647,0.005639183074060572,0.0064059826202107345,0.0007667995461501627,4.996812554095146,4.996718282484228,-9.427161091846159e-05,0.998453954630608,0.9981859546117118,0.9976504657742273,0.997017199019697,0.9983328636924966,0.9981919886617163,-0.0001408750307803075,0.0007315060484181636,0.0004596213731310655,0.0003657530242090818,1.8927682761147665e-05,False,1,0.000625757750538447,0.0005520810499968327,-7.367670054161436e-05,1.3688395214369543e-06,1.4567309722918055e-06,8.789145085485121e-08,5.360452586122882e-07,6.072558152377993e-07,7.121055662551109e-08,0.0008034888563807132,0.0011687555920148376,0.0003652667356341244,0.998453954630608,0.9981859546117118,-0.0002680000188962639,0.00010874039195574585,8.466437111797756e-05,-2.4076020837768283e-05,4.488251999357358e-06,4.7764369719914e-06,2.881849726340416e-07,7.326869976575951e-07,7.324903334766316e-07,-1.966641809634909e-10,3.251278843419403e-07,3.2504061514064846e-07,-8.726920129186339e-11,6.074188555703213e-07,6.464204504662848e-07,3.900159489596353e-08
pccv3_n05_row_r01,5,row,1,33,1,L33H1,1.5,5,5,True,True,-0.0032157397363334894,-0.0027813343331217766,0.00043440540321171284,7.125,7.375,0.25,0.012984698882996212,0.011425855395640179,-0.001558843487356033,0.005639183074060572,0.004962185949351026,-0.000676997124709546,4.996812554095146,4.997093700876383,0.00028114678123714043,0.998453954630608,0.9986743504812287,0.9976504657742273,0.9980484546027264,0.9983328636924966,0.9985462651128785,0.0002134014203818424,0.0005029016499176817,0.0003355596810156382,0.00025145082495884084,1.2671863532768237e-05,False,1,0.000625757750538447,0.0006258958785022583,1.381279638112097e-07,1.3688395214369543e-06,1.2861895744603518e-06,-8.26499469766025e-08,5.360452586122882e-07,4.7316270189300946e-07,-6.288255671927878e-08,0.0008034888563807132,0.0005523511741187072,-0.000251137682262006,0.998453954630608,0.9986743504812287,0.00022039585062061384,0.00010874039195574585,0.00013965624760645107,3.091585565070522e-05,4.488251999357358e-06,4.489242723178532e-06,9.90723821173865e-10,7.326869976575951e-07,6.884476689718801e-07,-4.4239328685715074e-08,3.251278843419403e-07,3.054968012378615e-07,-1.9631083104078838e-08,6.074188555703213e-07,5.036790743317115e-07,-1.0373978123860976e-07
pccv3_n05_row_r02,5,row,2,33,1,L33H1,1.0,4,4,False,False,-4.270804405212402,-4.270804405212402,0.0,-4.25,-4.25,0.0,0.08081925027105484,0.08081925027105484,0.0,0.035099354424277,0.035099354424277,0.0,4.011746545191384,4.011746545191384,0.0,0.9851152679159341,0.9851152679159341,0.9710633533070547,0.9710633533070547,0.9942091849114263,0.9942091849114263,0.0,0.0,0.0,0.0,0.0,False,0,0.0007927547748697044,0.0007927547748697044,0.0,1.4376558950971274e-06,1.4376558950971274e-06,0.0,5.341539656344e-06,5.341539656344e-06,0.0,0.9851152679159341,0.9851152679159341,0.0,0.014051914608879354,0.014051914608879354,0.0,2.5483060481316146e-05,2.5483060481316146e-05,0.0,4.428291911024506e-06,4.428291911024506e-06,0.0,1.4376558950971274e-06,1.4376558950971274e-06,0.0,4.968405827333401e-07,4.968405827333401e-07,0.0,1.4376558950971274e-06,1.4376558950971274e-06,0.0
pccv3_n05_row_r02,5,row,2,33,1,L33H1,0.5,4,4,False,False,-4.270804405212402,-4.888348579406738,-0.6175441741943359,-4.25,-4.875,-0.625,0.08081925027105484,0.05074047863951986,-0.03007877163153498,0.035099354424277,0.022036309882273293,-0.013063044542003709,4.011746545191384,4.005516605737725,-0.006229939453659128,0.9851152679159341,0.9916915066889834,0.9710633533070547,0.9841198485993699,0.9942091849114263,0.9950073023898085,0.0007981174783822098,0.013152496740539381,0.009233012243159547,0.006576248370269691,0.0005000903445952289,False,1,0.0007927547748697044,0.0007042739096831955,-8.848086518650896e-05,1.4376558950971274e-06,1.4472531155925948e-06,9.59722049546743e-09,5.341539656344e-06,5.0514097196733216e-06,-2.901299366706783e-07,0.9851152679159341,0.9916915066889834,0.006576238773049359,0.014051914608879354,0.007571658089613582,-0.006480256519265771,2.5483060481316146e-05,1.8768263970603108e-05,-6.714796510713038e-06,4.428291911024506e-06,4.1877657454686766e-06,-2.405261655558294e-07,1.4376558950971274e-06,1.2771963917663704e-06,-1.60459503330757e-07,4.968405827333401e-07,4.698542948691948e-07,-2.6986287864145325e-08,1.4376558950971274e-06,1.3595684819851846e-06,-7.808741311194273e-08
pccv3_n05_row_r02,5,row,2,33,1,L33H1,1.5,4,4,False,False,-4.270804405212402,-3.780229330062866,0.49057507514953613,-4.25,-3.75,0.5,0.08081925027105484,0.11786880327065648,0.03704955299960164,0.035099354424277,0.051189770848986064,0.016090416424709063,4.011746545191384,4.020020072688916,0.008273527497531852,0.9851152679159341,0.9759877945409177,0.9710633533070547,0.9530347616303375,0.9942091849114263,0.9940933234072986,-0.00011586150412767893,0.018254973390906964,0.012750972488102393,0.009127486695453482,0.0005580100288858356,False,1,0.0007927547748697044,0.0010084858834480453,0.0002157311085783409,1.4376558950971274e-06,1.613983520943918e-06,1.7632762584679054e-07,5.341539656344e-06,5.996676263915861e-06,6.55136607571861e-07,0.9851152679159341,0.9759877945409177,-0.009127473375016404,0.014051914608879354,0.022953032910580134,0.00890111830170078,2.5483060481316146e-05,3.450848927547026e-05,9.025428794154113e-06,4.428291911024506e-06,4.9714192350875035e-06,5.431273240629976e-07,1.4376558950971274e-06,1.613983520943918e-06,1.7632762584679054e-07,4.968405827333401e-07,5.577777796498436e-07,6.093719691650347e-08,1.4376558950971274e-06,1.424335458055587e-06,-1.3320437041540468e-08
pccv3_n05_row_r03,5,row,3,33,1,L33H1,1.0,4,4,False,False,-0.7739427089691162,-0.7739427089691162,0.0,-0.125,-0.125,0.0,0.726896810947412,0.726896810947412,0.0,0.31568727390753226,0.31568727390753226,0.0,4.449091007916363,4.449091007916363,0.0,0.5278665390022841,0.5278665390022841,0.06202595335471783,0.06202595335471783,0.990019213796586,0.990019213796586,0.0,0.0,0.0,0.0,0.0,False,0,0.005864067554430321,0.005864067554430321,0.0,1.2050410957311134e-05,1.2050410957311134e-05,0.0,1.4535570214662728e-05,1.4535570214662728e-05,0.0,0.5278665390022841,0.5278665390022841,0.0,0.46584058564756625,0.46584058564756625,0.0,0.0003521646294969636,0.0003521646294969636,0.0,3.486902027167844e-05,3.486902027167844e-05,0.0,7.780330077438457e-06,7.780330077438457e-06,0.0,3.2433241098464413e-06,3.2433241098464413e-06,0.0,4.164510591598975e-06,4.164510591598975e-06,0.0
pccv3_n05_row_r03,5,row,3,33,1,L33H1,0.5,4,4,False,False,-0.7739427089691162,-1.2382928133010864,-0.4643501043319702,-0.125,-0.875,-0.75,0.726896810947412,0.6387622777788192,-0.08813453316859277,0.31568727390753226,0.2774109324872933,-0.038276341420238946,4.449091007916363,4.27704784081834,-0.17204316709802292,0.5278665390022841,0.7017967966814088,0.06202595335471783,0.4092443666128892,0.990019213796586,0.990860628385235,0.0008414145886490587,0.34786051535824963,0.24552147032158628,0.17393025767912482,0.01617119651680342,False,1,0.005864067554430321,0.005358284665156665,-0.0005057828892736562,1.2050410957311134e-05,1.1011048498684776e-05,-1.0393624586263586e-06,1.4535570214662728e-05,1.413846613669265e-05,-3.971040779700783e-07,0.5278665390022841,0.7017967966814088,0.17393025767912473,0.46584058564756625,0.2925524300685196,-0.17328815557904664,0.0003521646294969636,0.00022116282118334318,-0.0001310018083136204,3.486902027167844e-05,3.1861525276872826e-05,-3.0074949948056154e-06,7.780330077438457e-06,7.109267237601877e-06,-6.710628398365795e-07,3.2433241098464413e-06,3.154718213333383e-06,-8.860589651305854e-08,4.164510591598975e-06,4.050738368407804e-06,-1.1377222319117048e-07
pccv3_n05_row_r03,5,row,3,33,1,L33H1,1.5,4,5,False,True,-0.7739427089691162,-0.4020829200744629,0.3718597888946533,-0.125,0.75,0.875,0.726896810947412,0.6638746417776445,-0.06302216916976744,0.31568727390753226,0.288317093599529,-0.027370180308003256,4.449091007916363,4.658329930874658,0.2092389229582956,0.5278665390022841,0.6748808751728984,0.06202595335471783,0.35608972265663735,0.990019213796586,0.9911753464725734,0.0011561326759874646,0.418222181517157,0.2956524404694606,0.2091110907585785,0.022674837246425973,True,1,0.005864067554430321,0.00583886363041122,-2.52039240191005e-05,1.2050410957311134e-05,1.0588743183929195e-05,-1.4616677733819397e-06,1.4535570214662728e-05,1.1998617958791268e-05,-2.5369522558714603e-06,0.5278665390022841,0.31879115251626106,-0.20907538648602303,0.46584058564756625,0.6748808751728984,0.20904028952533216,0.0003521646294969636,0.00042296586274311623,7.080123324615265e-05,3.486902027167844e-05,3.06395443308939e-05,-4.229475940784542e-06,7.780330077438457e-06,6.8366064334272695e-06,-9.437236440111874e-07,3.2433241098464413e-06,2.8499215655855757e-06,-3.9340254426086564e-07,4.164510591598975e-06,3.2293842134050827e-06,-9.351263781938921e-07
pccv3_n05_row_r04,5,row,4,33,1,L33H1,1.0,4,4,False,False,-4.638335227966309,-4.638335227966309,0.0,-4.625,-4.625,0.0,0.06043561756025336,0.06043561756025336,0.0,0.0262468552168333,0.0262468552168333,0.0,4.007938207967065,4.007938207967065,0.0,0.9896266169416598,0.9896266169416598,0.9799246589748963,0.9799246589748963,0.997096489104706,0.997096489104706,0.0,0.0,0.0,0.0,0.0,False,0,0.0006202254223325629,0.0006202254223325629,0.0,1.5373851156306516e-06,1.5373851156306516e-06,0.0,5.366001311248104e-06,5.366001311248104e-06,0.0,0.9896266169416598,0.9896266169416598,0.0,0.009701957966763422,0.009701957966763422,0.0,3.499072395010309e-05,3.499072395010309e-05,0.0,5.366001311248104e-06,5.366001311248104e-06,0.0,1.854440431483264e-06,1.854440431483264e-06,0.0,6.408774643254706e-07,6.408774643254706e-07,0.0,1.44423966019844e-06,1.44423966019844e-06,0.0
pccv3_n05_row_r04,5,row,4,33,1,L33H1,0.5,4,4,False,False,-4.638335227966309,-5.258401393890381,-0.6200661659240723,-4.625,-5.25,-0.625,0.06043561756025336,0.03731272495761466,-0.023122892602638702,0.0262468552168333,0.01620471055386579,-0.01004214466296751,4.007938207967065,4.003837556764481,-0.004100651202584515,0.9896266169416598,0.9942566353837812,0.9799246589748963,0.9890392553960966,0.997096489104706,0.9973622262550634,0.0002657371503573813,0.009260050398140113,0.006447232269742627,0.004630025199070057,0.00034947031576672304,False,1,0.0006202254223325629,0.0004852919345724179,-0.000134933487760145,1.5373851156306516e-06,1.4509966088769497e-06,-8.638850675370194e-08,5.366001311248104e-06,5.064475795094675e-06,-3.015255161534284e-07,0.9896266169416598,0.9942566353837812,0.0046300184421214086,0.009701957966763422,0.005217379987684569,-0.004484577979078853,3.499072395010309e-05,2.5719530291146527e-05,-9.27119365895656e-06,5.366001311248104e-06,4.757634718214602e-06,-6.083665930335021e-07,1.854440431483264e-06,1.6441945627541264e-06,-2.1024586872913767e-07,6.408774643254706e-07,6.04865376923112e-07,-3.601208740235861e-08,1.44423966019844e-06,1.4509966088769497e-06,6.756948678509584e-09
pccv3_n05_row_r04,5,row,4,33,1,L33H1,1.5,4,4,False,False,-4.638335227966309,-4.022069454193115,0.6162657737731934,-4.625,-4.0,0.625,0.06043561756025336,0.09662040962654111,0.03618479206628775,0.0262468552168333,0.041961710740038634,0.015714855523205333,4.007938207967065,4.016020873328216,0.008082665361150987,0.9896266169416598,0.9812583424011652,0.9799246589748963,0.9632859689451876,0.997096489104706,0.9968551386572813,-0.00024135044742479295,0.016736549080989222,0.011765798648713686,0.008368274540494611,0.0006384850598547371,False,1,0.0006202254223325629,0.0006968645436114002,7.663912127883732e-05,1.5373851156306516e-06,1.7273545043183668e-06,1.8996938868771516e-07,5.366001311248104e-06,6.029059629187601e-06,6.630583179394975e-07,0.9896266169416598,0.9812583424011652,-0.008368274540494602,0.009701957966763422,0.01797237345597762,0.008270415489214198,3.499072395010309e-05,5.373642354281112e-05,1.8745699592708035e-05,5.366001311248104e-06,6.417900567755566e-06,1.0518992565074624e-06,1.854440431483264e-06,2.217967087174838e-06,3.6352665569157404e-07,6.408774643254706e-07,7.665089148477123e-07,1.2563145052224172e-07,1.44423966019844e-06,1.5243849997265079e-06,8.014533952806778e-08
pccv3_n05_row_r05,5,row,5,33,1,L33H1,1.0,4,4,False,False,-6.2544684410095215,-6.2544684410095215,0.0,-6.25,-6.25,0.0,0.02028565418815894,0.02028565418815894,0.0,0.008809947675715017,0.008809947675715017,0.0,3.9998684026414324,3.9998684026414324,0.0,0.9973281624967515,0.9973281624967515,0.9954028662202833,0.9954028662202833,0.9982085640182277,0.9982085640182277,0.0,0.0,0.0,0.0,0.0,False,0,0.0007082769182765929,0.0007082769182765929,0.0,2.254290174101787e-06,2.254290174101787e-06,0.0,5.4077610040855644e-06,5.4077610040855644e-06,0.0,0.9973281624967515,0.9973281624967515,0.0,0.001925296276468235,0.001925296276468235,0.0,2.1388109670376424e-05,2.1388109670376424e-05,0.0,5.080121327811297e-06,5.080121327811297e-06,0.0,2.117709636923283e-06,2.117709636923283e-06,0.0,7.318608671638288e-07,7.318608671638288e-07,0.0,1.2844558231628803e-06,1.2844558231628803e-06,0.0
pccv3_n05_row_r05,5,row,5,33,1,L33H1,0.5,4,4,False,False,-6.2544684410095215,-6.753298282623291,-0.49882984161376953,-6.25,-6.75,-0.5,0.02028565418815894,0.014148734297180715,-0.006136919890978225,0.008809947675715017,0.006144717231180868,-0.0026652304445341493,3.9998684026414324,3.999567146389975,-0.0003012562514572714,0.9973281624967515,0.998248293881821,0.9954028662202833,0.9970794652980253,0.9982085640182277,0.9984560236486004,0.0002474596303727594,0.0018402651402078367,0.0012013763698013682,0.0009201325701039183,5.191317599298773e-05,False,1,0.0007082769182765929,0.0005521155288727765,-0.00015616138940381641,2.254290174101787e-06,1.9912395132543845e-06,-2.630506608474025e-07,5.4077610040855644e-06,4.776735272717012e-06,-6.310257313685523e-07,0.9973281624967515,0.998248293881821,0.0009201313850695225,0.001925296276468235,0.0011688285837957834,-0.0007564676926724515,2.1388109670376424e-05,1.56623119820992e-05,-5.725797688277225e-06,5.080121327811297e-06,4.487327512792252e-06,-5.927938150190453e-07,2.117709636923283e-06,1.8705964099415158e-06,-2.4711322698176735e-07,7.318608671638288e-07,6.881539619465911e-07,-4.3706905217237754e-08,1.2844558231628803e-06,1.2856408574976862e-06,1.1850343348058772e-09
pccv3_n05_row_r05,5,row,5,33,1,L33H1,1.5,4,4,False,False,-6.2544684410095215,-5.755979061126709,0.4984893798828125,-6.25,-5.75,0.5,0.02028565418815894,0.02852002422901318,0.008234370040854241,0.008809947675715017,0.012386089146407467,0.00357614147069245,3.9998684026414324,4.000855512142075,0.0009871095006426245,0.9973281624967515,0.9959789770241214,0.9954028662202833,0.9928089942623217,0.9982085640182277,0.9980517711360903,-0.00015679288213732434,0.0026983770444676605,0.0018380235548359797,0.0013491885222338303,7.893095923228412e-05,False,1,0.0007082769182765929,0.0008014971602014543,9.322024192486142e-05,2.254290174101787e-06,2.2512405705025295e-06,-3.049603599257447e-09,5.4077610040855644e-06,6.1195063342868e-06,7.117453302012358e-07,0.9973281624967515,0.9959789770241214,-0.0013491854726300767,0.001925296276468235,0.0031699827617997166,0.0012446864853314817,2.1388109670376424e-05,3.107741746618617e-05,9.68930779580975e-06,5.080121327811297e-06,5.4004453853549125e-06,3.203240575436152e-07,2.117709636923283e-06,2.550989769946221e-06,4.3328013302293805e-07,7.318608671638288e-07,7.780079229917867e-07,4.6147055827957855e-08,1.2844558231628803e-06,1.3654464283987443e-06,8.099060523586401e-08
pccv3_n06_dense_r00,6,dense,0,33,1,L33H1,1.0,5,5,False,False,-2.0233609676361084,-2.0233609676361084,0.0,-1.875,-1.875,0.0,0.3959744737395372,0.3959744737395372,0.0,0.17196952891962508,0.17196952891962508,0.0,5.131939129298451,5.131939129298451,0.0,0.8666651874780081,0.8666651874780081,0.7337577763866645,0.7337577763866645,0.9947553723368401,0.9947553723368401,0.0,0.0,0.0,0.0,0.0,False,0,0.0002907337813029957,0.0002907337813029957,0.0,3.4380622304443693e-06,3.4380622304443693e-06,0.0,6.033987128460702e-06,6.033987128460702e-06,0.0,1.97846821115894e-05,1.97846821115894e-05,0.0,0.8666651874780081,0.8666651874780081,0.0,0.13290741109134366,0.13290741109134366,0.0,9.438743944444041e-05,9.438743944444041e-05,0.0,7.278377798966139e-06,7.278377798966139e-06,0.0,2.5153400610842516e-06,2.5153400610842516e-06,0.0,3.229760570045075e-06,3.229760570045075e-06,0.0
pccv3_n06_dense_r00,6,dense,0,33,1,L33H1,0.5,5,5,False,False,-2.0233609676361084,-2.8173556327819824,-0.793994665145874,-1.875,-2.75,-0.875,0.3959744737395372,0.23060357826252648,-0.16537089547701073,0.17196952891962508,0.10014986154655992,-0.07181966737306517,5.131939129298451,5.05920947978096,-0.07272964951749117,0.8666651874780081,0.939584794310347,0.7337577763866645,0.8795191479877422,0.9947553723368401,0.9949741792943314,0.00021880695749132428,0.14584095923662455,0.10306888400136228,0.07292047961831227,0.007786047474292084,False,1,0.0002907337813029957,0.0002454745678241053,-4.52592134788904e-05,3.4380622304443693e-06,3.289361090440143e-06,-1.4870114000422612e-07,6.033987128460702e-06,6.541675651544379e-06,5.076885230836769e-07,1.97846821115894e-05,2.0149779562043834e-05,3.6509745045443484e-07,0.8666651874780081,0.939584794310347,0.07291960683233889,0.13290741109134366,0.06006564632260475,-0.07284176476873891,9.438743944444041e-05,6.20656905089916e-05,-3.2321748935448805e-05,7.278377798966139e-06,6.541675651544379e-06,-7.367021474217601e-07,2.5153400610842516e-06,2.406547983014977e-06,-1.0879207806927457e-07,3.229760570045075e-06,3.0900687766698494e-06,-1.3969179337522574e-07
pccv3_n06_dense_r00,6,dense,0,33,1,L33H1,1.5,5,5,False,False,-2.0233609676361084,-1.6062809228897095,0.4170800447463989,-1.875,-1.375,0.5,0.3959744737395372,0.5070787127833916,0.11110423904385436,0.17196952891962508,0.22022148685243087,0.04825195793280579,5.131939129298451,5.200947401690813,0.06900827239236218,0.8666651874780081,0.7978259390922681,0.7337577763866645,0.5961039511296368,0.9947553723368401,0.9945985411284255,-0.0001568312084145873,0.1377287188257595,0.09733596988317324,0.06886435941287974,0.004277954080480062,False,1,0.0002907337813029957,0.0002676407861366816,-2.3092995166314103e-05,3.4380622304443693e-06,3.369100285765405e-06,-6.896194467896437e-08,6.033987128460702e-06,5.912955146298847e-06,-1.2103198216185482e-07,1.97846821115894e-05,1.821318406852629e-05,-1.571498043063109e-06,0.8666651874780081,0.7978259390922681,-0.06883924838574007,0.13290741109134366,0.20172198796263133,0.06881457687128767,9.438743944444041e-05,0.00014325778951746577,4.887035007302536e-05,7.278377798966139e-06,8.08205143842012e-06,8.036736394539802e-07,2.5153400610842516e-06,2.6238579408001915e-06,1.0851787971593983e-07,3.229760570045075e-06,2.9732205666848452e-06,-2.5654000336022993e-07
pccv3_n06_dense_r01,6,dense,1,33,1,L33H1,1.0,5,5,False,False,-6.255341053009033,-6.255341053009033,0.0,-6.25,-6.25,0.0,0.01805169895976252,0.01805169895976252,0.0,0.007839753247203533,0.007839753247203533,0.0,5.000516238989962,5.000516238989962,0.0,0.9976401979425966,0.9976401979425966,0.9957142992960113,0.9957142992960113,0.9970258569157409,0.9970258569157409,0.0,0.0,0.0,0.0,0.0,False,0,0.00033467100250300554,0.00033467100250300554,0.0,2.254995476996051e-06,2.254995476996051e-06,0.0,1.9900265237912874e-06,1.9900265237912874e-06,0.0,8.461808100042923e-05,8.461808100042923e-05,0.0,0.9976401979425966,0.9976401979425966,0.0,0.0019258986465853162,0.0019258986465853162,0.0,8.378324609058829e-06,8.378324609058829e-06,0.0,9.400219689064752e-07,9.400219689064752e-07,0.0,4.44034936953173e-07,4.44034936953173e-07,0.0,6.069237990343115e-07,6.069237990343115e-07,0.0
pccv3_n06_dense_r01,6,dense,1,33,1,L33H1,0.5,5,5,False,False,-6.255341053009033,-7.004345417022705,-0.7490043640136719,-6.25,-7.0,-0.75,0.01805169895976252,0.011705637569708428,-0.006346061390054093,0.007839753247203533,0.005083693803683761,-0.002756059443519772,5.000516238989962,4.999456512951125,-0.0010597260388376384,0.9976401979425966,0.9986185151277013,0.9957142992960113,0.9977078929132875,0.9970258569157409,0.9970414577896349,1.560087389407272e-05,0.002034828793834849,0.001410455925147029,0.0010174143969174244,9.488219260373278e-05,False,1,0.00033467100250300554,0.00033499919135684296,3.281888538374223e-07,2.254995476996051e-06,2.4027841270790115e-06,1.4778865008296031e-07,1.9900265237912874e-06,1.8712901597206761e-06,-1.1873636407061122e-07,8.461808100042923e-05,0.00012323931530924047,3.862123430881124e-05,0.9976401979425966,0.9986185151277013,0.0009783171851046601,0.0019258986465853162,0.0009106222144137806,-0.0010152764321715356,8.378324609058829e-06,6.531444430348707e-06,-1.8468801787101219e-06,9.400219689064752e-07,8.303799747572444e-07,-1.0964199414923085e-07,4.44034936953173e-07,4.175412730226553e-07,-2.64936639305177e-08,6.069237990343115e-07,5.707112539733722e-07,-3.621254506093931e-08
pccv3_n06_dense_r01,6,dense,1,33,1,L33H1,1.5,5,5,False,False,-6.255341053009033,-5.631719589233398,0.6236214637756348,-6.25,-5.625,0.625,0.01805169895976252,0.027643930060165432,0.009592231100402911,0.007839753247203533,0.012005606283249275,0.004165853036045742,5.000516238989962,5.002215188008887,0.0016989490189249778,0.9976401979425966,0.9960000434864189,0.9957142992960113,0.9924079064461108,0.9970258569157409,0.9972921857359722,0.00026632882023136517,0.003335899285557455,0.002338197093488183,0.0016679496427787275,0.0001294006857703105,False,1,0.00033467100250300554,0.0003341207919789702,-5.502105240353652e-07,2.254995476996051e-06,1.9867548524235545e-06,-2.6824062457249666e-07,1.9900265237912874e-06,1.7533050034587019e-06,-2.367215203325855e-07,8.461808100042923e-05,5.80614876109715e-05,-2.655659338945773e-05,0.9976401979425966,0.9960000434864189,-0.0016401544561777115,0.0019258986465853162,0.003592137040308183,0.0016662383937228668,8.378324609058829e-06,1.0089573664757681e-05,1.7112490556988526e-06,9.400219689064752e-07,8.816171215534851e-07,-5.840484735299013e-08,4.44034936953173e-07,3.912152262107835e-07,-5.281971074238952e-08,6.069237990343115e-07,5.347278143497883e-07,-7.219598468452318e-08
pccv3_n06_dense_r02,6,dense,2,33,1,L33H1,1.0,5,5,False,False,-3.4126429557800293,-3.4126429557800293,0.0,-3.375,-3.375,0.0,0.15016404651177107,0.15016404651177107,0.0,0.06521541678032541,0.06521541678032541,0.0,5.03150495094938,5.03150495094938,0.0,0.9664040380138882,0.9664040380138882,0.9333355103042572,0.9333355103042572,0.9965362797026955,0.9965362797026955,0.0,0.0,0.0,0.0,0.0,False,0,0.0004162713305567055,0.0004162713305567055,0.0,4.62435677012396e-06,4.62435677012396e-06,0.0,5.937791628671196e-06,5.937791628671196e-06,0.0,3.2099398272727276e-05,3.2099398272727276e-05,0.0,0.9664040380138882,0.9664040380138882,0.0,0.03306852770963102,0.03306852770963102,0.0,5.633619842417337e-05,5.633619842417337e-05,0.0,5.578039020238226e-06,5.578039020238226e-06,0.0,2.9857091343073814e-06,2.9857091343073814e-06,0.0,3.6014526737740927e-06,3.6014526737740927e-06,0.0
pccv3_n06_dense_r02,6,dense,2,33,1,L33H1,0.5,5,5,False,False,-3.4126429557800293,-4.022022724151611,-0.609379768371582,-3.375,-4.0,-0.625,0.15016404651177107,0.09455267656525793,-0.05561136994651314,0.06521541678032541,0.041063705681474424,-0.02415171109885099,5.03150495094938,5.01655710931404,-0.014947841635339465,0.9664040380138882,0.981547314245808,0.9333355103042572,0.9635696480858749,0.9965362797026955,0.996608116111247,7.183640855146223e-05,0.030292700636625192,0.021378842941878157,0.015146350318312596,0.0011625738281392081,False,1,0.0004162713305567055,0.00037311455766382996,-4.3156772892875546e-05,4.62435677012396e-06,4.999737932670951e-06,3.753811625469909e-07,5.937791628671196e-06,6.030835133565219e-06,9.3043504894023e-08,3.2099398272727276e-05,3.4705059998163786e-05,2.6056617254365102e-06,0.9664040380138882,0.981547314245808,0.0151432762319198,0.03306852770963102,0.017977666159933108,-0.015090861549697913,5.633619842417337e-05,4.4562179125315334e-05,-1.1774019298858037e-05,5.578039020238226e-06,5.322193325369661e-06,-2.5584569486856463e-07,2.9857091343073814e-06,2.8487648021916e-06,-1.3694433211578157e-07,3.6014526737740927e-06,3.4362662778892842e-06,-1.651863958848085e-07
pccv3_n06_dense_r02,6,dense,2,33,1,L33H1,1.5,5,5,False,False,-3.4126429557800293,-2.816014289855957,0.5966286659240723,-3.375,-2.75,0.625,0.15016404651177107,0.2325164314817014,0.08235238496993033,0.06521541678032541,0.10098060314433845,0.03576518636401303,5.03150495094938,5.058359742587564,0.026854791638184494,0.9664040380138882,0.9393599002676214,0.9333355103042572,0.8793086309401662,0.9965362797026955,0.9965481920555703,1.1912352874787757e-05,0.0540900720507315,0.03820282527729706,0.02704503602536575,0.0020801074091349545,False,1,0.0004162713305567055,0.0004584970992772555,4.222576872055001e-05,4.62435677012396e-06,4.784846596423852e-06,1.6048982629989258e-07,5.937791628671196e-06,6.143864644760059e-06,2.0607301608886305e-07,3.2099398272727276e-05,3.1201119173807116e-05,-8.982790989201604e-07,0.9664040380138882,0.9393599002676214,-0.027044137746266794,0.03306852770963102,0.060051269327455165,0.026982741617824144,5.633619842417337e-05,7.484759393016901e-05,1.8511395505995643e-05,5.578039020238226e-06,6.540109870688426e-06,9.620708504502001e-07,2.9857091343073814e-06,3.089329154164575e-06,1.0362001985719357e-07,3.6014526737740927e-06,3.726442276171443e-06,1.249896023973502e-07
pccv3_n06_dense_r03,6,dense,3,33,1,L33H1,1.0,5,5,False,False,-1.9162724018096924,-1.9162724018096924,0.0,-1.75,-1.75,0.0,0.42312270960457826,0.42312270960457826,0.0,0.18375985794922037,0.18375985794922037,0.0,5.1471753357686465,5.1471753357686465,0.0,0.8516079984631013,0.8516079984631013,0.7036207182962276,0.7036207182962276,0.9943724356082839,0.9943724356082839,0.0,0.0,0.0,0.0,0.0,False,0,0.0002521140600192677,0.0002521140600192677,0.0,1.9249146021464243e-06,1.9249146021464243e-06,0.0,5.929154390259765e-06,5.929154390259765e-06,0.0,3.0110730529875045e-05,3.0110730529875045e-05,0.0,0.8516079984631013,0.8516079984631013,0.0,0.1479872801668737,0.1479872801668737,0.0,0.00010509677624898065,0.00010509677624898065,0.0,5.929154390259765e-06,5.929154390259765e-06,0.0,1.8082899220567558e-06,1.8082899220567558e-06,0.0,1.8082899220567558e-06,1.8082899220567558e-06,0.0
pccv3_n06_dense_r03,6,dense,3,33,1,L33H1,0.5,5,5,False,False,-1.9162724018096924,-2.5850234031677246,-0.6687510013580322,-1.75,-2.5,-0.75,0.42312270960457826,0.27202605323923673,-0.15109665636534153,0.18375985794922037,0.1181394138557207,-0.06562044409349967,5.1471753357686465,5.0749872823701345,-0.07218805339851198,0.8516079984631013,0.923808528803669,0.7036207182962276,0.8479777069880738,0.9943724356082839,0.9942435912627161,-0.00012884434556781343,0.14440684124771455,0.10207581730234498,0.07220342062385728,0.006656986576578096,False,1,0.0002521140600192677,0.00024135288345822256,-1.0761176561045163e-05,1.9249146021464243e-06,1.9615992986920418e-06,3.6684696545617513e-08,5.929154390259765e-06,6.042151210657021e-06,1.129968203972554e-07,3.0110730529875045e-05,3.266356084279172e-05,2.5528303129166737e-06,0.8516079984631013,0.923808528803669,0.07220053034056773,0.1479872801668737,0.07583082181559515,-0.07215645835127855,0.00010509677624898065,6.91487588468192e-05,-3.594801740216145e-05,5.929154390259765e-06,5.676075774785462e-06,-2.530786154743031e-07,1.8082899220567558e-06,1.8427520051970572e-06,3.446208314030131e-08,1.8082899220567558e-06,1.9615992986920418e-06,1.5330937663528593e-07
pccv3_n06_dense_r03,6,dense,3,33,1,L33H1,1.5,5,5,False,False,-1.9162724018096924,-1.2299587726593018,0.6863136291503906,-1.75,-0.875,0.875,0.42312270960457826,0.6104942633665937,0.18737155376201547,0.18375985794922037,0.2651342898137022,0.08137443186448182,5.1471753357686465,5.293166183360648,0.14599084759200132,0.8516079984631013,0.7054224485950423,0.7036207182962276,0.4113586219471542,0.9943724356082839,0.99401767909103,-0.000354756517253918,0.29237480510899605,0.20666053908673615,0.14618740255449802,0.01573830985533639,False,1,0.0002521140600192677,0.00030385545768695085,5.174139766768313e-05,1.9249146021464243e-06,2.0473619692775317e-06,1.2244736713110743e-07,5.929154390259765e-06,5.924238290552975e-06,-4.916099706790342e-09,3.0110730529875045e-05,2.826296019062411e-05,-1.8477703392509365e-06,0.8516079984631013,0.7054224485950423,-0.14618554986805898,0.1479872801668737,0.2940638266478881,0.1460765464810144,0.00010509677624898065,0.00016264210634480891,5.754533009582827e-05,5.929154390259765e-06,7.14599543084304e-06,1.2168410405832742e-06,1.8082899220567558e-06,1.9233185782468353e-06,1.1502865619007942e-07,1.8082899220567558e-06,1.9233185782468353e-06,1.1502865619007942e-07
pccv3_n06_dense_r04,6,dense,4,33,1,L33H1,1.0,5,5,False,False,-5.258399486541748,-5.258399486541748,0.0,-5.25,-5.25,0.0,0.03582458928460164,0.03582458928460164,0.0,0.015558421442752855,0.015558421442752855,0.0,5.004483221958836,5.004483221958836,0.0,0.9944626493992862,0.9944626493992862,0.9892441883492648,0.9892441883492648,0.9971571696394221,0.9971571696394221,0.0,0.0,0.0,0.0,0.0,False,0,0.00015758386920193163,0.00015758386920193163,0.0,1.5448978928658055e-06,1.5448978928658055e-06,0.0,1.9836881606270297e-06,1.9836881606270297e-06,0.0,0.0001390672764680007,0.0001390672764680007,0.0,0.9944626493992862,0.9944626493992862,0.0,0.005218461050021421,0.005218461050021421,0.0,1.560291599284265e-05,1.560291599284265e-05,0.0,1.6445352465495266e-06,1.6445352465495266e-06,0.0,6.855442843091295e-07,6.855442843091295e-07,0.0,7.768234452736946e-07,7.768234452736946e-07,0.0
pccv3_n06_dense_r04,6,dense,4,33,1,L33H1,0.5,5,5,False,False,-5.258399486541748,-5.8809614181518555,-0.6225619316101074,-5.25,-5.875,-0.625,0.03582458928460164,0.022967719818929744,-0.012856869465671893,0.015558421442752855,0.009974753979261142,-0.0055836674634917125,5.004483221958836,5.001992115790554,-0.0024911061682821867,0.9944626493992862,0.996820481572153,0.9892441883492648,0.994020617990529,0.9971571696394221,0.9972269263515727,6.975671215059265e-05,0.004844231969550144,0.003378322473959483,0.002422115984775072,0.00018904944772248425,False,1,0.00015758386920193163,0.00015795749441244465,3.736252105130181e-07,1.5448978928658055e-06,1.6484343755073313e-06,1.0353648264152574e-07,1.9836881606270297e-06,1.988391407922327e-06,4.703247295297452e-09,0.0001390672764680007,0.00020282143758189084,6.375416111389015e-05,0.9944626493992862,0.996820481572153,0.0023578321728667806,0.005218461050021421,0.002799863581623989,-0.0024185974683974317,1.560291599284265e-05,1.2180374076029384e-05,-3.422541916813265e-06,1.6445352465495266e-06,1.5485607855423614e-06,-9.597446100716528e-08,6.855442843091295e-07,7.31488319976563e-07,4.5944035667433506e-08,7.768234452736946e-07,7.786652633781855e-07,1.8418181044909364e-09
pccv3_n06_dense_r04,6,dense,4,33,1,L33H1,1.5,5,5,False,False,-5.258399486541748,-4.637843132019043,0.6205563545227051,-5.25,-4.625,0.625,0.03582458928460164,0.057499258373068254,0.021674669088466617,0.015558421442752855,0.02497161062495289,0.009413189182200035,5.004483221958836,5.009028260103909,0.004545038145073121,0.9944626493992862,0.9900140438047692,0.9892441883492648,0.9803082876386883,0.9971571696394221,0.997196789005443,3.9619366020815505e-05,0.008986464918659098,0.006318850367204487,0.004493232459329549,0.0003473588284743916,False,1,0.00015758386920193163,0.00015687893726450713,-7.049319374245007e-07,1.5448978928658055e-06,1.637178621639984e-06,9.22807287741785e-08,1.9836881606270297e-06,2.102178961843543e-06,1.1849080121651326e-07,0.0001390672764680007,9.515188531405835e-05,-4.391539115394234e-05,0.9944626493992862,0.9900140438047692,-0.0044486055945169856,0.005218461050021421,0.009705756166080957,0.004487295116059537,1.560291599284265e-05,2.1231255408550867e-05,5.628339415708217e-06,1.6445352465495266e-06,1.7427675709945418e-06,9.823232444501514e-08,6.855442843091295e-07,6.824775867913202e-07,-3.066697517809263e-09,7.768234452736946e-07,7.733484217253653e-07,-3.4750235483292934e-09
pccv3_n06_dense_r05,6,dense,5,33,1,L33H1,1.0,5,5,False,False,-2.4692108631134033,-2.4692108631134033,0.0,-2.375,-2.375,0.0,0.29427188455367037,0.29427188455367037,0.0,0.1278006556409298,0.1278006556409298,0.0,5.084252558697764,5.084252558697764,0.0,0.9145948010737239,0.9145948010737239,0.8295242328171231,0.8295242328171231,0.995075480563969,0.995075480563969,0.0,0.0,0.0,0.0,0.0,False,0,0.00023894571824412673,0.00023894571824412673,0.0,2.200613985659888e-06,2.200613985659888e-06,0.0,3.6281990867576444e-06,3.6281990867576444e-06,0.0,1.5275288711847586e-05,1.5275288711847586e-05,0.0,0.9145948010737239,0.9145948010737239,0.0,0.08507056825660081,0.08507056825660081,0.0,6.431136760987905e-05,6.431136760987905e-05,0.0,5.6194646750469316e-06,5.6194646750469316e-06,0.0,1.8243730719870734e-06,1.8243730719870734e-06,0.0,2.825644289905809e-06,2.825644289905809e-06,0.0
pccv3_n06_dense_r05,6,dense,5,33,1,L33H1,0.5,5,5,False,False,-2.4692108631134033,-3.292496681213379,-0.8232858180999756,-2.375,-3.25,-0.875,0.29427188455367037,0.1619770285548787,-0.13229485599879168,0.1278006556409298,0.07034572969646927,-0.05745492594446053,5.084252558697764,5.036620205589753,-0.047632353108010506,0.9145948010737239,0.9624197811314698,0.8295242328171231,0.9251027165165178,0.995075480563969,0.9958165787713824,0.0007410982074134154,0.09564996011549173,0.06758423067082696,0.04782498005774587,0.005091350805956896,False,1,0.00023894571824412673,0.0001958219831704013,-4.312373507372544e-05,2.200613985659888e-06,1.919771171433122e-06,-2.80842814226766e-07,3.6281990867576444e-06,3.16516756521869e-06,-4.630315215389543e-07,1.5275288711847586e-05,1.3325853191616981e-05,-1.949435520230605e-06,0.9145948010737239,0.9624197811314698,0.047824980057745825,0.08507056825660081,0.03731706461495202,-0.04775350364164879,6.431136760987905e-05,4.1046517527026746e-05,-2.3264850082852302e-05,5.6194646750469316e-06,4.064155601816453e-06,-1.5553090732304789e-06,1.8243730719870734e-06,1.4951192916300236e-06,-3.292537803570498e-07,2.825644289905809e-06,2.315686058948983e-06,-5.099582309568263e-07
pccv3_n06_dense_r05,6,dense,5,33,1,L33H1,1.5,5,5,False,False,-2.4692108631134033,-1.9154692888259888,0.5537415742874146,-2.375,-1.75,0.625,0.29427188455367037,0.42277976373107545,0.12850787917740508,0.1278006556409298,0.18361091844876662,0.055810262807836825,5.084252558697764,5.147169146451674,0.06291658775390996,0.9145948010737239,0.8516383588424038,0.8295242328171231,0.7036458028326941,0.995075480563969,0.995135834908524,6.0354344554980344e-05,0.1259159702184439,0.0890094986887231,0.06295798510922195,0.0048621455778474505,False,1,0.00023894571824412673,0.0002521230480495628,1.3177329805436067e-05,2.200613985659888e-06,2.0491339782303856e-06,-1.5148000742950262e-07,3.6281990867576444e-06,3.37845077642281e-06,-2.497483103348343e-07,1.5275288711847586e-05,1.4223809050881692e-05,-1.0514796609658949e-06,0.9145948010737239,0.8516383588424038,-0.06295644223132013,0.08507056825660081,0.14799255600970976,0.06292198775310895,6.431136760987905e-05,8.713139391744909e-05,2.2820026307570043e-05,5.6194646750469316e-06,5.570123657101651e-06,-4.9341017945280855e-08,1.8243730719870734e-06,1.8083543887691653e-06,-1.6018683217908167e-08,2.825644289905809e-06,2.800834067993691e-06,-2.4810221912117982e-08
pccv3_n06_distractors_r00,6,distractors,0,33,1,L33H1,1.0,6,6,True,True,-0.18158729374408722,-0.18158729374408722,0.0,2.125,2.125,0.0,0.39430237630415166,0.39430237630415166,0.0,0.17124334623023257,0.17124334623023257,0.0,6.0735712602126775,6.0735712602126775,0.0,0.885329045248964,0.885329045248964,0.7795915694821394,0.7795915694821394,0.9419610250497499,0.9419610250497499,0.0,0.0,0.0,0.0,0.0,False,0,0.006759570675169175,0.006759570675169175,0.0,2.021075033067735e-05,2.021075033067735e-05,0.0,7.914643548853226e-06,7.914643548853226e-06,0.0,3.299314294810433e-06,3.299314294810433e-06,0.0,0.0008593829720935276,0.0008593829720935276,0.0,0.885329045248964,0.885329045248964,0.0,0.1057374757668247,0.1057374757668247,0.0,0.001250394846265156,0.001250394846265156,0.0,2.9406468214127516e-05,2.9406468214127516e-05,0.0,3.299314294810433e-06,3.299314294810433e-06,0.0
pccv3_n06_distractors_r00,6,distractors,0,33,1,L33H1,0.5,6,6,True,True,-0.18158729374408722,-0.11122029274702072,0.0703670009970665,2.125,2.875,0.75,0.39430237630415166,0.25181444541504877,-0.1424879308891029,0.17124334623023257,0.10936162410728328,-0.06188172212294929,6.0735712602126775,6.028277714245195,-0.04529354596748281,0.885329045248964,0.9403451481436722,0.7795915694821394,0.8872945050842986,0.9419610250497499,0.9515033919901725,0.009542366940422653,0.11051550178617177,0.07620102877018495,0.055257750893085884,0.005026438847644369,False,1,0.006759570675169175,0.004934478466464865,-0.0018250922087043103,2.021075033067735e-05,1.7796508132615615e-05,-2.414242198061734e-06,7.914643548853226e-06,7.89715261268424e-06,-1.7490936168986025e-08,3.299314294810433e-06,3.292022987832962e-06,-7.291306977470867e-09,0.0008593829720935276,0.0011010309704712837,0.000241647998377756,0.885329045248964,0.9403451481436722,0.05501610289470815,0.1057374757668247,0.05305064305937359,-0.05268683270745111,0.001250394846265156,0.0005200902039826143,-0.0007303046422825417,2.9406468214127516e-05,1.6718272212245364e-05,-1.2688196001882152e-05,3.299314294810433e-06,2.905200089999874e-06,-3.941142048105589e-07
pccv3_n06_distractors_r00,6,distractors,0,33,1,L33H1,1.5,6,6,True,True,-0.18158729374408722,-0.3231275975704193,-0.1415403038263321,2.125,1.375,-0.75,0.39430237630415166,0.5749895273254104,0.18068715102125876,0.17124334623023257,0.24971477886958476,0.07847143263935219,6.0735712602126775,6.161270003860627,0.08769874364794994,0.885329045248964,0.7880181862286306,0.7795915694821394,0.5887759865357942,0.9419610250497499,0.9186101191482976,-0.02335090590145228,0.19499039791060363,0.13498307409572677,0.09749519895530182,0.008995117139240654,False,1,0.006759570675169175,0.008754091302885838,0.001994520627716663,2.021075033067735e-05,2.4588440829892022e-05,4.377690499214673e-06,7.914643548853226e-06,8.497537771096792e-06,5.828942222435656e-07,3.299314294810433e-06,3.7707595282365764e-06,4.7144523342614346e-07,0.0008593829720935276,0.0006750430371252095,-0.0001843399349683181,0.885329045248964,0.7880181862286306,-0.09731085902033343,0.1057374757668247,0.19924219969283638,0.09350472392601168,0.001250394846265156,0.0032204502164694254,0.0019700553702042692,2.9406468214127516e-05,4.889995359701338e-05,1.9493485382885863e-05,3.299314294810433e-06,4.272830326308273e-06,9.735160314978397e-07
pccv3_n06_distractors_r01,6,distractors,1,33,1,L33H1,1.0,7,7,False,False,-2.9465463161468506,-2.9465463161468506,0.0,-2.5,-2.5,0.0,0.8098186139271452,0.8098186139271452,0.0,0.351699755371099,0.351699755371099,0.0,7.212369075953344,7.212369075953344,0.0,0.6646489245283771,0.6646489245283771,0.38758203147232934,0.38758203147232934,0.9626647614693411,0.9626647614693411,0.0,0.0,0.0,0.0,0.0,False,0,0.002115431833409722,0.002115431833409722,0.0,1.5172950151453264e-05,1.5172950151453264e-05,0.0,6.732955815701699e-06,6.732955815701699e-06,0.0,3.83632258345901e-06,3.83632258345901e-06,0.0,0.00012704155621058323,0.00012704155621058323,0.0,0.054557706055287654,0.054557706055287654,0.0,0.6646489245283771,0.6646489245283771,0.0,0.27706689305604776,0.27706689305604776,0.0,0.0014539136191156316,0.0014539136191156316,0.0,4.347123000911908e-06,4.347123000911908e-06,0.0
pccv3_n06_distractors_r01,6,distractors,1,33,1,L33H1,0.5,7,7,False,False,-2.9465463161468506,-1.7548538446426392,1.1916924715042114,-2.5,-1.375,1.125,0.8098186139271452,0.7974985108333784,-0.012320103093766743,0.351699755371099,0.3463492025809969,-0.005350552790102103,7.212369075953344,6.9009796284876535,-0.3113894474656904,0.6646489245283771,0.7177623302770325,0.38758203147232934,0.5362835928059146,0.9626647614693411,0.9529078915220452,-0.009756869947295854,0.361281561043764,0.2265059206906448,0.180640780521882,0.0411397846039688,False,1,0.002115431833409722,0.002588655160797893,0.0004732233273881709,1.5172950151453264e-05,1.744222127236527e-05,2.269271120912008e-06,6.732955815701699e-06,7.739938771451078e-06,1.0069829557493793e-06,3.83632258345901e-06,4.410084176441786e-06,5.737615929827758e-07,0.00012704155621058323,0.00025631157054920825,0.00012927001433862503,0.054557706055287654,0.18147873747111784,0.1269210314158302,0.6646489245283771,0.7177623302770325,0.05311340574865542,0.27706689305604776,0.09713856826461335,-0.1799283247914344,0.0014539136191156316,0.000741662120985483,-0.0007122514981301486,4.347123000911908e-06,4.142890683456423e-06,-2.042323174554851e-07
pccv3_n06_distractors_r01,6,distractors,1,33,1,L33H1,1.5,7,8,False,False,-2.9465463161468506,-4.311458587646484,-1.3649122714996338,-2.5,-3.625,-1.125,0.8098186139271452,0.7827061596045883,-0.027112454322556823,0.351699755371099,0.3399249660679586,-0.01177478930314041,7.212369075953344,7.5041256721439495,0.2917565961906057,0.6646489245283771,0.5215467605280862,0.38758203147232934,0.06128335980902039,0.9626647614693411,0.9651206469732188,0.002455885503877653,0.49152562595174953,0.3212461230786559,0.24576281297587477,0.034939296399177006,True,1,0.002115431833409722,0.0014649175131448765,-0.0006505143202648455,1.5172950151453264e-05,1.190613977862041e-05,-3.266810372832854e-06,6.732955815701699e-06,5.283317500212151e-06,-1.4496383154895484e-06,3.83632258345901e-06,3.4111661586626693e-06,-4.2515642479634065e-07,0.00012704155621058323,6.436398353881351e-05,-6.267757267176972e-05,0.054557706055287654,0.013898750386773856,-0.040658955668513796,0.6646489245283771,0.46026340071906585,-0.20438552380931124,0.27706689305604776,0.5215467605280862,0.24447986747203848,0.0014539136191156316,0.00273682622190458,0.0012829126027889485,4.347123000911908e-06,4.380024048267956e-06,3.290104735604799e-08
pccv3_n06_distractors_r02,6,distractors,2,33,1,L33H1,1.0,6,6,True,True,-0.6700121760368347,-0.6700121760368347,0.0,0.375,0.375,0.0,0.9116477269780894,0.9116477269780894,0.0,0.39592357726622646,0.39592357726622646,0.0,6.499384509837866,6.499384509837866,0.0,0.5501259741267958,0.5501259741267958,0.17203029012500926,0.17203029012500926,0.9301548846742662,0.9301548846742662,0.0,0.0,0.0,0.0,0.0,False,0,0.001363625955807496,0.001363625955807496,0.0,2.070556645206337e-05,2.070556645206337e-05,0.0,2.204096075697698e-05,2.204096075697698e-05,0.0,7.226952804621753e-05,7.226952804621753e-05,0.0,0.004200263644700203,0.004200263644700203,0.0,0.5501259741267958,0.5501259741267958,0.0,0.3780956840017865,0.3780956840017865,0.0,0.06570317801058381,0.06570317801058381,0.0,0.0003906853774619091,0.0003906853774619091,0.0,5.572827608942337e-06,5.572827608942337e-06,0.0
pccv3_n06_distractors_r02,6,distractors,2,33,1,L33H1,0.5,6,6,True,True,-0.6700121760368347,-0.2906245291233063,0.37938764691352844,0.375,1.5,1.125,0.9116477269780894,0.5976937169896547,-0.3139540099884347,0.39592357726622646,0.2595750831568509,-0.13634849410937555,6.499384509837866,6.1937482113892655,-0.30563629844860074,0.5501259741267958,0.7980183580003071,0.17203029012500926,0.6199563939783116,0.9301548846742662,0.9370666808863461,0.006911796212079935,0.5030312338457982,0.3226254841088591,0.2515156169228991,0.03894389321759205,False,1,0.001363625955807496,0.0011997720761332692,-0.00016385387967422674,2.070556645206337e-05,1.8217576707094005e-05,-2.4879897449693638e-06,2.204096075697698e-05,2.064321886426982e-05,-1.39774189270716e-06,7.226952804621753e-05,6.358559056162644e-05,-8.683937484591094e-06,0.004200263644700203,0.007823496694087977,0.0036232330493877743,0.5501259741267958,0.7980183580003071,0.2478923838735113,0.3780956840017865,0.1780619640219955,-0.200033719979791,0.06570317801058381,0.014616216071714217,-0.05108696193886959,0.0003906853774619091,0.00017284355537550613,-0.00021784182208640297,5.572827608942337e-06,4.90319425340818e-06,-6.696333555341571e-07
pccv3_n06_distractors_r02,6,distractors,2,33,1,L33H1,1.5,6,7,True,False,-0.6700121760368347,-1.4480538368225098,-0.778041660785675,0.375,-0.75,-1.125,0.9116477269780894,1.0339683908437634,0.12232066386567397,0.39592357726622646,0.44904676660583115,0.05312318933960469,6.499384509837866,6.930472533596124,0.4310880237582575,0.5501259741267958,0.5407323263085305,0.17203029012500926,0.28530846137454047,0.9301548846742662,0.9201460344083898,-0.01000885026587639,0.5927965707555537,0.3620095576278252,0.29639828537777685,0.05252420784752687,True,1,0.001363625955807496,0.0015188058189276757,0.0001551798631201798,2.070556645206337e-05,2.4549209634712328e-05,3.8436431826489595e-06,2.204096075697698e-05,2.61324976269642e-05,4.09153686998722e-06,7.226952804621753e-05,7.561688914446177e-05,3.3473610982442356e-06,0.004200263644700203,0.002504087459729186,-0.001696176184971017,0.5501259741267958,0.25542386493399005,-0.2947021091928057,0.3780956840017865,0.5407323263085305,0.16263664230674402,0.06570317801058381,0.1989243060257162,0.1332211280151324,0.0003906853774619091,0.0007637035265628504,0.0003730181491009413,5.572827608942337e-06,6.607330137370124e-06,1.034502528427787e-06
pccv3_n06_distractors_r03,6,distractors,3,33,1,L33H1,1.0,6,6,True,True,-0.14965508878231049,-0.14965508878231049,0.0,2.75,2.75,0.0,0.3094594318714868,0.3094594318714868,0.0,0.134396523634702,0.134396523634702,0.0,6.0411700055857835,6.0411700055857835,0.0,0.9269407648650868,0.9269407648650868,0.8676834243019522,0.8676834243019522,0.9288672172699535,0.9288672172699535,0.0,0.0,0.0,0.0,0.0,False,0,0.0026035858390220943,0.0026035858390220943,0.0,1.4543511406152609e-05,1.4543511406152609e-05,0.0,9.995599465422902e-06,9.995599465422902e-06,0.0,2.5524657421923353e-05,2.5524657421923353e-05,0.0,0.009087407497378144,0.009087407497378144,0.0,0.9269407648650868,0.9269407648650868,0.0,0.05925734056313463,0.05925734056313463,0.0,0.0020276746902240274,0.0020276746902240274,0.0,3.078861388843169e-05,3.078861388843169e-05,0.0,2.3741629723773714e-06,2.3741629723773714e-06,0.0
pccv3_n06_distractors_r03,6,distractors,3,33,1,L33H1,0.5,6,6,True,True,-0.14965508878231049,-0.10669348388910294,0.04296160489320755,2.75,3.875,1.125,0.3094594318714868,0.19183419642269417,-0.11762523544879261,0.134396523634702,0.0833125329467206,-0.051083990687981404,6.0411700055857835,5.995177154574511,-0.04599285101127215,0.9269407648650868,0.9633437425731018,0.8676834243019522,0.9433501810512253,0.9288672172699535,0.9330014902545827,0.004134272984629206,0.08211386137894076,0.05376758231841957,0.04105693068947038,0.005764236109980679,False,1,0.0026035858390220943,0.0023878903987809923,-0.00021569544024110194,1.4543511406152609e-05,1.4198915334584607e-05,-3.4459607156800154e-07,9.995599465422902e-06,9.75876227992073e-06,-2.3683718550217248e-07,2.5524657421923353e-05,2.1991710277945448e-05,-3.5329471439779047e-06,0.009087407497378144,0.01374136047883349,0.004653952981455345,0.9269407648650868,0.9633437425731018,0.03640297770801504,0.05925734056313463,0.019993561521876584,-0.039263779041258044,0.0020276746902240274,0.00047020349862797613,-0.0015574711915960512,3.078861388843169e-05,1.511466669630914e-05,-1.567394719212255e-05,2.3741629723773714e-06,2.177474190369169e-06,-1.9668878200820259e-07
pccv3_n06_distractors_r03,6,distractors,3,33,1,L33H1,1.5,6,6,True,True,-0.14965508878231049,-0.3711739778518677,-0.2215188890695572,2.75,1.25,-1.5,0.3094594318714868,0.6489508914068017,0.33949145953531495,0.134396523634702,0.28183579116417035,0.14743926752946834,6.0411700055857835,6.218143397658212,0.17697339207242813,0.9269407648650868,0.759802762518167,0.8676834243019522,0.5421156263890883,0.9288672172699535,0.9080302465858949,-0.020836970684058542,0.3393036558570033,0.23053720392284013,0.16965182792850164,0.03041860704017636,False,1,0.0026035858390220943,0.0035185848467356915,0.0009149990077135972,1.4543511406152609e-05,1.8463838722326355e-05,3.920327316173746e-06,9.995599465422902e-06,1.1921150263272263e-05,1.9255507978493614e-06,2.5524657421923353e-05,3.0441723640276138e-05,4.917066218352786e-06,0.009087407497378144,0.006573581915796232,-0.0025138255815819128,0.9269407648650868,0.759802762518167,-0.16713800234691978,0.05925734056313463,0.2176871361290787,0.15842979556594405,0.0020276746902240274,0.012281067840035874,0.010253393149811846,3.078861388843169e-05,7.302589874643257e-05,4.223728485800088e-05,2.3741629723773714e-06,3.014138814093406e-06,6.399758417160348e-07
pccv3_n06_distractors_r04,6,distractors,4,33,1,L33H1,1.0,7,7,False,False,-2.6526713371276855,-2.6526713371276855,0.0,-2.375,-2.375,0.0,0.6694782378259001,0.6694782378259001,0.0,0.29075070444210127,0.29075070444210127,0.0,7.05621978558229,7.05621978558229,0.0,0.7873451552433419,0.7873451552433419,0.6505250827601035,0.6505250827601035,0.9621520538394179,0.9621520538394179,0.0,0.0,0.0,0.0,0.0,False,0,0.0015199337115783572,0.0015199337115783572,0.0,7.975880117043482e-06,7.975880117043482e-06,0.0,3.7675389959634297e-06,3.7675389959634297e-06,0.0,2.1466790114039487e-06,2.1466790114039487e-06,0.0,8.055353561545913e-05,8.055353561545913e-05,0.0,0.07323450744744998,0.07323450744744998,0.0,0.7873451552433419,0.7873451552433419,0.0,0.13682007248323844,0.13682007248323844,0.0,0.000981342961148643,0.000981342961148643,0.0,4.54451950280424e-06,4.54451950280424e-06,0.0
pccv3_n06_distractors_r04,6,distractors,4,33,1,L33H1,0.5,7,7,False,False,-2.6526713371276855,-1.9102122783660889,0.7424590587615967,-2.375,-1.625,0.75,0.6694782378259001,0.6730680672889405,0.003589829463040428,0.29075070444210127,0.29230974756887346,0.001559043126772186,7.05621978558229,6.902247128574471,-0.15397265700781926,0.7873451552433419,0.7801055010156577,0.6505250827601035,0.6264936199746574,0.9621520538394179,0.9637858626122124,0.0016338087727945094,0.1608607734367913,0.1086773374736464,0.08043038671839566,0.014059487004368702,False,1,0.0015199337115783572,0.0015059578911296658,-1.3975820448691462e-05,7.975880117043482e-06,8.954752950351332e-06,9.788728333078508e-07,3.7675389959634297e-06,4.502732556365099e-06,7.351935604016695e-07,2.1466790114039487e-06,2.410139060358948e-06,2.634600489549992e-07,8.055353561545913e-05,0.00013158913401821912,5.103559840275999e-05,0.07323450744744998,0.15361188104100026,0.08037737359355028,0.7873451552433419,0.7801055010156577,-0.007239654227684245,0.13682007248323844,0.06403495897736615,-0.07278511350587229,0.000981342961148643,0.0005897415837047034,-0.0003916013774439396,4.54451950280424e-06,4.502732556365099e-06,-4.178694643914089e-08
pccv3_n06_distractors_r04,6,distractors,4,33,1,L33H1,1.5,7,7,False,False,-2.6526713371276855,-3.722534656524658,-1.0698633193969727,-2.375,-3.375,-1.0,0.6694782378259001,0.6817408029518996,0.012262565125999547,0.29075070444210127,0.29607626881030213,0.0053255643682008635,7.05621978558229,7.207654856169557,0.1514350705872669,0.7873451552433419,0.7336360470009797,0.6505250827601035,0.4954592941990854,0.9621520538394179,0.9629127742355195,0.000760720396101533,0.2039608270133879,0.1243978519636064,0.10198041350669396,0.013600770631344936,False,1,0.0015199337115783572,0.0014162507414187874,-0.00010368297015956977,7.975880117043482e-06,6.981531713189341e-06,-9.943484038541407e-07,3.7675389959634297e-06,3.29784206821132e-06,-4.6969692775210967e-07,2.1466790114039487e-06,1.8790537691419151e-06,-2.6762524226203353e-07,8.055353561545913e-05,4.5525305484556104e-05,-3.5028230130903026e-05,0.07323450744744998,0.025103645053982507,-0.04813086239346748,0.7873451552433419,0.7336360470009797,-0.05370910824236219,0.13682007248323844,0.23817675280189432,0.10135668031865588,0.000981342961148643,0.0016048223367934448,0.0006234793756448019,4.54451950280424e-06,4.798331896014203e-06,2.538123932099629e-07
pccv3_n06_distractors_r05,6,distractors,5,33,1,L33H1,1.0,7,7,False,False,-1.7971305847167969,-1.7971305847167969,0.0,-1.5,-1.5,0.0,0.7096539840969003,0.7096539840969003,0.0,0.3081988093539418,0.3081988093539418,0.0,6.896529886880169,6.896529886880169,0.0,0.7585638109343796,0.7585638109343796,0.5893053463177883,0.5893053463177883,0.9794125605162662,0.9794125605162662,0.0,0.0,0.0,0.0,0.0,False,0,0.0007363328085322893,0.0007363328085322893,0.0,1.7316887856503793e-05,1.7316887856503793e-05,0.0,9.269062131575376e-06,9.269062131575376e-06,0.0,8.70747804643163e-06,8.70747804643163e-06,0.0,0.0004754121927893837,0.0004754121927893837,0.0,0.16925846461659136,0.16925846461659136,0.0,0.7585638109343796,0.7585638109343796,0.0,0.07055742540775563,0.07055742540775563,0.0,0.00037025138802606575,0.00037025138802606575,0.0,3.0092238911137903e-06,3.0092238911137903e-06,0.0
pccv3_n06_distractors_r05,6,distractors,5,33,1,L33H1,0.5,7,7,False,False,-1.7971305847167969,-1.0301563739776611,0.7669742107391357,-1.5,-0.5,1.0,0.7096539840969003,0.7925334049118693,0.08287942081496902,0.3081988093539418,0.34419288447722035,0.03599407512327857,6.896529886880169,6.658544919380282,-0.2379849674998873,0.7585638109343796,0.6025771370623961,0.5893053463177883,0.23709562859219108,0.9794125605162662,0.9766598519024683,-0.0027527086137979495,0.39334139134662344,0.2539298862552722,0.19667069567331172,0.02715618734088065,False,1,0.0007363328085322893,0.0007510490514449432,1.4716242912653872e-05,1.7316887856503793e-05,1.6592834814034324e-05,-7.240530424694698e-07,9.269062131575376e-06,1.0064063046258988e-05,7.950009146836121e-07,8.70747804643163e-06,1.0064063046258988e-05,1.3565849998273582e-06,0.0004754121927893837,0.0009059380846518248,0.0004305258918624411,0.16925846461659136,0.36548150847020505,0.1962230438536137,0.7585638109343796,0.6025771370623961,-0.1559866738719835,0.07055742540775563,0.03000054911983724,-0.04055687628791839,0.00037025138802606575,0.00024382992765874898,-0.00012642146036731677,3.0092238911137903e-06,3.26732289961797e-06,2.5809900850417976e-07
pccv3_n06_distractors_r05,6,distractors,5,33,1,L33H1,1.5,7,7,False,False,-1.7971305847167969,-2.633380889892578,-0.8362503051757812,-1.5,-2.375,-0.875,0.7096539840969003,0.6640719471301952,-0.04558203696670504,0.3081988093539418,0.28840278222539173,-0.019796027128550053,6.896529886880169,7.059221775764276,0.16269188888410646,0.7585638109343796,0.7880771405590067,0.5893053463177883,0.6511298681009174,0.9794125605162662,0.9799816343982002,0.0005690738819339458,0.19234116585694294,0.12035889779872062,0.09617058292847147,0.015325953460513058,False,1,0.0007363328085322893,0.0008143182484118036,7.798543987951425e-05,1.7316887856503793e-05,1.587667828862043e-05,-1.4402095678833646e-06,9.269062131575376e-06,8.498173500903407e-06,-7.708886306719692e-07,8.70747804643163e-06,7.499611792173745e-06,-1.2078662542578848e-06,0.0004754121927893837,0.0002643704285618216,-0.00021104176422756212,0.16925846461659136,0.07330259268769625,-0.09595587192889511,0.7585638109343796,0.7880771405590067,0.02951332962462705,0.07055742540775563,0.1369472724580893,0.06638984705033367,0.00037025138802606575,0.0005596722016572762,0.0001894208136312104,3.0092238911137903e-06,2.7589529951076363e-06,-2.5027089600615396e-07
pccv3_n06_grid_r00,6,grid,0,33,1,L33H1,1.0,6,6,True,True,-0.32454490661621094,-0.32454490661621094,0.0,1.125,1.125,0.0,0.5954790273934236,0.5954790273934236,0.0,0.2586132556860792,0.2586132556860792,0.0,5.728483083112316,5.728483083112316,0.0,0.7499799772474085,0.7499799772474085,0.5064971271646783,0.5064971271646783,0.9638340344529297,0.9638340344529297,0.0,0.0,0.0,0.0,0.0,False,0,0.005726167788542414,0.005726167788542414,0.0,2.822764418870003e-05,2.822764418870003e-05,0.0,1.1054104292125577e-05,1.1054104292125577e-05,0.0,2.065178565679779e-05,2.065178565679779e-05,0.0,0.24348285008273016,0.24348285008273016,0.0,0.7499799772474085,0.7499799772474085,0.0,0.0007280005386881531,0.0007280005386881531,0.0,1.5109169152169352e-05,1.5109169152169352e-05,0.0,5.9168356544010385e-06,5.9168356544010385e-06,0.0,2.0448036866787304e-06,2.0448036866787304e-06,0.0
pccv3_n06_grid_r00,6,grid,0,33,1,L33H1,0.5,6,6,True,True,-0.32454490661621094,-0.4765261709690094,-0.15198126435279846,1.125,0.625,-0.5,0.5954790273934236,0.6868683795126131,0.09138935211918953,0.2586132556860792,0.29830314701615646,0.039689891330077276,5.728483083112316,5.622583091122457,-0.10589999198985911,0.7499799772474085,0.646751127236742,0.5064971271646783,0.3005701949757362,0.9638340344529297,0.9600859790662071,-0.0037480553867226263,0.2066581071273779,0.14561414457108407,0.10332905356368895,0.00641362182417568,False,1,0.005726167788542414,0.006340524945457929,0.0006143571569155147,2.822764418870003e-05,3.327202131175903e-05,5.044377123058999e-06,1.1054104292125577e-05,1.3869842002806243e-05,2.8157377106806653e-06,2.065178565679779e-05,2.5912276251966403e-05,5.260490595168613e-06,0.24348285008273016,0.34618093226100577,0.10269808217827561,0.7499799772474085,0.646751127236742,-0.1032288500106665,0.0007280005386881531,0.0006277969856656535,-0.00010020355302249964,1.5109169152169352e-05,1.673022297847457e-05,1.6210538263052178e-06,5.9168356544010385e-06,7.423991443754763e-06,1.5071557893537245e-06,2.0448036866787304e-06,2.4102171398622607e-06,3.6541345318353035e-07
pccv3_n06_grid_r00,6,grid,0,33,1,L33H1,1.5,6,6,True,True,-0.32454490661621094,-0.2163202464580536,0.10822466015815735,1.125,1.625,0.5,0.5954790273934236,0.4833445555439913,-0.11213447184943232,0.2586132556860792,0.20991387333073522,-0.04869938235534396,5.728483083112316,5.812508311800999,0.08402522868868267,0.7499799772474085,0.8305842211294101,0.5064971271646783,0.6670324907486472,0.9638340344529297,0.9697719811318848,0.005937946678955086,0.161468968115409,0.11351944742376213,0.0807344840577045,0.004995531628341733,False,1,0.005726167788542414,0.004938834311691554,-0.0007873334768508603,2.822764418870003e-05,2.434641505551471e-05,-3.881229133185318e-06,1.1054104292125577e-05,7.425237071819496e-06,-3.6288672203060815e-06,2.065178565679779e-05,1.571922700439492e-05,-4.932558652402871e-06,0.24348285008273016,0.1635517303807629,-0.07993111970196726,0.7499799772474085,0.8305842211294101,0.0806042438820016,0.0007280005386881531,0.0008582407143910062,0.0001302401757028531,1.5109169152169352e-05,1.3031696901931057e-05,-2.077472250238295e-06,5.9168356544010385e-06,4.7940933737980134e-06,-1.1227422806030251e-06,2.0448036866787304e-06,1.6567943369751422e-06,-3.880093497035882e-07
pccv3_n06_grid_r01,6,grid,1,33,1,L33H1,1.0,5,5,False,False,-1.4534173011779785,-1.4534173011779785,0.0,-1.125,-1.125,0.0,0.5958818204088481,0.5958818204088481,0.0,0.2587881864700272,0.2587881864700272,0.0,5.217987574434708,5.217987574434708,0.0,0.7497301395093259,0.7497301395093259,0.5063283998647035,0.5063283998647035,0.9604289088051701,0.9604289088051701,0.0,0.0,0.0,0.0,0.0,False,0,0.0064864366516277985,0.0064864366516277985,0.0,3.0038161003899834e-05,3.0038161003899834e-05,0.0,7.594836486943932e-06,7.594836486943932e-06,0.0,2.490251012882397e-05,2.490251012882397e-05,0.0,0.7497301395093259,0.7497301395093259,0.0,0.24340173964462242,0.24340173964462242,0.0,0.00030337467925075506,0.00030337467925075506,0.0,9.751963084823444e-06,9.751963084823444e-06,0.0,4.327407386900393e-06,4.327407386900393e-06,0.0,1.6946370816329375e-06,1.6946370816329375e-06,0.0
pccv3_n06_grid_r01,6,grid,1,33,1,L33H1,0.5,5,5,False,False,-1.4534173011779785,-1.848551630973816,-0.3951343297958374,-1.125,-1.625,-0.5,0.5958818204088481,0.48550901443339517,-0.1103728059754529,0.2587881864700272,0.21085388588270976,-0.04793430058731746,5.217987574434708,5.138435991182946,-0.07955158325176193,0.7497301395093259,0.8299408521306698,0.5063283998647035,0.6665158086172234,0.9604289088051701,0.9635308359605688,0.0031019271553986982,0.160427840784059,0.11326985596017804,0.0802139203920295,0.004979046179533693,False,1,0.0064864366516277985,0.006336676602098587,-0.0001497600495292111,3.0038161003899834e-05,2.9344634385000144e-05,-6.935266188996904e-07,7.594836486943932e-06,7.898001199515648e-06,3.0316471257171655e-07,2.490251012882397e-05,2.756673286475462e-05,2.664222735930652e-06,0.7497301395093259,0.8299408521306698,0.08021071262134394,0.24340173964462242,0.1634250435134465,-0.07997669613117592,0.00030337467925075506,0.0002168291496733754,-8.654552957737966e-05,9.751963084823444e-06,9.526807956818967e-06,-2.2515512800447725e-07,4.327407386900393e-06,4.500145433188245e-06,1.7273804628785166e-07,1.6946370816329375e-06,1.7622822725004177e-06,6.764519086748013e-08
pccv3_n06_grid_r01,6,grid,1,33,1,L33H1,1.5,5,5,False,False,-1.4534173011779785,-1.0202243328094482,0.4331929683685303,-1.125,-0.5,0.625,0.5958818204088481,0.7071786372035891,0.11129681679474102,0.2587881864700272,0.3071237798573804,0.04833559338735316,5.217987574434708,5.344051681847855,0.12606410741314722,0.7497301395093259,0.6173357245881538,0.5063283998647035,0.24290268028952428,0.9604289088051701,0.9628264654614895,0.002397556656319466,0.2647990080321713,0.18627705514916412,0.13239950401608566,0.010242452123753083,False,1,0.0064864366516277985,0.007771109912451739,0.0012846732608239406,3.0038161003899834e-05,2.9834584641857112e-05,-2.035763620427223e-07,7.594836486943932e-06,6.253668671856508e-06,-1.3411678150874238e-06,2.490251012882397e-05,2.182744840711411e-05,-3.0750617217098593e-06,0.7497301395093259,0.6173357245881538,-0.1323944149211721,0.24340173964462242,0.3744330442986295,0.13103130465400709,0.00030337467925075506,0.0003869007805054199,8.352610125466486e-05,9.751963084823444e-06,9.685871516590438e-06,-6.609156823300606e-08,4.327407386900393e-06,4.037671962752427e-06,-2.897354241479662e-07,1.6946370816329375e-06,1.5811750592890054e-06,-1.1346202234393216e-07
pccv3_n06_grid_r02,6,grid,2,33,1,L33H1,1.0,5,5,False,False,-1.0203640460968018,-1.0203640460968018,0.0,-0.5,-0.5,0.0,0.7157898387625402,0.7157898387625402,0.0,0.31086357717698954,0.31086357717698954,0.0,5.334399770887376,5.334399770887376,0.0,0.6159992159753993,0.6159992159753993,0.24237680512737542,0.24237680512737542,0.964780797224762,0.964780797224762,0.0,0.0,0.0,0.0,0.0,False,0,0.009956699993732788,0.009956699993732788,0.0,3.590946715376473e-05,3.590946715376473e-05,0.0,7.52703322195741e-06,7.52703322195741e-06,0.0,1.922095268607987e-05,1.922095268607987e-05,0.0,0.6159992159753993,0.6159992159753993,0.0,0.3736224108480239,0.3736224108480239,0.0,0.00034069953837931305,0.00034069953837931305,0.0,1.0288234592247033e-05,1.0288234592247033e-05,0.0,6.240129714513929e-06,6.240129714513929e-06,0.0,1.7878270962380494e-06,1.7878270962380494e-06,0.0
pccv3_n06_grid_r02,6,grid,2,33,1,L33H1,0.5,5,5,False,False,-1.0203640460968018,-1.452433705329895,-0.43206965923309326,-0.5,-1.125,-0.625,0.7157898387625402,0.6082792015645023,-0.10751063719803788,0.31086357717698954,0.2641723006959792,-0.046691276481010346,5.334399770887376,5.205498232982165,-0.12890153790521097,0.6159992159753993,0.747537931254016,0.24237680512737542,0.5048478974284433,0.964780797224762,0.9641932323215769,-0.0005875649031850116,0.2631054367259659,0.18559640410312586,0.13155271836298296,0.010191008177853138,False,1,0.009956699993732788,0.009410113810240402,-0.0005465861834923862,3.590946715376473e-05,3.845698435238675e-05,2.5475171986220183e-06,7.52703322195741e-06,1.0350556921580251e-05,2.823523699622841e-06,1.922095268607987e-05,2.4829695277979005e-05,5.608742591899137e-06,0.6159992159753993,0.747537931254016,0.1315387152786167,0.3736224108480239,0.24269003382557272,-0.13093237702245117,0.00034069953837931305,0.0002669443813398101,-7.375515703950293e-05,1.0288234592247033e-05,1.1728717564068794e-05,1.440482971821761e-06,6.240129714513929e-06,7.572629212129952e-06,1.3324994976160222e-06,1.7878270962380494e-06,2.038145502724733e-06,2.5031840648668355e-07
pccv3_n06_grid_r02,6,grid,2,33,1,L33H1,1.5,5,6,False,True,-1.0203640460968018,-0.6780230402946472,0.34234100580215454,-0.5,0.125,0.625,0.7157898387625402,0.7432961388800186,0.027506300117478344,0.31086357717698954,0.3228094115355851,0.011945834358595586,5.334399770887376,5.488122924188615,0.15372315330123953,0.6159992159753993,0.5258139503086456,0.24237680512737542,0.06178476782549547,0.964780797224762,0.9653976606950891,0.0006168634703271891,0.30460314960912543,0.2150750430516454,0.15230157480456272,0.011838014464560597,True,1,0.009956699993732788,0.009630618436511971,-0.000326081557220817,3.590946715376473e-05,3.473343343015753e-05,-1.176033723607203e-06,7.52703322195741e-06,6.425039139497701e-06,-1.1019940824597086e-06,1.922095268607987e-05,1.640691221426303e-05,-2.81404047181684e-06,0.6159992159753993,0.46402918248315017,-0.15197003349224913,0.3736224108480239,0.5258139503086456,0.15219153946062175,0.00034069953837931305,0.0004504300182180949,0.00010973047983878182,1.0288234592247033e-05,1.059309869437071e-05,3.048641021236768e-07,6.240129714513929e-06,6.035765696731995e-06,-2.0436401778193457e-07,1.7878270962380494e-06,1.624504299060275e-06,-1.6332279717777442e-07
pccv3_n06_grid_r03,6,grid,3,33,1,L33H1,1.0,6,6,True,True,-0.10212455689907074,-0.10212455689907074,0.0,2.625,2.625,0.0,0.29022171015889214,0.29022171015889214,0.0,0.12604168725053178,0.12604168725053178,0.0,5.902402402939932,5.902402402939932,0.0,0.9258868279820966,0.9258868279820966,0.8588158111218598,0.8588158111218598,0.975191635142096,0.975191635142096,0.0,0.0,0.0,0.0,0.0,False,0,0.00623857637409473,0.00623857637409473,0.0,2.3950933261076193e-05,2.3950933261076193e-05,0.0,6.055744284876963e-06,6.055744284876963e-06,0.0,7.77572957874355e-06,7.77572957874355e-06,0.0,0.06707101686023685,0.06707101686023685,0.0,0.9258868279820966,0.9258868279820966,0.0,0.0007450916941167626,0.0007450916941167626,0.0,1.282001075168664e-05,1.282001075168664e-05,0.0,6.446306235875023e-06,6.446306235875023e-06,0.0,1.4383653427766156e-06,1.4383653427766156e-06,0.0
pccv3_n06_grid_r03,6,grid,3,33,1,L33H1,0.5,6,6,True,True,-0.10212455689907074,-0.15287381410598755,-0.05074925720691681,2.625,2.125,-0.5,0.29022171015889214,0.38843876751285056,0.09821705735395841,0.12604168725053178,0.1686968132881311,0.04265512603759933,5.902402402939932,5.856508070064878,-0.0458943328750534,0.9258868279820966,0.8857576918599225,0.8588158111218598,0.7799690215560136,0.975191635142096,0.9689309463703921,-0.006260688771703826,0.08032285872535887,0.055780240443367005,0.040161429362679434,0.002446235258876981,False,1,0.00623857637409473,0.007663305573791696,0.001424729199696966,2.3950933261076193e-05,2.942070583911891e-05,5.469772578042717e-06,6.055744284876963e-06,9.55150474209416e-06,3.4957604572171967e-06,7.77572957874355e-06,1.0823272822964456e-05,3.047543244220905e-06,0.06707101686023685,0.10578867030390894,0.03871765344367209,0.9258868279820966,0.8857576918599225,-0.04012913612217417,0.0007450916941167626,0.0007127984536114651,-3.2293240505297505e-05,1.282001075168664e-05,1.6763412878590734e-05,3.943402126904095e-06,6.446306235875023e-06,8.972808324248114e-06,2.526502088373091e-06,1.4383653427766156e-06,2.002104158370646e-06,5.637388155940302e-07
pccv3_n06_grid_r03,6,grid,3,33,1,L33H1,1.5,6,6,True,True,-0.10212455689907074,-0.08491604775190353,0.017208509147167206,2.625,2.875,0.25,0.29022171015889214,0.2532005880669997,-0.037021122091892456,0.12604168725053178,0.1099636182121563,-0.01607806903837547,5.902402402939932,5.9161650190845645,0.013762616144632922,0.9258868279820966,0.9396898902250868,0.8588158111218598,0.886676214287859,0.975191635142096,0.9775452771991695,0.0023536420570735572,0.028126251061519662,0.019702028474639286,0.014063125530759831,0.00044236105513071255,False,1,0.00623857637409473,0.006331580675913075,9.300430181834532e-05,2.3950933261076193e-05,2.283524545845766e-05,-1.115687802618532e-06,6.055744284876963e-06,4.786527476483117e-06,-1.2692168083938462e-06,7.77572957874355e-06,6.96435638411706e-06,-8.113731946264905e-07,0.06707101686023685,0.053013675937227715,-0.014057340923009136,0.9258868279820966,0.9396898902250868,0.013803062242990105,0.0007450916941167626,0.0009121506800680904,0.00016705898595132784,1.282001075168664e-05,1.1482282507230028e-05,-1.3377282444566112e-06,6.446306235875023e-06,5.423846205538704e-06,-1.0224600303363187e-06,1.4383653427766156e-06,1.2102236724623044e-06,-2.2814167031431122e-07
pccv3_n06_grid_r04,6,grid,4,33,1,L33H1,1.0,6,6,True,True,-0.11603564769029617,-0.11603564769029617,0.0,2.5,2.5,0.0,0.3075537964587879,0.3075537964587879,0.0,0.13356891669044743,0.13356891669044743,0.0,5.901664181307256,5.901664181307256,0.0,0.9185052571731648,0.9185052571731648,0.8431097544020617,0.8431097544020617,0.9694484534243202,0.9694484534243202,0.0,0.0,0.0,0.0,0.0,False,0,0.0048198732367610115,0.0048198732367610115,0.0,2.096811409245149e-05,2.096811409245149e-05,0.0,6.80734997596576e-06,6.80734997596576e-06,0.0,7.713738094750097e-06,7.713738094750097e-06,0.0,0.07539550277110305,0.07539550277110305,0.0,0.9185052571731648,0.9185052571731648,0.0,0.0012186548010127691,0.0012186548010127691,0.0,1.7383177135971082e-05,1.7383177135971082e-05,0.0,6.007465268599103e-06,6.007465268599103e-06,0.0,1.832173390552882e-06,1.832173390552882e-06,0.0
pccv3_n06_grid_r04,6,grid,4,33,1,L33H1,0.5,6,6,True,True,-0.11603564769029617,-0.19181010127067566,-0.07577445358037949,2.5,1.875,-0.625,0.3075537964587879,0.43749608917494154,0.12994229271615365,0.13356891669044743,0.19000213738293006,0.05643322069248263,5.901664181307256,5.836121312733079,-0.0655428685741768,0.9185052571731648,0.8603939100648265,0.8431097544020617,0.7284482305132567,0.9694484534243202,0.9594019610676696,-0.01004649235665056,0.11664516842840693,0.08110459911851436,0.058322584214203464,0.004453318185354571,False,1,0.0048198732367610115,0.006569188568678275,0.0017493153319172632,2.096811409245149e-05,2.857824026414411e-05,7.610126171692621e-06,6.80734997596576e-06,1.1913182955368784e-05,5.105832979403024e-06,7.713738094750097e-06,1.1191399687960285e-05,3.4776615932101875e-06,0.07539550277110305,0.13194567955156983,0.05655017678046678,0.9185052571731648,0.8603939100648265,-0.05811134710833832,0.0012186548010127691,0.0010074176951477398,-0.00021123710586502939,1.7383177135971082e-05,2.0908287225040037e-05,3.5251100890689553e-06,6.007465268599103e-06,8.715870840648545e-06,2.708405572049442e-06,1.832173390552882e-06,2.4971388046596662e-06,6.649654141067843e-07
pccv3_n06_grid_r04,6,grid,4,33,1,L33H1,1.5,6,6,True,True,-0.11603564769029617,-0.0831087976694107,0.03292685002088547,2.5,3.0,0.5,0.3075537964587879,0.23054225726120056,-0.07701153919758733,0.13356891669044743,0.10012323017405929,-0.03344568651638814,5.901664181307256,5.932500641693414,0.030836460386158393,0.9185052571731648,0.9468088989972014,0.8431097544020617,0.8996700596115258,0.9694484534243202,0.971950109289196,0.002501655864875829,0.05739597881239486,0.03999850186024291,0.02869798940619743,0.0017701642498467512,False,1,0.0048198732367610115,0.004384595067442127,-0.0004352781693188843,2.096811409245149e-05,1.9074503645060313e-05,-1.893610447391177e-06,6.80734997596576e-06,5.46493679203696e-06,-1.3424131839287997e-06,7.713738094750097e-06,6.591972069728637e-06,-1.1217660250214603e-06,0.07539550277110305,0.04713883938567565,-0.028256663385427393,0.9185052571731648,0.9468088989972014,0.028303641824036663,0.0012186548010127691,0.0016130023831736721,0.000394347582160903,1.7383177135971082e-05,1.68331903851043e-05,-5.499867508667809e-07,6.007465268599103e-06,5.133833009889492e-06,-8.736322587096115e-07,1.832173390552882e-06,1.5657306054563283e-06,-2.664427850965537e-07
pccv3_n06_grid_r05,6,grid,5,33,1,L33H1,1.0,6,6,True,True,-0.4391598701477051,-0.4391598701477051,0.0,0.75,0.75,0.0,0.6973897438185931,0.6973897438185931,0.0,0.30287251747633737,0.30287251747633737,0.0,5.614760876121116,5.614760876121116,0.0,0.669306533809619,0.669306533809619,0.3531485137069319,0.3531485137069319,0.9630531242057714,0.9630531242057714,0.0,0.0,0.0,0.0,0.0,False,0,0.013891013943759674,0.013891013943759674,0.0,3.9016999321305116e-05,3.9016999321305116e-05,0.0,1.2666965098580762e-05,1.2666965098580762e-05,0.0,2.366500633835856e-05,2.366500633835856e-05,0.0,0.3161580201026871,0.3161580201026871,0.0,0.669306533809619,0.669306533809619,0.0,0.0005386130616486859,0.0005386130616486859,0.0,1.7313688496264465e-05,1.7313688496264465e-05,0.0,1.0501282905698318e-05,1.0501282905698318e-05,0.0,2.655140125308056e-06,2.655140125308056e-06,0.0
pccv3_n06_grid_r05,6,grid,5,33,1,L33H1,0.5,6,6,True,True,-0.4391598701477051,-0.582597017288208,-0.14343714714050293,0.75,0.375,-0.375,0.6973897438185931,0.7505621345778699,0.05317239075927682,0.30287251747633737,0.32596499337269474,0.02309247589635738,5.614760876121116,5.521821979896826,-0.09293889622428964,0.669306533809619,0.5831071576081818,0.3531485137069319,0.18234385979780077,0.9630531242057714,0.9577077132398699,-0.005345410965901465,0.17253748736983748,0.1207936551045639,0.08626874368491874,0.004010876361362416,False,1,0.013891013943759674,0.015539279400626015,0.001648265456866341,3.9016999321305116e-05,4.364663776758824e-05,4.629638446283125e-06,1.2666965098580762e-05,1.6056700710952732e-05,3.3897356123719694e-06,2.366500633835856e-05,2.6473023999413638e-05,2.808017661055077e-06,0.3161580201026871,0.400763297810381,0.08460527770769388,0.669306533809619,0.5831071576081818,-0.08619937620143725,0.0005386130616486859,0.00046924557816723937,-6.936748348144653e-05,1.7313688496264465e-05,1.9368078103450548e-05,2.0543896071860833e-06,1.0501282905698318e-05,1.2504971087233169e-05,2.0036881815348507e-06,2.655140125308056e-06,2.970190975404644e-06,3.15050850096588e-07
pccv3_n06_grid_r05,6,grid,5,33,1,L33H1,1.5,6,6,True,True,-0.4391598701477051,-0.32704007625579834,0.11211979389190674,0.75,1.125,0.375,0.6973897438185931,0.621055511147978,-0.07633423267061512,0.30287251747633737,0.2697209814471703,-0.03315153602916704,5.614760876121116,5.6982605982745875,0.0834997221534719,0.669306533809619,0.7453028485472752,0.3531485137069319,0.5033384398371958,0.9630531242057714,0.9674655779724617,0.004412453766690305,0.15211494296154682,0.1062239951246074,0.07605747148077341,0.0035283819054113064,False,1,0.013891013943759674,0.012046698559038494,-0.0018443153847211794,3.9016999321305116e-05,3.383669697582618e-05,-5.180302345478936e-06,1.2666965098580762e-05,9.107023444099436e-06,-3.5599416544813266e-06,2.366500633835856e-05,1.927956878245052e-05,-4.38543755590804e-06,0.3161580201026871,0.24196440871007935,-0.07419361139260777,0.669306533809619,0.7453028485472752,0.07599631473765622,0.0005386130616486859,0.0005997698047658976,6.115674311721168e-05,1.7313688496264465e-05,1.410523384059258e-05,-3.2084546556718845e-06,1.0501282905698318e-05,8.036919981183045e-06,-2.4643629245152733e-06,2.655140125308056e-06,1.908935816935251e-06,-7.462043083728051e-07
pccv3_n06_random_sparse_r00,6,random_sparse,0,33,1,L33H1,1.0,6,6,True,True,-0.4419245719909668,-0.4419245719909668,0.0,0.625,0.625,0.0,0.6538217003631434,0.6538217003631434,0.0,0.2839511566163145,0.2839511566163145,0.0,5.649267226592989,5.649267226592989,0.0,0.6507965684651937,0.6507965684651937,0.30245026755325727,0.30245026755325727,0.9877097623939335,0.9877097623939335,0.0,0.0,0.0,0.0,0.0,False,0,0.0005237174815197643,0.0005237174815197643,0.0,7.95222991285272e-06,7.95222991285272e-06,0.0,1.3111010606818106e-05,1.3111010606818106e-05,0.0,1.9076407869888517e-05,1.9076407869888517e-05,0.0,0.34834630091193647,0.34834630091193647,0.0,0.6507965684651937,0.6507965684651937,0.0,0.0002633416876435502,0.0002633416876435502,0.0,1.7920626744531065e-05,1.7920626744531065e-05,0.0,5.817975689220042e-06,5.817975689220042e-06,0.0,6.1932028832935476e-06,6.1932028832935476e-06,0.0
pccv3_n06_random_sparse_r00,6,random_sparse,0,33,1,L33H1,0.5,6,5,True,False,-0.4419245719909668,-0.7723150849342346,-0.3303905129432678,0.625,-0.125,-0.75,0.6538217003631434,0.6996128292149555,0.045791128851812135,0.2839511566163145,0.3038379911967773,0.01988683458046281,5.649267226592989,5.466009455416798,-0.1832577711761907,0.6507965684651937,0.5306598338893908,0.30245026755325727,0.06235417415594746,0.9877097623939335,0.9864121260493448,-0.0012976363445886818,0.3650218613101734,0.2579557889896974,0.1825109306550867,0.017002671028885398,True,1,0.0005237174815197643,0.0007040690831364776,0.0001803516016167133,7.95222991285272e-06,1.0690724333633669e-05,2.738494420780948e-06,1.3111010606818106e-05,1.6558117762277024e-05,3.4471071554589184e-06,1.9076407869888517e-05,2.5645714478566672e-05,6.569306608678155e-06,0.34834630091193647,0.5306598338893908,0.18231353297745428,0.6507965684651937,0.4683056597334433,-0.18249090873175045,0.0002633416876435502,0.0002433197643073157,-2.0021923336234514e-05,1.7920626744531065e-05,1.997290251833339e-05,2.0522757738023265e-06,5.817975689220042e-06,6.902450412457386e-06,1.084474723237344e-06,6.1932028832935476e-06,7.347620217016181e-06,1.154417333722633e-06
pccv3_n06_random_sparse_r00,6,random_sparse,0,33,1,L33H1,1.5,6,6,True,True,-0.4419245719909668,-0.26304036378860474,0.17888420820236206,0.625,1.25,0.625,0.6538217003631434,0.5370553341948543,-0.11676636616828906,0.2839511566163145,0.23324016811753198,-0.0507109884987825,5.649267226592989,5.775597512190213,0.12633028559722437,0.6507965684651937,0.7766920168867346,0.30245026755325727,0.5541660283656694,0.9877097623939335,0.9897241667918024,0.0020144043978689297,0.25185469972172403,0.1779899571759564,0.12592734986086201,0.00977248429189431,False,1,0.0005237174815197643,0.0004295762149586502,-9.414126656111412e-05,7.95222991285272e-06,6.522770285481313e-06,-1.4294596273714077e-06,1.3111010606818106e-05,1.0102664249183871e-05,-3.0083463576342345e-06,1.9076407869888517e-05,1.5647312486063837e-05,-3.4290953838246795e-06,0.34834630091193647,0.22252598852106523,-0.12582031239087124,0.6507965684651937,0.7766920168867346,0.12589544842154088,0.0002633416876435502,0.0002952431269646863,3.190143932113609e-05,1.7920626744531065e-05,1.5647312486063837e-05,-2.2733142584672274e-06,5.817975689220042e-06,4.483030085227636e-06,-1.3349456039924059e-06,6.1932028832935476e-06,4.772160684886877e-06,-1.4210421984066703e-06
pccv3_n06_random_sparse_r01,6,random_sparse,1,33,1,L33H1,1.0,5,5,False,False,-2.706648588180542,-2.706648588180542,0.0,-2.625,-2.625,0.0,0.25907323983663544,0.25907323983663544,0.0,0.11251407846984848,0.11251407846984848,0.0,5.062063385876404,5.062063385876404,0.0,0.9310095756685715,0.9310095756685715,0.8635674682105786,0.8635674682105786,0.9898885211819106,0.9898885211819106,0.0,0.0,0.0,0.0,0.0,False,0,0.0013997162850975492,0.0013997162850975492,0.0,6.900023666774181e-06,6.900023666774181e-06,0.0,6.089249513688617e-06,6.089249513688617e-06,0.0,1.372233560711841e-05,1.372233560711841e-05,0.0,0.9310095756685715,0.9310095756685715,0.0,0.06744210745799287,0.06744210745799287,0.0,0.00010793453021153477,0.00010793453021153477,0.0,7.818751144129652e-06,7.818751144129652e-06,0.0,3.2593403933055355e-06,3.2593403933055355e-06,0.0,2.8763578015609923e-06,2.8763578015609923e-06,0.0
pccv3_n06_random_sparse_r01,6,random_sparse,1,33,1,L33H1,0.5,5,5,False,False,-2.706648588180542,-3.179394483566284,-0.4727458953857422,-2.625,-3.125,-0.5,0.25907323983663544,0.18533578486551072,-0.07373745497112472,0.11251407846984848,0.08049030866629951,-0.03202376980354897,5.062063385876404,5.037118198147029,-0.02494518772937493,0.9310095756685715,0.9565832724908452,0.8635674682105786,0.914553936742153,0.9898885211819106,0.9900428609435039,0.00015433976159329177,0.05114739364454732,0.03605330355126597,0.02557369682227366,0.0015776025595581238,False,1,0.0013997162850975492,0.0012691759665886136,-0.00013054031850893554,6.900023666774181e-06,6.256513766396676e-06,-6.435099003775046e-07,6.089249513688617e-06,5.186832090639371e-06,-9.024174230492459e-07,1.372233560711841e-05,1.3245039747399189e-05,-4.772958597192216e-07,0.9310095756685715,0.9565832724908452,0.025573696822273728,0.06744210745799287,0.042029335748692116,-0.02541277170930075,0.00010793453021153477,8.113570503896582e-05,-2.6798825172568943e-05,7.818751144129652e-06,6.660024236472568e-06,-1.158726907657084e-06,3.2593403933055355e-06,2.9553678400095e-06,-3.039725532960357e-07,2.8763578015609923e-06,2.7763111543237707e-06,-1.0004664723722154e-07
pccv3_n06_random_sparse_r01,6,random_sparse,1,33,1,L33H1,1.5,5,5,False,False,-2.706648588180542,-2.249788761138916,0.456859827041626,-2.625,-2.125,0.5,0.25907323983663544,0.3508911256486638,0.09181788581202838,0.11251407846984848,0.15239007961803527,0.03987600114818679,5.062063385876404,5.101408606031861,0.03934522015545738,0.9310095756685715,0.8919740816740972,0.8635674682105786,0.7854429694827784,0.9898885211819106,0.9895840043277531,-0.0003045168541575549,0.07819649598638238,0.055242407770030096,0.03909824799319119,0.0024239871699959577,False,1,0.0013997162850975492,0.0013410287935090158,-5.868749158853331e-05,6.900023666774181e-06,6.21019536206839e-06,-6.89828304705791e-07,6.089249513688617e-06,4.836505011005268e-06,-1.2527445026833487e-06,1.372233560711841e-05,1.2350448209971572e-05,-1.3718873971468377e-06,0.9310095756685715,0.8919740816740972,-0.03903549399447426,0.06744210745799287,0.10653111219131882,0.03908900473332595,0.00010793453021153477,0.0001171777900768373,9.243259865302528e-06,7.818751144129652e-06,7.49092550054077e-06,-3.278256435888823e-07,3.2593403933055355e-06,3.1226823334166673e-06,-1.3665805988886823e-07,2.8763578015609923e-06,2.5887945812299345e-06,-2.8756322033105774e-07
pccv3_n06_random_sparse_r02,6,random_sparse,2,33,1,L33H1,1.0,5,5,False,False,-1.1498560905456543,-1.1498560905456543,0.0,-0.75,-0.75,0.0,0.6370215296441876,0.6370215296441876,0.0,0.2766549351780394,0.2766549351780394,0.0,5.3179080948913,5.3179080948913,0.0,0.6783757977475965,0.6783757977475965,0.35793376070262856,0.35793376070262856,0.9882671975437916,0.9882671975437916,0.0,0.0,0.0,0.0,0.0,False,0,0.0007942963968206162,0.0007942963968206162,0.0,1.1330029597324562e-05,1.1330029597324562e-05,0.0,1.548631432824528e-05,1.548631432824528e-05,0.0,2.717932808093788e-05,2.717932808093788e-05,0.0,0.6783757977475965,0.6783757977475965,0.0,0.32044203704496793,0.32044203704496793,0.0,0.0002922053145868585,0.0002922053145868585,0.0,2.3985672845758193e-05,2.3985672845758193e-05,0.0,9.392924446027818e-06,9.392924446027818e-06,0.0,8.289226729830677e-06,8.289226729830677e-06,0.0
pccv3_n06_random_sparse_r02,6,random_sparse,2,33,1,L33H1,0.5,5,5,False,False,-1.1498560905456543,-1.7138171195983887,-0.5639610290527344,-0.75,-1.5,-0.75,0.6370215296441876,0.48398595256108745,-0.15303557708310012,0.2766549351780394,0.21019242851596928,-0.06646250666207013,5.3179080948913,5.17976086519454,-0.1381472296967603,0.6783757977475965,0.8166972060995245,0.35793376070262856,0.6344674277097624,0.9882671975437916,0.9887336578431132,0.0004664602993216249,0.27665388994379503,0.19553886352995953,0.13832694497189751,0.01283041947833766,False,1,0.0007942963968206162,0.0007447314535609163,-4.956494325969994e-05,1.1330029597324562e-05,1.2037462819268775e-05,7.074332219442125e-07,1.548631432824528e-05,1.7514405055821877e-05,2.0280907275765965e-06,2.717932808093788e-05,2.8876372159191393e-05,1.6970440782535128e-06,0.6783757977475965,0.8166972060995245,0.13832140835192797,0.32044203704496793,0.1822297783897621,-0.13821225865520584,0.0002922053145868585,0.00022713026065321988,-6.507505393363861e-05,2.3985672845758193e-05,2.3939353347383504e-05,-4.631949837468935e-08,9.392924446027818e-06,9.979407186187748e-06,5.864827401599299e-07,8.289226729830677e-06,8.806795931441139e-06,5.175692016104621e-07
pccv3_n06_random_sparse_r02,6,random_sparse,2,33,1,L33H1,1.5,5,5,False,False,-1.1498560905456543,-0.7059522271156311,0.4439038634300232,-0.75,0.0,0.75,0.6370215296441876,0.7027104828936749,0.06568895324948731,0.2766549351780394,0.3051832850962924,0.028528349918252982,5.3179080948913,5.497174174292103,0.17926607940080252,0.6783757977475965,0.49940285882313373,0.35793376070262856,0.0,0.9882671975437916,0.9884571106149451,0.00018991307115356904,0.3580468580779895,0.2530974010221556,0.17902342903899476,0.016672662250809087,False,1,0.0007942963968206162,0.0007508218310397447,-4.347456578087153e-05,1.1330029597324562e-05,1.0061018291087653e-05,-1.2690113062369094e-06,1.548631432824528e-05,1.3751781527102153e-05,-1.7345328011431273e-06,2.717932808093788e-05,2.413512821064124e-05,-3.0441998702966404e-06,0.6783757977475965,0.49940285882313373,-0.17897293892446275,0.32044203704496793,0.49940285882313373,0.1789608217781658,0.0002922053145868585,0.0003546631200509408,6.245780546408229e-05,2.3985672845758193e-05,2.413512821064124e-05,1.4945536488304655e-07,9.392924446027818e-06,8.878817478731812e-06,-5.141069672960052e-07,8.289226729830677e-06,7.835528923594791e-06,-4.536978062358854e-07
pccv3_n06_random_sparse_r03,6,random_sparse,3,33,1,L33H1,1.0,5,5,False,False,-3.177272319793701,-3.177272319793701,0.0,-3.125,-3.125,0.0,0.17950748680195525,0.17950748680195525,0.0,0.07795911097840996,0.07795911097840996,0.0,5.0405568637741265,5.0405568637741265,0.0,0.9573947777656227,0.9573947777656227,0.9153297869635376,0.9153297869635376,0.9913052334809436,0.9913052334809436,0.0,0.0,0.0,0.0,0.0,False,0,0.00041239065890866006,0.00041239065890866006,0.0,8.040337832898416e-06,8.040337832898416e-06,0.0,9.698498709606005e-06,9.698498709606005e-06,0.0,2.185590422583955e-05,2.185590422583955e-05,0.0,0.9573947777656227,0.9573947777656227,0.0,0.04206499080208506,0.04206499080208506,0.0,7.166275104068531e-05,7.166275104068531e-05,0.0,8.040337832898416e-06,8.040337832898416e-06,0.0,3.3517114679195557e-06,3.3517114679195557e-06,0.0,5.191232273793294e-06,5.191232273793294e-06,0.0
pccv3_n06_random_sparse_r03,6,random_sparse,3,33,1,L33H1,0.5,5,5,False,False,-3.177272319793701,-3.782660961151123,-0.6053886413574219,-3.125,-3.75,-0.625,0.17950748680195525,0.11396655457976916,-0.06554093222218609,0.07795911097840996,0.04949504577551952,-0.028464065202890444,5.0405568637741265,5.021591917082599,-0.018964946691527373,0.9573947777656227,0.976549766836065,0.9153297869635376,0.9535835176038695,0.9913052334809436,0.9911083831377709,-0.00019685034317262762,0.03831158262892914,0.027049536953797672,0.01915579131446457,0.0014715537504632855,False,1,0.00041239065890866006,0.00037121484517506115,-4.117581373359891e-05,8.040337832898416e-06,7.704318320496357e-06,-3.3601951240205974e-07,9.698498709606005e-06,9.892540541770335e-06,1.9404183216432978e-07,2.185590422583955e-05,2.229318424479645e-05,4.372800189569009e-07,0.9573947777656227,0.976549766836065,0.01915498907044233,0.04206499080208506,0.022966249232195528,-0.019098741569889534,7.166275104068531e-05,5.692764027416675e-05,-1.4735110766518557e-05,8.040337832898416e-06,7.237537270347456e-06,-8.028005625509605e-07,3.3517114679195557e-06,3.4187705307286413e-06,6.705906280908556e-08,5.191232273793294e-06,5.295095382070015e-06,1.0386310827672098e-07
pccv3_n06_random_sparse_r03,6,random_sparse,3,33,1,L33H1,1.5,5,5,False,False,-3.177272319793701,-2.588982582092285,0.588289737701416,-3.125,-2.5,0.625,0.17950748680195525,0.27405581825904946,0.09454833145709421,0.07795911097840996,0.11902092960338562,0.041061818624975654,5.0405568637741265,5.0742108207957815,0.03365395702165497,0.9573947777656227,0.9235773459557103,0.9153297869635376,0.8477655007838717,0.9913052334809436,0.9905630106165972,-0.0007422228643463313,0.0676348636198249,0.04777521520098883,0.03381743180991245,0.0026031487332248762,False,1,0.00041239065890866006,0.00045079370958696173,3.8403050678301675e-05,8.040337832898416e-06,8.2565747981077e-06,2.1623696520928309e-07,9.698498709606005e-06,1.0601651895553742e-05,9.031531859477367e-07,2.185590422583955e-05,2.2443697239009067e-05,5.87793013169518e-07,0.9573947777656227,0.9235773459557103,-0.03381743180991237,0.04206499080208506,0.07581184517183859,0.033746854369753526,7.166275104068531e-05,0.00010058567261404354,2.8922921573358226e-05,8.040337832898416e-06,8.789078122226488e-06,7.48740289328072e-07,3.3517114679195557e-06,3.663832857143526e-06,3.1212138922397026e-07,5.191232273793294e-06,5.674655338275157e-06,4.834230644818628e-07
pccv3_n06_random_sparse_r04,6,random_sparse,4,33,1,L33H1,1.0,5,5,False,False,-0.7709318995475769,-0.7709318995475769,0.0,-0.125,-0.125,0.0,0.6982200672582661,0.6982200672582661,0.0,0.3032331223643823,0.3032331223643823,0.0,5.466261365158794,5.466261365158794,0.0,0.530755146402246,0.530755146402246,0.06236537367143041,0.06236537367143041,0.9876001172267479,0.9876001172267479,0.0,0.0,0.0,0.0,0.0,False,0,0.000621450384552426,0.000621450384552426,0.0,5.723360174391404e-06,5.723360174391404e-06,0.0,1.1382260830727224e-05,1.1382260830727224e-05,0.0,2.126486278344527e-05,2.126486278344527e-05,0.0,0.530755146402246,0.530755146402246,0.0,0.46838977273081556,0.46838977273081556,0.0,0.00017804851618487985,0.00017804851618487985,0.0,1.004480992752674e-05,1.004480992752674e-05,0.0,3.4713934223466313e-06,3.4713934223466313e-06,0.0,3.6952790628118934e-06,3.6952790628118934e-06,0.0
pccv3_n06_random_sparse_r04,6,random_sparse,4,33,1,L33H1,0.5,5,5,False,False,-0.7709318995475769,-1.2371695041656494,-0.4662376046180725,-0.125,-0.875,-0.75,0.6982200672582661,0.6132859954135474,-0.08493407184471868,0.3032331223643823,0.26634672363664663,-0.03688639872773569,5.466261365158794,5.291281954770112,-0.1749794103886817,0.530755146402246,0.7051414176351913,0.06236537367143041,0.4111947421208189,0.9876001172267479,0.9872690727879672,-0.00033104443878073653,0.34899080644088654,0.24665964382875816,0.17449540322044327,0.016244715000984292,False,1,0.000621450384552426,0.0007286209617550904,0.00010717057720266443,5.723360174391404e-06,6.3038064797096594e-06,5.804463053182558e-07,1.1382260830727224e-05,1.1777060972152619e-05,3.9480014142539477e-07,2.126486278344527e-05,2.200244655165693e-05,7.375837682116607e-07,0.530755146402246,0.7051414176351913,0.17438627123294537,0.46838977273081556,0.2939466755143724,-0.17444309721644313,0.00017804851618487985,0.00012661533780483804,-5.143317838004181e-05,1.004480992752674e-05,9.17198430739214e-06,-8.728256201345992e-07,3.4713934223466313e-06,3.5918006625660655e-06,1.204072402194342e-07,3.6952790628118934e-06,3.823451902839073e-06,1.2817284002717922e-07
pccv3_n06_random_sparse_r04,6,random_sparse,4,33,1,L33H1,1.5,5,6,False,True,-0.7709318995475769,-0.4397273063659668,0.3312045931816101,-0.125,0.625,0.75,0.6982200672582661,0.6530842412081441,-0.04513582605012201,0.3032331223643823,0.28363088217466925,-0.01960224018971307,5.466261365158794,5.6491697384822634,0.18290837332346932,0.530755146402246,0.650851577875358,0.06236537367143041,0.302475832547955,0.9876001172267479,0.9897987319900494,0.0021986147633015207,0.3649777293529275,0.2579817175338715,0.18248886467646375,0.017000460527567457,True,1,0.000621450384552426,0.0005237617494079909,-9.768863514443506e-05,5.723360174391404e-06,4.531427014931188e-06,-1.191933159460216e-06,1.1382260830727224e-05,8.465820202044352e-06,-2.916440628682872e-06,2.126486278344527e-05,1.683629384655233e-05,-4.428568936892937e-06,0.530755146402246,0.34837574532740295,-0.18237940107484302,0.46838977273081556,0.650851577875358,0.1824618051445424,0.00017804851618487985,0.00020510804810625286,2.705953192137301e-05,1.004480992752674e-05,8.465820202044352e-06,-1.5789897254823873e-06,3.4713934223466313e-06,2.581929284629506e-06,-8.894641377171251e-07,3.6952790628118934e-06,2.9257091748058627e-06,-7.695698880060307e-07
pccv3_n06_random_sparse_r05,6,random_sparse,5,33,1,L33H1,1.0,5,5,False,False,-1.2369816303253174,-1.2369816303253174,0.0,-0.875,-0.875,0.0,0.6184024006449171,0.6184024006449171,0.0,0.26856875019581145,0.26856875019581145,0.0,5.28874839117698,5.28874839117698,0.0,0.7046026771756962,0.7046026771756962,0.41088058209735145,0.41088058209735145,0.9882096220471794,0.9882096220471794,0.0,0.0,0.0,0.0,0.0,False,0,0.0013602031525509401,0.0013602031525509401,0.0,1.1768063090194534e-05,1.1768063090194534e-05,0.0,1.419499367648719e-05,1.419499367648719e-05,0.0,3.40520196285443e-05,3.40520196285443e-05,0.0,0.7046026771756962,0.7046026771756962,0.0,0.2937220950783448,0.2937220950783448,0.0,0.00022204706067966795,0.00022204706067966795,0.0,1.8226732670331317e-05,1.8226732670331317e-05,0.0,7.598032593094565e-06,7.598032593094565e-06,0.0,7.137691069635581e-06,7.137691069635581e-06,0.0
pccv3_n06_random_sparse_r05,6,random_sparse,5,33,1,L33H1,0.5,5,5,False,False,-1.2369816303253174,-1.6143405437469482,-0.37735891342163086,-0.875,-1.375,-0.5,0.6184024006449171,0.5164345776471703,-0.10196782299774687,0.26856875019581145,0.22428468733620247,-0.04428406285960898,5.28874839117698,5.195683288044382,-0.09306510313259775,0.7046026771756962,0.7967328897695845,0.41088058209735145,0.5952872679558951,0.9882096220471794,0.9879682703258368,-0.00024135172134265304,0.18462965139152676,0.13039538605177764,0.09231482569576338,0.005742252788564106,False,1,0.0013602031525509401,0.0015380563025243499,0.00017785314997340973,1.1768063090194534e-05,1.2500576422170162e-05,7.325133319756282e-07,1.419499367648719e-05,1.6051057849314e-05,1.8560641728268091e-06,3.40520196285443e-05,3.6171617235000724e-05,2.1195976064564245e-06,0.7046026771756962,0.7967328897695845,0.0921302125938882,0.2937220950783448,0.20144562181368936,-0.09227647326465543,0.00022204706067966795,0.00018369462957181878,-3.835243110784917e-05,1.8226732670331317e-05,1.9361271513048616e-05,1.1345388427172988e-06,7.598032593094565e-06,8.070978746473415e-06,4.729461533788501e-07,7.137691069635581e-06,7.5819828641270584e-06,4.442917944914771e-07
pccv3_n06_random_sparse_r05,6,random_sparse,5,33,1,L33H1,1.5,5,5,False,False,-1.2369816303253174,-0.9110235571861267,0.3259580731391907,-0.875,-0.375,0.5,0.6184024006449171,0.6881582287692916,0.06975582812437442,0.26856875019581145,0.2988633214308189,0.03029457123500745,5.28874839117698,5.402047734163623,0.11329934298664313,0.7046026771756962,0.591689451533602,0.41088058209735145,0.18502763512084675,0.9882096220471794,0.9888128748116287,0.0006032527644492802,0.2259779550486362,0.1597021727128426,0.1129889775243181,0.007036653417462782,False,1,0.0013602031525509401,0.0012943154199522569,-6.588773259868326e-05,1.1768063090194534e-05,1.0519568623691722e-05,-1.2484944665028115e-06,1.419499367648719e-05,1.2689021884756789e-05,-1.505971791730401e-06,3.40520196285443e-05,3.0439381103950882e-05,-3.6126385245934172e-06,0.7046026771756962,0.591689451533602,-0.11291322564209427,0.2937220950783448,0.40666181641275523,0.11293972133441044,0.00022204706067966795,0.0002713032505872483,4.925618990758035e-05,1.8226732670331317e-05,1.6293026612934707e-05,-1.9337060573966105e-06,7.598032593094565e-06,6.7919439805436495e-06,-8.060886125509157e-07,7.137691069635581e-06,6.380440897220059e-06,-7.572501724155226e-07
pccv3_n06_row_r00,6,row,0,33,1,L33H1,1.0,5,5,False,False,-4.886363983154297,-4.886363983154297,0.0,-4.875,-4.875,0.0,0.05219365368472255,0.05219365368472255,0.0,0.022667415785644327,0.022667415785644327,0.0,5.004009743690097,5.004009743690097,0.0,0.9914890959923506,0.9914890959923506,0.9839189833274767,0.9839189833274767,0.9971874149834434,0.9971874149834434,0.0,0.0,0.0,0.0,0.0,False,0,0.0009041210256793751,0.0009041210256793751,0.0,1.4469577218039466e-06,1.4469577218039466e-06,0.0,5.666367854218679e-07,5.666367854218679e-07,0.0,4.744391717339265e-06,4.744391717339265e-06,0.0,0.9914890959923506,0.9914890959923506,0.0,0.0075701126648738855,0.0075701126648738855,0.0,2.5647939304798855e-05,2.5647939304798855e-05,0.0,2.7032729143355612e-06,2.7032729143355612e-06,0.0,8.776242215820368e-07,8.776242215820368e-07,0.0,6.834944310105224e-07,6.834944310105224e-07,0.0
pccv3_n06_row_r00,6,row,0,33,1,L33H1,0.5,5,5,False,False,-4.886363983154297,-5.507313251495361,-0.6209492683410645,-4.875,-5.5,-0.625,0.05219365368472255,0.03334912403302297,-0.018844529651699582,0.022667415785644327,0.014483340543848993,-0.008184075241795334,5.004009743690097,5.000905291065242,-0.0031044526248553694,0.9914890959923506,0.995100768214928,0.9839189833274767,0.9910340188169936,0.9971874149834434,0.9976007501416007,0.0004133351581572242,0.007226083882585984,0.005032736939928177,0.003613041941292992,0.00027125075193396974,False,1,0.0009041210256793751,0.000800790436582914,-0.00010333058909646107,1.4469577218039466e-06,1.3642424400520381e-06,-8.271528175190852e-08,5.666367854218679e-07,5.342450156756638e-07,-3.239176974620405e-08,4.744391717339265e-06,6.1141104328725525e-06,1.3697187155332877e-06,0.9914890959923506,0.995100768214928,0.003611672222577411,0.0075701126648738855,0.004066749397934419,-0.003503363266939467,2.5647939304798855e-05,2.0047396312625983e-05,-5.600542992172873e-06,2.7032729143355612e-06,2.2492555293056397e-06,-4.540173850299215e-07,8.776242215820368e-07,7.773219111106573e-07,-1.0030231047137959e-07,6.834944310105224e-07,6.053789130715408e-07,-7.811551793898155e-08
pccv3_n06_row_r00,6,row,0,33,1,L33H1,1.5,5,5,False,False,-4.886363983154297,-4.514946937561035,0.3714170455932617,-4.875,-4.5,0.375,0.05219365368472255,0.06894102909806281,0.01674737541334026,0.022667415785644327,0.029940708514020194,0.007273292728375867,5.004009743690097,5.006956546633833,0.00294680294373606,0.9914890959923506,0.9879654250786034,0.9839189833274767,0.9769901205915021,0.9971874149834434,0.9971648597442311,-2.2555239212351808e-05,0.0070504896670933815,0.004901553758732358,0.0035252448335466907,0.00016064546344966943,False,1,0.0009041210256793751,0.0010208623407992298,0.00011674131511985465,1.4469577218039466e-06,1.272397582906856e-06,-1.745601388970907e-07,5.666367854218679e-07,4.6808891174766807e-07,-9.85478736741998e-08,4.744391717339265e-06,3.4587352281909177e-06,-1.285656489148347e-06,0.9914890959923506,0.9879654250786034,-0.003523670913747168,0.0075701126648738855,0.010975304487101293,0.003405191822227408,2.5647939304798855e-05,2.8959635504217018e-05,3.3116961994181627e-06,2.7032729143355612e-06,2.6936657041517407e-06,-9.607210183820531e-09,8.776242215820368e-07,8.745052170914292e-07,-3.1190044906076548e-09,6.834944310105224e-07,6.810653478708339e-07,-2.42908313968845e-09
pccv3_n06_row_r01,6,row,1,33,1,L33H1,1.0,5,5,False,False,-4.391043186187744,-4.391043186187744,0.0,-4.375,-4.375,0.0,0.07542882331449617,0.07542882331449617,0.0,0.032758321741941036,0.032758321741941036,0.0,5.008418246365148,5.008418246365148,0.0,0.9865152136053912,0.9865152136053912,0.9740968197722013,0.9740968197722013,0.9975364100459387,0.9975364100459387,0.0,0.0,0.0,0.0,0.0,False,0,0.0010193638407084199,0.0010193638407084199,0.0,1.5325515500251856e-06,1.5325515500251856e-06,0.0,7.239260925832956e-07,7.239260925832956e-07,0.0,4.720591106223021e-06,4.720591106223021e-06,0.0,0.9865152136053912,0.9865152136053912,0.0,0.012418393833189824,0.012418393833189824,0.0,3.4880712503995004e-05,3.4880712503995004e-05,0.0,3.2444116568630984e-06,3.2444116568630984e-06,0.0,1.0533062495267963e-06,1.0533062495267963e-06,0.0,8.732215512191048e-07,8.732215512191048e-07,0.0
pccv3_n06_row_r01,6,row,1,33,1,L33H1,0.5,5,5,False,False,-4.391043186187744,-5.009706020355225,-0.6186628341674805,-4.375,-5.0,-0.625,0.07542882331449617,0.04711000839751309,-0.028318814916983084,0.032758321741941036,0.020459616689455788,-0.012298705052485249,5.008418246365148,5.003548612590229,-0.004869633774919002,0.9865152136053912,0.9924759022532191,0.9740968197722013,0.9857886522259675,0.9975364100459387,0.997848920533329,0.00031251048739022735,0.011923401910815132,0.008271916744038006,0.005961700955407566,0.0004480710267896165,False,1,0.0010193638407084199,0.0007986781202963745,-0.00022068572041204543,1.5325515500251856e-06,1.4483978454975502e-06,-8.415370452763542e-08,7.239260925832956e-07,7.283001741812443e-07,4.374081597948628e-09,4.720591106223021e-06,5.728524604255675e-06,1.0079334980326543e-06,0.9865152136053912,0.9924759022532191,0.00596068864782795,0.012418393833189824,0.006687250027251719,-0.0057311438059381055,3.4880712503995004e-05,2.5673466108055347e-05,-9.207246395939657e-06,3.2444116568630984e-06,2.8804830662032413e-06,-3.6392859065985706e-07,1.0533062495267963e-06,9.351559346268269e-07,-1.1815031489996939e-07,8.732215512191048e-07,7.752714998448464e-07,-9.795005137425836e-08
pccv3_n06_row_r01,6,row,1,33,1,L33H1,1.5,5,5,False,False,-4.391043186187744,-3.7771732807159424,0.6138699054718018,-4.375,-3.75,0.625,0.07542882331449617,0.11881831080495203,0.04338948749045586,0.032758321741941036,0.05160213673165619,0.01884381498971515,5.008418246365148,5.018478139203991,0.010059892838843787,0.9865152136053912,0.9758511823033432,0.9740968197722013,0.9529013622046472,0.9975364100459387,0.9972756602056165,-0.0002607498403222053,0.021329310821625702,0.014988254745663827,0.010664655410812851,0.0008125339113072686,False,1,0.0010193638407084199,0.0011426042622839578,0.00012324042157553787,1.5325515500251856e-06,1.515984975606387e-06,-1.656657441879856e-08,7.239260925832956e-07,7.161005969343603e-07,-7.825495648935341e-09,4.720591106223021e-06,4.12087441140777e-06,-5.997166948152507e-07,0.9865152136053912,0.9758511823033432,-0.01066403130204796,0.012418393833189824,0.022949820098696037,0.010531426265506212,3.4880712503995004e-05,4.4303575135209585e-05,9.42286263121458e-06,3.2444116568630984e-06,3.6366589040074753e-06,3.92247247144377e-07,1.0533062495267963e-06,1.1806502861267388e-06,1.2734403659994253e-07,8.732215512191048e-07,9.194913673689824e-07,4.6269816149877687e-08
pccv3_n06_row_r02,6,row,2,33,1,L33H1,1.0,5,5,False,False,-4.885623931884766,-4.885623931884766,0.0,-4.875,-4.875,0.0,0.04949225778932694,0.04949225778932694,0.0,0.021494214454837922,0.021494214454837922,0.0,5.005413036613229,5.005413036613229,0.0,0.9918544990440853,0.9918544990440853,0.9842815964924836,0.9842815964924836,0.9975580638133863,0.9975580638133863,0.0,0.0,0.0,0.0,0.0,False,0,0.000548579220882093,0.000548579220882093,0.0,1.0590070260004104e-06,1.0590070260004104e-06,0.0,4.414598077122617e-07,4.414598077122617e-07,0.0,3.4723503576154946e-06,3.4723503576154946e-06,0.0,0.9918544990440853,0.9918544990440853,0.0,0.007572902551601739,0.007572902551601739,0.0,1.6565657070493313e-05,1.6565657070493313e-05,0.0,1.5408461308509515e-06,1.5408461308509515e-06,0.0,4.6993151914464636e-07,4.6993151914464636e-07,0.0,4.6993151914464636e-07,4.6993151914464636e-07,0.0
pccv3_n06_row_r02,6,row,2,33,1,L33H1,0.5,5,5,False,False,-4.885623931884766,-5.134148120880127,-0.24852418899536133,-4.875,-5.125,-0.25,0.04949225778932694,0.04120530251998649,-0.008286955269340451,0.021494214454837922,0.017895235509584287,-0.003598978945253635,5.005413036613229,5.003742731704376,-0.0016703049088526711,0.9918544990440853,0.9935169611932483,0.9842815964924836,0.9876092933946515,0.9975580638133863,0.9973595227445458,-0.0001985410688405409,0.003330469506010005,0.0023530384079163006,0.0016652347530050026,5.196717500273672e-05,False,1,0.000548579220882093,0.0005494987027127574,9.194818306643929e-07,1.0590070260004104e-06,1.2795473889166484e-06,2.20540362916238e-07,4.414598077122617e-07,5.67795711953032e-07,1.263359042407703e-07,3.4723503576154946e-06,4.754095290380974e-06,1.2817449327654792e-06,0.9918544990440853,0.9935169611932483,0.001662462149162991,0.007572902551601739,0.005907667798596705,-0.001665234753005034,1.6565657070493313e-05,1.659342301588374e-05,2.7765945390427553e-08,1.5408461308509515e-06,1.6429713692254111e-06,1.0212523837445962e-07,4.6993151914464636e-07,5.010779570993659e-07,3.114643795471953e-08,4.6993151914464636e-07,5.333947088181559e-07,6.346318967350955e-08
pccv3_n06_row_r02,6,row,2,33,1,L33H1,1.5,5,5,False,False,-4.885623931884766,-4.390585899353027,0.4950380325317383,-4.875,-4.375,0.5,0.04949225778932694,0.07237280923120445,0.022880551441877513,0.021494214454837922,0.03143111168894882,0.009936897234110897,5.005413036613229,5.009991625669776,0.004578589056547067,0.9918544990440853,0.98693141112972,0.9842815964924836,0.974507778142893,0.9975580638133863,0.9975719559894571,1.3892176070839923e-05,0.00984800927563997,0.006911677508233827,0.004924004637819985,0.0003013388587153313,False,1,0.000548579220882093,0.0006185362648924068,6.995704401031378e-05,1.0590070260004104e-06,9.899071023476322e-07,-6.909992365277816e-08,4.414598077122617e-07,3.8765319116665875e-07,-5.380661654560297e-08,3.4723503576154946e-06,2.6908464881741167e-06,-7.815038694413779e-07,0.9918544990440853,0.98693141112972,-0.004923087914365243,0.007572902551601739,0.012423632986827025,0.004850730435225286,1.6565657070493313e-05,1.9882815654729082e-05,3.317158584235769e-06,1.5408461308509515e-06,1.5331981129491325e-06,-7.648017901818984e-09,4.6993151914464636e-07,4.6759900546979785e-07,-2.3325136748485186e-09,4.6993151914464636e-07,4.6759900546979785e-07,-2.3325136748485186e-09
pccv3_n06_row_r03,6,row,3,33,1,L33H1,1.0,5,5,False,False,-4.639091968536377,-4.639091968536377,0.0,-4.625,-4.625,0.0,0.06458391903479063,0.06458391903479063,0.0,0.02804843965649596,0.02804843965649596,0.0,5.005171803967348,5.005171803967348,0.0,0.9890579922685496,0.9890579922685496,0.9793616089019263,0.9793616089019263,0.9969149882067541,0.9969149882067541,0.0,0.0,0.0,0.0,0.0,False,0,0.0011580678469278796,0.0011580678469278796,0.0,4.176644805735199e-06,4.176644805735199e-06,0.0,1.1241286994023402e-06,1.1241286994023402e-06,0.0,1.871842337654769e-05,1.871842337654769e-05,0.0,0.9890579922685496,0.9890579922685496,0.0,0.009696383366623392,0.009696383366623392,0.0,5.4163553963668275e-05,5.4163553963668275e-05,0.0,6.07698233425442e-06,6.07698233425442e-06,0.0,1.8533748977091089e-06,1.8533748977091089e-06,0.0,1.4434098216607388e-06,1.4434098216607388e-06,0.0
pccv3_n06_row_r03,6,row,3,33,1,L33H1,0.5,5,5,False,False,-4.639091968536377,-5.134956359863281,-0.4958643913269043,-4.625,-5.125,-0.5,0.06458391903479063,0.04522384458451791,-0.01936007445027272,0.02804843965649596,0.019640466153506387,-0.008407973502989573,5.005171803967348,5.001880543925048,-0.0032912600422996263,0.9890579922685496,0.9929872403309549,0.9793616089019263,0.9870827223677436,0.9969149882067541,0.9970854923524257,0.00017050414567165717,0.007869320108797406,0.005462121828232001,0.003934660054398703,0.00023708529909990234,False,1,0.0011580678469278796,0.0010260513706412094,-0.00013201647628667025,4.176644805735199e-06,3.9391820227943235e-06,-2.3746278294087545e-07,1.1241286994023402e-06,1.060216458414733e-06,-6.391224098760724e-08,1.871842337654769e-05,2.4130415369949767e-05,5.411991993402077e-06,0.9890579922685496,0.9929872403309549,0.003929248062405244,0.009696383366623392,0.005904517963211251,-0.0037918654034121415,5.4163553963668275e-05,4.508155096606902e-05,-9.082002997599258e-06,6.07698233425442e-06,5.058009838227342e-06,-1.018972496027078e-06,1.8533748977091089e-06,1.6420953739033138e-06,-2.1127952380579508e-07,1.4434098216607388e-06,1.2788651630738321e-06,-1.6454465858690667e-07
pccv3_n06_row_r03,6,row,3,33,1,L33H1,1.5,5,5,False,False,-4.639091968536377,-4.145636558532715,0.4934554100036621,-4.625,-4.125,0.5,0.06458391903479063,0.09255673492135882,0.027972815886568192,0.02804843965649596,0.040196879239328145,0.012148439582832186,5.005171803967348,5.010804117010555,0.00563231304320766,0.9890579922685496,0.9827184915496446,0.9793616089019263,0.9668343265297914,0.9969149882067541,0.9968012074531316,-0.00011378075362244999,0.012689334672742839,0.008859983403947426,0.0063446673363714194,0.0003856376779331293,False,1,0.0011580678469278796,0.0013038516637964325,0.00014578381686855286,4.176644805735199e-06,4.149874037028463e-06,-2.6770768706735652e-08,1.1241286994023402e-06,1.116923444752249e-06,-7.205254650091129e-09,1.871842337654769e-05,1.3606913120262394e-05,-5.111510256285296e-06,0.9890579922685496,0.9827184915496446,-0.006339500718904989,0.009696383366623392,0.01588416501985321,0.006187781653229819,5.4163553963668275e-05,6.491495192698613e-05,1.075139796331785e-05,6.07698233425442e-06,6.427450644064831e-06,3.5046830981041105e-07,1.8533748977091089e-06,1.8414954411066924e-06,-1.187945660241646e-08,1.4434098216607388e-06,1.4341580915563142e-06,-9.25173010442464e-09
pccv3_n06_row_r04,6,row,4,33,1,L33H1,1.0,5,5,False,False,-8.002398490905762,-8.002398490905762,0.0,-8.0,-8.0,0.0,0.008137127821718444,0.008137127821718444,0.0,0.0035339097115137477,0.0035339097115137477,0.0,4.998324108393398,4.998324108393398,0.0,0.9990930123210348,0.9990930123210348,0.9986053597738834,0.9986053597738834,0.9985095887959972,0.9985095887959972,0.0,0.0,0.0,0.0,0.0,False,0,0.00048765254715137774,0.00048765254715137774,0.0,1.2087698127083715e-06,1.2087698127083715e-06,0.0,3.686539642141477e-07,3.686539642141477e-07,0.0,7.478394020024445e-05,7.478394020024445e-05,0.0,0.9990930123210348,0.9990930123210348,0.0,0.00033515836743225097,0.00033515836743225097,0.0,6.1386396284267955e-06,6.1386396284267955e-06,0.0,7.804404483656791e-07,7.804404483656791e-07,0.0,3.924301021640631e-07,3.924301021640631e-07,0.0,5.038902254520241e-07,5.038902254520241e-07,0.0
pccv3_n06_row_r04,6,row,4,33,1,L33H1,0.5,5,5,False,False,-8.002398490905762,-8.25248908996582,-0.2500905990600586,-8.0,-8.25,-0.25,0.008137127821718444,0.008228118160399202,9.099033868075791e-05,0.0035339097115137477,0.0035734263135093086,3.9516601995560896e-05,4.998324108393398,4.997969240273313,-0.00035486812008489466,0.9990930123210348,0.9990807704694373,0.9986053597738834,0.9985281945107755,0.9985095887959972,0.9984315588087043,-7.802998729289357e-05,0.0001727637966679233,0.00010155181524054505,8.638189833396165e-05,3.988869326259839e-06,False,1,0.00048765254715137774,0.0005525759586619011,6.492341151052334e-05,1.2087698127083715e-06,1.2867130014928319e-06,7.794318878446039e-08,3.686539642141477e-07,3.9242529373180126e-07,2.3771329517653555e-08,7.478394020024445e-05,9.602330339258869e-05,2.1239363192344246e-05,0.9990930123210348,0.9990807704694373,-1.2241851597427633e-05,0.00033515836743225097,0.00026101840072068365,-7.413996671156733e-05,6.1386396284267955e-06,6.138564411890983e-06,-7.52165358128146e-11,7.804404483656791e-07,8.307643533494569e-07,5.0323904983777804e-08,3.924301021640631e-07,3.9242529373180126e-07,-4.808432261847985e-12,5.038902254520241e-07,5.709754332587967e-07,6.70852078067726e-08
pccv3_n06_row_r04,6,row,4,33,1,L33H1,1.5,5,5,False,False,-8.002398490905762,-7.62777042388916,0.37462806701660156,-8.0,-7.625,0.375,0.008137127821718444,0.009636654525700124,0.0014995267039816795,0.0035339097115137477,0.004185145884519562,0.0006512361730058145,4.998324108393398,4.998239511616166,-8.45967772313827e-05,0.9990930123210348,0.998894735846581,0.9986053597738834,0.9983422627807612,0.9985095887959972,0.9983368763525959,-0.00017271244340122394,0.00043671634675608736,0.00025912196564491805,0.00021835817337804368,8.912566189227002e-06,False,1,0.00048765254715137774,0.0005524730658196928,6.48205186683151e-05,1.2087698127083715e-06,1.2864734080835375e-06,7.770359537516606e-08,3.686539642141477e-07,3.9235222187046977e-07,2.369825765632206e-08,7.478394020024445e-05,5.4702241276020334e-05,-2.0081698924224112e-05,0.9990930123210348,0.998894735846581,-0.0001982764744538068,0.00033515836743225097,0.00048755576934729424,0.00015239740191504326,6.1386396284267955e-06,6.954609537651894e-06,8.159699092250985e-07,7.804404483656791e-07,8.841793808254986e-07,1.037389324598195e-07,3.924301021640631e-07,4.44593313269855e-07,5.216321110579189e-08,5.038902254520241e-07,5.708691143279091e-07,6.697888887588503e-08
pccv3_n06_row_r05,6,row,5,33,1,L33H1,1.0,5,5,False,False,-6.378732204437256,-6.378732204437256,0.0,-6.375,-6.375,0.0,0.017011111641031567,0.017011111641031567,0.0,0.0073878319167401795,0.0073878319167401795,0.0,4.999772545493305,4.999772545493305,0.0,0.9977922880643469,0.9977922880643469,0.9960924293703014,0.9960924293703014,0.9984789445246349,0.9984789445246349,0.0,0.0,0.0,0.0,0.0,False,0,0.0004870176698285529,0.0004870176698285529,0.0,8.296929432255647e-07,8.296929432255647e-07,0.0,3.2491242498116503e-07,3.2491242498116503e-07,0.0,6.526040508761634e-06,6.526040508761634e-06,0.0,0.9977922880643469,0.9977922880643469,0.0,0.0016998586940455659,0.0016998586940455659,0.0,1.075962180024599e-05,1.075962180024599e-05,0.0,1.2850535690306842e-06,1.2850535690306842e-06,0.0,5.032342082135182e-07,5.032342082135182e-07,0.0,6.070163244905619e-07,6.070163244905619e-07,0.0
pccv3_n06_row_r05,6,row,5,33,1,L33H1,0.5,5,5,False,False,-6.378732204437256,-6.877988815307617,-0.49925661087036133,-6.375,-6.875,-0.5,0.017011111641031567,0.012170068789166434,-0.0048410428518651325,0.0073878319167401795,0.0052853937195179715,-0.002102438197222208,4.999772545493305,4.999327609010694,-0.0004449364826104585,0.9977922880643469,0.9985166079834867,0.9960924293703014,0.9974848431303069,0.9984789445246349,0.99849663808277,1.7693558135079e-05,0.0014525909448403502,0.0009870324129476551,0.0007262954724201751,4.229556942518138e-05,False,1,0.0004870176698285529,0.00043010358052982493,-5.691408929872795e-05,8.296929432255647e-07,8.838446780306339e-07,5.415173480506922e-08,3.2491242498116503e-07,3.4611854902514005e-07,2.1206124043975024e-08,6.526040508761634e-06,8.385684825526008e-06,1.8596443167643737e-06,0.9977922880643469,0.9985166079834867,0.0007243199191397931,0.0016998586940455659,0.0010317648531797852,-0.0006680938408657807,1.075962180024599e-05,9.502225787950755e-06,-1.2573960122952354e-06,1.2850535690306842e-06,1.2859864183905607e-06,9.328493598764604e-10,5.032342082135182e-07,4.730879649515841e-07,-3.014624326193405e-08,6.070163244905619e-07,6.466345800085243e-07,3.96182555179624e-08
pccv3_n06_row_r05,6,row,5,33,1,L33H1,1.5,5,5,False,False,-6.378732204437256,-6.004530906677246,0.37420129776000977,-6.375,-6.0,0.375,0.017011111641031567,0.021768216004832405,0.004757104363800838,0.0073878319167401795,0.009453816091776764,0.002065984175036584,4.999772545493305,5.000550262044175,0.0007777165508704442,0.9977922880643469,0.9970214621896142,0.9960924293703014,0.9945500930700286,0.9984789445246349,0.9984531567085355,-2.578781609940961e-05,0.0015460309114143386,0.0010905989739904598,0.0007730154557071693,3.604701136980339e-05,False,1,0.0004870176698285529,0.000486641433385511,-3.762364430418604e-07,8.296929432255647e-07,8.290519793732962e-07,-6.409638522684417e-10,3.2491242498116503e-07,3.049911788739263e-07,-1.9921246107238715e-08,6.526040508761634e-06,4.770864739049418e-06,-1.755175769712216e-06,0.9977922880643469,0.9970214621896142,-0.0007708258747327612,0.0016998586940455659,0.0024713691195855816,0.0007715104255400158,1.075962180024599e-05,1.2182829903480731e-05,1.4232081032347413e-06,1.2850535690306842e-06,1.3668756329087972e-06,8.182206387811301e-08,5.032342082135182e-07,5.028454439853499e-07,-3.887642281682646e-10,6.070163244905619e-07,5.697985369837007e-07,-3.721778750686121e-08
pccv3_n07_dense_r00,7,dense,0,33,1,L33H1,1.0,6,6,False,False,-7.25972318649292,-7.25972318649292,0.0,-7.25,-7.25,0.0,0.04384014758463087,0.04384014758463087,0.0,0.019039534181829357,0.019039534181829357,0.0,5.994015990956805,5.994015990956805,0.0,0.9932095439760622,0.9932095439760622,0.987303704147058,0.987303704147058,0.9970947483878945,0.9970947483878945,0.0,0.0,0.0,0.0,0.0,False,0,0.00015738530045605783,0.00015738530045605783,0.0,1.5429511933803629e-06,1.5429511933803629e-06,0.0,3.940063901721707e-06,3.940063901721707e-06,0.0,3.940063901721707e-06,3.940063901721707e-06,0.0,0.005905839829004195,0.005905839829004195,0.0,0.9932095439760622,0.9932095439760622,0.0,0.0007053519808857868,0.0007053519808857868,0.0,9.45172195049181e-06,9.45172195049181e-06,0.0,1.6424629957340947e-06,1.6424629957340947e-06,0.0,1.3616496489973753e-06,1.3616496489973753e-06,0.0
pccv3_n07_dense_r00,7,dense,0,33,1,L33H1,0.5,6,6,False,False,-7.25972318649292,-7.764951705932617,-0.5052285194396973,-7.25,-7.75,-0.5,0.04384014758463087,0.06623988339964659,0.022399735815015726,0.019039534181829357,0.028767615842381324,0.009728081660551967,5.994015990956805,5.988559807057725,-0.005456183899079647,0.9932095439760622,0.9883901295886892,0.987303704147058,0.9774101070606556,0.9970947483878945,0.9967313794934398,-0.00036336889445465204,0.010198049385519386,0.007003761539250148,0.005099024692759693,0.00040797819106700117,False,1,0.00015738530045605783,0.0001774755347098107,2.0090234253752876e-05,1.5429511933803629e-06,1.7399089195930075e-06,1.969577262126446e-07,3.940063901721707e-06,5.359296769713149e-06,1.4192328679914425e-06,3.940063901721707e-06,5.034593392962596e-06,1.0945294912408892e-06,0.005905839829004195,0.010980022528033612,0.005074182699029418,0.9932095439760622,0.9883901295886892,-0.004819414387372989,0.0007053519808857868,0.000425741675498965,-0.00027961030538682175,9.45172195049181e-06,1.0658234296539877e-05,1.2065123460480673e-06,1.6424629957340947e-06,2.0987307700504623e-06,4.562677743163676e-07,1.3616496489973753e-06,1.7399089195930075e-06,3.782592705956322e-07
pccv3_n07_dense_r00,7,dense,0,33,1,L33H1,1.5,6,6,False,False,-7.25972318649292,-6.881612777709961,0.378110408782959,-7.25,-6.875,0.375,0.04384014758463087,0.031123647088978097,-0.012716500495652771,0.019039534181829357,0.013516828187447393,-0.005522705994381965,5.994015990956805,5.997169666481852,0.003153675525047639,0.9932095439760622,0.9956445576991387,0.987303704147058,0.9924756393207446,0.9970947483878945,0.9977549401542092,0.0006601917663147105,0.005516917825187452,0.003677632337693775,0.002758458912593726,0.00022590160215751645,False,1,0.00015738530045605783,0.00013923255644950096,-1.815274400655687e-05,1.5429511933803629e-06,1.2822875138064244e-06,-2.6066367957393847e-07,3.940063901721707e-06,2.889679519571915e-06,-1.0503843821497919e-06,3.940063901721707e-06,3.0760478366327257e-06,-8.640160650889811e-07,0.005905839829004195,0.0031689183783941803,-0.0027369214506100144,0.9932095439760622,0.9956445576991387,0.002435013723076529,0.0007053519808857868,0.0010287971704028911,0.0003234451895171044,9.45172195049181e-06,8.900839544158774e-06,-5.508824063330356e-07,1.6424629957340947e-06,1.2822875138064244e-06,-3.6017548192767033e-07,1.3616496489973753e-06,1.063053686824678e-06,-2.9859596217269726e-07
pccv3_n07_dense_r01,7,dense,1,33,1,L33H1,1.0,6,6,False,False,-5.139752388000488,-5.139752388000488,0.0,-5.125,-5.125,0.0,0.06305967311705203,0.06305967311705203,0.0,0.027386468065358528,0.027386468065358528,0.0,6.000879299837564,6.000879299837564,0.0,0.9901974464542922,0.9901974464542922,0.9843095172118513,0.9843095172118513,0.9951106580823534,0.9951106580823534,0.0,0.0,0.0,0.0,0.0,False,0,0.00029314273573854846,0.00029314273573854846,0.0,3.466549237432745e-06,3.466549237432745e-06,0.0,6.083983382738511e-06,6.083983382738511e-06,0.0,6.894056358634421e-06,6.894056358634421e-06,0.0,0.0035712096077589604,0.0035712096077589604,0.0,0.9901974464542922,0.9901974464542922,0.0,0.005887929242440859,0.005887929242440859,0.0,2.9025061402570116e-05,2.9025061402570116e-05,0.0,3.0592189646913886e-06,3.0592189646913886e-06,0.0,1.7430904231722693e-06,1.7430904231722693e-06,0.0
pccv3_n07_dense_r01,7,dense,1,33,1,L33H1,0.5,6,6,False,False,-5.139752388000488,-5.763709545135498,-0.6239571571350098,-5.125,-5.75,-0.625,0.06305967311705203,0.0570997501868862,-0.005959922930165833,0.027386468065358528,0.024798106424218844,-0.002588361641139684,6.000879299837564,5.996498095670079,-0.004381204167485109,0.9901974464542922,0.9913032516109173,0.9843095172118513,0.9861013695589206,0.9951106580823534,0.9950374457077942,-7.321237455926166e-05,0.005478859515059398,0.003369019400571421,0.002739429757529699,0.0002863509715276227,False,1,0.00029314273573854846,0.000293470103527637,3.2736778908851703e-07,3.466549237432745e-06,3.26015836416613e-06,-2.063908732666147e-07,6.083983382738511e-06,7.346880285472483e-06,1.262896902733972e-06,6.894056358634421e-06,7.82071335421832e-06,9.266569955838987e-07,0.0035712096077589604,0.005201882051996622,0.0016306724442376615,0.9901974464542922,0.9913032516109173,0.0011058051566250615,0.005887929242440859,0.0031551009527448185,-0.0027328282896960407,2.9025061402570116e-05,2.2629984442296056e-05,-6.3950769602740595e-06,3.0592189646913886e-06,3.26015836416613e-06,2.0093939947474157e-07,1.7430904231722693e-06,1.977386003385343e-06,2.3429558021307355e-07
pccv3_n07_dense_r01,7,dense,1,33,1,L33H1,1.5,6,6,False,False,-5.139752388000488,-4.640863418579102,0.4988889694213867,-5.125,-4.625,0.5,0.06305967311705203,0.07135068585983421,0.008291012742782183,0.027386468065358528,0.030987209148938374,0.0036007410835798455,6.000879299837564,6.00652629307894,0.005646993241375853,0.9901974464542922,0.9881001040750237,0.9843095172118513,0.9784131115138125,0.9951106580823534,0.9961153012918658,0.0010046432095123237,0.007601739662534806,0.004647682301520329,0.003800869831267403,0.00036363501841226115,False,1,0.00029314273573854846,0.00025814960766026824,-3.499312807828022e-05,3.466549237432745e-06,3.052739217035924e-06,-4.1381002039682106e-07,6.083983382738511e-06,4.44170935185556e-06,-1.642274030882951e-06,6.894056358634421e-06,5.3577241793442335e-06,-1.5363321792901875e-06,0.0035712096077589604,0.0019074819329186596,-0.0016637276748403009,0.9901974464542922,0.9881001040750237,-0.0020973423792685075,0.005887929242440859,0.009686992561211178,0.0037990633187703193,2.9025061402570116e-05,3.083157389975493e-05,1.8065124971848161e-06,3.0592189646913886e-06,2.233431722281816e-06,-8.257872424095725e-07,1.7430904231722693e-06,1.354644815938713e-06,-3.884456072335563e-07
pccv3_n07_dense_r02,7,dense,2,33,1,L33H1,1.0,6,6,False,False,-6.506171703338623,-6.506171703338623,0.0,-6.5,-6.5,0.0,0.01760438841026616,0.01760438841026616,0.0,0.007645488743860152,0.007645488743860152,0.0,6.000267921667488,6.000267921667488,0.0,0.9977869245694923,0.9977869245694923,0.9962868126008539,0.9962868126008539,0.9960516479089847,0.9960516479089847,0.0,0.0,0.0,0.0,0.0,False,0,0.00013953214852169724,0.00013953214852169724,0.0,1.0007953461835032e-06,1.0007953461835032e-06,0.0,3.2814816076761925e-06,3.2814816076761925e-06,0.0,1.990319204338714e-06,1.990319204338714e-06,0.0,0.0005518603527172616,0.0005518603527172616,0.0,0.9977869245694923,0.9977869245694923,0.0,0.0015001119686383314,0.0015001119686383314,0.0,1.219218326078067e-05,1.219218326078067e-05,0.0,1.6500325748704402e-06,1.6500325748704402e-06,0.0,1.456148636486848e-06,1.456148636486848e-06,0.0
pccv3_n07_dense_r02,7,dense,2,33,1,L33H1,0.5,6,6,False,False,-6.506171703338623,-7.00630521774292,-0.5001335144042969,-6.5,-7.0,-0.5,0.01760438841026616,0.015484883142659224,-0.0021195052676069356,0.007645488743860152,0.006724999301773585,-0.000920489442086567,6.000267921667488,5.999423121586252,-0.0008448000812357748,0.9977869245694923,0.9981243897097166,0.9962868126008539,0.9972142180793602,0.9960516479089847,0.9955818349303627,-0.00046981297862203064,0.001181350303189855,0.0007246360952390099,0.0005906751515949275,4.825711481909535e-05,False,1,0.00013953214852169724,0.00013957934019649996,4.719167480271981e-08,1.0007953461835032e-06,1.0657014134065847e-06,6.490606722308147e-08,3.2814816076761925e-06,4.214930853747942e-06,9.334492460717496e-07,1.990319204338714e-06,2.2560899098858906e-06,2.657707055471765e-07,0.0005518603527172616,0.0008032236446098929,0.00025136329189263127,0.9977869245694923,0.9981243897097166,0.0003374651402243689,0.0015001119686383314,0.0009101716303563984,-0.000589940338281933,1.219218326078067e-05,1.14573699479544e-05,-7.348133128262698e-07,1.6500325748704402e-06,1.9909923574266575e-06,3.409597825562173e-07,1.456148636486848e-06,1.650590638381338e-06,1.9444200189449008e-07
pccv3_n07_dense_r02,7,dense,2,33,1,L33H1,1.5,6,6,False,False,-6.506171703338623,-5.757408142089844,0.7487635612487793,-6.5,-5.75,0.75,0.01760438841026616,0.026441494593720735,0.008837106183454575,0.007645488743860152,0.01148339519532758,0.003837906451467427,6.000267921667488,6.0021153233872395,0.0018474017197513959,0.9977869245694923,0.9962883363320919,0.9962868126008539,0.9931173689474275,0.9960516479089847,0.9963172109403331,0.00026556303134839254,0.0033450419646508835,0.0022511120654305685,0.0016725209823254417,0.00016119538112845295,False,1,0.00013953214852169724,0.00013932258350198723,-2.0956501971001258e-07,1.0007953461835032e-06,1.0637410518526568e-06,6.294570566915365e-08,3.2814816076761925e-06,3.0780367932898504e-06,-2.0344481438634207e-07,1.990319204338714e-06,1.9873299198784263e-06,-2.989284460287761e-09,0.0005518603527172616,0.00037871804702741983,-0.00017314230568984176,0.9977869245694923,0.9962883363320919,-0.0014985882374003445,0.0015001119686383314,0.0031709673846643466,0.0016708554160260152,1.219218326078067e-05,1.3794803854585549e-05,1.6026205938048788e-06,1.6500325748704402e-06,1.365870547352964e-06,-2.841620275174761e-07,1.456148636486848e-06,1.365870547352964e-06,-9.027808913388397e-08
pccv3_n07_dense_r03,7,dense,3,33,1,L33H1,1.0,6,6,False,False,-3.4118645191192627,-3.4118645191192627,0.0,-3.375,-3.375,0.0,0.14861716097718938,0.14861716097718938,0.0,0.06454361292852064,0.06454361292852064,0.0,6.0324653741714425,6.0324653741714425,0.0,0.9666022020578344,0.9666022020578344,0.9335268935475025,0.9335268935475025,0.9971080170569167,0.9971080170569167,0.0,0.0,0.0,0.0,0.0,False,0,0.00011928818838571039,0.00011928818838571039,0.0,3.3839454327446304e-06,3.3839454327446304e-06,0.0,7.1638125373367676e-06,7.1638125373367676e-06,0.0,4.625305008337142e-06,4.625305008337142e-06,0.0,0.00011928818838571039,0.00011928818838571039,0.0,0.9666022020578344,0.9666022020578344,0.0,0.03307530851033189,0.03307530851033189,0.0,5.998186799928163e-05,5.998186799928163e-05,0.0,4.923611552179912e-06,4.923611552179912e-06,0.0,3.83451253237713e-06,3.83451253237713e-06,0.0
pccv3_n07_dense_r03,7,dense,3,33,1,L33H1,0.5,6,6,False,False,-3.4118645191192627,-4.2674126625061035,-0.8555481433868408,-3.375,-4.25,-0.875,0.14861716097718938,0.07752490173999033,-0.07109225923719906,0.06454361292852064,0.033668637035769604,-0.030874975892751032,6.0324653741714425,6.013422230805797,-0.0190431433656455,0.9666022020578344,0.9855872240907678,0.9335268935475025,0.9715285773886159,0.9971080170569167,0.9971093090043723,1.2919474556838395e-06,0.03808797953473275,0.026871326554028425,0.019043989767366376,0.002023581578496472,False,1,0.00011928818838571039,0.00010733909216059523,-1.194909622511516e-05,3.3839454327446304e-06,3.2413597221770763e-06,-1.4258571056755417e-07,7.1638125373367676e-06,7.304516891797782e-06,1.407043544610143e-07,4.625305008337142e-06,5.020316146480172e-06,3.9501113814302997e-07,0.00011928818838571039,0.00017697224442281474,5.7684056037104344e-05,0.9666022020578344,0.9855872240907678,0.018985022032933396,0.03307530851033189,0.014058646702151978,-0.019016661808179916,5.998186799928163e-05,4.474559074852328e-05,-1.523627725075835e-05,4.923611552179912e-06,5.344098719944003e-06,4.2048716776409166e-07,3.83451253237713e-06,4.161988267903282e-06,3.274757355261519e-07
pccv3_n07_dense_r03,7,dense,3,33,1,L33H1,1.5,6,6,False,False,-3.4118645191192627,-2.582285165786743,0.8295793533325195,-3.375,-2.5,0.875,0.14861716097718938,0.27194454470303486,0.12332738372584548,0.06454361292852064,0.11810401514822022,0.053560402219699585,6.0324653741714425,6.075235161614054,0.042769787442611396,0.9666022020578344,0.9238299233959777,0.9335268935475025,0.8479973454053024,0.9971080170569167,0.99694681909682,-0.00016119796009661513,0.08558291329329698,0.060478532650661776,0.04279145664664849,0.004555120898463882,False,1,0.00011928818838571039,0.00012918988103165712,9.901692645946728e-06,3.3839454327446304e-06,3.6648348322663213e-06,2.808893995216909e-07,7.1638125373367676e-06,7.288394350758367e-06,1.2458181342159925e-07,4.625305008337142e-06,5.009235296876914e-06,3.839302885397722e-07,0.00011928818838571039,0.00010061318051235621,-1.8675007873354183e-05,0.9666022020578344,0.9238299233959777,-0.04277227866185673,0.03307530851033189,0.07583257799067536,0.04275726948034347,5.998186799928163e-05,8.34112563174841e-05,2.3429388318202472e-05,4.923611552179912e-06,4.420634633811303e-06,-5.029769183686088e-07,3.83451253237713e-06,3.901196371796662e-06,6.66838394195321e-08
pccv3_n07_dense_r04,7,dense,4,33,1,L33H1,1.0,6,6,False,False,-0.9138731956481934,-0.9138731956481934,0.0,-0.375,-0.375,0.0,0.6838328710548357,0.6838328710548357,0.0,0.2969848424431731,0.2969848424431731,0.0,6.404440223446428,6.404440223446428,0.0,0.5921148509828983,0.5921148509828983,0.1851606620894381,0.1851606620894381,0.9852907166005025,0.9852907166005025,0.0,0.0,0.0,0.0,0.0,False,0,0.0005399388541483048,0.0005399388541483048,0.0,1.4388883079878423e-05,1.4388883079878423e-05,0.0,3.674330014607756e-05,3.674330014607756e-05,0.0,2.228593807761972e-05,2.228593807761972e-05,0.0,8.814259493924312e-05,8.814259493924312e-05,0.0,0.5921148509828983,0.5921148509828983,0.0,0.4069541888934602,0.4069541888934602,0.0,0.00021144309334589966,0.00021144309334589966,0.0,8.727298746966607e-06,8.727298746966607e-06,0.0,9.290161157466733e-06,9.290161157466733e-06,0.0
pccv3_n07_dense_r04,7,dense,4,33,1,L33H1,0.5,6,6,False,False,-0.9138731956481934,-1.615965723991394,-0.7020925283432007,-0.375,-1.375,-1.0,0.6838328710548357,0.5100748703464458,-0.17375800070838987,0.2969848424431731,0.22152270154897802,-0.07546214089419506,6.404440223446428,6.199388159654831,-0.20505206379159713,0.5921148509828983,0.7975445853850084,0.1851606620894381,0.5958937347799987,0.9852907166005025,0.9853600698279479,6.935322744539008e-05,0.41087356741895725,0.2904321692794062,0.20543678370947863,0.025281950350091544,False,1,0.0005399388541483048,0.0004695585596301916,-7.038029451811323e-05,1.4388883079878423e-05,1.251331176070386e-05,-1.8755713191745626e-06,3.674330014607756e-05,3.6208468158929486e-05,-5.34831987148072e-07,2.228593807761972e-05,2.0630963266774523e-05,-1.6549748108451984e-06,8.814259493924312e-05,9.246156258324948e-05,4.318967644006367e-06,0.5921148509828983,0.7975445853850084,0.2054297344021101,0.4069541888934602,0.20165085060500962,-0.20530333828845057,0.00021144309334589966,0.00015244334495317452,-5.8999748392725134e-05,8.727298746966607e-06,1.0373899814492753e-05,1.6466010675261457e-06,9.290161157466733e-06,1.0373899814492753e-05,1.0837386570260203e-06
pccv3_n07_dense_r04,7,dense,4,33,1,L33H1,1.5,6,7,False,True,-0.9138731956481934,-0.5390140414237976,0.37485915422439575,-0.375,0.375,0.75,0.6838328710548357,0.6840829933806674,0.0002501223258316587,0.2969848424431731,0.2970934691890825,0.00010862674590944588,6.404440223446428,6.589716650659458,0.18527642721303028,0.5921148509828983,0.5920926385553,0.1851606620894381,0.18515371602518405,0.9852907166005025,0.9851889349383782,-0.00010178166212426731,0.3703969893792462,0.26185181661885615,0.1851984946896231,0.017259822669494197,True,1,0.0005399388541483048,0.0005399185990361667,-2.0255112138109835e-08,1.4388883079878423e-05,1.3516597647723178e-05,-8.722854321552448e-07,3.674330014607756e-05,3.4515841262104064e-05,-2.2274588839734944e-06,2.228593807761972e-05,2.093491597124051e-05,-1.3510221063792114e-06,8.814259493924312e-05,7.307003652527475e-05,-1.5072558413968366e-05,0.5921148509828983,0.406938922530116,-0.1851759284527823,0.4069541888934602,0.5920926385553,0.18513844966183984,0.00021144309334589966,0.0002714881211292155,6.004502778331585e-05,8.727298746966607e-06,6.796572124002955e-06,-1.9307266229636527e-06,9.290161157466733e-06,8.198230888343768e-06,-1.0919302691229647e-06
pccv3_n07_dense_r05,7,dense,5,33,1,L33H1,1.0,6,6,False,False,-3.6558940410614014,-3.6558940410614014,0.0,-3.625,-3.625,0.0,0.12374066574161201,0.12374066574161201,0.0,0.05373988831861685,0.05373988831861685,0.0,6.025286092795999,6.025286092795999,0.0,0.9737216653904757,0.9737216653904757,0.9477728619509667,0.9477728619509667,0.9957449024736889,0.9957449024736889,0.0,0.0,0.0,0.0,0.0,False,0,0.00011288626159966369,0.00011288626159966369,0.0,3.408869724637194e-06,3.408869724637194e-06,0.0,7.682006509547828e-06,7.682006509547828e-06,0.0,4.3770753686115e-06,4.3770753686115e-06,0.0,0.00015429722539169092,0.00015429722539169092,0.0,0.9737216653904757,0.9737216653904757,0.0,0.025948803439508953,0.025948803439508953,0.0,4.152853483321753e-05,4.152853483321753e-05,0.0,3.0083169733067264e-06,3.0083169733067264e-06,0.0,2.342879614538277e-06,2.342879614538277e-06,0.0
pccv3_n07_dense_r05,7,dense,5,33,1,L33H1,0.5,6,6,False,False,-3.6558940410614014,-4.392523765563965,-0.7366297245025635,-3.625,-4.375,-0.75,0.12374066574161201,0.07066432462639397,-0.05307634111521804,0.05373988831861685,0.030689126252662964,-0.023050762065953884,6.025286092795999,6.011657598994357,-0.013628493801641994,0.9737216653904757,0.9871957274255998,0.9477728619509667,0.9747687671876433,0.9957449024736889,0.9953739818859049,-0.00037092058778398496,0.027061163471899515,0.019089078457587283,0.013530581735949758,0.0012421109383048683,False,1,0.00011288626159966369,0.00012182963131680039,8.943369717136706e-06,3.408869724637194e-06,3.4560406193312124e-06,4.717089469401838e-08,7.682006509547828e-06,7.788307761684768e-06,1.0630125213693985e-07,4.3770753686115e-06,4.437643996326521e-06,6.056862771502087e-08,0.00015429722539169092,0.00020086310455356323,4.65658791618723e-05,0.9737216653904757,0.9871957274255998,0.013474062035124135,0.025948803439508953,0.012426960237956553,-0.0135218432015524,4.152853483321753e-05,3.2790000435939455e-05,-8.738534397278074e-06,3.0083169733067264e-06,3.4560406193312124e-06,4.47723646024486e-07,2.342879614538277e-06,2.691567140661731e-06,3.486875261234538e-07
pccv3_n07_dense_r05,7,dense,5,33,1,L33H1,1.5,6,6,False,False,-3.6558940410614014,-2.817472219467163,0.8384218215942383,-3.625,-2.75,0.875,0.12374066574161201,0.23086189820515046,0.10712123246353845,0.05373988831861685,0.10026204847220707,0.046522160153590224,6.025286092795999,6.059316428289718,0.03403033549371948,0.9737216653904757,0.9395697159854881,0.9477728619509667,0.8795050335879422,0.9957449024736889,0.9948742478761687,-0.0008706545975201152,0.06833276336458809,0.048272665199674415,0.03416638168229404,0.003632081285224634,False,1,0.00011288626159966369,0.00013986494808535126,2.6978686485687575e-05,3.408869724637194e-06,4.495951389079872e-06,1.0870816644426782e-06,7.682006509547828e-06,8.399543007460257e-06,7.17536497912429e-07,4.3770753686115e-06,5.094580361599507e-06,7.17504992988007e-07,0.00015429722539169092,0.00013986494808535126,-1.4432277306339661e-05,0.9737216653904757,0.9395697159854881,-0.03415194940498756,0.025948803439508953,0.060064682397545935,0.034115878958036985,4.152853483321753e-05,6.20646944875045e-05,2.053615965428697e-05,3.0083169733067264e-06,3.090019187679975e-06,8.170221437324865e-08,2.342879614538277e-06,2.726932362054546e-06,3.8405274751626877e-07
pccv3_n07_distractors_r00,7,distractors,0,33,1,L33H1,1.0,8,8,False,False,-3.657442808151245,-3.657442808151245,0.0,-3.5,-3.5,0.0,0.43757441825039234,0.43757441825039234,0.0,0.19003615526817094,0.19003615526817094,0.0,8.061153718637941,8.061153718637941,0.0,0.8796985984837457,0.8796985984837457,0.7869790483554,0.7869790483554,0.9711572245798834,0.9711572245798834,0.0,0.0,0.0,0.0,0.0,False,0,0.0007079225011602282,0.0007079225011602282,0.0,9.486166941872724e-06,9.486166941872724e-06,0.0,4.209461063436085e-06,4.209461063436085e-06,0.0,1.648448637718473e-06,1.648448637718473e-06,0.0,5.077579268476416e-06,5.077579268476416e-06,0.0,0.00013095249529049928,0.00013095249529049928,0.0,0.02656459587448988,0.02656459587448988,0.0,0.8796985984837457,0.8796985984837457,0.0,0.09271955012834564,0.09271955012834564,0.0,0.00015795886105655872,0.00015795886105655872,0.0
pccv3_n07_distractors_r00,7,distractors,0,33,1,L33H1,0.5,8,8,False,False,-3.657442808151245,-2.7717514038085938,0.8856914043426514,-3.5,-2.625,0.875,0.43757441825039234,0.44159865056539,0.0040242323149976555,0.19003615526817094,0.19178385715647117,0.0017477018883002293,8.061153718637941,7.981202123943107,-0.07995159469483415,0.8796985984837457,0.8849894189813244,0.7869790483554,0.820881000492434,0.9711572245798834,0.9757276462418076,0.004570421661924229,0.08596659013236244,0.05717268577242755,0.04298329506618122,0.007290801246633674,False,1,0.0007079225011602282,0.0005904181224166259,-0.00011750437874360228,9.486166941872724e-06,8.965025648078626e-06,-5.211412937940974e-07,4.209461063436085e-06,3.978206016142781e-06,-2.312550472933037e-07,1.648448637718473e-06,1.374831211025031e-06,-2.7361742669344186e-07,5.077579268476416e-06,5.788255599070224e-06,7.106763305938075e-07,0.00013095249529049928,0.000278893773161764,0.00014794127787126472,0.02656459587448988,0.06410841848889051,0.03754382261440063,0.8796985984837457,0.8849894189813244,0.005290820497578785,0.09271955012834564,0.049927686520617263,-0.042791863607728374,0.00015795886105655872,8.50577951151489e-05,-7.290106594140982e-05
pccv3_n07_distractors_r00,7,distractors,0,33,1,L33H1,1.5,8,8,False,False,-3.657442808151245,-4.5862321853637695,-0.9287893772125244,-3.5,-4.375,-0.875,0.43757441825039234,0.4834352605268782,0.04586084227648585,0.19003615526817094,0.2099532660042841,0.01991711073611316,8.061153718637941,8.130338821947024,0.06918510330908312,0.8796985984837457,0.841895741619974,0.7869790483554,0.6955961986245341,0.9711572245798834,0.9616228138876295,-0.009534410692253914,0.10766786556773922,0.0674895790413027,0.05383393278386961,0.005026533066678773,False,1,0.0007079225011602282,0.0008172225552848533,0.00010930005412462514,9.486166941872724e-06,1.0950788504943009e-05,1.464621563070285e-06,4.209461063436085e-06,4.564967813242736e-06,3.5550674980665155e-07,1.648448637718473e-06,1.7876670812643384e-06,1.3921844354586547e-07,5.077579268476416e-06,4.564967813242736e-06,-5.1261145523368e-07,0.00013095249529049928,6.708171232597623e-05,-6.387078296452305e-05,0.02656459587448988,0.010597903348811694,-0.015966692525678186,0.8796985984837457,0.841895741619974,-0.037802856863771606,0.09271955012834564,0.14629954299543993,0.05357999286709429,0.00015795886105655872,0.00030063937695088994,0.00014268051589433122
pccv3_n07_distractors_r01,7,distractors,1,33,1,L33H1,1.0,7,7,True,True,-0.12436235696077347,-0.12436235696077347,0.0,2.375,2.375,0.0,0.3620190680652622,0.3620190680652622,0.0,0.1572228836045011,0.1572228836045011,0.0,7.066018343408795,7.066018343408795,0.0,0.9030819208857248,0.9030819208857248,0.8190822172991543,0.8190822172991543,0.9778291175814502,0.9778291175814502,0.0,0.0,0.0,0.0,0.0,False,0,0.0011981914202454454,0.0011981914202454454,0.0,5.906589246007921e-06,5.906589246007921e-06,0.0,3.8135806428998477e-06,3.8135806428998477e-06,0.0,1.4029379157722257e-06,1.4029379157722257e-06,0.0,1.5083004031713678e-05,1.5083004031713678e-05,0.0,0.01136812367668003,0.01136812367668003,0.0,0.9030819208857248,0.9030819208857248,0.0,0.0839997035865705,0.0839997035865705,0.0,0.00032248884583769676,0.00032248884583769676,0.0,3.3654731051156856e-06,3.3654731051156856e-06,0.0
pccv3_n07_distractors_r01,7,distractors,1,33,1,L33H1,0.5,7,7,True,True,-0.12436235696077347,-0.09578075259923935,0.02858160436153412,2.375,3.0,0.625,0.3620190680652622,0.3137684148620121,-0.04825065320325006,0.1572228836045011,0.13626789117010213,-0.020954992434398967,7.066018343408795,7.014450221115065,-0.05156812229373031,0.9030819208857248,0.9276028081628983,0.8190822172991543,0.8814201837346695,0.9778291175814502,0.9795822124531242,0.0017530948716739658,0.07582381344772109,0.04700725622082323,0.03791190672386054,0.004137773159825729,False,1,0.0011981914202454454,0.001230725253636218,3.253383339077258e-05,5.906589246007921e-06,6.06696761893767e-06,1.603783729297492e-07,3.8135806428998477e-06,4.169761799267853e-06,3.5618115636800565e-07,1.4029379157722257e-06,1.5339696405326857e-06,1.3103172476046002e-07,1.5083004031713678e-05,2.1175797701908136e-05,6.092793670194458e-06,0.01136812367668003,0.02471977752420976,0.01335165384752973,0.9030819208857248,0.9276028081628983,0.024520887277173498,0.0839997035865705,0.0461826244282288,-0.0378170791583417,0.00032248884583769676,0.00022766128031889975,-9.482756551879701e-05,3.3654731051156856e-06,3.456853947469348e-06,9.138084235366235e-08
pccv3_n07_distractors_r01,7,distractors,1,33,1,L33H1,1.5,7,7,True,True,-0.12436235696077347,-0.19560223817825317,-0.0712398812174797,2.375,1.75,-0.625,0.3620190680652622,0.4700088772522428,0.10798980918698059,0.1572228836045011,0.20412226183619184,0.04689937823169074,7.066018343408795,7.13258825248321,0.06656990907441429,0.9030819208857248,0.8448092781068841,0.8190822172991543,0.6980034383867271,0.9778291175814502,0.9734022223393595,-0.004426895242090723,0.12638643040891634,0.08581711185009766,0.06319321520445817,0.005168843228762194,False,1,0.0011981914202454454,0.00143923380986057,0.00024104238961512457,5.906589246007921e-06,6.664974812017739e-06,7.583855660098177e-07,3.8135806428998477e-06,3.7975881751519203e-06,-1.5992467747927368e-08,1.4029379157722257e-06,1.4871568971907691e-06,8.421898141854344e-08,1.5083004031713678e-05,1.2451812248939727e-05,-2.6311917827739513e-06,0.01136812367668003,0.006450198435313128,-0.004917925241366902,0.9030819208857248,0.8448092781068841,-0.0582726427788407,0.0839997035865705,0.14680583972015704,0.06280613613358654,0.00032248884583769676,0.00046725080747679203,0.00014476196163909526,3.3654731051156856e-06,3.7975881751519203e-06,4.321150700362347e-07
pccv3_n07_distractors_r02,7,distractors,2,33,1,L33H1,1.0,7,7,True,True,-0.5383521318435669,-0.5383521318435669,0.0,0.5,0.5,0.0,0.84793836806499,0.84793836806499,0.0,0.36825495424467364,0.36825495424467364,0.0,7.335209532668116,7.335209532668116,0.0,0.5931354345290962,0.5931354345290962,0.233380608125224,0.233380608125224,0.9841079811890268,0.9841079811890268,0.0,0.0,0.0,0.0,0.0,False,0,0.0005408695058784244,0.0005408695058784244,0.0,1.1225388470581847e-05,1.1225388470581847e-05,0.0,8.21266964607512e-06,8.21266964607512e-06,0.0,7.247655524611819e-06,7.247655524611819e-06,0.0,0.00013675322724941377,0.00013675322724941377,0.0,0.03791787973535625,0.03791787973535625,0.0,0.5931354345290962,0.5931354345290962,0.0,0.35975482640387224,0.35975482640387224,0.0,0.008460622577838943,0.008460622577838943,0.0,2.6928307067261904e-05,2.6928307067261904e-05,0.0
pccv3_n07_distractors_r02,7,distractors,2,33,1,L33H1,0.5,7,7,True,True,-0.5383521318435669,-0.3790023922920227,0.1593497395515442,0.5,1.125,0.625,0.84793836806499,0.8117549362928479,-0.036183431772142116,0.36825495424467364,0.3525406894897095,-0.015714264754964125,7.335209532668116,7.15802364919854,-0.17718588346957542,0.5931354345290962,0.6954296823490098,0.233380608125224,0.46965672010017034,0.9841079811890268,0.984346772202116,0.00023879101308921236,0.2755271524518397,0.17228245100980566,0.13776357622591984,0.012907079986335262,False,1,0.0005408695058784244,0.0005596352216067223,1.8765715728297932e-05,1.1225388470581847e-05,1.0911149774378481e-05,-3.142386962033659e-07,8.21266964607512e-06,9.045660875787266e-06,8.329912297121461e-07,7.247655524611819e-06,7.982767704712922e-06,7.351121801011032e-07,0.00013675322724941377,0.0002058782925845373,6.912506533512353e-05,0.03791787973535625,0.07329774925688927,0.03537986952153302,0.5931354345290962,0.6954296823490098,0.10229424781991359,0.35975482640387224,0.22577296224883944,-0.1339818641550328,0.008460622577838943,0.00468576834125847,-0.0037748542365804725,2.6928307067261904e-05,2.0384711456920104e-05,-6.5435956103418e-06
pccv3_n07_distractors_r02,7,distractors,2,33,1,L33H1,1.5,7,7,True,True,-0.5383521318435669,-0.7464687824249268,-0.20811665058135986,0.5,0.0,-0.5,0.84793836806499,0.8455093244643326,-0.0024290436006574323,0.36825495424467364,0.3672000340126057,-0.0010549202320679352,7.335209532668116,7.489356804380288,0.1541472717121719,0.5931354345290962,0.48294225552040615,0.233380608125224,0.0,0.9841079811890268,0.9815615072106993,-0.0025464739783274126,0.25884864366063615,0.16650381809993173,0.12942432183031807,0.009418497046753595,False,1,0.0005408695058784244,0.0006407583339405119,9.988882806208756e-05,1.1225388470581847e-05,1.1024856128731574e-05,-2.005323418502732e-07,8.21266964607512e-06,8.065957050668189e-06,-1.4671259540693057e-07,7.247655524611819e-06,7.118182113595055e-06,-1.2947341101676405e-07,0.00013675322724941377,9.826347305705881e-05,-3.848975419235496e-05,0.03791787973535625,0.018725703386268822,-0.019192176349087427,0.5931354345290962,0.48294225552040615,-0.11019317900869008,0.35975482640387224,0.48294225552040615,0.12318742911653391,0.008460622577838943,0.014583592460789017,0.006122969882950075,2.6928307067261904e-05,4.096230983919023e-05,1.4034002771928328e-05
pccv3_n07_distractors_r03,7,distractors,3,33,1,L33H1,1.0,7,7,True,True,-0.6210072636604309,-0.6210072636604309,0.0,0.5,0.5,0.0,0.9438834929438432,0.9438834929438432,0.0,0.409923392545078,0.409923392545078,0.0,6.730307474794442,6.730307474794442,0.0,0.564025082505571,0.564025082505571,0.22192657711899455,0.22192657711899455,0.9527995820117212,0.9527995820117212,0.0,0.0,0.0,0.0,0.0,False,0,0.000748337442076776,0.000748337442076776,0.0,2.405526765828714e-05,2.405526765828714e-05,0.0,3.9660431460602865e-05,3.9660431460602865e-05,0.0,6.96062249319858e-05,6.96062249319858e-05,0.0,0.005529507340435564,0.005529507340435564,0.0,0.3420985053865765,0.3420985053865765,0.0,0.564025082505571,0.564025082505571,0.0,0.08649604782734989,0.08649604782734989,0.0,0.0009608842958856708,0.0009608842958856708,0.0,8.313278053468006e-06,8.313278053468006e-06,0.0
pccv3_n07_distractors_r03,7,distractors,3,33,1,L33H1,0.5,7,6,True,False,-0.6210072636604309,-1.0662243366241455,-0.4452170729637146,0.5,-0.5,-1.0,0.9438834929438432,0.839831953251665,-0.10405153969217817,0.409923392545078,0.36473438302322786,-0.04518900952185012,6.730307474794442,6.407021377773074,-0.32328609702136824,0.564025082505571,0.5963676510130891,0.22192657711899455,0.23465238621284662,0.9527995820117212,0.9518704256870478,-0.0009291563246733858,0.5194108086278804,0.3299064471447073,0.2597054043139402,0.03635050421744017,True,1,0.000748337442076776,0.0007912489290617008,4.2911486984924794e-05,2.405526765828714e-05,2.244600438565439e-05,-1.609263272632747e-06,3.9660431460602865e-05,3.939396452719402e-05,-2.664669334088426e-07,6.96062249319858e-05,6.913856089958068e-05,-4.676640324051195e-07,0.005529507340435564,0.010922854540878388,0.005393347200442824,0.3420985053865765,0.5963676510130891,0.2542691456265126,0.564025082505571,0.36171526480024246,-0.20230981770532858,0.08649604782734989,0.02969139701337109,-0.0568046508139788,0.0009608842958856708,0.00037375952898089526,-0.0005871247669047756,8.313278053468006e-06,6.845644564037456e-06,-1.4676334894305502e-06
pccv3_n07_distractors_r03,7,distractors,3,33,1,L33H1,1.5,7,7,True,True,-0.6210072636604309,-0.5033888220787048,0.11761844158172607,0.5,1.125,0.625,0.9438834929438432,0.9387806370291956,-0.005102855914647653,0.409923392545078,0.40770725037939914,-0.002216142165678836,6.730307474794442,7.040475067574805,0.3101675927803633,0.564025082505571,0.6309104667041857,0.22192657711899455,0.42608382700646386,0.9527995820117212,0.9581053910424089,0.005305809030687669,0.37205882685806363,0.2276450809539535,0.18602941342903181,0.030725618511862108,False,1,0.000748337442076776,0.0005753158764671301,-0.0001730215656096459,2.405526765828714e-05,2.095587926845858e-05,-3.099388389828557e-06,3.9660431460602865e-05,3.245710074550754e-05,-7.203330715095322e-06,6.96062249319858e-05,5.6963985814832594e-05,-1.26422391171532e-05,0.005529507340435564,0.002275418431341796,-0.0032540889090937677,0.3420985053865765,0.15951914739047027,-0.18257935799610622,0.564025082505571,0.6309104667041857,0.06688538419861467,0.08649604782734989,0.20482663969772186,0.11833059187037197,0.0009608842958856708,0.0017720976561440987,0.0008112133602584279,8.313278053468006e-06,1.0537277840327557e-05,2.2239997868595505e-06
pccv3_n07_distractors_r04,7,distractors,4,33,1,L33H1,1.0,8,8,False,False,-1.3576518297195435,-1.3576518297195435,0.0,-1.0,-1.0,0.0,0.6675535699746562,0.6675535699746562,0.0,0.2899148318148094,0.2899148318148094,0.0,7.735679537315633,7.735679537315633,0.0,0.7191160017159715,0.7191160017159715,0.4545680088672579,0.4545680088672579,0.9724669230160998,0.9724669230160998,0.0,0.0,0.0,0.0,0.0,False,0,0.0003977318208723065,0.0003977318208723065,0.0,3.2325715347240667e-06,3.2325715347240667e-06,0.0,2.364999856492159e-06,2.364999856492159e-06,0.0,1.2658932016332e-06,1.2658932016332e-06,0.0,1.74751166135835e-05,1.74751166135835e-05,0.0,0.004276020050720326,0.004276020050720326,0.0,0.26454799284871355,0.26454799284871355,0.0,0.7191160017159715,0.7191160017159715,0.0,0.011623427601999586,0.011623427601999586,0.0,1.4487380516258794e-05,1.4487380516258794e-05,0.0
pccv3_n07_distractors_r04,7,distractors,4,33,1,L33H1,0.5,8,8,False,False,-1.3576518297195435,-0.8047440648078918,0.5529077649116516,-1.0,-0.125,0.875,0.6675535699746562,0.7913057789321717,0.12375220895751549,0.2899148318148094,0.3436597332883966,0.05374490147358718,7.735679537315633,7.520558493579173,-0.21512104373645968,0.7191160017159715,0.5205142812690972,0.4545680088672579,0.061162040298071985,0.9724669230160998,0.9735499816571291,0.0010830586410293108,0.405604498077352,0.2783386679325144,0.202802249038676,0.02249309271743215,False,1,0.0003977318208723065,0.00041887502437853015,2.1143203506223643e-05,3.2325715347240667e-06,3.404413248714157e-06,1.7184171399009025e-07,2.364999856492159e-06,2.6513597039972506e-06,2.8635984750509173e-07,1.2658932016332e-06,1.3331873837295045e-06,6.729418209630451e-08,1.74751166135835e-05,2.8504803138705945e-05,1.1029686525122445e-05,0.004276020050720326,0.012241322581309869,0.007965302530589543,0.26454799284871355,0.45935224097102517,0.19480424812231162,0.7191160017159715,0.5205142812690972,-0.1986017204468743,0.011623427601999586,0.007424737460997032,-0.004198690141002554,1.4487380516258794e-05,1.2648929717191485e-05,-1.8384507990673088e-06
pccv3_n07_distractors_r04,7,distractors,4,33,1,L33H1,1.5,8,8,False,False,-1.3576518297195435,-1.9574296474456787,-0.5997778177261353,-1.0,-1.75,-0.75,0.6675535699746562,0.505805056885246,-0.16174851308941018,0.2899148318148094,0.21966834512402272,-0.0702464866907867,7.735679537315633,7.864414935562309,0.12873539824667635,0.7191160017159715,0.8373340837478812,0.4545680088672579,0.6918272380295466,0.9724669230160998,0.9705449873893031,-0.0019219356267967669,0.24386675935083404,0.16783389494239168,0.12193337967541702,0.011513619070339421,False,1,0.0003977318208723065,0.00036067541054417783,-3.705641032812867e-05,3.2325715347240667e-06,2.931394985804633e-06,-3.0117654891943375e-07,2.364999856492159e-06,2.144654386230489e-06,-2.2034547026166988e-07,1.2658932016332e-06,1.3007986397359712e-06,3.4905438102771256e-08,1.74751166135835e-05,1.2341633870109397e-05,-5.133482743474103e-06,0.004276020050720326,0.0014264989207731008,-0.0028495211299472247,0.26454799284871355,0.14550684571833458,-0.11904114713037897,0.7191160017159715,0.8373340837478812,0.11821808203190975,0.011623427601999586,0.015336308707155294,0.0037128811051557083,1.4487380516258794e-05,1.6869013429741122e-05,2.381632913482328e-06
pccv3_n07_distractors_r05,7,distractors,5,33,1,L33H1,1.0,7,7,True,True,-0.23593184351921082,-0.23593184351921082,0.0,1.625,1.625,0.0,0.5686797367663134,0.5686797367663134,0.0,0.2469744716478037,0.2469744716478037,0.0,6.865599748846688,6.865599748846688,0.0,0.8115982840828438,0.8115982840828438,0.6517851063712417,0.6517851063712417,0.9731840292868128,0.9731840292868128,0.0,0.0,0.0,0.0,0.0,False,0,0.0004488823257650222,0.0004488823257650222,0.0,1.0556700456596082e-05,1.0556700456596082e-05,0.0,7.723447044153842e-06,7.723447044153842e-06,0.0,2.5074361393960983e-06,2.5074361393960983e-06,0.0,6.883833418496936e-05,6.883833418496936e-05,0.0,0.15981317771160217,0.15981317771160217,0.0,0.8115982840828438,0.8115982840828438,0.0,0.02777136610629189,0.02777136610629189,0.0,0.00027226089317960013,0.00027226089317960013,0.0,6.402962492327879e-06,6.402962492327879e-06,0.0
pccv3_n07_distractors_r05,7,distractors,5,33,1,L33H1,0.5,7,7,True,True,-0.23593184351921082,-0.3928222060203552,-0.1568903625011444,1.625,0.875,-0.75,0.5686797367663134,0.6860868544643074,0.11740711769799395,0.2469744716478037,0.29796373500020806,0.05098926335240436,6.865599748846688,6.724631124903765,-0.1409686239429231,0.8115982840828438,0.69371946558221,0.6517851063712417,0.4045341680693144,0.9731840292868128,0.9732302507384247,4.622145161192748e-05,0.25883293047340855,0.17539618691006573,0.12941646523670428,0.012520450524099065,False,1,0.0004488823257650222,0.0004347725103137669,-1.4109815451255345e-05,1.0556700456596082e-05,1.088431682237365e-05,3.2761636577756864e-07,7.723447044153842e-06,9.60537588249415e-06,1.8819288383403085e-06,2.5074361393960983e-06,2.9294741311535005e-06,4.2203799175740225e-07,6.883833418496936e-05,0.00010992770577474779,4.1089371589778423e-05,0.15981317771160217,0.28918529751289557,0.1293721198012934,0.8115982840828438,0.69371946558221,-0.11787881850063386,0.02777136610629189,0.016314718086928873,-0.011456648019363018,0.00027226089317960013,0.00020537199192347132,-6.688890125612881e-05,6.402962492327879e-06,7.027443117539863e-06,6.244806252119836e-07
pccv3_n07_distractors_r05,7,distractors,5,33,1,L33H1,1.5,7,7,True,True,-0.23593184351921082,-0.15879778563976288,0.07713405787944794,1.625,2.375,0.75,0.5686797367663134,0.46441641796188765,-0.1042633188044258,0.2469744716478037,0.20169348762612205,-0.04528098402168165,6.865599748846688,6.960131966494968,0.0945322176482799,0.8115982840828438,0.8743419940596403,0.6517851063712417,0.7930155200867499,0.9731840292868128,0.9757839072246952,0.002599877937882411,0.1570864669695883,0.10171185985187965,0.07854323348479415,0.007969241005350689,False,1,0.0004488823257650222,0.0004267621685132884,-2.212015725173381e-05,1.0556700456596082e-05,8.857166237037573e-06,-1.6995342195585083e-06,7.723447044153842e-06,5.718616329270187e-06,-2.0048307148836554e-06,2.5074361393960983e-06,1.9763009209314592e-06,-5.31135218464639e-07,6.883833418496936e-05,3.969506511869862e-05,-2.9143269066270744e-05,0.15981317771160217,0.0813264739728904,-0.07848670373871176,0.8115982840828438,0.8743419940596403,0.06274370997679646,0.02777136610629189,0.043530924635141806,0.015759558528849915,0.00027226089317960013,0.00031222587232748223,3.9964979147882104e-05,6.402962492327879e-06,5.372142880934862e-06,-1.030819611393017e-06
pccv3_n07_grid_r00,7,grid,0,33,1,L33H1,1.0,6,6,False,False,-6.140439033508301,-6.140439033508301,0.0,-6.125,-6.125,0.0,0.03680821004614551,0.03680821004614551,0.0,0.015985602511776834,0.015985602511776834,0.0,5.996913415234031,5.996913415234031,0.0,0.9949784774451664,0.9949784774451664,0.992801970862972,0.992801970862972,0.9896491850167877,0.9896491850167877,0.0,0.0,0.0,0.0,0.0,False,0,0.0006235795761964823,0.0006235795761964823,0.0,6.113359052414285e-06,6.113359052414285e-06,0.0,3.947081263715897e-06,3.947081263715897e-06,0.0,3.0739899790284115e-06,3.0739899790284115e-06,0.0,0.0021765065821944315,0.0021765065821944315,0.0,0.9949784774451664,0.9949784774451664,0.0,0.0021765065821944315,0.0021765065821944315,0.0,2.4178804087059538e-05,2.4178804087059538e-05,0.0,5.0681526643431824e-06,5.0681526643431824e-06,0.0,2.5484272016093114e-06,2.5484272016093114e-06,0.0
pccv3_n07_grid_r00,7,grid,0,33,1,L33H1,0.5,6,6,False,False,-6.140439033508301,-6.515213489532471,-0.3747744560241699,-6.125,-6.5,-0.375,0.03680821004614551,0.03567957426581775,-0.0011286357803277636,0.015985602511776834,0.015495442220301914,-0.0004901602914749205,5.996913415234031,5.995976799760782,-0.0009366154732495247,0.9949784774451664,0.9951141761628004,0.992801970862972,0.9923191052419043,0.9896491850167877,0.9897374089582627,8.822394147500745e-05,0.00151088367090014,0.0009323940211925675,0.00075544183545007,5.216803125232353e-05,False,1,0.0006235795761964823,0.0005503820973481828,-7.319747884829955e-05,6.113359052414285e-06,5.743752598174208e-06,-3.6960645424007766e-07,3.947081263715897e-06,4.761738151510746e-06,8.146568877948489e-07,3.0739899790284115e-06,3.272691579943278e-06,1.987016009148665e-07,0.0021765065821944315,0.002795070920896112,0.0006185643387016807,0.9949784774451664,0.9951141761628004,0.00013569871763396968,0.0021765065821944315,0.0014960936539307424,-0.000680412928263689,2.4178804087059538e-05,2.2716982203253396e-05,-1.4618218838061416e-06,5.0681526643431824e-06,5.068843877100961e-06,6.912127577782707e-10,2.5484272016093114e-06,2.713156614596797e-06,1.6472941298748568e-07
pccv3_n07_grid_r00,7,grid,0,33,1,L33H1,1.5,6,6,False,False,-6.140439033508301,-5.76462984085083,0.3758091926574707,-6.125,-5.75,0.375,0.03680821004614551,0.03780088889748847,0.0009926788513429582,0.015985602511776834,0.016416717459217137,0.0004311149474403031,5.996913415234031,5.9989530221065985,0.0020396068725672123,0.9949784774451664,0.9947460881212349,0.992801970862972,0.9915800293745595,0.9896491850167877,0.9906813870429687,0.0010322020261810394,0.001979104328961731,0.001225692779192625,0.0009895521644808654,7.90484532177044e-05,False,1,0.0006235795761964823,0.0005501785136055546,-7.340106259092773e-05,6.113359052414285e-06,5.393760355510063e-06,-7.195986969042223e-07,3.947081263715897e-06,3.2714810267593667e-06,-6.756002369565305e-07,3.0739899790284115e-06,2.7121530307582285e-06,-3.6183694827018303e-07,0.0021765065821944315,0.0014955402559425864,-0.0006809663262518451,0.9949784774451664,0.9947460881212349,-0.00023238932393154776,0.0021765065821944315,0.0031660587466753798,0.0009895521644809483,2.4178804087059538e-05,2.4173156833312207e-05,-5.647253747331017e-09,5.0681526643431824e-06,4.471584391204911e-06,-5.965682731382713e-07,2.5484272016093114e-06,2.1122269041639924e-06,-4.3620029744531896e-07
pccv3_n07_grid_r01,7,grid,1,33,1,L33H1,1.0,6,6,False,False,-4.772087097167969,-4.772087097167969,0.0,-4.75,-4.75,0.0,0.059938302060521836,0.059938302060521836,0.0,0.02603087383953494,0.02603087383953494,0.0,6.004221314669196,6.004221314669196,0.0,0.9901837985686084,0.9901837985686084,0.9816170301483246,0.9816170301483246,0.9878520305470602,0.9878520305470602,0.0,0.0,0.0,0.0,0.0,False,0,0.00079683358879874,0.00079683358879874,0.0,7.811881625538746e-06,7.811881625538746e-06,0.0,3.4665014580046326e-06,3.4665014580046326e-06,0.0,1.975152992675743e-06,1.975152992675743e-06,0.0,0.0004006730908359183,0.0004006730908359183,0.0,0.9901837985686084,0.9901837985686084,0.0,0.008566768420283798,0.008566768420283798,0.0,3.288925010989963e-05,3.288925010989963e-05,0.0,3.928060764691847e-06,3.928060764691847e-06,0.0,1.8554845223747221e-06,1.8554845223747221e-06,0.0
pccv3_n07_grid_r01,7,grid,1,33,1,L33H1,0.5,6,6,False,False,-4.772087097167969,-5.269627571105957,-0.4975404739379883,-4.75,-5.25,-0.5,0.059938302060521836,0.04432215586273375,-0.015616146197788089,0.02603087383953494,0.019248867717241127,-0.006782006122293814,6.004221314669196,6.000903767461883,-0.003317547207313254,0.9901837985686084,0.9933987801918743,0.9816170301483246,0.9881859018150931,0.9878520305470602,0.9870798699853367,-0.0007721605617234673,0.006803259282240239,0.004649808671264298,0.0034016296411201194,0.00021649924885065204,False,1,0.00079683358879874,0.0007509863334099444,-4.5847255388795517e-05,7.811881625538746e-06,8.880762795795649e-06,1.0688811702569027e-06,3.4665014580046326e-06,4.194975307560646e-06,7.284738495560134e-07,1.975152992675743e-06,2.1093660534498533e-06,1.3421306077411047e-07,0.0004006730908359183,0.0005848687445355879,0.0001841956536996696,0.9901837985686084,0.9933987801918743,0.0032149816232659445,0.008566768420283798,0.005212878376781205,-0.003353890043502593,3.288925010989963e-05,3.099690788119447e-05,-1.8923422287051608e-06,3.928060764691847e-06,4.194975307560646e-06,2.669145428687987e-07,1.8554845223747221e-06,2.1093660534498533e-06,2.5388153107513123e-07
pccv3_n07_grid_r01,7,grid,1,33,1,L33H1,1.5,6,6,False,False,-4.772087097167969,-4.156545639038086,0.6155414581298828,-4.75,-4.125,0.625,0.059938302060521836,0.09325422405832198,0.033315921997800146,0.02603087383953494,0.0404997949226987,0.01446892108316376,6.004221314669196,6.010528425803607,0.006307111134411514,0.9901837985686084,0.9827085000654501,0.9816170301483246,0.9668244965428976,0.9878520305470602,0.9859961065301377,-0.0018559240169224722,0.015092788723357826,0.010463026721056395,0.007546394361678913,0.0005716504338640731,False,1,0.00079683358879874,0.0010154303725965908,0.0002185967837978509,7.811881625538746e-06,9.351790422613337e-06,1.5399087970745905e-06,3.4665014580046326e-06,3.4403314346234406e-06,-2.617002338119199e-08,1.975152992675743e-06,1.960241762830333e-06,-1.4911229845410062e-08,0.0004006730908359183,0.00032966197589409164,-7.101111494182667e-05,0.9901837985686084,0.9827085000654501,-0.007475298503158312,0.008566768420283798,0.015884003522552505,0.0073172351022687075,3.288925010989963e-05,4.1911816925118385e-05,9.022566815218753e-06,3.928060764691847e-06,3.898406243180727e-06,-2.9654521511120425e-08,1.8554845223747221e-06,1.8414767182753299e-06,-1.4007804099392255e-08
pccv3_n07_grid_r02,7,grid,2,33,1,L33H1,1.0,6,6,False,False,-4.769182205200195,-4.769182205200195,0.0,-4.75,-4.75,0.0,0.05757329126850109,0.05757329126850109,0.0,0.02500376270291869,0.02500376270291869,0.0,6.005532734808006,6.005532734808006,0.0,0.9905004288031157,0.9905004288031157,0.9819309209945509,0.9819309209945509,0.990408883204168,0.990408883204168,0.0,0.0,0.0,0.0,0.0,False,0,0.0005478303057957303,0.0005478303057957303,0.0,6.896165814072769e-06,6.896165814072769e-06,0.0,4.182736000697266e-06,4.182736000697266e-06,0.0,2.5369576259066945e-06,2.5369576259066945e-06,0.0,0.00033227587678485803,0.00033227587678485803,0.0,0.9905004288031157,0.9905004288031157,0.0,0.008569507808564848,0.008569507808564848,0.0,3.0906470956168925e-05,3.0906470956168925e-05,0.0,3.691251564944415e-06,3.691251564944415e-06,0.0,1.743623777032669e-06,1.743623777032669e-06,0.0
pccv3_n07_grid_r02,7,grid,2,33,1,L33H1,0.5,6,6,False,False,-4.769182205200195,-5.266464710235596,-0.4972825050354004,-4.75,-5.25,-0.5,0.05757329126850109,0.041799292990184006,-0.015773998278317082,0.02500376270291869,0.018153202293094188,-0.006850560409824503,6.005532734808006,6.00217465470303,-0.003358080104976402,0.9905004288031157,0.9937364399124081,0.9819309209945509,0.9885217896600308,0.990408883204168,0.9898702271151478,-0.0005386560890201508,0.0067798201297631115,0.00466381595499736,0.0033899100648815557,0.00021499558570802345,False,1,0.0005478303057957303,0.0005163202949131702,-3.1510010882560154e-05,6.896165814072769e-06,6.918695909504255e-06,2.2530095431486e-08,4.182736000697266e-06,4.755145521817227e-06,5.724095211199618e-07,2.5369576259066945e-06,2.709400247427619e-06,1.7244262152092458e-07,0.00033227587678485803,0.0004850380296371383,0.00015276215285228028,0.9905004288031157,0.9937364399124081,0.0032360111092923916,0.008569507808564848,0.0052146502523773685,-0.003354857556187479,3.0906470956168925e-05,2.7363973144646085e-05,-3.5424978115228397e-06,3.691251564944415e-06,3.942154098771616e-06,2.5090253382720113e-07,1.743623777032669e-06,1.8621417420106099e-06,1.1851796497794078e-07
pccv3_n07_grid_r02,7,grid,2,33,1,L33H1,1.5,6,6,False,False,-4.769182205200195,-4.152955532073975,0.6162266731262207,-4.75,-4.125,0.625,0.05757329126850109,0.08996923043795624,0.03239593916945515,0.02500376270291869,0.03907314032028648,0.014069377617367786,6.005532734808006,6.012585666401373,0.007052931593366729,0.9905004288031157,0.9831592196925918,0.9819309209945509,0.9672679309657852,0.990408883204168,0.9890888060930365,-0.001320077111131468,0.014800182524213569,0.010368704545737897,0.007400091262106784,0.0005659299480358172,False,1,0.0005478303057957303,0.0006161721318070999,6.834182601136952e-05,6.896165814072769e-06,7.756462441011563e-06,8.602966269387949e-07,4.182736000697266e-06,4.151735166429743e-06,-3.100083426752229e-08,2.5369576259066945e-06,2.8534430682666155e-06,3.16485442359921e-07,0.00033227587678485803,0.0002734247260363251,-5.8851150748532915e-05,0.9905004288031157,0.9831592196925918,-0.0073412091105239385,0.008569507808564848,0.01589128872680659,0.007321780918241743,3.0906470956168925e-05,3.9390566521605405e-05,8.48409556543648e-06,3.691251564944415e-06,3.90019424868618e-06,2.0894268374176555e-07,1.743623777032669e-06,1.842321312272223e-06,9.86975352395539e-08
pccv3_n07_grid_r03,7,grid,3,33,1,L33H1,1.0,6,6,False,False,-3.304534435272217,-3.304534435272217,0.0,-3.25,-3.25,0.0,0.16646463887541663,0.16646463887541663,0.0,0.07229467409561097,0.07229467409561097,0.0,6.034084975786727,6.034084975786727,0.0,0.9618876872092704,0.9618876872092704,0.9245912541146437,0.9245912541146437,0.9844453685132066,0.9844453685132066,0.0,0.0,0.0,0.0,0.0,False,0,0.0006417205788872293,0.0006417205788872293,0.0,8.599060675967482e-06,8.599060675967482e-06,0.0,4.602745501339828e-06,4.602745501339828e-06,0.0,2.0424559352073404e-06,2.0424559352073404e-06,0.0,9.244861471519705e-05,9.244861471519705e-05,0.0,0.9618876872092704,0.9618876872092704,0.0,0.037296433094626665,0.037296433094626665,0.0,5.968931186116691e-05,5.968931186116691e-05,0.0,4.602745501339828e-06,4.602745501339828e-06,0.0,2.174183025612108e-06,2.174183025612108e-06,0.0
pccv3_n07_grid_r03,7,grid,3,33,1,L33H1,0.5,6,6,False,False,-3.304534435272217,-3.7882907390594482,-0.48375630378723145,-3.25,-3.75,-0.5,0.16646463887541663,0.11581072716036782,-0.05065391171504881,0.07229467409561097,0.05029595975095079,-0.021998714344660178,6.034084975786727,6.020223396928794,-0.0138615788579326,0.9618876872092704,0.9763244630023796,0.9245912541146437,0.953363512408485,0.9844453685132066,0.9857718388602734,0.0013264703470667882,0.02890165653968368,0.020345447965812235,0.01445082826984184,0.0008905486409812513,False,1,0.0006417205788872293,0.000539989800679593,-0.00010173077820763632,8.599060675967482e-06,7.702540825367598e-06,-8.965198505998836e-07,4.602745501339828e-06,4.671827168273702e-06,6.908166693387425e-08,2.0424559352073404e-06,1.8295138059575182e-06,-2.1294212924982214e-07,9.244861471519705e-05,0.00010633029624499751,1.3881681529800461e-05,0.9618876872092704,0.9763244630023796,0.014436775793109202,0.037296433094626665,0.02296095059389453,-0.014335482500732133,5.968931186116691e-05,4.7183782938841986e-05,-1.2505528922324927e-05,4.602745501339828e-06,4.671827168273702e-06,6.908166693387425e-08,2.174183025612108e-06,2.206814894479265e-06,3.263186886715707e-08
pccv3_n07_grid_r03,7,grid,3,33,1,L33H1,1.5,6,6,False,False,-3.304534435272217,-2.947000026702881,0.35753440856933594,-3.25,-2.875,0.375,0.16646463887541663,0.2159615709292751,0.04949693205385847,0.07229467409561097,0.0937909185577419,0.02149624446213093,6.034084975786727,6.049816648572416,0.0157316727856891,0.9618876872092704,0.9457601241851925,0.9245912541146437,0.8924039890820509,0.9844453685132066,0.983897318506024,-0.00054805000718261,0.03228953541003266,0.022760010965590126,0.01614476770501633,0.0007507911992309109,False,1,0.0006417205788872293,0.0007149726193643872,7.325204047715786e-05,8.599060675967482e-06,9.000177032004526e-06,4.0111635603704403e-07,4.602745501339828e-06,4.525573219020656e-06,-7.717228231917209e-08,2.0424559352073404e-06,2.1377294206458443e-06,9.52734854385039e-08,9.244861471519705e-05,7.53575596639714e-05,-1.7091055051225652e-05,0.9618876872092704,0.9457601241851925,-0.016127563024077918,0.037296433094626665,0.05335613510314161,0.016059702008514948,5.968931186116691e-05,7.079187593008062e-05,1.1102564068913705e-05,4.602745501339828e-06,4.8174476150745485e-06,2.147021137347208e-07,2.174183025612108e-06,2.1377294206458443e-06,-3.645360496626367e-08
pccv3_n07_grid_r04,7,grid,4,33,1,L33H1,1.0,6,6,False,False,-3.3044166564941406,-3.3044166564941406,0.0,-3.25,-3.25,0.0,0.17211641703657576,0.17211641703657576,0.0,0.07474921016394369,0.07474921016394369,0.0,6.0314166441566845,6.0314166441566845,0.0,0.9611584515306048,0.9611584515306048,0.9238902939717409,0.9238902939717409,0.9853082962044937,0.9853082962044937,0.0,0.0,0.0,0.0,0.0,False,0,0.0011254008432483868,0.0011254008432483868,0.0,1.1033041644230181e-05,1.1033041644230181e-05,0.0,5.211639847733067e-06,5.211639847733067e-06,0.0,2.6205770884518525e-06,2.6205770884518525e-06,0.0,0.0003432278650836539,0.0003432278650836539,0.0,0.9611584515306048,0.9611584515306048,0.0,0.03726815755886377,0.03726815755886377,0.0,7.658448850351934e-05,7.658448850351934e-05,0.0,6.691878027111889e-06,6.691878027111889e-06,0.0,2.6205770884518525e-06,2.6205770884518525e-06,0.0
pccv3_n07_grid_r04,7,grid,4,33,1,L33H1,0.5,6,6,False,False,-3.3044166564941406,-3.787947654724121,-0.48353099822998047,-3.25,-3.75,-0.5,0.17211641703657576,0.12165722252654496,-0.05045919451003081,0.07474921016394369,0.052835060426954454,-0.021914149736989234,6.0314166441566845,6.017591614544177,-0.013825029612507755,0.9611584515306048,0.9755705346066899,0.9238902939717409,0.9526273147091988,0.9853082962044937,0.9868721906570954,0.001563894452601744,0.02892746511056867,0.02032064943345413,0.014463732555284336,0.0008903186971206544,False,1,0.0011254008432483868,0.0010080547297433055,-0.00011734611350508136,1.1033041644230181e-05,9.882620827631968e-06,-1.150420816598213e-06,5.211639847733067e-06,5.289785741709813e-06,7.814589397674638e-08,2.6205770884518525e-06,2.3473281937889795e-06,-2.7324889466287306e-07,0.0003432278650836539,0.0003947599041656384,5.153203908198452e-05,0.9611584515306048,0.9755705346066899,0.014412083076085103,0.03726815755886377,0.02294321989749107,-0.014324937661372703,7.658448850351934e-05,5.68705562606409e-05,-1.9713932242878446e-05,6.691878027111889e-06,6.380699574606176e-06,-3.1117845250571325e-07,2.6205770884518525e-06,2.6598713116321296e-06,3.929422318027709e-08
pccv3_n07_grid_r04,7,grid,4,33,1,L33H1,1.5,6,6,False,False,-3.3044166564941406,-2.828482151031494,0.4759345054626465,-3.25,-2.75,0.5,0.17211641703657576,0.24010130337386115,0.06798488633728539,0.07474921016394369,0.1042746711530465,0.029525460989102817,6.0314166441566845,6.053647240580252,0.02223059642356784,0.9611584515306048,0.9383877773193178,0.9238902939717409,0.8783986537327776,0.9853082962044937,0.9852202528759335,-8.804332856016117e-05,0.04570927713038227,0.03216779702594798,0.022854638565191134,0.0014122081315501717,False,1,0.0011254008432483868,0.001245034539662185,0.00011963369641379822,1.1033041644230181e-05,1.1466371696231765e-05,4.3333005200158385e-07,5.211639847733067e-06,4.490295673811951e-06,-7.213441739211155e-07,2.6205770884518525e-06,2.403482076837227e-06,-2.1709501161462554e-07,0.0003432278650836539,0.0002609734169096191,-8.22544481740348e-05,0.9611584515306048,0.9383877773193178,-0.02277067421128698,0.03726815755886377,0.059989123586540155,0.022720966027676384,7.658448850351934e-05,9.018999955237979e-05,1.3605511048860446e-05,6.691878027111889e-06,6.137506494054732e-06,-5.54371533057157e-07,2.6205770884518525e-06,2.403482076837227e-06,-2.1709501161462554e-07
pccv3_n07_grid_r05,7,grid,5,33,1,L33H1,1.0,6,6,False,False,-3.920701026916504,-3.920701026916504,0.0,-3.875,-3.875,0.0,0.11244710722355389,0.11244710722355389,0.0,0.04883515817317274,0.04883515817317274,0.0,6.01364644738612,6.01364644738612,0.0,0.9780610874743347,0.9780610874743347,0.9577620772037742,0.9577620772037742,0.9767565464056815,0.9767565464056815,0.0,0.0,0.0,0.0,0.0,False,0,0.0012976723112099258,0.0012976723112099258,0.0,9.90785036129355e-06,9.90785036129355e-06,0.0,5.303290137938379e-06,5.303290137938379e-06,0.0,1.9509714123147923e-06,1.9509714123147923e-06,0.0,0.00025552682866644477,0.00025552682866644477,0.0,0.9780610874743347,0.9780610874743347,0.0,0.020299010270560542,0.020299010270560542,0.0,6.069294164571875e-05,6.069294164571875e-05,0.0,6.0094150159694304e-06,6.0094150159694304e-06,0.0,2.8386466550835697e-06,2.8386466550835697e-06,0.0
pccv3_n07_grid_r05,7,grid,5,33,1,L33H1,0.5,6,6,False,False,-3.920701026916504,-4.6567463874816895,-0.7360453605651855,-3.875,-4.625,-0.75,0.11244710722355389,0.06564943659040412,-0.04679767063314977,0.04883515817317274,0.028511188051269936,-0.0203239701219028,6.01364644738612,6.0049239846199765,-0.008722462766143302,0.9780610874743347,0.9889978390933902,0.9577620772037742,0.9793020454477455,0.9767565464056815,0.9795292036540104,0.002772657248328869,0.022026289839792407,0.015238221530787395,0.011013144919896203,0.000993616286044877,False,1,0.0012976723112099258,0.0009018492934416499,-0.0003958230177682759,9.90785036129355e-06,8.841419367201588e-06,-1.0664309940919624e-06,5.303290137938379e-06,5.362591921584833e-06,5.930178364645366e-08,1.9509714123147923e-06,1.9727873193431197e-06,2.1815907028327477e-08,0.00025552682866644477,0.0003317718140921743,7.624498542572951e-05,0.9780610874743347,0.9889978390933902,0.010936751619055496,0.020299010270560542,0.00969579364564482,-0.010603216624915722,6.069294164571875e-05,4.7796261524845726e-05,-1.2896680120873025e-05,6.0094150159694304e-06,6.076612740372514e-06,6.719772440308325e-08,2.8386466550835697e-06,2.696480557944722e-06,-1.4216609713884758e-07
pccv3_n07_grid_r05,7,grid,5,33,1,L33H1,1.5,6,6,False,False,-3.920701026916504,-3.3163676261901855,0.6043334007263184,-3.875,-3.25,0.625,0.11244710722355389,0.17443460052053264,0.06198749329697875,0.04883515817317274,0.07575598445906542,0.026920826285892686,6.01364644738612,6.028996456154325,0.01535000876820547,0.9780610874743347,0.9607844826415861,0.9577620772037742,0.9235308254301478,0.9767565464056815,0.9739819911576433,-0.0027745552480382685,0.03464806887250324,0.024208657102063456,0.01732403443625162,0.0013181792896492513,False,1,0.0012976723112099258,0.0016368114641281406,0.0003391391529182148,9.90785036129355e-06,1.2497209747128475e-05,2.5893593858349243e-06,5.303290137938379e-06,5.5456032088073136e-06,2.423130708689342e-07,1.9509714123147923e-06,2.3117513539590336e-06,3.607799416442414e-07,0.00025552682866644477,0.0002080972251634894,-4.7429603502955356e-05,0.9780610874743347,0.9607844826415861,-0.01727660483274862,0.020299010270560542,0.03725365721143837,0.016954646940877827,6.069294164571875e-05,8.674782957114552e-05,2.6054887925426766e-05,6.0094150159694304e-06,6.6892743417494374e-06,6.79859325780007e-07,2.8386466550835697e-06,3.1597894611511018e-06,3.211428060675321e-07
pccv3_n07_random_sparse_r00,7,random_sparse,0,33,1,L33H1,1.0,6,6,False,False,-2.146773338317871,-2.146773338317871,0.0,-2.0,-2.0,0.0,0.3738537817535276,0.3738537817535276,0.0,0.16236263445421964,0.16236263445421964,0.0,6.115581106142947,6.115581106142947,0.0,0.8799156714815249,0.8799156714815249,0.7608320348572385,0.7608320348572385,0.9813321852038825,0.9813321852038825,0.0,0.0,0.0,0.0,0.0,False,0,0.0007080971869671479,0.0007080971869671479,0.0,1.2183485095641563e-05,1.2183485095641563e-05,0.0,1.3805697289088974e-05,1.3805697289088974e-05,0.0,7.389657252658514e-06,7.389657252658514e-06,0.0,0.00013098480891560722,0.00013098480891560722,0.0,0.8799156714815249,0.8799156714815249,0.0,0.11908363662428643,0.11908363662428643,0.0,0.00011559368815365845,0.00011559368815365845,0.0,7.866249198757162e-06,7.866249198757162e-06,0.0,4.771121315986155e-06,4.771121315986155e-06,0.0
pccv3_n07_random_sparse_r00,7,random_sparse,0,33,1,L33H1,0.5,6,6,False,False,-2.146773338317871,-3.1850497722625732,-1.0382764339447021,-2.0,-3.125,-1.125,0.3738537817535276,0.18176866920265133,-0.1920851125508763,0.16236263445421964,0.07894113001760902,-0.08342150443661062,6.115581106142947,6.039335735557754,-0.07624537058519287,0.8799156714815249,0.9571411010338421,0.7608320348572385,0.915087256009483,0.9813321852038825,0.9838860173272224,0.0025538321233398165,0.15451213682708725,0.10907516017754085,0.07725606841354363,0.010414801633679815,False,1,0.0007080971869671479,0.0005293797830079065,-0.00017871740395924139,1.2183485095641563e-05,1.0321262631297303e-05,-1.8622224643442603e-06,1.3805697289088974e-05,1.3252763550895135e-05,-5.529337381938397e-07,7.389657252658514e-06,6.663908008772372e-06,-7.257492438861418e-07,0.00013098480891560722,0.0001614517119214111,3.0466903005803883e-05,0.8799156714815249,0.9571411010338421,0.07722542955231715,0.11908363662428643,0.042053845024359014,-0.07702979159992743,0.00011559368815365845,7.16437628731116e-05,-4.394992528054685e-05,7.866249198757162e-06,8.038207419539969e-06,1.7195822078280653e-07,4.771121315986155e-06,4.30254238611491e-06,-4.685789298712447e-07
pccv3_n07_random_sparse_r00,7,random_sparse,0,33,1,L33H1,1.5,6,6,False,False,-2.146773338317871,-1.3367843627929688,0.8099889755249023,-2.0,-1.0,1.0,0.3738537817535276,0.5917381727565237,0.21788439100299611,0.16236263445421964,0.25698862315967136,0.09462598870545172,6.115581106142947,6.264497022621616,0.14891591647866953,0.8799156714815249,0.7301960351971427,0.7608320348572385,0.461571925823215,0.9813321852038825,0.9779055617073027,-0.0034266234965798503,0.29948709349387204,0.21160894910392622,0.14974354674693602,0.018292339620297575,False,1,0.0007080971869671479,0.0008549716567948495,0.00014687446982770155,1.2183485095641563e-05,1.4710599942320203e-05,2.52711484667864e-06,1.3805697289088974e-05,1.4710599942320203e-05,9.049026532312288e-07,7.389657252658514e-06,7.3969541818961e-06,7.296929237586068e-09,0.00013098480891560722,0.00010869744822272997,-2.2287360692877244e-05,0.8799156714815249,0.7301960351971427,-0.14971963628438223,0.11908363662428643,0.2686241093739277,0.14954047274964127,0.00011559368815365845,0.00016835390119157906,5.2760213037920614e-05,7.866249198757162e-06,6.527789154083479e-06,-1.3384600446736829e-06,4.771121315986155e-06,4.486479499809565e-06,-2.8464181617659013e-07
pccv3_n07_random_sparse_r01,7,random_sparse,1,33,1,L33H1,1.0,6,6,False,False,-1.8201630115509033,-1.8201630115509033,0.0,-1.625,-1.625,0.0,0.45681830113507654,0.45681830113507654,0.0,0.19839366741538172,0.19839366741538172,0.0,6.159495320665726,6.159495320665726,0.0,0.8344710223510102,0.8344710223510102,0.6701539354305164,0.6701539354305164,0.985894701550933,0.985894701550933,0.0,0.0,0.0,0.0,0.0,False,0,0.0009770651142115745,0.0009770651142115745,0.0,1.7895571802679018e-05,1.7895571802679018e-05,0.0,1.4835950110909023e-05,1.4835950110909023e-05,0.0,7.941111849801635e-06,7.941111849801635e-06,0.0,7.077835948012962e-05,7.077835948012962e-05,0.0,0.8344710223510102,0.8344710223510102,0.0,0.16431708692049388,0.16431708692049388,0.0,0.00010962366765044317,0.00010962366765044317,0.0,7.941111849801635e-06,7.941111849801635e-06,0.0,5.809841540528254e-06,5.809841540528254e-06,0.0
pccv3_n07_random_sparse_r01,7,random_sparse,1,33,1,L33H1,0.5,6,6,False,False,-1.8201630115509033,-2.708200693130493,-0.8880376815795898,-1.625,-2.625,-1.0,0.45681830113507654,0.25531287778404554,-0.201505423351031,0.19839366741538172,0.1108809739804503,-0.08751269343493143,6.159495320665726,6.063729964058523,-0.09576535660720253,0.8344710223510102,0.9315712303836513,0.6701539354305164,0.8640884367945609,0.985894701550933,0.9877574619422376,0.0018627603913046187,0.19421688780185678,0.13713272459362583,0.09710844390092839,0.01177534743513894,False,1,0.0009770651142115745,0.0007496661203721253,-0.00022739899383944918,1.7895571802679018e-05,1.3730613947854177e-05,-4.164957854824841e-06,1.4835950110909023e-05,1.3730613947854177e-05,-1.1053361630548465e-06,7.941111849801635e-06,6.904186277909327e-06,-1.0369255718923076e-06,7.077835948012962e-05,7.901422776752327e-05,8.23586828739365e-06,0.8344710223510102,0.9315712303836513,0.09710020803264108,0.16431708692049388,0.06748279358909039,-0.09683429333140349,0.00010962366765044317,6.972981126495301e-05,-3.989385638549016e-05,7.941111849801635e-06,7.823468000498163e-06,-1.1764384930347123e-07,5.809841540528254e-06,5.376985679706633e-06,-4.328558608216212e-07
pccv3_n07_random_sparse_r01,7,random_sparse,1,33,1,L33H1,1.5,6,6,False,False,-1.8201630115509033,-1.2402528524398804,0.579910159111023,-1.625,-0.875,0.75,0.45681830113507654,0.6162456845740848,0.15942738343900825,0.19839366741538172,0.2676321003072169,0.06923843289183518,6.159495320665726,6.288670475071713,0.1291751544059876,0.8344710223510102,0.7048454871470705,0.6701539354305164,0.4110221738136606,0.985894701550933,0.9846429729209376,-0.0012517286299953412,0.25926831347989104,0.1832338691152975,0.12963415673994552,0.01201302309094985,False,1,0.0009770651142115745,0.0010596923303702755,8.262721615870101e-05,1.7895571802679018e-05,1.8233013703005886e-05,3.374419003268678e-07,1.4835950110909023e-05,1.609057811768518e-05,1.2546280067761566e-06,7.941111849801635e-06,8.612665828968574e-06,6.715539791669397e-07,7.077835948012962e-05,6.363947097159185e-05,-7.138888508537766e-06,0.8344710223510102,0.7048454871470705,-0.1296255352039397,0.16431708692049388,0.29382331333340994,0.12950622641291606,0.00010962366765044317,0.000152663154634888,4.303948698444483e-05,7.941111849801635e-06,6.707550891933056e-06,-1.233560957868579e-06,5.809841540528254e-06,5.560755001089419e-06,-2.4908653943883534e-07
pccv3_n07_random_sparse_r02,7,random_sparse,2,33,1,L33H1,1.0,6,6,False,False,-5.51002836227417,-5.51002836227417,0.0,-5.5,-5.5,0.0,0.03500310103206052,0.03500310103206052,0.0,0.015201653627725903,0.015201653627725903,0.0,6.0023597373321484,6.0023597373321484,0.0,0.9949580519067518,0.9949580519067518,0.9908918857577494,0.9908918857577494,0.9950388184493022,0.9950388184493022,0.0,0.0,0.0,0.0,0.0,False,0,0.00020244249205547462,0.00020244249205547462,0.0,5.394909675800716e-06,5.394909675800716e-06,0.0,1.2941715534462382e-05,1.2941715534462382e-05,0.0,8.894702335998573e-06,8.894702335998573e-06,0.0,0.0007065937264368506,0.0007065937264368506,0.0,0.9949580519067518,0.9949580519067518,0.0,0.004066166149002361,0.004066166149002361,0.0,3.1045561657172e-05,3.1045561657172e-05,0.0,5.394909675800716e-06,5.394909675800716e-06,0.0,3.0739268742459197e-06,3.0739268742459197e-06,0.0
pccv3_n07_random_sparse_r02,7,random_sparse,2,33,1,L33H1,0.5,6,6,False,False,-5.51002836227417,-6.134222030639648,-0.6241936683654785,-5.5,-6.125,-0.625,0.03500310103206052,0.02736742250145149,-0.007635678530609032,0.015201653627725903,0.01188552057629527,-0.003316133051430633,6.0023597373321484,5.999997227897101,-0.002362509435047677,0.9949580519067518,0.9963795706426164,0.9908918857577494,0.9941999991814968,0.9950388184493022,0.9944206972193115,-0.0006181212299907202,0.003776867950508546,0.00240657809231445,0.001888433975254273,0.00017368666222325783,False,1,0.00020244249205547462,0.00020273172615417907,2.89234098704448e-07,5.394909675800716e-06,5.7510563960752535e-06,3.561467202745377e-07,1.2941715534462382e-05,1.664123346238642e-05,3.699517927924037e-06,8.894702335998573e-06,1.0093418310373184e-05,1.1987159743746103e-06,0.0007065937264368506,0.0011666405338380998,0.00046004680740124925,0.9949580519067518,0.9963795706426164,0.001421518735864602,0.004066166149002361,0.0021795714611196,-0.0018865946878827613,3.1045561657172e-05,2.9206274285724834e-05,-1.8392873714471685e-06,5.394909675800716e-06,6.516800658712751e-06,1.121890982912035e-06,3.0739268742459197e-06,3.2768531585425996e-06,2.029262842966799e-07
pccv3_n07_random_sparse_r02,7,random_sparse,2,33,1,L33H1,1.5,6,6,False,False,-5.51002836227417,-4.887838363647461,0.622189998626709,-5.5,-4.875,0.625,0.03500310103206052,0.051341424225784846,0.016338323193724323,0.015201653627725903,0.02229729723431229,0.007095643606586386,6.0023597373321484,6.006094919188084,0.0037351818559354655,0.9949580519067518,0.9916822430516488,0.9908918857577494,0.984110655690779,0.9950388184493022,0.9955242402925251,0.0004854218432228663,0.007010842423734586,0.004802962040582899,0.003505421211867293,0.00028009673663656844,False,1,0.00020244249205547462,0.00020177596857053618,-6.665234849384451e-07,5.394909675800716e-06,5.051362533197127e-06,-3.4354714260358836e-07,1.2941715534462382e-05,1.0693734566694961e-05,-2.2479809677674207e-06,8.894702335998573e-06,7.34968911792587e-06,-1.5450132180727033e-06,0.0007065937264368506,0.0004840353859201409,-0.0002225583405167097,0.9949580519067518,0.9916822430516488,-0.003275808855103035,0.004066166149002361,0.007571587360869722,0.003505421211867361,3.1045561657172e-05,3.0943346970237906e-05,-1.0221468693409668e-07,5.394909675800716e-06,3.934005096431478e-06,-1.4609045793692374e-06,3.0739268742459197e-06,2.3860947064514465e-06,-6.878321677944732e-07
pccv3_n07_random_sparse_r03,7,random_sparse,3,33,1,L33H1,1.0,6,6,False,False,-4.889530658721924,-4.889530658721924,0.0,-4.875,-4.875,0.0,0.051373204983331824,0.051373204983331824,0.0,0.022311099441945648,0.022311099441945648,0.0,6.005816408323135,6.005816408323135,0.0,0.991686655517781,0.991686655517781,0.9841150344673166,0.9841150344673166,0.9938363490407482,0.9938363490407482,0.0,0.0,0.0,0.0,0.0,False,0,0.0002935836082337472,0.0002935836082337472,0.0,3.471762759808409e-06,3.471762759808409e-06,0.0,7.349721820189668e-06,7.349721820189668e-06,0.0,2.241538509977531e-06,2.241538509977531e-06,0.0,0.0003769688148950279,0.0003769688148950279,0.0,0.991686655517781,0.991686655517781,0.0,0.00757162105046438,0.00757162105046438,0.0,4.7926206574200225e-05,4.7926206574200225e-05,0.0,6.486106741175797e-06,6.486106741175797e-06,0.0,3.695672220493427e-06,3.695672220493427e-06,0.0
pccv3_n07_random_sparse_r03,7,random_sparse,3,33,1,L33H1,0.5,6,6,False,False,-4.889530658721924,-5.636745929718018,-0.7472152709960938,-4.875,-5.625,-0.75,0.051373204983331824,0.032561744892453455,-0.01881146009087837,0.022311099441945648,0.014141386127933928,-0.00816971331401172,6.005816408323135,6.00157653752623,-0.00423987079690491,0.991686655517781,0.9954188439999659,0.9841150344673166,0.9918288030923003,0.9938363490407482,0.9928712926575827,-0.0009650563831655745,0.007968628807541943,0.005462890981068103,0.003984314403770972,0.0003802669041649622,False,1,0.0002935836082337472,0.000294688502965477,1.1048947317297679e-06,3.471762759808409e-06,3.709580792539357e-06,2.3781803273094777e-07,7.349721820189668e-06,8.89882171419755e-06,1.5490998940078824e-06,2.241538509977531e-06,2.7139872846620636e-06,4.7244877468453267e-07,0.0003769688148950279,0.0006238555656734789,0.00024688675077845095,0.991686655517781,0.9954188439999659,0.0037321884821849283,0.00757162105046438,0.0035900409076656706,-0.003981580142798709,4.7926206574200225e-05,4.519194560185232e-05,-2.7342609723479032e-06,6.486106741175797e-06,7.853182599431876e-06,1.3670758582560795e-06,3.695672220493427e-06,4.203505736592384e-06,5.078335160989568e-07
pccv3_n07_random_sparse_r03,7,random_sparse,3,33,1,L33H1,1.5,6,6,False,False,-4.889530658721924,-4.148617744445801,0.740912914276123,-4.875,-4.125,0.75,0.051373204983331824,0.08831861243806857,0.03694540745473675,0.022311099441945648,0.03835628603120508,0.01604518658925943,6.005816408323135,6.013889007840765,0.008072599517630508,0.991686655517781,0.9833839446589525,0.9841150344673166,0.9674890235913683,0.9938363490407482,0.9931613027276853,-0.0006750463130629214,0.01684552440613671,0.011757273121091514,0.008422762203068356,0.0007718994066917196,False,1,0.0002935836082337472,0.00037381271406876994,8.022910583502273e-05,3.471762759808409e-06,4.4205092636288564e-06,9.487465038204473e-07,7.349721820189668e-06,7.758235369267964e-06,4.0851354907829666e-07,2.241538509977531e-06,2.518730254979662e-06,2.7719174500213123e-07,0.0003769688148950279,0.0002569174706552208,-0.0001200513442398071,0.991686655517781,0.9833839446589525,-0.0083027108588285,0.00757162105046438,0.015894921067584188,0.008323300017119808,4.7926206574200225e-05,6.495890943564384e-05,1.7032702861443616e-05,6.486106741175797e-06,6.846618682901233e-06,3.605119417254365e-07,3.695672220493427e-06,3.901085732998976e-06,2.0541351250554957e-07
pccv3_n07_random_sparse_r04,7,random_sparse,4,33,1,L33H1,1.0,6,6,False,False,-0.7705944180488586,-0.7705944180488586,0.0,-0.125,-0.125,0.0,0.6998440482370499,0.6998440482370499,0.0,0.30393840834218394,0.30393840834218394,0.0,6.465674045712079,6.465674045712079,0.0,0.5306557956471611,0.5306557956471611,0.06235369964997739,0.06235369964997739,0.988118406691683,0.988118406691683,0.0,0.0,0.0,0.0,0.0,False,0,0.000621334056777987,0.000621334056777987,0.0,1.65579917574692e-05,1.65579917574692e-05,0.0,2.409173585043663e-05,2.409173585043663e-05,0.0,1.004292966417414e-05,1.004292966417414e-05,0.0,4.791213779304233e-05,4.791213779304233e-05,0.0,0.5306557956471611,0.5306557956471611,0.0,0.46830209599718375,0.46830209599718375,0.0,0.00029349742650080764,0.00029349742650080764,0.0,1.65579917574692e-05,1.65579917574692e-05,0.0,1.211408555373414e-05,1.211408555373414e-05,0.0
pccv3_n07_random_sparse_r04,7,random_sparse,4,33,1,L33H1,0.5,6,6,False,False,-0.7705944180488586,-1.4184298515319824,-0.6478354334831238,-0.125,-1.125,-1.0,0.6998440482370499,0.5644866092057917,-0.1353574390312582,0.30393840834218394,0.2451534194863527,-0.05878498885583125,6.465674045712079,6.242513835949393,-0.22316020976268636,0.5306557956471611,0.7542504801266389,0.06235369964997739,0.5093812007473056,0.988118406691683,0.9886655866521323,0.0005471799604492844,0.4472123648111427,0.3160962209684766,0.22360618240557134,0.02758058775139972,False,1,0.000621334056777987,0.0005356493737581349,-8.568468301985209e-05,1.65579917574692e-05,1.4274572299438399e-05,-2.2834194580308008e-06,2.409173585043663e-05,2.3534790980230924e-05,-5.569448702057071e-07,1.004292966417414e-05,9.216356570520809e-06,-8.265730936533321e-07,4.791213779304233e-05,5.645702863115567e-05,8.544890838113344e-06,0.5306557956471611,0.7542504801266389,0.22359468447947772,0.46830209599718375,0.24486927937933325,-0.2234328166178505,0.00029349742650080764,0.00020976330868958937,-8.373411781121827e-05,1.65579917574692e-05,1.9511027012900885e-05,2.9530352554316853e-06,1.211408555373414e-05,1.1834036085805787e-05,-2.800494679283539e-07
pccv3_n07_random_sparse_r04,7,random_sparse,4,33,1,L33H1,1.5,6,7,False,True,-0.7705944180488586,-0.4400729835033417,0.33052143454551697,-0.125,0.625,0.75,0.6998440482370499,0.6545256869885727,-0.04531836124847721,0.30393840834218394,0.28425689412307215,-0.019681514219111795,6.465674045712079,6.6486607616861075,0.18298671597402816,0.5306557956471611,0.6507424352149678,0.06235369964997739,0.30242510974387765,0.988118406691683,0.9896225869224509,0.0015041802307678154,0.3649289321573409,0.25793759983467573,0.18246446607867045,0.016997805920008838,True,1,0.000621334056777987,0.0005236739187063622,-9.766013807162484e-05,1.65579917574692e-05,1.3955437232116555e-05,-2.6025545253526448e-06,2.409173585043663e-05,2.0305041359972782e-05,-3.7866944904638494e-06,1.004292966417414e-05,8.4644005509739e-06,-1.5785291132002405e-06,4.791213779304233e-05,3.563645739859171e-05,-1.227568039445062e-05,0.5306557956471611,0.3483173254710901,-0.18233847017607102,0.46830209599718375,0.6507424352149678,0.18244033921778402,0.00029349742650080764,0.0003176242873872698,2.412686088646218e-05,1.65579917574692e-05,1.1569463822363515e-05,-4.988527935105685e-06,1.211408555373414e-05,9.010307484572994e-06,-3.103778069161147e-06
pccv3_n07_random_sparse_r05,7,random_sparse,5,33,1,L33H1,1.0,6,6,False,False,-2.8206896781921387,-2.8206896781921387,0.0,-2.75,-2.75,0.0,0.23180609005979638,0.23180609005979638,0.0,0.1006721057845378,0.1006721057845378,0.0,6.0584618628525755,6.0584618628525755,0.0,0.9394569602136748,0.9394569602136748,0.8793994860514596,0.8793994860514596,0.9917973796912065,0.9917973796912065,0.0,0.0,0.0,0.0,0.0,False,0,0.00031515270067458483,0.00031515270067458483,0.0,5.093968971799512e-06,5.093968971799512e-06,0.0,1.013056696310727e-05,1.013056696310727e-05,0.0,4.2230486047292706e-06,4.2230486047292706e-06,0.0,9.029276048671223e-05,9.029276048671223e-05,0.0,0.9394569602136748,0.9394569602136748,0.0,0.06005747416221519,0.06005747416221519,0.0,5.476532758528037e-05,5.476532758528037e-05,0.0,3.5010302608116766e-06,3.5010302608116766e-06,0.0,2.406220562978627e-06,2.406220562978627e-06,0.0
pccv3_n07_random_sparse_r05,7,random_sparse,5,33,1,L33H1,0.5,6,6,False,False,-2.8206896781921387,-3.6601145267486572,-0.8394248485565186,-2.75,-3.625,-0.875,0.23180609005979638,0.12533169817868064,-0.10647439188111574,0.1006721057845378,0.054430864926564834,-0.04624124085797296,6.0584618628525755,6.024222537591018,-0.034239325261557596,0.9394569602136748,0.9735364606447812,0.8793994860514596,0.9475925927445674,0.9917973796912065,0.9917398782984037,-5.750139280280564e-05,0.06825900319588035,0.04821983279708917,0.034129501597940176,0.0036318640524976983,False,1,0.00031515270067458483,0.0003265850994468086,1.143239877222376e-05,5.093968971799512e-06,4.9589327997539476e-06,-1.3503617204556434e-07,1.013056696310727e-05,1.0498060819460245e-05,3.6749385635297475e-07,4.2230486047292706e-06,4.376242835908015e-06,1.531942311787447e-07,9.029276048671223e-05,0.00012789256253217219,3.759980204545996e-05,0.9394569602136748,0.9735364606447812,0.03407950043110641,0.06005747416221519,0.025943867900213784,-0.03411360626200141,5.476532758528037e-05,3.900502781861416e-05,-1.5760299766666207e-05,3.5010302608116766e-06,3.862020747646849e-06,3.609904868351724e-07,2.406220562978627e-06,2.493508004752134e-06,8.728744177350717e-08
pccv3_n07_random_sparse_r05,7,random_sparse,5,33,1,L33H1,1.5,6,6,False,False,-2.8206896781921387,-2.0268518924713135,0.7938377857208252,-2.75,-1.875,0.875,0.23180609005979638,0.3966334428114807,0.16482735275168434,0.1006721057845378,0.17225571555131505,0.07158360976677726,6.0584618628525755,6.131280570728127,0.07281870787555178,0.9394569602136748,0.866600758904992,0.8793994860514596,0.7337032282553271,0.9917973796912065,0.9913625628337286,-0.00043481685747792653,0.14574765449612012,0.10302281657688447,0.07287382724806006,0.007783760877738416,False,1,0.00031515270067458483,0.00032942004337144096,1.4267342696856126e-05,5.093968971799512e-06,5.667984935530825e-06,5.740159637313133e-07,1.013056696310727e-05,9.947623356684192e-06,-1.829436064230781e-07,4.2230486047292706e-06,4.414231106228333e-06,1.911825014990624e-07,9.029276048671223e-05,7.350354703357232e-05,-1.6789213453139907e-05,0.9394569602136748,0.866600758904992,-0.07285620130868276,0.06005747416221519,0.1328975306496649,0.0728400564874497,5.476532758528037e-05,7.350354703357232e-05,1.8738219448291952e-05,3.5010302608116766e-06,3.0338537134163463e-06,-4.671765473953303e-07,2.406220562978627e-06,2.219614792673205e-06,-1.8660577030542188e-07
pccv3_n07_row_r00,7,row,0,33,1,L33H1,1.0,6,6,False,False,-8.645566940307617,-8.645566940307617,0.0,-8.5625,-8.5625,0.0,0.2763227894840482,0.2763227894840482,0.0,0.12000546269703602,0.12000546269703602,0.0,5.920698801139294,5.920698801139294,0.0,0.9232751974440646,0.9232751974440646,0.8474881541323886,0.8474881541323886,0.996765947843187,0.996765947843187,0.0,0.0,0.0,0.0,0.0,False,0,0.0007429900288125587,0.0007429900288125587,0.0,9.260589591784343e-07,9.260589591784343e-07,0.0,1.1170403293083366e-06,1.1170403293083366e-06,0.0,1.6252840889259182e-06,1.6252840889259182e-06,0.0,0.07578704331167593,0.07578704331167593,0.0,0.9232751974440646,0.9232751974440646,0.0,0.000176475600223317,0.000176475600223317,0.0,1.0598183563036435e-05,1.0598183563036435e-05,0.0,2.67964044834264e-06,2.67964044834264e-06,0.0,1.3474078350348892e-06,1.3474078350348892e-06,0.0
pccv3_n07_row_r00,7,row,0,33,1,L33H1,0.5,6,6,False,False,-8.645566940307617,-8.727884292602539,-0.08231735229492188,-8.5625,-8.5625,0.0,0.2763227894840482,0.42783861771545717,0.15151582823140897,0.12000546269703602,0.18580795081893786,0.06580248812190184,5.920698801139294,5.84790890557619,-0.07278989556310389,0.9232751974440646,0.8510432258661792,0.8474881541323886,0.7031540884606253,0.996765947843187,0.9959166098217338,-0.0008493380214531498,0.1444915561157524,0.10205973005942645,0.0722457780578762,0.006654260649161364,False,1,0.0007429900288125587,0.0008793809556745906,0.0001363909268620319,9.260589591784343e-07,1.3220957943192529e-06,3.960368351408186e-07,1.1170403293083366e-06,1.8070906935418627e-06,6.90050364233526e-07,1.6252840889259182e-06,2.470000123075087e-06,8.447160341491689e-07,0.07578704331167593,0.14788913740555382,0.07210209409387788,0.9232751974440646,0.8510432258661792,-0.07223197157788541,0.000176475600223317,0.00016266912023250887,-1.3806479990808137e-05,1.0598183563036435e-05,1.421386931798238e-05,3.615685754945945e-06,2.67964044834264e-06,3.5938289731801522e-06,9.141885248375122e-07,1.3474078350348892e-06,2.179767457997334e-06,8.323596229624449e-07
pccv3_n07_row_r00,7,row,0,33,1,L33H1,1.5,6,6,False,False,-8.645566940307617,-8.552282333374023,0.09328460693359375,-8.5625,-8.5,0.0625,0.2763227894840482,0.198348491333413,-0.0779742981506352,0.12000546269703602,0.08614165527993622,-0.033863807417099795,5.920698801139294,5.94945056493096,0.028751763791666107,0.9232751974440646,0.9517320917299436,0.8474881541323886,0.9043481410110947,0.996765947843187,0.9971936667204204,0.0004277188772334739,0.05694813212419028,0.040206160010647404,0.02847406606209514,0.001761347694849733,False,1,0.0007429900288125587,0.0006758957565861535,-6.709427222640523e-05,9.260589591784343e-07,6.560874820921185e-07,-2.6997147708631577e-07,1.1170403293083366e-06,7.913925671659594e-07,-3.256477621423773e-07,1.6252840889259182e-06,1.225732786140486e-06,-3.9955130278543217e-07,0.07578704331167593,0.047383950718848857,-0.028403092592827077,0.9232751974440646,0.9517320917299436,0.028456894285878942,0.000176475600223317,0.0001936473764393804,1.7171776216063392e-05,1.0598183563036435e-05,8.508271924964048e-06,-2.0899116380723876e-06,2.67964044834264e-06,2.1512280345047818e-06,-5.284124138378582e-07,1.3474078350348892e-06,1.081705387165365e-06,-2.6570244786952415e-07
pccv3_n07_row_r01,7,row,1,33,1,L33H1,1.0,6,6,False,False,-8.603476524353027,-8.603476524353027,0.0,-8.25,-8.25,0.0,0.6133454519444677,0.6133454519444677,0.0,0.2663725452799384,0.2663725452799384,0.0,5.702628197553429,5.702628197553429,0.0,0.7051263777066138,0.7051263777066138,0.41118597176724403,0.41118597176724403,0.9959101819085845,0.9959101819085845,0.0,0.0,0.0,0.0,0.0,False,0,0.0007286054210324059,0.0007286054210324059,0.0,1.3213214375392757e-06,1.3213214375392757e-06,0.0,1.0954139461960446e-06,1.0954139461960446e-06,0.0,1.5938178871682892e-06,1.5938178871682892e-06,0.0,0.29394040593936976,0.29394040593936976,0.0,0.7051263777066138,0.7051263777066138,0.0,0.00018422030015498062,0.00018422030015498062,0.0,1.177680977976561e-05,1.177680977976561e-05,0.0,2.79723750522133e-06,2.79723750522133e-06,0.0,1.8060322733149847e-06,1.8060322733149847e-06,0.0
pccv3_n07_row_r01,7,row,1,33,1,L33H1,0.5,6,6,False,False,-8.603476524353027,-8.769024848937988,-0.16554832458496094,-8.25,-8.1875,0.0625,0.6133454519444677,0.6926909685927581,0.07934551664829048,0.2663725452799384,0.30083186532405354,0.034459320044115116,5.702628197553429,5.559038087584283,-0.14359010996914634,0.7051263777066138,0.5616572499822985,0.41118597176724403,0.12423814387835264,0.9959101819085845,0.9953491450980891,-0.0005610368104953523,0.2869942929780509,0.20290275767424343,0.14349714648902545,0.011154319788290235,False,1,0.0007286054210324059,0.0007451958482209487,1.6590427188542816e-05,1.3213214375392757e-06,1.5313459695668292e-06,2.100245320275535e-07,1.0954139461960446e-06,1.4385664074978467e-06,3.4315246130180205e-07,1.5938178871682892e-06,2.093101772267516e-06,4.992838850992266e-07,0.29394040593936976,0.43741910610394585,0.1434787001645761,0.7051263777066138,0.5616572499822985,-0.1434691277243153,0.00018422030015498062,0.000156201535444832,-2.8018764710148627e-05,1.177680977976561e-05,1.2044969059842984e-05,2.68159280077373e-07,2.79723750522133e-06,3.045445108571377e-06,2.482076033500471e-07,1.8060322733149847e-06,2.093101772267516e-06,2.870694989525312e-07
pccv3_n07_row_r01,7,row,1,33,1,L33H1,1.5,6,6,False,False,-8.603476524353027,-8.381360054016113,0.22211647033691406,-8.25,-8.125,0.125,0.6133454519444677,0.5380341499415214,-0.07531130200294622,0.2663725452799384,0.23366526239510954,-0.03270728288482888,5.702628197553429,5.774227320324728,0.07159912277129887,0.7051263777066138,0.7765567851755203,0.41118597176724403,0.5540695411884056,0.9959101819085845,0.9965316147753356,0.0006214328667510927,0.14295216542518538,0.10103395454584944,0.07147608271259269,0.0033421303328650745,False,1,0.0007286054210324059,0.0007081281276305497,-2.047729340185617e-05,1.3213214375392757e-06,1.1332901604977779e-06,-1.8803127704149784e-07,1.0954139461960446e-06,8.291327935516222e-07,-2.6628115264442237e-07,1.5938178871682892e-06,1.2841859922439122e-06,-3.0963189492437705e-07,0.29394040593936976,0.22248724398711472,-0.07145316195225504,0.7051263777066138,0.7765567851755203,0.0714304074689065,0.00018422030015498062,0.00022989554384110635,4.5675243686125734e-05,1.177680977976561e-05,1.0752357668747272e-05,-1.0244521110183388e-06,2.79723750522133e-06,2.3991752886007763e-06,-3.980622166205535e-07,1.8060322733149847e-06,1.549023989727304e-06,-2.570082835876807e-07
pccv3_n07_row_r02,7,row,2,33,1,L33H1,1.0,6,6,False,False,-6.3785176277160645,-6.3785176277160645,0.0,-6.375,-6.375,0.0,0.019617679250232587,0.019617679250232587,0.0,0.008519849846123934,0.008519849846123934,0.0,6.000029549320682,6.000029549320682,0.0,0.9975004953705999,0.9975004953705999,0.9958011337803637,0.9958011337803637,0.9989856597494509,0.9989856597494509,0.0,0.0,0.0,0.0,0.0,False,0,0.00022998358213604045,0.00022998358213604045,0.0,7.791964554365924e-07,7.791964554365924e-07,0.0,6.068388096604813e-07,6.068388096604813e-07,0.0,2.5296805181437013e-07,2.5296805181437013e-07,0.0,0.0005517019332042003,0.0005517019332042003,0.0,0.9975004953705999,0.9975004953705999,0.0,0.0016993615902362279,0.0016993615902362279,0.0,1.3811587646553186e-05,1.3811587646553186e-05,0.0,2.4000940506529996e-06,2.4000940506529996e-06,0.0,6.068388096604813e-07,6.068388096604813e-07,0.0
pccv3_n07_row_r02,7,row,2,33,1,L33H1,0.5,6,6,False,False,-6.3785176277160645,-7.003141403198242,-0.6246237754821777,-6.375,-7.0,-0.625,0.019617679250232587,0.01672433449798596,-0.0028933447522466287,0.008519849846123934,0.007263286185979492,-0.0012565636601444422,6.000029549320682,5.999016078804931,-0.0010134705157511803,0.9975004953705999,0.9979588263337666,0.9958011337803637,0.997048805677667,0.9989856597494509,0.9989025371393154,-8.31226101354332e-05,0.001634298348956256,0.000980940748175475,0.000817149174478128,8.328383841766018e-05,False,1,0.00022998358213604045,0.00020305305473390818,-2.6930527402132262e-05,7.791964554365924e-07,7.323236618586977e-07,-4.68727935778947e-08,6.068388096604813e-07,6.879544141574594e-07,8.111560449697817e-08,2.5296805181437013e-07,2.69406819481202e-07,1.6438767666831857e-08,0.0005517019332042003,0.0009100206560997133,0.00035831872289551303,0.9975004953705999,0.9979588263337666,0.00045833096316671984,0.0016993615902362279,0.0009100206560997133,-0.0007893409341365146,1.3811587646553186e-05,1.298074750062728e-05,-8.308401459259061e-07,2.4000940506529996e-06,2.72091248986463e-06,3.2081843921163037e-07,6.068388096604813e-07,6.879544141574594e-07,8.111560449697817e-08
pccv3_n07_row_r02,7,row,2,33,1,L33H1,1.5,6,6,False,False,-6.3785176277160645,-5.87935733795166,0.4991602897644043,-6.375,-5.875,0.5,0.019617679250232587,0.025002608835439935,0.005384929585207348,0.008519849846123934,0.010858495050417052,0.0023386452042931175,6.000029549320682,6.001303993721322,0.0012744444006402844,0.9975004953705999,0.9965736107944592,0.9958011337803637,0.9937744406220423,0.9989856597494509,0.9990753602090479,8.970045959699746e-05,0.0022013713830327662,0.00144864794385666,0.0011006856915163831,7.611355531690271e-05,False,1,0.00022998358213604045,0.00022976987975089196,-2.1370238514848978e-07,7.791964554365924e-07,7.313071608874743e-07,-4.7889294549118034e-08,6.068388096604813e-07,5.026195711810257e-07,-1.0421923847945559e-07,2.5296805181437013e-07,2.095230095724682e-07,-4.344504224190194e-08,0.0005517019332042003,0.00037882648811150626,-0.000172875445092694,0.9975004953705999,0.9965736107944592,-0.0009268845761407629,0.0016993615902362279,0.002799170172416805,0.001099808582180577,1.3811587646553186e-05,1.468869698219691e-05,8.77109335643724e-07,2.4000940506529996e-06,1.987898966462397e-06,-4.1219508419060275e-07,6.068388096604813e-07,5.026195711810257e-07,-1.0421923847945559e-07
pccv3_n07_row_r03,7,row,3,33,1,L33H1,1.0,6,6,False,False,-8.135005950927734,-8.135005950927734,0.0,-8.125,-8.125,0.0,0.04765984784051654,0.04765984784051654,0.0,0.020698408925484944,0.020698408925484944,0.0,5.990882996635866,5.990882996635866,0.0,0.9924580466278712,0.9924580466278712,0.9857709169108767,0.9857709169108767,0.9975671254494927,0.9975671254494927,0.0,0.0,0.0,0.0,0.0,False,0,0.0005489130336173254,0.0005489130336173254,0.0,6.03771188534464e-07,6.03771188534464e-07,0.0,4.4172843783950327e-07,4.4172843783950327e-07,0.0,1.9601580607759707e-07,1.9601580607759707e-07,0.0,0.006687129716994489,0.006687129716994489,0.0,0.9924580466278712,0.9924580466278712,0.0,0.0002938119745067021,0.0002938119745067021,0.0,8.33480416353391e-06,8.33480416353391e-06,0.0,1.7470698623510885e-06,1.7470698623510885e-06,0.0,7.75257551942018e-07,7.75257551942018e-07,0.0
pccv3_n07_row_r03,7,row,3,33,1,L33H1,0.5,6,6,False,False,-8.135005950927734,-8.391549110412598,-0.2565431594848633,-8.125,-8.375,-0.25,0.04765984784051654,0.07380903385667723,0.02614918601616069,0.020698408925484944,0.032054856118565206,0.011356447193080262,5.990882996635866,5.985099072803159,-0.005783923832707316,0.9924580466278712,0.9867912380244958,0.9857709169108767,0.9743693695566559,0.9975671254494927,0.9967532001012671,-0.0008139253482255526,0.011472480687937884,0.00806252776434092,0.005736240343968942,0.00044316941684140437,False,1,0.0005489130336173254,0.0005457788103501792,-3.1342232671462134e-06,6.03771188534464e-07,7.708309304036025e-07,1.6705974186913852e-07,4.4172843783950327e-07,6.39041286498676e-07,1.9731284865917276e-07,1.9601580607759707e-07,2.835728519145402e-07,8.755704583694314e-08,0.006687129716994489,0.012421868467839898,0.005734738750845409,0.9924580466278712,0.9867912380244958,-0.005666808603375428,0.0002938119745067021,0.0002275144571803093,-6.629751732639282e-05,8.33480416353391e-06,8.821692847430731e-06,4.868886838968216e-07,1.7470698623510885e-06,2.0953357109302914e-06,3.4826584857920294e-07,7.75257551942018e-07,9.89766506607285e-07,2.1450895466526698e-07
pccv3_n07_row_r03,7,row,3,33,1,L33H1,1.5,6,6,False,False,-8.135005950927734,-7.757312774658203,0.37769317626953125,-8.125,-7.75,0.375,0.04765984784051654,0.03501955837449076,-0.01264028946602578,0.020698408925484944,0.015208800960730146,-0.005489607964754797,5.990882996635866,5.993630461271804,0.0027474646359380017,0.9924580466278712,0.9949438818370798,0.9857709169108767,0.9908777735979135,0.9975671254494927,0.9977587741942671,0.00019164874477439753,0.005243925533391252,0.0036148707785652414,0.002621962766695626,0.00016844490521446671,False,1,0.0005489130336173254,0.0005502879102183019,1.3748766009764359e-06,6.03771188534464e-07,5.686111982049142e-07,-3.515999032954973e-08,4.4172843783950327e-07,3.448801251672176e-07,-9.684831267228564e-08,1.9601580607759707e-07,1.6290983583412822e-07,-3.310597024346885e-08,0.006687129716994489,0.004066108239166345,-0.0026210214778281437,0.9924580466278712,0.9949438818370798,0.002485835209208642,0.0002938119745067021,0.0004285646553927404,0.00013475268088603828,8.33480416353391e-06,7.84943546864824e-06,-4.853686948856701e-07,1.7470698623510885e-06,1.5456454875387428e-06,-2.0142437481234568e-07,7.75257551942018e-07,6.858760274342764e-07,-8.938152450774166e-08
pccv3_n07_row_r04,7,row,4,33,1,L33H1,1.0,6,6,False,False,-8.784697532653809,-8.784697532653809,0.0,-8.75,-8.75,0.0,0.13847030036220728,0.13847030036220728,0.0,0.06013688735479247,0.06013688735479247,0.0,5.968194910572188,5.968194910572188,0.0,0.9700078882903074,0.9700078882903074,0.9407161881649315,0.9407161881649315,0.9957629523061371,0.9957629523061371,0.0,0.0,0.0,0.0,0.0,False,0,0.0005364962019334748,0.0005364962019334748,0.0,6.281724694757723e-07,6.281724694757723e-07,0.0,5.543602586012853e-07,5.543602586012853e-07,0.0,4.055786292596023e-07,4.055786292596023e-07,0.0,0.029291700125375904,0.029291700125375904,0.0,0.9700078882903074,0.9700078882903074,0.0,0.00015370873535121372,0.00015370873535121372,0.0,6.34431719760159e-06,6.34431719760159e-06,0.0,1.4156085123332802e-06,1.4156085123332802e-06,0.0,8.586099648803241e-07,8.586099648803241e-07,0.0
pccv3_n07_row_r04,7,row,4,33,1,L33H1,0.5,6,6,False,False,-8.784697532653809,-8.873393058776855,-0.08869552612304688,-8.75,-8.8125,-0.0625,0.13847030036220728,0.21482447705087332,0.07635417668866604,0.06013688735479247,0.09329708496094603,0.03316019760615356,5.968194910572188,5.943832329883199,-0.024362580688988444,0.9700078882903074,0.9458898782370356,0.9407161881649315,0.8925264229112041,0.9957629523061371,0.9947503527109234,-0.0010125995952137146,0.048261826034295345,0.034075374517087746,0.024130913017147673,0.001855104391071248,False,1,0.0005364962019334748,0.0005928144404833108,5.6318238549836e-05,6.281724694757723e-07,7.86534598863472e-07,1.5836212938769968e-07,5.543602586012853e-07,7.86534598863472e-07,2.3217434026218673e-07,4.055786292596023e-07,6.125537615076253e-07,2.06975132248023e-07,0.029291700125375904,0.053363455325831574,0.02407175520045567,0.9700078882903074,0.9458898782370356,-0.024118010053271743,0.00015370873535121372,0.00014080577147521173,-1.2902963876001983e-05,6.34431719760159e-06,7.943718046482536e-06,1.5994008488809464e-06,1.4156085123332802e-06,1.7724830798856207e-06,3.5687456755234054e-07,8.586099648803241e-07,1.1444010886465228e-06,2.8579112376619876e-07
pccv3_n07_row_r04,7,row,4,33,1,L33H1,1.5,6,6,False,False,-8.784697532653809,-8.643016815185547,0.14168071746826172,-8.75,-8.625,0.125,0.13847030036220728,0.07985960169530018,-0.0586106986669071,0.06013688735479247,0.03468258434326044,-0.02545430301153203,5.968194910572188,5.983730987766908,0.015536077194719944,0.9700078882903074,0.9852796459460359,0.9407161881649315,0.9712253866104856,0.9957629523061371,0.9968179883172184,0.0010550360110812562,0.030589931872010617,0.021573358879290648,0.015294965936005309,0.0013991910001469052,False,1,0.0005364962019334748,0.0004809103087266945,-5.5585893206780326e-05,6.281724694757723e-07,4.969234864085995e-07,-1.3124898306717281e-07,5.543602586012853e-07,3.8700440034158995e-07,-1.6735585825969532e-07,4.055786292596023e-07,2.831384677610303e-07,-1.2244016149857204e-07,0.029291700125375904,0.014054259335550226,-0.015237440789825678,0.9700078882903074,0.9852796459460359,0.015271757655728524,0.00015370873535121372,0.00017691701562796218,2.3208280276748464e-05,6.34431719760159e-06,5.342430954849888e-06,-1.0018862427517023e-06,1.4156085123332802e-06,1.119834363205049e-06,-2.957741491282312e-07,8.586099648803241e-07,6.380623866977273e-07,-2.2054757818259675e-07
pccv3_n07_row_r05,7,row,5,33,1,L33H1,1.0,6,6,False,False,-7.754037857055664,-7.754037857055664,0.0,-7.75,-7.75,0.0,0.019457765747954464,0.019457765747954464,0.0,0.008450400294502723,0.008450400294502723,0.0,5.997074043598941,5.997074043598941,0.0,0.9975251085473403,0.9975251085473403,0.995825705025609,0.995825705025609,0.998441283010493,0.998441283010493,0.0,0.0,0.0,0.0,0.0,False,0,0.00033463239431202917,0.00033463239431202917,0.0,6.459924897154384e-07,6.459924897154384e-07,0.0,5.700863712667856e-07,5.700863712667856e-07,0.0,2.5297429376351987e-07,2.5297429376351987e-07,0.0,0.0016994035217313603,0.0016994035217313603,0.0,0.9975251085473403,0.9975251085473403,0.0,0.00042967649954371985,0.00042967649954371985,0.0,7.86979960461813e-06,7.86979960461813e-06,0.0,1.3675661114592463e-06,1.3675661114592463e-06,0.0,4.7261820165796756e-07,4.7261820165796756e-07,0.0
pccv3_n07_row_r05,7,row,5,33,1,L33H1,0.5,6,6,False,False,-7.754037857055664,-8.130309104919434,-0.37627124786376953,-7.75,-8.125,-0.375,0.019457765747954464,0.026947526949650632,0.007489761201696168,0.008450400294502723,0.011703162255172437,0.0032527619606697138,5.997074043598941,5.9956663500383005,-0.0014076935606404106,0.9975251085473403,0.9962278399155773,0.995825705025609,0.9930570650777457,0.998441283010493,0.9984717745784621,3.0491567969193056e-05,0.002943465192823095,0.0019666146265082457,0.0014717325964115474,0.00012003406927957845,False,1,0.00033463239431202917,0.00029492800194293124,-3.970439236909793e-05,6.459924897154384e-07,6.451523847535867e-07,-8.401049618517106e-10,5.700863712667856e-07,7.310534267759007e-07,1.6096705550911514e-07,2.5297429376351987e-07,3.047484079786965e-07,5.177411421517664e-08,0.0016994035217313603,0.0031707748378316065,0.0014713713161002462,0.9975251085473403,0.9962278399155773,-0.0012972686317630489,0.00042967649954371985,0.00029492800194293124,-0.0001347484976007886,7.86979960461813e-06,7.859565030994012e-06,-1.0234573624117035e-08,1.3675661114592463e-06,1.453873342095768e-06,8.630723063652164e-08,4.7261820165796756e-07,5.348501126242484e-07,6.223191096628083e-08
pccv3_n07_row_r05,7,row,5,33,1,L33H1,1.5,6,6,False,False,-7.754037857055664,-7.378252983093262,0.37578487396240234,-7.75,-7.375,0.375,0.019457765747954464,0.01618536259736041,-0.0032724031505940547,0.008450400294502723,0.007029213663636909,-0.001421186630865814,5.997074043598941,5.998131847202813,0.0010578036038717542,0.9975251085473403,0.9980383385386931,0.995825705025609,0.9970070678802012,0.998441283010493,0.9987113956885736,0.0002701126780806362,0.0014181015292925546,0.0008658449630938726,0.0007090507646462773,5.111223565003182e-05,False,1,0.00033463239431202917,0.00029546399051907983,-3.916840379294934e-05,6.459924897154384e-07,5.033583031951284e-07,-1.4263418652031004e-07,5.700863712667856e-07,3.920158406938597e-07,-1.780705305729259e-07,2.5297429376351987e-07,1.7395597481707332e-07,-7.901831894644655e-08,0.0016994035217313603,0.0010312706584918426,-0.0006681328632395177,0.9975251085473403,0.9980383385386931,0.0005132299913527261,0.00042967649954371985,0.0006254972728373391,0.00019582077329361928,7.86979960461813e-06,6.948647038630004e-06,-9.211525659881253e-07,1.3675661114592463e-06,1.0656095362262146e-06,-3.0195657523303163e-07,4.7261820165796756e-07,3.4595276517642735e-07,-1.266654364815402e-07
pccv3_n08_dense_r00,8,dense,0,33,1,L33H1,1.0,7,7,False,False,-7.555813789367676,-7.555813789367676,0.0,-7.5,-7.5,0.0,0.19817648124714093,0.19817648124714093,0.0,0.08606695224863657,0.08606695224863657,0.0,6.951393427638731,6.951393427638731,0.0,0.9517759354996866,0.9517759354996866,0.904389801928076,0.904389801928076,0.9936321677737396,0.9936321677737396,0.0,0.0,0.0,0.0,0.0,False,0,0.0002817682498996157,0.0002817682498996157,0.0,3.775696708448167e-06,3.775696708448167e-06,0.0,4.848090539351691e-06,4.848090539351691e-06,0.0,2.0209848138184156e-06,2.0209848138184156e-06,0.0,1.3178476415843916e-05,1.3178476415843916e-05,0.0,0.04738613357161056,0.04738613357161056,0.0,0.9517759354996866,0.9517759354996866,0.0,0.0005264123938077093,0.0005264123938077093,0.0,3.3320406503043596e-06,3.3320406503043596e-06,0.0,2.5949958676827883e-06,2.5949958676827883e-06,0.0
pccv3_n08_dense_r00,8,dense,0,33,1,L33H1,0.5,7,7,False,False,-7.555813789367676,-7.775235652923584,-0.2194218635559082,-7.5,-7.625,-0.125,0.19817648124714093,0.3996455386314969,0.20146905738435594,0.08606695224863657,0.17356385214491193,0.08749689989627536,6.951393427638731,6.864952065099027,-0.0864413625397038,0.9517759354996866,0.8662609669128788,0.904389801928076,0.7334155450528985,0.9936321677737396,0.993355509215462,-0.00027665855827763153,0.17123712624603082,0.1208971899480682,0.08561856312301541,0.011565961764406186,False,1,0.0002817682498996157,0.00042281785760017054,0.00014104960770055483,3.775696708448167e-06,5.322491334112149e-06,1.5467946256639824e-06,4.848090539351691e-06,7.744179195512955e-06,2.8960886561612637e-06,2.0209848138184156e-06,3.0326641469562794e-06,1.0116793331378638e-06,1.3178476415843916e-05,2.2408525511075614e-05,9.230049095231698e-06,0.04738613357161056,0.13284542185998022,0.08545928828836966,0.9517759354996866,0.8662609669128788,-0.08551496858680785,0.0005264123938077093,0.00042281785760017054,-0.00010359453620753875,3.3320406503043596e-06,5.322491334112149e-06,1.9904506838077897e-06,2.5949958676827883e-06,4.1451604188973085e-06,1.5501645512145202e-06
pccv3_n08_dense_r00,8,dense,0,33,1,L33H1,1.5,7,7,False,False,-7.555813789367676,-7.401088714599609,0.1547250747680664,-7.5,-7.375,0.125,0.19817648124714093,0.09696634591241886,-0.10121013533472208,0.08606695224863657,0.042111948960085445,-0.04395500328855113,6.951393427638731,6.981670597488026,0.030277169849295404,0.9517759354996866,0.9812380171193451,0.904389801928076,0.9632660159338896,0.9936321677737396,0.9928768670589534,-0.0007553007147862445,0.05910127457742417,0.04163207004896995,0.029550637288712087,0.0035551044736627175,False,1,0.0002817682498996157,0.00015548827644668365,-0.00012627997345293206,3.775696708448167e-06,2.6753235763427138e-06,-1.100373132105453e-06,4.848090539351691e-06,3.435183469887992e-06,-1.4129070694636995e-06,2.0209848138184156e-06,1.5243534243977866e-06,-4.96631389420629e-07,1.3178476415843916e-05,8.240576756158472e-06,-4.937899659685444e-06,0.04738613357161056,0.017972001185455493,-0.02941413238615507,0.9517759354996866,0.9812380171193451,0.029462081619658465,0.0005264123938077093,0.0006149680628613183,8.855566905360899e-05,3.3320406503043596e-06,2.217921145342635e-06,-1.1141195049617247e-06,2.5949958676827883e-06,1.4319975192237349e-06,-1.1629983484590534e-06
pccv3_n08_dense_r01,8,dense,1,33,1,L33H1,1.0,7,7,False,False,-8.155516624450684,-8.155516624450684,0.0,-7.625,-7.625,0.0,0.6825891042966009,0.6825891042966009,0.0,0.296444681403297,0.296444681403297,0.0,6.590590761480139,6.590590761480139,0.0,0.5921987958271413,0.5921987958271413,0.18518691254222314,0.18518691254222314,0.993418303032513,0.993418303032513,0.0,0.0,0.0,0.0,0.0,False,0,0.00042056441789983356,0.00042056441789983356,0.0,4.973369913086673e-06,4.973369913086673e-06,0.0,7.23621052526158e-06,7.23621052526158e-06,0.0,3.873264382815666e-06,3.873264382815666e-06,0.0,5.691720461571512e-05,5.691720461571512e-05,0.0,0.40701188328491816,0.40701188328491816,0.0,0.5921987958271413,0.5921987958271413,0.0,0.00028904941546352165,0.00028904941546352165,0.0,3.873264382815666e-06,3.873264382815666e-06,0.0,2.83374075751031e-06,2.83374075751031e-06,0.0
pccv3_n08_dense_r01,8,dense,1,33,1,L33H1,0.5,7,6,False,False,-8.155516624450684,-8.644003868103027,-0.48848724365234375,-7.625,-8.25,-0.625,0.6825891042966009,0.6340241510122846,-0.048564953284316315,0.296444681403297,0.27535319017802923,-0.021091491225267767,6.590590761480139,6.318416484175146,-0.2721742773049929,0.5921987958271413,0.6786609206136773,0.18518691254222314,0.35808420106335115,0.993418303032513,0.9936501418922035,0.0002318388596904697,0.5434676394385243,0.384150710703173,0.27173381971926214,0.03769963412131058,True,1,0.00042056441789983356,0.00048196760452814,6.140318662830642e-05,4.973369913086673e-06,5.029783297971299e-06,5.6413384884626235e-08,7.23621052526158e-06,7.790280767461862e-06,5.540702422002815e-07,3.873264382815666e-06,4.169836812155652e-06,2.96572429339986e-07,5.691720461571512e-05,7.867904858740298e-05,2.1761843971687855e-05,0.40701188328491816,0.6786609206136773,0.27164903732875917,0.5921987958271413,0.3205767195503262,-0.2716220762768151,0.00028904941546352165,0.00017730597301655087,-0.00011174344244697077,3.873264382815666e-06,4.169836812155652e-06,2.96572429339986e-07,2.83374075751031e-06,3.2474721745867917e-06,4.137314170764819e-07
pccv3_n08_dense_r01,8,dense,1,33,1,L33H1,1.5,7,7,False,False,-8.155516624450684,-7.858234405517578,0.29728221893310547,-7.625,-7.625,0.0,0.6825891042966009,0.5097100019116686,-0.17287910238493231,0.296444681403297,0.2213642412011336,-0.0750804402021634,6.590590761480139,6.7965574655502365,0.20596670407009743,0.5921987958271413,0.7975567724117555,0.18518691254222314,0.5959028404438291,0.993418303032513,0.9929923198535562,-0.0004259831789568125,0.4109164216724095,0.290420045861904,0.20545821083620475,0.025286771932584044,False,1,0.00042056441789983356,0.00034354163040198495,-7.702278749784861e-05,4.973369913086673e-06,4.062539615372084e-06,-9.108302977145891e-07,7.23621052526158e-06,5.552833283812166e-06,-1.6833772414494143e-06,3.873264382815666e-06,3.1639090337103828e-06,-7.093553491052833e-07,5.691720461571512e-05,3.85443026953919e-05,-1.8372901920323223e-05,0.40701188328491816,0.20165393196792641,-0.20535795131699175,0.5921987958271413,0.7975567724117555,0.2053579765846142,0.00028904941546352165,0.0003892836670540647,0.00010023425159054304,3.873264382815666e-06,2.972217475821095e-06,-9.010469069945709e-07,2.83374075751031e-06,2.1745207579390507e-06,-6.592199995712591e-07
pccv3_n08_dense_r02,8,dense,2,33,1,L33H1,1.0,6,6,False,False,-9.086479187011719,-9.086479187011719,0.0,-8.9375,-8.9375,0.0,0.3990275763599771,0.3990275763599771,0.0,0.1732954745403665,0.1732954745403665,0.0,6.130210010869301,6.130210010869301,0.0,0.8663392018684456,0.8663392018684456,0.7334817822894484,0.7334817822894484,0.9945146006580217,0.9945146006580217,0.0,0.0,0.0,0.0,0.0,False,0,0.0005429579077234827,0.0005429579077234827,0.0,9.342106843614232e-06,9.342106843614232e-06,0.0,1.3592685251904654e-05,1.3592685251904654e-05,0.0,6.031717517311456e-06,6.031717517311456e-06,0.0,0.00010691475117519521,0.00010691475117519521,0.0,0.8663392018684456,0.8663392018684456,0.0,0.13285741957899727,0.13285741957899727,0.0,0.00011381016020257698,0.00011381016020257698,0.0,6.031717517311456e-06,6.031717517311456e-06,0.0,4.697506325747671e-06,4.697506325747671e-06,0.0
pccv3_n08_dense_r02,8,dense,2,33,1,L33H1,0.5,6,6,False,False,-9.086479187011719,-9.50481128692627,-0.4183320999145508,-8.9375,-9.4375,-0.5,0.3990275763599771,0.2335126748433164,-0.1655149015166607,0.1732954745403665,0.10141326613892059,-0.07188220840144592,6.130210010869301,6.057736423072888,-0.07247358779641289,0.8663392018684456,0.9392621369105508,0.7334817822894484,0.8792171173854175,0.9945146006580217,0.9953597626777082,0.0008451620196865406,0.14587904355146397,0.10305051670420669,0.07293952177573199,0.007784772700744458,False,1,0.0005429579077234827,0.00045844938144767844,-8.450852627580425e-05,9.342106843614232e-06,7.888057329950986e-06,-1.4540495136632466e-06,1.3592685251904654e-05,1.2217262189991149e-05,-1.3754230619135057e-06,6.031717517311456e-06,5.421377233363855e-06,-6.103402839476008e-07,0.00010691475117519521,0.0001233899770937955,1.6475225918600295e-05,0.8663392018684456,0.9392621369105508,0.07292293504210523,0.13285741957899727,0.060045019525133254,-0.07281240005386402,0.00011381016020257698,7.483980420862651e-05,-3.8970355993950465e-05,6.031717517311456e-06,6.143225225477963e-06,1.1150770816650732e-07,4.697506325747671e-06,4.494479587098935e-06,-2.030267386487364e-07
pccv3_n08_dense_r02,8,dense,2,33,1,L33H1,1.5,6,6,False,False,-9.086479187011719,-8.757293701171875,0.32918548583984375,-8.9375,-8.4375,0.5,0.3990275763599771,0.5895744435239185,0.19054686716394142,0.1732954745403665,0.2560489274936182,0.08275345295325168,6.130210010869301,6.265938058415583,0.13572804754628187,0.8663392018684456,0.7304226559148386,0.7334817822894484,0.46171517743792706,0.9945146006580217,0.9943545182200069,-0.00016008243801479694,0.27188163040953855,0.19216802659534535,0.13594081520476928,0.014618206206901609,False,1,0.0005429579077234827,0.0005877952225575627,4.483731483407997e-05,9.342106843614232e-06,1.0765845036887457e-05,1.4237381932732253e-06,1.3592685251904654e-05,1.2986087944072386e-05,-6.065973078322682e-07,6.031717517311456e-06,6.134193595733123e-06,1.0247607842166752e-07,0.00010691475117519521,8.467993056399556e-05,-2.2234820611199643e-05,0.8663392018684456,0.7304226559148386,-0.13591654595360703,0.13285741957899727,0.2687074784769115,0.13585005889791424,0.00011381016020257698,0.00015820293795182602,4.439277774924904e-05,6.031717517311456e-06,5.085425107418491e-06,-9.462924098929646e-07,4.697506325747671e-06,4.215965492375619e-06,-4.815408333720522e-07
pccv3_n08_dense_r03,8,dense,3,33,1,L33H1,1.0,6,6,False,False,-7.709455966949463,-7.709455966949463,0.0,-7.125,-7.125,0.0,0.6940778050404764,0.6940778050404764,0.0,0.3014341607405999,0.3014341607405999,0.0,6.435620370681053,6.435620370681053,0.0,0.5615809708991281,0.5615809708991281,0.12422127100488728,0.12422127100488728,0.9925710000638901,0.9925710000638901,0.0,0.0,0.0,0.0,0.0,False,0,0.0005120955595615105,0.0005120955595615105,0.0,6.862084423408822e-06,6.862084423408822e-06,0.0,8.277253805596249e-06,8.277253805596249e-06,0.0,3.045031504436943e-06,3.045031504436943e-06,0.0,6.510564429609351e-05,6.510564429609351e-05,0.0,0.5615809708991281,0.5615809708991281,0.0,0.4373596998942408,0.4373596998942408,0.0,0.00045192274514035816,0.00045192274514035816,0.0,7.304650845345245e-06,7.304650845345245e-06,0.0,4.716237054367413e-06,4.716237054367413e-06,0.0
pccv3_n08_dense_r03,8,dense,3,33,1,L33H1,0.5,6,6,False,False,-7.709455966949463,-8.333295822143555,-0.6238398551940918,-7.125,-8.125,-1.0,0.6940778050404764,0.4817564019435411,-0.21232140309693537,0.3014341607405999,0.2092241469856449,-0.09221001375495502,6.435620370681053,6.180678753899816,-0.2549416167812373,0.5615809708991281,0.8169547119074465,0.12422127100488728,0.6346674762055237,0.9925710000638901,0.9938941809627977,0.0013231808989075944,0.5107958244058044,0.3609401157151715,0.2553979122029022,0.03896253489795225,False,1,0.0005120955595615105,0.00039875170905606644,-0.00011334385050544403,6.862084423408822e-06,5.6878876495889486e-06,-1.1741967738198734e-06,8.277253805596249e-06,7.774420644592021e-06,-5.028331610042275e-07,3.045031504436943e-06,2.686767881414524e-06,-3.5826362302241873e-07,6.510564429609351e-05,8.89735327011402e-05,2.3867888405046693e-05,0.5615809708991281,0.8169547119074465,0.25537374100831844,0.4373596998942408,0.18228723570192287,-0.2550724641923179,0.00045192274514035816,0.00024185513715531607,-0.0002100676079850421,7.304650845345245e-06,7.303392309336509e-06,-1.2585360087361217e-09,4.716237054367413e-06,5.019543233011422e-06,3.0330617864400877e-07
pccv3_n08_dense_r03,8,dense,3,33,1,L33H1,1.5,6,7,False,False,-7.709455966949463,-7.4825263023376465,0.2269296646118164,-7.125,-7.125,0.0,0.6940778050404764,0.6146334019602837,-0.07944440308019274,0.3014341607405999,0.26693189486477453,-0.03450226587582539,6.435620370681053,6.703894299870792,0.26827392918973914,0.5615809708991281,0.7050291448773941,0.12422127100488728,0.4111292716115919,0.9925710000638901,0.9920219028988413,-0.0005490971650488063,0.5355697649279914,0.3785500241464349,0.2677848824639957,0.037127723973452306,True,1,0.0005120955595615105,0.0004418605882789485,-7.0234971282562e-05,6.862084423408822e-06,6.302802786378937e-06,-5.592816370298851e-07,8.277253805596249e-06,6.302802786378937e-06,-1.974451019217312e-06,3.045031504436943e-06,2.4682130349801984e-06,-5.768184694567444e-07,6.510564429609351e-05,3.86093479179501e-05,-2.6496296378143407e-05,0.5615809708991281,0.2938998732658022,-0.26768109763332587,0.4373596998942408,0.7050291448773941,0.2676694449831533,0.00045192274514035816,0.0005673602259827674,0.00011543748084240921,7.304650845345245e-06,4.908627745576548e-06,-2.3960230997686964e-06,4.716237054367413e-06,3.1692482707145643e-06,-1.5469887836528488e-06
pccv3_n08_dense_r04,8,dense,4,33,1,L33H1,1.0,7,7,False,False,-8.477333068847656,-8.477333068847656,0.0,-8.1875,-8.1875,0.0,0.562591390838864,0.562591390838864,0.0,0.2443303366075943,0.2443303366075943,0.0,6.752930739500047,6.752930739500047,0.0,0.7544276668062623,0.7544276668062623,0.5095008633342063,0.5095008633342063,0.9919953048097341,0.9919953048097341,0.0,0.0,0.0,0.0,0.0,False,0,0.00036823255575060436,0.00036823255575060436,0.0,7.179391883273053e-06,7.179391883273053e-06,0.0,1.1119659674581273e-05,1.1119659674581273e-05,0.0,5.591316020669542e-06,5.591316020669542e-06,0.0,3.425096308387963e-05,3.425096308387963e-05,0.0,0.244926803472056,0.244926803472056,0.0,0.7544276668062623,0.7544276668062623,0.0,0.00020981258577346644,0.00020981258577346644,0.0,5.25255530813523e-06,5.25255530813523e-06,0.0,4.090694187101581e-06,4.090694187101581e-06,0.0
pccv3_n08_dense_r04,8,dense,4,33,1,L33H1,0.5,7,6,False,False,-8.477333068847656,-8.702852249145508,-0.22551918029785156,-8.1875,-8.0,0.1875,0.562591390838864,0.6989381459423039,0.13634675510343985,0.2443303366075943,0.30354497997443225,0.05921464336683796,6.752930739500047,6.497898509241553,-0.255032230258494,0.7544276668062623,0.4996689008898774,0.5095008633342063,0.0,0.9919953048097341,0.9909981389964742,-0.000997165813259926,0.5096019165191693,0.3602715201555276,0.25480095825958465,0.03526559140063896,True,1,0.00036823255575060436,0.0004021000586787681,3.386750292816372e-05,7.179391883273053e-06,8.345320476853646e-06,1.1659285935805936e-06,1.1119659674581273e-05,1.3759107380997943e-05,2.6394477064166696e-06,5.591316020669542e-06,6.499342122355449e-06,9.080261016859071e-07,3.425096308387963e-05,5.112128567213969e-05,1.687032258826006e-05,0.244926803472056,0.4996689008898774,0.2547420974178214,0.7544276668062623,0.4996689008898774,-0.25475876591638486,0.00020981258577346644,0.00016762024257367802,-4.219234319978842e-05,5.25255530813523e-06,7.364719471899141e-06,2.1121641637639106e-06,4.090694187101581e-06,5.388143868449069e-06,1.2974496813474882e-06
pccv3_n08_dense_r04,8,dense,4,33,1,L33H1,1.5,7,7,False,False,-8.477333068847656,-8.260045051574707,0.21728801727294922,-8.1875,-8.125,0.0625,0.562591390838864,0.37083502030779286,-0.19175637053107114,0.2443303366075943,0.16105160301615476,-0.08327873359143953,6.752930739500047,6.879244576318633,0.12631383681858566,0.7544276668062623,0.8802636127107191,0.5095008633342063,0.76113288736163,0.9919953048097341,0.9925173394690319,0.0005220346592977876,0.2517734614445742,0.17793073530134634,0.1258867307222871,0.013522319255826799,False,1,0.00036823255575060436,0.00029529554476689674,-7.293701098370762e-05,7.179391883273053e-06,6.1286635086904035e-06,-1.0507283745826492e-06,1.1119659674581273e-05,8.917152788228398e-06,-2.202506886352875e-06,5.591316020669542e-06,4.483826007512862e-06,-1.10749001315668e-06,3.425096308387963e-05,2.4239334385834163e-05,-1.001162869804547e-05,0.244926803472056,0.11913072534908911,-0.1257960781229669,0.7544276668062623,0.8802636127107191,0.1258359459044568,0.00020981258577346644,0.00026059740360381714,5.07848178303507e-05,5.25255530813523e-06,3.280437184573832e-06,-1.972118123561398e-06,4.090694187101581e-06,2.719577946373439e-06,-1.371116240728142e-06
pccv3_n08_dense_r05,8,dense,5,33,1,L33H1,1.0,6,6,False,False,-8.829850196838379,-8.829850196838379,0.0,-8.4375,-8.4375,0.0,0.6342286348676606,0.6342286348676606,0.0,0.2754419963880573,0.2754419963880573,0.0,6.3177225622716024,6.3177225622716024,0.0,0.6786234868044065,0.6786234868044065,0.35806444973352153,0.35806444973352153,0.995349060604326,0.995349060604326,0.0,0.0,0.0,0.0,0.0,False,0,0.0006188245190186615,0.0006188245190186615,0.0,2.692100493229858e-06,2.692100493229858e-06,0.0,4.438523346050374e-06,4.438523346050374e-06,0.0,1.8502518064247696e-06,1.8502518064247696e-06,0.0,3.491169039331473e-05,3.491169039331473e-05,0.0,0.6786234868044065,0.6786234868044065,0.0,0.320559037070885,0.320559037070885,0.0,0.0001469837066336654,0.0001469837066336654,0.0,4.724783507648179e-06,4.724783507648179e-06,0.0,3.050549509403854e-06,3.050549509403854e-06,0.0
pccv3_n08_dense_r05,8,dense,5,33,1,L33H1,0.5,6,6,False,False,-8.829850196838379,-9.397612571716309,-0.5677623748779297,-8.4375,-9.25,-0.8125,0.6342286348676606,0.3979464158275329,-0.2362822190401277,0.2754419963880573,0.1728259324870744,-0.10261606390098288,6.3177225622716024,6.130276503130848,-0.18744605914075407,0.6786234868044065,0.8664373242018361,0.35806444973352153,0.733564857075655,0.995349060604326,0.9957618834157529,0.0004128228114268495,0.37565330093206645,0.2655189183809781,0.18782665046603322,0.02574644051575672,False,1,0.0006188245190186615,0.0005430194036095326,-7.580511540912895e-05,2.692100493229858e-06,2.3623220466584673e-06,-3.297784465713908e-07,4.438523346050374e-06,4.413398613822695e-06,-2.5124732227678554e-08,1.8502518064247696e-06,1.839778259804458e-06,-1.0473546620311568e-08,3.491169039331473e-05,4.74485066926189e-05,1.2536816299304176e-05,0.6786234868044065,0.8664373242018361,0.18781383739742952,0.320559037070885,0.13287246712618112,-0.1876865699447039,0.0001469837066336654,8.32747226366927e-05,-6.37089839969727e-05,4.724783507648179e-06,5.0010358120204626e-06,2.762523043722837e-07,3.050549509403854e-06,2.8495043115535242e-06,-2.0104519785032982e-07
pccv3_n08_dense_r05,8,dense,5,33,1,L33H1,1.5,6,7,False,False,-8.829850196838379,-8.456792831420898,0.37305736541748047,-8.4375,-7.875,0.5625,0.6342286348676606,0.6933405089646043,0.05911187409694374,0.2754419963880573,0.30111395712331973,0.025671960735262456,6.3177225622716024,6.558285401267553,0.24056283899595066,0.6786234868044065,0.561614785274783,0.35806444973352153,0.12422875071830308,0.995349060604326,0.9951577954997219,-0.00019126510460409918,0.4824971310563486,0.34103284677167667,0.2412485655281743,0.029824952373197197,True,1,0.0006188245190186615,0.0007451395068780079,0.0001263149878593464,2.692100493229858e-06,2.687392676695163e-06,-4.707816534695172e-09,4.438523346050374e-06,4.162315201992952e-06,-2.7620814405742195e-07,1.8502518064247696e-06,1.847016174593959e-06,-3.2356318308105737e-09,3.491169039331473e-05,2.549727180504816e-05,-9.414418588266566e-06,0.6786234868044065,0.43738603455647995,-0.2412374522479266,0.320559037070885,0.561614785274783,0.24105574820389802,0.0001469837066336654,0.0002134860430505859,6.650233641692049e-05,4.724783507648179e-06,3.673230273339555e-06,-1.0515532343086239e-06,3.050549509403854e-06,2.687392676695163e-06,-3.6315683270869116e-07
pccv3_n08_distractors_r00,8,distractors,0,33,1,L33H1,1.0,6,6,False,False,-3.649481773376465,-3.649481773376465,0.0,-3.5,-3.5,0.0,0.3367386233935817,0.3367386233935817,0.0,0.14624372598352978,0.14624372598352978,0.0,6.08997638441891,6.08997638441891,0.0,0.9248946630077169,0.9248946630077169,0.8842576275905031,0.8842576275905031,0.9310834144587261,0.9310834144587261,0.0,0.0,0.0,0.0,0.0,False,0,0.00014656003389268904,0.00014656003389268904,0.0,1.349771248018445e-06,1.349771248018445e-06,0.0,1.349771248018445e-06,1.349771248018445e-06,0.0,6.4393984809874195e-06,6.4393984809874195e-06,0.0,0.006231891219083011,0.006231891219083011,0.0,0.9248946630077169,0.9248946630077169,0.0,0.040637035417213835,0.040637035417213835,0.0,0.027929398764100086,0.027929398764100086,0.0,0.00013768041032517783,0.00013768041032517783,0.0,1.3632206691225998e-05,1.3632206691225998e-05,0.0
pccv3_n08_distractors_r00,8,distractors,0,33,1,L33H1,0.5,6,6,False,False,-3.649481773376465,-4.478411674499512,-0.8289299011230469,-3.5,-4.375,-0.875,0.3367386233935817,0.2244490731950087,-0.11228955019857298,0.14624372598352978,0.09747699395689134,-0.048766732026638435,6.08997638441891,6.042733592267153,-0.04724279215175731,0.9248946630077169,0.9558309053867727,0.8842576275905031,0.9303588745520238,0.9310834144587261,0.9434258342928388,0.012342419834112661,0.06228937828111364,0.037944677453606315,0.03114468914055682,0.00263545418207251,False,1,0.00014656003389268904,0.00012556660051170308,-2.0993433380985958e-05,1.349771248018445e-06,1.2310116354375858e-06,-1.1875961258085926e-07,1.349771248018445e-06,1.2310116354375858e-06,-1.1875961258085926e-07,6.4393984809874195e-06,5.1827525693351955e-06,-1.256645911652224e-06,0.006231891219083011,0.00644033798058395,0.00020844676150093885,0.9248946630077169,0.9558309053867727,0.03093624237905579,0.040637035417213835,0.025472030834748898,-0.015165004582464937,0.027929398764100086,0.012032135396723168,-0.01589726336737692,0.00013768041032517783,8.10718905889409e-05,-5.660851973623693e-05,1.3632206691225998e-05,1.0307134230210797e-05,-3.3250724610152014e-06
pccv3_n08_distractors_r00,8,distractors,0,33,1,L33H1,1.5,6,6,False,False,-3.649481773376465,-2.840541362762451,0.8089404106140137,-3.5,-2.625,0.875,0.3367386233935817,0.495405699354015,0.15866707596043333,0.14624372598352978,0.21515196153287006,0.06890823554934028,6.08997638441891,6.1848171257065605,0.09484074128765041,0.9248946630077169,0.8696025157087028,0.8842576275905031,0.8066087207543906,0.9310834144587261,0.9269808757139799,-0.004102538744746198,0.1149939598747482,0.06922010880429184,0.0574969799373741,0.005233625735437722,False,1,0.00014656003389268904,0.00015614600635947582,9.585972466786782e-06,1.349771248018445e-06,1.4380550023019565e-06,8.828375428351146e-08,1.349771248018445e-06,1.4380550023019565e-06,8.828375428351146e-08,6.4393984809874195e-06,6.860576716976441e-06,4.211782359890213e-07,0.006231891219083011,0.00402705858072307,-0.0022048326383599407,0.9248946630077169,0.8696025157087028,-0.055292147299014105,0.040637035417213835,0.06299379495431227,0.02235675953709844,0.027929398764100086,0.06299379495431227,0.03506439619021219,0.00013768041032517783,0.00020049544087985267,6.281503055467484e-05,1.3632206691225998e-05,1.6457667988720688e-05,2.82546129749469e-06
pccv3_n08_distractors_r01,8,distractors,1,33,1,L33H1,1.0,8,8,True,True,-0.549004077911377,-0.549004077911377,0.0,0.5,0.5,0.0,0.7399887775623478,0.7399887775623478,0.0,0.3213730427656605,0.3213730427656605,0.0,8.343710910489364,8.343710910489364,0.0,0.6140878963708843,0.6140878963708843,0.2416247594635086,0.2416247594635086,0.9404593521516063,0.9404593521516063,0.0,0.0,0.0,0.0,0.0,False,0,0.004137691698526907,0.004137691698526907,0.0,1.4018716793768641e-05,1.4018716793768641e-05,0.0,5.15719770003232e-06,5.15719770003232e-06,0.0,9.539856501507087e-07,9.539856501507087e-07,0.0,2.436087699368157e-06,2.436087699368157e-06,0.0,4.596560275524935e-05,4.596560275524935e-05,0.0,0.006020305897693653,0.006020305897693653,0.0,0.6140878963708843,0.6140878963708843,0.0,0.37246313690737576,0.37246313690737576,0.0,0.003222437534920807,0.003222437534920807,0.0
pccv3_n08_distractors_r01,8,distractors,1,33,1,L33H1,0.5,8,8,True,True,-0.549004077911377,-0.38037246465682983,0.16863161325454712,0.5,1.0,0.5,0.7399887775623478,0.6733161147624017,-0.0666726627999461,0.3213730427656605,0.29241747321784767,-0.02895556954781281,8.343710910489364,8.23324169496177,-0.11046921552759414,0.6140878963708843,0.7185960643694802,0.2416247594635086,0.45423934578123804,0.9404593521516063,0.9513088118208088,0.010849459669202588,0.22024376141501018,0.15047379110434206,0.11012188070750509,0.007205395084916176,False,1,0.004137691698526907,0.003327759976331888,-0.0008099317221950189,1.4018716793768641e-05,1.2775824534739485e-05,-1.2428922590291561e-06,5.15719770003232e-06,5.00308477323948e-06,-1.5411292679284022e-07,9.539856501507087e-07,8.694057704627005e-07,-8.45798796880082e-08,2.436087699368157e-06,2.515709011250395e-06,7.962131188223771e-08,4.596560275524935e-05,6.488099053289335e-05,1.8915387777644004e-05,0.006020305897693653,0.01161502359751339,0.005594717699819737,0.6140878963708843,0.7185960643694802,0.10450816799859586,0.37246313690737576,0.26435671858824217,-0.10810641831913359,0.003222437534920807,0.0020183884538098776,-0.0012040490811109296
pccv3_n08_distractors_r01,8,distractors,1,33,1,L33H1,1.5,8,8,True,True,-0.549004077911377,-0.6756924986839294,-0.1266884207725525,0.5,0.25,-0.25,0.7399887775623478,0.763103084682789,0.023114307120441158,0.3213730427656605,0.33141145880108513,0.010038416035424658,8.343710910489364,8.39988707523213,0.05617616474276588,0.6140878963708843,0.5545320322637904,0.2416247594635086,0.12266205129857288,0.9404593521516063,0.9175375505036527,-0.022921801647953544,0.12457154940381036,0.08418822091225511,0.06228577470190518,0.0021812007864986838,False,1,0.004137691698526907,0.005436440750627421,0.001298749052100514,1.4018716793768641e-05,1.7302999222459557e-05,3.2842824286909157e-06,5.15719770003232e-06,5.979756523128603e-06,8.225588230962829e-07,9.539856501507087e-07,1.2534250596388122e-06,2.9943940948810354e-07,2.436087699368157e-06,3.006810408406783e-06,5.70722709038626e-07,4.596560275524935e-05,3.899291067093571e-05,-6.972692084313639e-06,0.006020305897693653,0.003297367994966694,-0.002722937902726959,0.6140878963708843,0.5545320322637904,-0.0595558641070939,0.37246313690737576,0.43186998096521756,0.0594068440578418,0.003222437534920807,0.004797642123513373,0.0015752045885925655
pccv3_n08_distractors_r02,8,distractors,2,33,1,L33H1,1.0,8,8,True,True,-0.13010405004024506,-0.13010405004024506,0.0,3.0,3.0,0.0,0.3908269732748734,0.3908269732748734,0.0,0.16973399787222718,0.16973399787222718,0.0,7.97668077439029,7.97668077439029,0.0,0.9061441799691989,0.9061441799691989,0.8610299177299304,0.8610299177299304,0.9689452158249878,0.9689452158249878,0.0,0.0,0.0,0.0,0.0,False,0,0.0032680661953921166,0.0032680661953921166,0.0,2.495199331529002e-05,2.495199331529002e-05,0.0,1.0401538328416438e-05,1.0401538328416438e-05,0.0,3.5946754588756823e-06,3.5946754588756823e-06,0.0,6.308851904360665e-06,6.308851904360665e-06,0.0,0.0002089204821533601,0.0002089204821533601,0.0,0.04511426223926852,0.04511426223926852,0.0,0.9061441799691989,0.9061441799691989,0.0,0.04511426223926852,0.04511426223926852,0.0,0.00010505181571162387,0.00010505181571162387,0.0
pccv3_n08_distractors_r02,8,distractors,2,33,1,L33H1,0.5,8,8,True,True,-0.13010405004024506,-0.14240869879722595,-0.012304648756980896,3.0,2.5,-0.5,0.3908269732748734,0.4305741820830798,0.03974720880820637,0.16973399787222718,0.18699599132868755,0.017261993456460373,7.97668077439029,7.943176681867664,-0.03350409252262576,0.9061441799691989,0.8894943303943718,0.8610299177299304,0.816480189507984,0.9689452158249878,0.9750109566687115,0.006065740843723688,0.056149619740935415,0.03419255727906742,0.028074809870467708,0.002096954359546368,False,1,0.0032680661953921166,0.00249840651127507,-0.0007696596841170467,2.495199331529002e-05,2.0305837618936643e-05,-4.646155696353375e-06,1.0401538328416438e-05,9.591798516575916e-06,-8.097398118405224e-07,3.5946754588756823e-06,3.314836867910179e-06,-2.798385909655035e-07,6.308851904360665e-06,7.017509704434155e-06,7.086578000734902e-07,0.0002089204821533601,0.00038314304770174166,0.00017422256554838156,0.04511426223926852,0.07301414088638779,0.02789987864711927,0.9061441799691989,0.8894943303943718,-0.01664984957482718,0.04511426223926852,0.03448943803184977,-0.010624824207418747,0.00010505181571162387,8.031114570606132e-05,-2.4740670005562543e-05
pccv3_n08_distractors_r02,8,distractors,2,33,1,L33H1,1.5,8,8,True,True,-0.13010405004024506,-0.13412216305732727,-0.004018113017082214,3.0,2.625,-0.375,0.3908269732748734,0.3696183705220438,-0.021208602752829597,0.16973399787222718,0.16052321872779518,-0.009210779144431996,7.97668077439029,8.0213257110913,0.044644936701010884,0.9061441799691989,0.9091640591556079,0.8610299177299304,0.8433044356061019,0.9689452158249878,0.9618541573759103,-0.007091058449077536,0.04763055441790411,0.03166611008454628,0.023815277208952056,0.0031481023160662407,False,1,0.0032680661953921166,0.0032789575803410403,1.0891384948923718e-05,2.495199331529002e-05,2.5035150065548926e-05,8.315675025890698e-08,1.0401538328416438e-05,1.0436203219279268e-05,3.466489086282945e-08,3.5946754588756823e-06,3.6066553245969662e-06,1.1979865721283884e-08,6.308851904360665e-06,5.5860970434659055e-06,-7.227548608947593e-07,0.0002089204821533601,0.00012713898269154384,-8.178149946181626e-05,0.04511426223926852,0.02138148928463922,-0.0237327729546293,0.9061441799691989,0.9091640591556079,0.0030198791864090024,0.04511426223926852,0.06585962354950606,0.02074536131023754,0.00010505181571162387,0.0001440673415614129,3.9015525849789024e-05
pccv3_n08_distractors_r03,8,distractors,3,33,1,L33H1,1.0,8,8,True,True,-0.6082723736763,-0.6082723736763,0.0,0.25,0.25,0.0,0.719432139820114,0.719432139820114,0.0,0.3124454084277242,0.3124454084277242,0.0,7.560753593020656,7.560753593020656,0.0,0.559230005991791,0.559230005991791,0.1237012394083577,0.1237012394083577,0.9732854129401005,0.9732854129401005,0.0,0.0,0.0,0.0,0.0,False,0,0.0006547910173507145,0.0006547910173507145,0.0,6.833357453467534e-06,6.833357453467534e-06,0.0,2.6759812278717287e-06,2.6759812278717287e-06,0.0,4.1037501247791993e-07,4.1037501247791993e-07,0.0,2.5138517213063467e-06,2.5138517213063467e-06,0.0,0.0012233106711284044,0.0012233106711284044,0.0,0.43552876658343326,0.43552876658343326,0.0,0.559230005991791,0.559230005991791,0.0,0.0033253031678883807,0.0033253031678883807,0.0,2.5389002993101295e-05,2.5389002993101295e-05,0.0
pccv3_n08_distractors_r03,8,distractors,3,33,1,L33H1,0.5,8,7,True,False,-0.6082723736763,-1.0035902261734009,-0.39531785249710083,0.25,-0.5,-0.75,0.719432139820114,0.7016068343078975,-0.017825305512216505,0.3124454084277242,0.30470397660552895,-0.007741431822195277,7.560753593020656,7.373866912318657,-0.1868866807019991,0.559230005991791,0.6187065509814879,0.1237012394083577,0.24344205844615796,0.9732854129401005,0.9768071874936481,0.0035217745535476297,0.3696404108914943,0.25961653337211743,0.18482020544574715,0.017308258491497412,True,1,0.0006547910173507145,0.0006005743034068031,-5.421671394391131e-05,6.833357453467534e-06,6.67177785750346e-06,-1.6157959596407348e-07,2.6759812278717287e-06,2.7812107925252446e-06,1.0522956465351594e-07,4.1037501247791993e-07,4.006714035036395e-07,-9.70360897428043e-09,2.5138517213063467e-06,2.9605834777256707e-06,4.4673175641932397e-07,0.0012233106711284044,0.002865179757499914,0.0016418690863715098,0.43552876658343326,0.6187065509814879,0.1831777843980546,0.559230005991791,0.3752644925353299,-0.18396551345646106,0.0033253031678883807,0.0025285122613417565,-0.0007967909065466241,2.5389002993101295e-05,2.1875917402482184e-05,-3.5130855906191107e-06
pccv3_n08_distractors_r03,8,distractors,3,33,1,L33H1,1.5,8,8,True,True,-0.6082723736763,-0.42455992102622986,0.1837124526500702,0.25,0.75,0.5,0.719432139820114,0.6671166383155896,-0.05231550150452435,0.3124454084277242,0.289725074806308,-0.022720333621416233,7.560753593020656,7.680051189916017,0.11929759689536112,0.559230005991791,0.6747570874343617,0.1237012394083577,0.3560244081054248,0.9732854129401005,0.9693230051471744,-0.003962407792926115,0.23488386733565278,0.1642911829639868,0.11744193366782639,0.007407225260501166,False,1,0.0006547910173507145,0.0007421920481055945,8.740103075488006e-05,6.833357453467534e-06,7.745469057206463e-06,9.121116037389295e-07,2.6759812278717287e-06,2.6767624805416507e-06,7.812526699219841e-10,4.1037501247791993e-07,4.104948214552134e-07,1.1980897729345452e-10,2.5138517213063467e-06,1.958361265742253e-06,-5.554904555640937e-07,0.0012233106711284044,0.0005780197482540068,-0.0006452909228743976,0.43552876658343326,0.3187326793289369,-0.11679608725449636,0.559230005991791,0.6747570874343617,0.11552708144257073,0.0033253031678883807,0.005151833937404881,0.0018265307695165003,2.5389002993101295e-05,2.539641531205496e-05,7.412318953666907e-09
pccv3_n08_distractors_r04,8,distractors,4,33,1,L33H1,1.0,8,8,True,True,-0.47064584493637085,-0.47064584493637085,0.0,0.625,0.625,0.0,0.6969660155518802,0.6969660155518802,0.0,0.3026884946282775,0.3026884946282775,0.0,8.333358368098263,8.333358368098263,0.0,0.6459709045538454,0.6459709045538454,0.3002075954006498,0.3002075954006498,0.9669146963778985,0.9669146963778985,0.0,0.0,0.0,0.0,0.0,False,0,0.0012470172045787257,0.0012470172045787257,0.0,2.7550198546985936e-05,2.7550198546985936e-05,0.0,2.0156155837557968e-05,2.0156155837557968e-05,0.0,1.1484631408840464e-05,1.1484631408840464e-05,0.0,2.1456116202165324e-05,2.1456116202165324e-05,0.0,0.00010236140552182282,0.00010236140552182282,0.0,0.0055887433762840015,0.0055887433762840015,0.0,0.6459709045538454,0.6459709045538454,0.0,0.34576330915319564,0.34576330915319564,0.0,0.0012470172045787257,0.0012470172045787257,0.0
pccv3_n08_distractors_r04,8,distractors,4,33,1,L33H1,0.5,8,8,True,True,-0.47064584493637085,-0.34727743268013,0.12336841225624084,0.625,1.0,0.375,0.6969660155518802,0.6391274563766418,-0.05783855917523839,0.3026884946282775,0.2775695275372368,-0.025118967091040723,8.333358368098263,8.252404933770409,-0.08095343432785462,0.6459709045538454,0.7237805614561655,0.3002075954006498,0.4575165729769186,0.9669146963778985,0.9762755735609971,0.009360877183098637,0.1605947437987226,0.11126917080178297,0.0802973718993613,0.00384793763442781,False,1,0.0012470172045787257,0.0009602978852977693,-0.00028671931928095644,2.7550198546985936e-05,2.258404161249592e-05,-4.966156934490017e-06,2.0156155837557968e-05,1.6522837808483334e-05,-3.6333180290746334e-06,1.1484631408840464e-05,9.414429199088527e-06,-2.0702022097519374e-06,2.1456116202165324e-05,1.9930346770869263e-05,-1.5257694312960613e-06,0.00010236140552182282,0.0001383440271833843,3.5982621661561484e-05,0.0055887433762840015,0.008040475751663615,0.0024517323753796135,0.6459709045538454,0.7237805614561655,0.07780965690232011,0.34576330915319564,0.2662639884792469,-0.07949932067394871,0.0012470172045787257,0.0007478807450517167,-0.000499136459527009
pccv3_n08_distractors_r04,8,distractors,4,33,1,L33H1,1.5,8,8,True,True,-0.47064584493637085,-0.6192488074302673,-0.14860296249389648,0.625,0.25,-0.375,0.6969660155518802,0.7251329635413404,0.028166947989460178,0.3026884946282775,0.314921244712156,0.012232750083878474,8.333358368098263,8.425182905274834,0.09182453717657069,0.6459709045538454,0.5587842664906049,0.3002075954006498,0.1236026421797412,0.9669146963778985,0.9634284808189477,-0.0034862155589507893,0.17976014969797038,0.12491727739865431,0.08988007484898519,0.004367305483253928,False,1,0.0012470172045787257,0.0013850877168505014,0.00013807051227177568,2.7550198546985936e-05,2.8746578460226665e-05,1.1963799132407289e-06,2.0156155837557968e-05,1.975721517763728e-05,-3.9894065992068914e-07,1.1484631408840464e-05,1.1257321872730835e-05,-2.2730953610962914e-07,2.1456116202165324e-05,1.8560186022689127e-05,-2.8959301794761977e-06,0.00010236140552182282,6.895945685432449e-05,-3.340194866749833e-05,0.0055887433762840015,0.002932230719582523,-0.0026565126567014785,0.6459709045538454,0.5587842664906049,-0.08718663806324056,0.34576330915319564,0.43518162431086366,0.08941831515766802,0.0012470172045787257,0.001569510003711008,0.0003224927991322822
pccv3_n08_distractors_r05,8,distractors,5,33,1,L33H1,1.0,9,9,False,False,-1.991962194442749,-1.991962194442749,0.0,-1.625,-1.625,0.0,0.7727555906785873,0.7727555906785873,0.0,0.3356034888915984,0.3356034888915984,0.0,8.86132494685067,8.86132494685067,0.0,0.7507284621999953,0.7507284621999953,0.6029012630847258,0.6029012630847258,0.9228846825837991,0.9228846825837991,0.0,0.0,0.0,0.0,0.0,False,0,0.009450276667617276,0.009450276667617276,0.0,3.0078159099395637e-05,3.0078159099395637e-05,0.0,7.60494958924205e-06,7.60494958924205e-06,0.0,2.9781410497405982e-06,2.9781410497405982e-06,0.0,5.922740695320267e-06,5.922740695320267e-06,0.0,4.1111969057715826e-05,4.1111969057715826e-05,0.0,0.002244637454771152,0.002244637454771152,0.0,0.14782719911526956,0.14782719911526956,0.0,0.7507284621999953,0.7507284621999953,0.0,0.08966172860285526,0.08966172860285526,0.0
pccv3_n08_distractors_r05,8,distractors,5,33,1,L33H1,0.5,9,9,False,False,-1.991962194442749,-1.6342480182647705,0.3577141761779785,-1.625,-1.25,0.375,0.7727555906785873,0.7797870219708203,0.007031431292232937,0.3356034888915984,0.338657200701697,0.003053711810098614,8.86132494685067,8.794913015463402,-0.0664119313872682,0.7507284621999953,0.7235931842583896,0.6029012630847258,0.5162802659930216,0.9228846825837991,0.9410847392141477,0.018200056630348627,0.12119733799538833,0.07212682867497354,0.060598668997694165,0.004393086286567369,False,1,0.009450276667617276,0.006260307681259094,-0.0031899689863581823,3.0078159099395637e-05,2.4034363366978383e-05,-6.043795732417254e-06,7.60494958924205e-06,6.468761144252686e-06,-1.1361884449893635e-06,2.9781410497405982e-06,2.5332032617176004e-06,-4.4493778802299783e-07,5.922740695320267e-06,5.708661673362579e-06,-2.1407902195768871e-07,4.1111969057715826e-05,4.779803898546592e-05,6.686069927750097e-06,0.002244637454771152,0.0033509012324391503,0.0011062637776679983,0.14782719911526956,0.20731291826536802,0.059485719150098454,0.7507284621999953,0.7235931842583896,-0.02713527794160575,0.08966172860285526,0.05939614553411246,-0.030265583068742802
pccv3_n08_distractors_r05,8,distractors,5,33,1,L33H1,1.5,9,9,False,False,-1.991962194442749,-2.261321544647217,-0.2693593502044678,-1.625,-1.875,-0.25,0.7727555906785873,0.7911996078550836,0.01844401717649624,0.3356034888915984,0.3436136237754795,0.008010134883881082,8.86132494685067,8.92674927001484,0.06542432316416935,0.7507284621999953,0.7442858179479277,0.6029012630847258,0.6149483363088762,0.9228846825837991,0.9130255256554847,-0.009859156928314405,0.08170044027075732,0.05246310453079287,0.04085022013537866,0.002951199153948047,False,1,0.009450276667617276,0.010616667002360077,0.001166390334742801,3.0078159099395637e-05,3.596982541082543e-05,5.891666311429793e-06,7.60494958924205e-06,9.0945961180404e-06,1.489646528798351e-06,2.9781410497405982e-06,3.3457149375846716e-06,3.6757388784407333e-07,5.922740695320267e-06,6.250618406863161e-06,3.278777115428939e-07,4.1111969057715826e-05,3.596982541082543e-05,-5.1421436468903955e-06,0.002244637454771152,0.00152947589582165,-0.0007151615589495021,0.14782719911526956,0.11413992693455492,-0.03368727218071464,0.7507284621999953,0.7442858179479277,-0.006442644252067642,0.08966172860285526,0.12933748163905148,0.03967575303619622
pccv3_n08_grid_r00,8,grid,0,33,1,L33H1,1.0,7,7,False,False,-6.98238468170166,-6.98238468170166,0.0,-6.9375,-6.9375,0.0,0.12426741618955317,0.12426741618955317,0.0,0.053968653131497756,0.053968653131497756,0.0,6.972633608434785,6.972633608434785,0.0,0.9751997467070623,0.9751997467070623,0.9522652469051612,0.9522652469051612,0.9804226453160254,0.9804226453160254,0.0,0.0,0.0,0.0,0.0,False,0,0.0008892670618355023,0.0008892670618355023,0.0,9.28033455575347e-06,9.28033455575347e-06,0.0,3.207197803288944e-06,3.207197803288944e-06,0.0,8.632055784074786e-07,8.632055784074786e-07,0.0,4.3837196423845826e-06,4.3837196423845826e-06,0.0,0.022934499801901147,0.022934499801901147,0.0,0.9751997467070623,0.9751997467070623,0.0,0.0009466198598220577,0.0009466198598220577,0.0,8.718067508954104e-06,8.718067508954104e-06,0.0,3.414044290254612e-06,3.414044290254612e-06,0.0
pccv3_n08_grid_r00,8,grid,0,33,1,L33H1,0.5,7,7,False,False,-6.98238468170166,-7.073343753814697,-0.09095907211303711,-6.9375,-7.0,-0.0625,0.12426741618955317,0.20662642207986165,0.08235900589030848,0.053968653131497756,0.08973671492469613,0.03576806179319838,6.972633608434785,6.946798084955744,-0.025835523479041278,0.9751997467070623,0.9506517196937214,0.9522652469051612,0.9033215575313027,0.9804226453160254,0.9775202998768009,-0.0029023454392245185,0.04925552942890165,0.03460939825561389,0.024627764714450825,0.0022479051669142738,False,1,0.0008892670618355023,0.0011130987250594624,0.0002238316632239601,9.28033455575347e-06,1.2365409883407491e-05,3.0850753276540215e-06,3.207197803288944e-06,4.0144608285455655e-06,8.072630252566217e-07,8.632055784074786e-07,1.0150146532634486e-06,1.5180907485596995e-07,4.3837196423845826e-06,6.217718563931259e-06,1.8339989215466763e-06,0.022934499801901147,0.04733016216241874,0.024395662360517593,0.9751997467070623,0.9506517196937214,-0.024548027013340912,0.0009466198598220577,0.0008668821587120917,-7.973770110996606e-05,8.718067508954104e-06,1.0251284851580519e-05,1.5332173426264152e-06,3.414044290254612e-06,4.273371307529555e-06,8.593270172749427e-07
pccv3_n08_grid_r00,8,grid,0,33,1,L33H1,1.5,7,7,False,False,-6.98238468170166,-6.786366939544678,0.19601774215698242,-6.9375,-6.75,0.1875,0.12426741618955317,0.08951940793766558,-0.03474800825188759,0.053968653131497756,0.03887778489057432,-0.015090868240923434,6.972633608434785,6.982327945882484,0.009694337447698764,0.9751997467070623,0.983994304538735,0.9522652469051612,0.9699583796136715,0.9804226453160254,0.9799712698355734,-0.0004513754804520431,0.01800015370001935,0.012513217545495415,0.009000076850009675,0.0005571562901971758,False,1,0.0008892670618355023,0.0007918526986369316,-9.74143631985707e-05,9.28033455575347e-06,8.263724450851546e-06,-1.016610104901924e-06,3.207197803288944e-06,2.6828385325384783e-06,-5.243592707504655e-07,8.632055784074786e-07,7.686461087736273e-07,-9.455946963385133e-08,4.3837196423845826e-06,3.4448328646486488e-06,-9.388867777359338e-07,0.022934499801901147,0.014035924925063564,-0.008898574876837583,0.9751997467070623,0.983994304538735,0.008794557831672711,0.0009466198598220577,0.0011521388781589896,0.00020551901833693184,8.718067508954104e-06,7.76305069662106e-06,-9.550168123330438e-07,3.414044290254612e-06,2.855866752058532e-06,-5.581775381960801e-07
pccv3_n08_grid_r01,8,grid,1,33,1,L33H1,1.0,7,7,False,False,-6.649344444274902,-6.649344444274902,0.0,-6.625,-6.625,0.0,0.05066300263810853,0.05066300263810853,0.0,0.022002662482380423,0.022002662482380423,0.0,6.992491350728585,6.992491350728585,0.0,0.9922779524863325,0.9922779524863325,0.9863776521028137,0.9863776521028137,0.9835445025166791,0.9835445025166791,0.0,0.0,0.0,0.0,0.0,False,0,0.0004843261488617321,0.0004843261488617321,0.0,5.72738204743647e-06,5.72738204743647e-06,0.0,1.74675283429319e-06,1.74675283429319e-06,0.0,5.004530659541317e-07,5.004530659541317e-07,0.0,2.5415103773566013e-06,2.5415103773566013e-06,0.0,0.005900300383518822,0.005900300383518822,0.0,0.9922779524863325,0.9922779524863325,0.0,0.001316534969498397,0.001316534969498397,0.0,7.828403086033827e-06,7.828403086033827e-06,0.0,2.5415103773566013e-06,2.5415103773566013e-06,0.0
pccv3_n08_grid_r01,8,grid,1,33,1,L33H1,0.5,7,7,False,False,-6.649344444274902,-6.904881954193115,-0.2555375099182129,-6.625,-6.875,-0.25,0.05066300263810853,0.07367694449792273,0.023013941859814195,0.022002662482380423,0.031997490438939985,0.009994827956559562,6.992491350728585,6.986538504335753,-0.005952846392832001,0.9922779524863325,0.9874043993105652,0.9863776521028137,0.976435327256779,0.9835445025166791,0.9829408045404193,-0.0006036979762598094,0.010339611022135724,0.007038547249678519,0.005169805511067862,0.00040142580014151393,False,1,0.0004843261488617321,0.0005813395213371839,9.701337247545176e-05,5.72738204743647e-06,6.874610313312726e-06,1.1472282658762557e-06,1.74675283429319e-06,2.096637687163718e-06,3.4988485287052787e-07,5.004530659541317e-07,6.006967546502598e-07,1.0024368869612809e-07,2.5415103773566013e-06,3.456771151778343e-06,9.152607744217417e-07,0.005900300383518822,0.010969072053786293,0.0050687716702674706,0.9922779524863325,0.9874043993105652,-0.00487355317576732,0.001316534969498397,0.0010202826341978955,-0.00029625233530050144,7.828403086033827e-06,8.827174372117218e-06,9.987712860833911e-07,2.5415103773566013e-06,3.0505898343881717e-06,5.090794570315704e-07
pccv3_n08_grid_r01,8,grid,1,33,1,L33H1,1.5,7,7,False,False,-6.649344444274902,-6.523088455200195,0.12625598907470703,-6.625,-6.5,0.125,0.05066300263810853,0.03919054954659656,-0.011472453091511972,0.022002662482380423,0.01702023941084287,-0.004982423071537553,6.992491350728585,6.99515490488854,0.002663554159955339,0.9922779524863325,0.9944446012221384,0.9863776521028137,0.9908580739825608,0.9835445025166791,0.9826347598035454,-0.0009097427131337099,0.004690401510059571,0.003174996075068903,0.0023452007550297856,0.00014621652182130956,False,1,0.0004843261488617321,0.0004559757692844121,-2.835037957732e-05,5.72738204743647e-06,5.065433242502906e-06,-6.619488049335641e-07,1.74675283429319e-06,1.544869855019575e-06,-2.0188297927361505e-07,5.004530659541317e-07,4.7115868568212277e-07,-2.9294380272008934e-08,2.5415103773566013e-06,2.111586732016417e-06,-4.299236453401841e-07,0.005900300383518822,0.003586527239577628,-0.0023137731439411943,0.9922779524863325,0.9944446012221384,0.002166648735805854,0.001316534969498397,0.0014950869887223155,0.00017855201922391847,7.828403086033827e-06,6.504145029908732e-06,-1.3242580561250946e-06,2.5415103773566013e-06,2.111586732016417e-06,-4.299236453401841e-07
pccv3_n08_grid_r02,8,grid,2,33,1,L33H1,1.0,7,7,False,False,-7.1523823738098145,-7.1523823738098145,0.0,-7.125,-7.125,0.0,0.0671686995344521,0.0671686995344521,0.0,0.029170995564430067,0.029170995564430067,0.0,6.986854821857759,6.986854821857759,0.0,0.9887841843599516,0.9887841843599516,0.9790904853116102,0.9790904853116102,0.9840256137769643,0.9840256137769643,0.0,0.0,0.0,0.0,0.0,False,0,0.000702209203825007,0.000702209203825007,0.0,7.800839614413888e-06,7.800839614413888e-06,0.0,2.8697685180186313e-06,2.8697685180186313e-06,0.0,6.816297690141442e-07,6.816297690141442e-07,0.0,2.6958980330775715e-06,2.6958980330775715e-06,0.0,0.009693699048341418,0.009693699048341418,0.0,0.9887841843599516,0.9887841843599516,0.0,0.0007957072730435945,0.0007957072730435945,0.0,6.467123186604281e-06,6.467123186604281e-06,0.0,3.684855717146235e-06,3.684855717146235e-06,0.0
pccv3_n08_grid_r02,8,grid,2,33,1,L33H1,0.5,7,7,False,False,-7.1523823738098145,-7.159448146820068,-0.007065773010253906,-7.125,-7.125,0.0,0.0671686995344521,0.09475331091576576,0.027584611381313656,0.029170995564430067,0.04115084007278022,0.011979844508350154,6.986854821857759,6.980127034281853,-0.0067277875759055306,0.9887841843599516,0.9825102775453614,0.9790904853116102,0.9666294779914395,0.9840256137769643,0.983336950922137,-0.0006886628548272711,0.012557911269012893,0.008811922076051769,0.006278955634506447,0.0003843099224141742,False,1,0.000702209203825007,0.0007906584531274479,8.844924930244088e-05,7.800839614413888e-06,8.783422018724835e-06,9.825824043109473e-07,2.8697685180186313e-06,3.231240383821434e-06,3.6147186580280275e-07,6.816297690141442e-07,7.209871843201505e-07,3.935741530600621e-08,2.6958980330775715e-06,3.4396374840095343e-06,7.437394509319627e-07,0.009693699048341418,0.0158807995539218,0.006187100505580381,0.9887841843599516,0.9825102775453614,-0.00627390681459028,0.0007957072730435945,0.0007906584531274479,-5.048819916146597e-06,6.467123186604281e-06,7.281712610789762e-06,8.145894241854811e-07,3.684855717146235e-06,4.148994780254575e-06,4.641390631083396e-07
pccv3_n08_grid_r02,8,grid,2,33,1,L33H1,1.5,7,7,False,False,-7.1523823738098145,-6.900723457336426,0.25165891647338867,-7.125,-6.875,0.25,0.0671686995344521,0.05429359659689709,-0.012875102937555019,0.029170995564430067,0.023579409404713574,-0.005591586159716493,6.986854821857759,6.9900882718909925,0.003233450033233609,0.9887841843599516,0.9915681069149478,0.9790904853116102,0.9848869735645713,0.9840256137769643,0.9828923693622187,-0.0011332444147456044,0.0060295546717702864,0.004108304643320963,0.0030147773358851432,0.00014757385798146386,False,1,0.000702209203825007,0.0007041862743240863,1.977070499079351e-06,7.800839614413888e-06,6.903599314433941e-06,-8.972402999799471e-07,2.8697685180186313e-06,2.7034883358544235e-06,-1.6628018216420782e-07,6.816297690141442e-07,6.421347639471596e-07,-3.9495005066984625e-08,2.6958980330775715e-06,2.385820082565111e-06,-3.100779505124605e-07,0.009693699048341418,0.00668113335037643,-0.003012565697964988,0.9887841843599516,0.9915681069149478,0.0027839225549961544,0.0007957072730435945,0.0010245849834335232,0.0002288777103899288,6.467123186604281e-06,6.09240501167309e-06,-3.7471817493119166e-07,3.684855717146235e-06,3.2610294096643932e-06,-4.238263074818418e-07
pccv3_n08_grid_r03,8,grid,3,33,1,L33H1,1.0,7,7,False,False,-7.7518486976623535,-7.7518486976623535,0.0,-7.6875,-7.6875,0.0,0.18727119659196978,0.18727119659196978,0.0,0.08133084729931153,0.08133084729931153,0.0,6.951641109971121,6.951641109971121,0.0,0.9563845094119838,0.9563845094119838,0.9143639067034944,0.9143639067034944,0.9804404919485705,0.9804404919485705,0.0,0.0,0.0,0.0,0.0,False,0,0.001119811131710857,0.001119811131710857,0.0,1.1686277820842117e-05,1.1686277820842117e-05,0.0,4.299141354105619e-06,4.299141354105619e-06,0.0,1.311164033255344e-06,1.311164033255344e-06,0.0,5.520206768604968e-06,5.520206768604968e-06,0.0,0.0420206027084894,0.0420206027084894,0.0,0.9563845094119838,0.9563845094119838,0.0,0.00043852433999328567,0.00043852433999328567,0.0,8.549863497940596e-06,8.549863497940596e-06,0.0,5.185754347858873e-06,5.185754347858873e-06,0.0
pccv3_n08_grid_r03,8,grid,3,33,1,L33H1,0.5,7,7,False,False,-7.7518486976623535,-7.791004657745361,-0.03915596008300781,-7.6875,-7.6875,0.0,0.18727119659196978,0.28284453112012226,0.09557333452815248,0.08133084729931153,0.12283781910198167,0.04150697180267014,6.951641109971121,6.91631238385335,-0.03532872611777105,0.9563845094119838,0.9224262821740548,0.9143639067034944,0.8467089220711493,0.9804404919485705,0.977500216296562,-0.002940275652008495,0.06794759573555087,0.04784040351633673,0.033973797867775435,0.0026060174504423193,False,1,0.001119811131710857,0.0013868118252530633,0.0002670006935422064,1.1686277820842117e-05,1.4472680094165312e-05,2.786402273323195e-06,4.299141354105619e-06,5.324201465294592e-06,1.0250601111889726e-06,1.311164033255344e-06,1.6237897040610234e-06,3.1262567080567945e-07,5.520206768604968e-06,7.746667421701277e-06,2.2264606530963086e-06,0.0420206027084894,0.07571736010290538,0.03369675739441597,0.9563845094119838,0.9224262821740548,-0.03395822723792907,0.00043852433999328567,0.000422953710146917,-1.5570629846368652e-05,8.549863497940596e-06,1.0588438949636297e-05,2.0385754516957006e-06,5.185754347858873e-06,6.836410005004372e-06,1.6506556571454988e-06
pccv3_n08_grid_r03,8,grid,3,33,1,L33H1,1.5,7,7,False,False,-7.7518486976623535,-7.60971736907959,0.14213132858276367,-7.6875,-7.5625,0.125,0.18727119659196978,0.13288385535025773,-0.054387341241712045,0.08133084729931153,0.057710725112646834,-0.023620122186664698,6.951641109971121,6.968509615031716,0.016868505060595673,0.9563845094119838,0.9725423165392153,0.9143639067034944,0.9466249416820371,0.9804404919485705,0.9808109263799452,0.0003704344313746333,0.03244918230447247,0.022812416486770893,0.016224591152236234,0.0010001133211109605,False,1,0.001119811131710857,0.001004925679164874,-0.00011488545254598301,1.1686277820842117e-05,9.851944695171387e-06,-1.83433312567073e-06,4.299141354105619e-06,3.6243279089116054e-06,-6.748134451940136e-07,1.311164033255344e-06,1.176646998143881e-06,-1.3451703511146298e-07,5.520206768604968e-06,4.1069015633901115e-06,-1.4133052052148565e-06,0.0420206027084894,0.025917374857178196,-0.016103227851311207,0.9563845094119838,0.9725423165392153,0.01615780712723147,0.00043852433999328567,0.0005053083649979931,6.678402500470741e-05,8.549863497940596e-06,7.207836714505346e-06,-1.3420267834352507e-06,5.185754347858873e-06,4.1069015633901115e-06,-1.0788527844687614e-06
pccv3_n08_grid_r04,8,grid,4,33,1,L33H1,1.0,7,7,False,False,-7.354971885681152,-7.354971885681152,0.0,-7.3125,-7.3125,0.0,0.12143260958433734,0.12143260958433734,0.0,0.052737512265589634,0.052737512265589634,0.0,6.972954630739406,6.972954630739406,0.0,0.975592918394934,0.975592918394934,0.9526491720811997,0.9526491720811997,0.9823946225666305,0.9823946225666305,0.0,0.0,0.0,0.0,0.0,False,0,0.0007850918258762114,0.0007850918258762114,0.0,9.28407611209987e-06,9.28407611209987e-06,0.0,2.831483237592425e-06,2.831483237592425e-06,0.0,7.620833748858894e-07,7.620833748858894e-07,0.0,3.6356964439939687e-06,3.6356964439939687e-06,0.0,0.02294374631373429,0.02294374631373429,0.0,0.975592918394934,0.975592918394934,0.0,0.000650863984096796,0.000650863984096796,0.0,7.2304457461979024e-06,7.2304457461979024e-06,0.0,3.6356964439939687e-06,3.6356964439939687e-06,0.0
pccv3_n08_grid_r04,8,grid,4,33,1,L33H1,0.5,7,7,False,False,-7.354971885681152,-7.4395036697387695,-0.08453178405761719,-7.3125,-7.375,-0.0625,0.12143260958433734,0.18675996986903776,0.06532736028470042,0.052737512265589634,0.08110882435454067,0.028371312088951037,6.972954630739406,6.953292131429709,-0.01966249930969699,0.975592918394934,0.9564701072879078,0.9526491720811997,0.9144457436712257,0.9823946225666305,0.980200695774613,-0.0021939267920174643,0.03834845947723528,0.027014109271699734,0.01917422973861764,0.001471010246228265,False,1,0.0007850918258762114,0.0008721878414278364,8.709601555162503e-05,9.28407611209987e-06,1.0979224610015074e-05,1.695148497915204e-06,2.831483237592425e-06,3.3484743198629973e-06,5.169910822705723e-07,7.620833748858894e-07,9.59353954803911e-07,1.9727057991802162e-07,3.6356964439939687e-06,5.1862184808021314e-06,1.5505220368081627e-06,0.02294374631373429,0.04202436361668218,0.01908061730294789,0.975592918394934,0.9564701072879078,-0.019122811107026183,0.000650863984096796,0.0005994453525051925,-5.1418631591603576e-05,7.2304457461979024e-06,8.55062872379658e-06,1.320182977598677e-06,3.6356964439939687e-06,4.872001387470181e-06,1.2363049434762127e-06
pccv3_n08_grid_r04,8,grid,4,33,1,L33H1,1.5,7,7,False,False,-7.354971885681152,-7.281620502471924,0.07335138320922852,-7.3125,-7.25,0.0625,0.12143260958433734,0.08537082100407266,-0.03606178858026468,0.052737512265589634,0.03707607647761898,-0.015661435787970655,6.972954630739406,6.982680048395212,0.00972541765580548,0.975592918394934,0.9845779269869267,0.9526491720811997,0.9705336771347476,0.9823946225666305,0.9840503111541921,0.001655688587561599,0.01806673327092341,0.01264714223760489,0.009033366635461705,0.0005543528683767196,False,1,0.0007850918258762114,0.0006568583065022411,-0.00012823351937397032,9.28407611209987e-06,7.2970366530491e-06,-1.98703945905077e-06,2.831483237592425e-06,2.369000953816704e-06,-4.6248228377572084e-07,7.620833748858894e-07,6.787301370348515e-07,-8.335323785103794e-08,3.6356964439939687e-06,2.8575606114008646e-06,-7.781358325931041e-07,0.02294374631373429,0.014044249852179114,-0.008899496461555176,0.975592918394934,0.9845779269869267,0.008985008591992694,0.000650863984096796,0.0006992220275658046,4.835804346900853e-05,7.2304457461979024e-06,5.682937859495383e-06,-1.5475078867025198e-06,3.6356964439939687e-06,2.8575606114008646e-06,-7.781358325931041e-07
pccv3_n08_grid_r05,8,grid,5,33,1,L33H1,1.0,7,7,False,False,-7.020411491394043,-7.020411491394043,0.0,-7.0,-7.0,0.0,0.054885619207144146,0.054885619207144146,0.0,0.023836521557505833,0.023836521557505833,0.0,6.988760495859733,6.988760495859733,0.0,0.9914884039243508,0.9914884039243508,0.9848078076085006,0.9848078076085006,0.9882064314388117,0.9882064314388117,0.0,0.0,0.0,0.0,0.0,False,0,0.0009041203945950471,0.0009041203945950471,0.0,8.863684459460953e-06,8.863684459460953e-06,0.0,2.24109039607092e-06,2.24109039607092e-06,0.0,5.323056265417296e-07,5.323056265417296e-07,0.0,1.977755332944671e-06,1.977755332944671e-06,0.0,0.006680596315850119,0.006680596315850119,0.0,0.9914884039243508,0.9914884039243508,0.0,0.0009041203945950471,0.0009041203945950471,0.0,6.903044397926031e-06,6.903044397926031e-06,0.0,2.24109039607092e-06,2.24109039607092e-06,0.0
pccv3_n08_grid_r05,8,grid,5,33,1,L33H1,0.5,7,7,False,False,-7.020411491394043,-7.273985862731934,-0.2535743713378906,-7.0,-7.25,-0.25,0.054885619207144146,0.0737143086318636,0.01882868942471945,0.023836521557505833,0.0320137174761316,0.008177195918625771,6.988760495859733,6.984288275535976,-0.00447222032375727,0.9914884039243508,0.9874052101899775,0.9848078076085006,0.9764361291281346,0.9882064314388117,0.9887524758058817,0.0005460443670699533,0.008579676497229688,0.005924926282498065,0.004289838248614844,0.00027168199177070177,False,1,0.0009041203945950471,0.000900397003866807,-3.7233907282400915e-06,8.863684459460953e-06,9.396485923626526e-06,5.328014641655734e-07,2.24109039607092e-06,2.375803702914721e-06,1.3471330684380104e-07,5.323056265417296e-07,5.301134607125943e-07,-2.1921658291352606e-09,1.977755332944671e-06,2.375803702914721e-06,3.9804836997004993e-07,0.006680596315850119,0.010969081061842877,0.0042884847459927575,0.9914884039243508,0.9874052101899775,-0.004083193734373269,0.0009041203945950471,0.000701229891686616,-0.0002028905029084311,6.903044397926031e-06,6.874615958902288e-06,-2.8428439023743127e-08,2.24109039607092e-06,2.529029877229253e-06,2.879394811583331e-07
pccv3_n08_grid_r05,8,grid,5,33,1,L33H1,1.5,7,7,False,False,-7.020411491394043,-6.89272403717041,0.1276874542236328,-7.0,-6.875,0.125,0.054885619207144146,0.041268179197964855,-0.01361744000917929,0.023836521557505833,0.0179225425038707,-0.005913979053635134,6.988760495859733,6.992132294810889,0.0033717989511563573,0.9914884039243508,0.9940911406792381,0.9848078076085006,0.99002851739828,0.9882064314388117,0.9882716254611807,6.51940223690417e-05,0.005451616777113197,0.0036951343172156865,0.0027258083885565985,0.00016559789422811047,False,1,0.0009041203945950471,0.0007999779559770136,-0.00010414243861803349,8.863684459460953e-06,7.367542264741537e-06,-1.496142194719416e-06,2.24109039607092e-06,1.9829470996631272e-06,-2.5814329640779263e-07,5.323056265417296e-07,4.7099121933494895e-07,-6.131440720678066e-08,1.977755332944671e-06,1.6439208854321044e-06,-3.3383444751256653e-07,0.006680596315850119,0.004062623280958075,-0.002617973034892044,0.9914884039243508,0.9940911406792381,0.0026027367548873137,0.0009041203945950471,0.0010271920282643927,0.0001230716336693456,6.903044397926031e-06,5.73784768509238e-06,-1.165196712833651e-06,2.24109039607092e-06,1.8628064082916365e-06,-3.782839877792833e-07
pccv3_n08_random_sparse_r00,8,random_sparse,0,33,1,L33H1,1.0,7,7,False,False,-8.412614822387695,-8.412614822387695,0.0,-8.375,-8.375,0.0,0.10701216651520423,0.10701216651520423,0.0,0.04647479341406513,0.04647479341406513,0.0,6.97610907494101,6.97610907494101,0.0,0.9788071141901855,0.9788071141901855,0.9584926206291013,0.9584926206291013,0.9839364344504702,0.9839364344504702,0.0,0.0,0.0,0.0,0.0,False,0,0.0006134445510942774,0.0006134445510942774,0.0,1.1235628876104429e-05,1.1235628876104429e-05,0.0,1.1235628876104429e-05,1.1235628876104429e-05,0.0,3.2190615687447852e-06,3.2190615687447852e-06,0.0,9.915407681752197e-06,9.915407681752197e-06,0.0,0.020314493561084116,0.020314493561084116,0.0,0.9788071141901855,0.9788071141901855,0.0,0.00022567363864622907,0.00022567363864622907,0.0,1.83416599362216e-06,1.83416599362216e-06,0.0,1.83416599362216e-06,1.83416599362216e-06,0.0
pccv3_n08_random_sparse_r00,8,random_sparse,0,33,1,L33H1,0.5,7,7,False,False,-8.412614822387695,-8.464700698852539,-0.05208587646484375,-8.375,-8.375,0.0,0.10701216651520423,0.2574249034866208,0.15041273697141655,0.04647479341406513,0.11179821508871657,0.06532342167465144,6.97610907494101,6.926778672662599,-0.0493304022784109,0.9788071141901855,0.9312935776881213,0.9584926206291013,0.863830897192835,0.9839364344504702,0.981650852630537,-0.0022855818199332134,0.09504898243349787,0.06693735644472282,0.04752449121674893,0.006994332380773378,False,1,0.0006134445510942774,0.0009623034547128454,0.00034885890361856795,1.1235628876104429e-05,1.7625202577901843e-05,6.389573701797414e-06,1.1235628876104429e-05,1.8761930481481286e-05,7.526301605376857e-06,3.2190615687447852e-06,5.049705084201466e-06,1.830643515456681e-06,9.915407681752197e-06,1.8761930481481286e-05,8.846522799729089e-06,0.020314493561084116,0.06746268049528628,0.04714818693420217,0.9788071141901855,0.9312935776881213,-0.047513536502064246,0.00022567363864622907,0.0002147189239614645,-1.095471468476458e-05,1.83416599362216e-06,3.2603346465101112e-06,1.4261686528879512e-06,1.83416599362216e-06,3.2603346465101112e-06,1.4261686528879512e-06
pccv3_n08_random_sparse_r00,8,random_sparse,0,33,1,L33H1,1.5,7,7,False,False,-8.412614822387695,-8.090347290039062,0.3222675323486328,-8.375,-8.0625,0.3125,0.10701216651520423,0.051963341528745904,-0.05504882498645833,0.04647479341406513,0.02256739248718843,-0.0239074009268767,6.97610907494101,6.989725303798706,0.0136162288576962,0.9788071141901855,0.9915980302797338,0.9584926206291013,0.984027085891312,0.9839364344504702,0.9807770824907038,-0.0031593519597663544,0.025755549424339375,0.01805629754283318,0.012877774712169688,0.001539614989241779,False,1,0.0006134445510942774,0.0004839942820667253,-0.0001294502690275521,1.1235628876104429e-05,1.0692826464289888e-05,-5.428024118145404e-07,1.1235628876104429e-05,1.0044980858951553e-05,-1.190648017152876e-06,3.2190615687447852e-06,3.261127820426017e-06,4.206625168123182e-08,9.915407681752197e-06,7.823038958888742e-06,-2.0923687228634547e-06,0.020314493561084116,0.007570944388421721,-0.012743549172662395,0.9788071141901855,0.9915980302797338,0.012790916089548299,0.00022567363864622907,0.0003124901950159067,8.681655636967763e-05,1.83416599362216e-06,1.3594403296525613e-06,-4.7472566396959873e-07,1.83416599362216e-06,1.3594403296525613e-06,-4.7472566396959873e-07
pccv3_n08_random_sparse_r01,8,random_sparse,1,33,1,L33H1,1.0,7,7,False,False,-3.9109456539154053,-3.9109456539154053,0.0,-3.875,-3.875,0.0,0.11644322838282352,0.11644322838282352,0.0,0.050570651541660364,0.050570651541660364,0.0,7.01645976933141,7.01645976933141,0.0,0.9774437716247907,0.9774437716247907,0.9571575733359463,0.9571575733359463,0.9869546865252232,0.9869546865252232,0.0,0.0,0.0,0.0,0.0,False,0,0.00032789585625619494,0.00032789585625619494,0.0,4.978835590620943e-06,4.978835590620943e-06,0.0,3.877521056759371e-06,3.877521056759371e-06,0.0,1.2588467783108854e-06,1.2588467783108854e-06,0.0,5.2999428980790225e-06,5.2999428980790225e-06,0.0,0.0018869103718630897,0.0018869103718630897,0.0,0.9774437716247907,0.9774437716247907,0.0,0.020286198288844315,0.020286198288844315,0.0,3.6788895486450665e-05,3.6788895486450665e-05,0.0,3.0198164353800597e-06,3.0198164353800597e-06,0.0
pccv3_n08_random_sparse_r01,8,random_sparse,1,33,1,L33H1,0.5,7,7,False,False,-3.9109456539154053,-4.523313999176025,-0.6123683452606201,-3.875,-4.5,-0.625,0.11644322838282352,0.08736572876420874,-0.029077499618614777,0.050570651541660364,0.03794245390975206,-0.012628197631908304,7.01645976933141,7.00542953519374,-0.011030234137670014,0.9774437716247907,0.9851276209353201,0.9571575733359463,0.9741838416046228,0.9869546865252232,0.9917047220077393,0.0047500354825160684,0.018705013895814162,0.012210569519870521,0.009352506947907081,0.0008469673260915877,False,1,0.00032789585625619494,0.00033047350053831204,2.577644282117104e-06,4.978835590620943e-06,3.908002899667856e-06,-1.0708326909530872e-06,3.877521056759371e-06,3.0435557185066473e-06,-8.339653382527235e-07,1.2588467783108854e-06,9.88097873555798e-07,-2.707489047550875e-07,5.2999428980790225e-06,5.341606637483239e-06,4.1663739404216644e-08,0.0018869103718630897,0.003552924961936204,0.0016660145900731145,0.9774437716247907,0.9851276209353201,0.007683849310529456,0.020286198288844315,0.01094377933069735,-0.009342418958146964,3.6788895486450665e-05,2.887645266042944e-05,-7.912442826021225e-06,3.0198164353800597e-06,3.0435557185066473e-06,2.3739283126587558e-08
pccv3_n08_random_sparse_r01,8,random_sparse,1,33,1,L33H1,1.5,7,7,False,False,-3.9109456539154053,-3.3084473609924316,0.6024982929229736,-3.875,-3.25,0.625,0.11644322838282352,0.17150816719869244,0.05506493881586892,0.050570651541660364,0.07448505061573242,0.023914399074072057,7.01645976933141,7.034240823083031,0.017781053751620313,0.9774437716247907,0.9612211249283265,0.9571575733359463,0.9239505372581139,0.9869546865252232,0.9812809148936594,-0.005673771631563795,0.03397968588346815,0.02349943789641252,0.016989842941734074,0.001354496875653861,False,1,0.00032789585625619494,0.000322453764563865,-5.4420916923299235e-06,4.978835590620943e-06,5.548123487715015e-06,5.692878970940717e-07,3.877521056759371e-06,4.320882916809308e-06,4.433618600499368e-07,1.2588467783108854e-06,1.4932571790171212e-06,2.344104007062358e-07,5.2999428980790225e-06,5.211979678461745e-06,-8.79632196172773e-08,0.0018869103718630897,0.001125474226252545,-0.0007614361456105448,0.9774437716247907,0.9612211249283265,-0.016222646696464227,0.020286198288844315,0.03727058767021255,0.016984389381368238,3.6788895486450665e-05,4.099539569452102e-05,4.206500208070358e-06,3.0198164353800597e-06,2.7897716881053817e-06,-2.300447472746781e-07
pccv3_n08_random_sparse_r02,8,random_sparse,2,33,1,L33H1,1.0,7,7,False,False,-8.148811340332031,-8.148811340332031,0.0,-8.125,-8.125,0.0,0.07314975256973931,0.07314975256973931,0.0,0.031768533893625994,0.031768533893625994,0.0,6.985558838314785,6.985558838314785,0.0,0.9868875164534635,0.9868875164534635,0.9744644360190649,0.9744644360190649,0.9894435197745679,0.9894435197745679,0.0,0.0,0.0,0.0,0.0,False,0,0.00037514452316383826,0.00037514452316383826,0.0,4.7223726190564715e-06,4.7223726190564715e-06,0.0,5.026939485931033e-06,5.026939485931033e-06,0.0,2.0955401469068536e-06,2.0955401469068536e-06,0.0,7.785876185210278e-06,7.785876185210278e-06,0.0,0.01242308043439862,0.01242308043439862,0.0,0.9868875164534635,0.9868875164534635,0.0,0.000292162848404946,0.000292162848404946,0.0,1.1940027842416404e-06,1.1940027842416404e-06,0.0,1.2710093477577225e-06,1.2710093477577225e-06,0.0
pccv3_n08_random_sparse_r02,8,random_sparse,2,33,1,L33H1,0.5,7,7,False,False,-8.148811340332031,-8.36225700378418,-0.21344566345214844,-8.125,-8.3125,-0.1875,0.07314975256973931,0.1669134777292016,0.09376372515946228,0.031768533893625994,0.07248960233307356,0.04072106843944756,6.985558838314785,6.959242128499284,-0.02631670981550105,0.9868875164534635,0.9618342403369441,0.9744644360190649,0.924539879602453,0.9894435197745679,0.989214791168024,-0.00022872860654388205,0.05021875254885006,0.035303006049383884,0.02510937627442503,0.0033511905186029665,False,1,0.00037514452316383826,0.0006028071979010532,0.00022766267473721494,4.7223726190564715e-06,6.290857616598529e-06,1.5684849975420579e-06,5.026939485931033e-06,7.128475576712284e-06,2.101536090781251e-06,2.0955401469068536e-06,2.62241961156519e-06,5.268794646583365e-07,7.785876185210278e-06,1.2510864257936644e-05,4.724988072726366e-06,0.01242308043439862,0.037294360734491126,0.024871280300092505,0.9868875164534635,0.9618342403369441,-0.02505327611651942,0.000292162848404946,0.00023606269049932717,-5.6100157905618846e-05,1.1940027842416404e-06,1.802360883519941e-06,6.083580992783006e-07,1.2710093477577225e-06,2.1740622180748777e-06,9.030528703171552e-07
pccv3_n08_random_sparse_r02,8,random_sparse,2,33,1,L33H1,1.5,7,7,False,False,-8.148811340332031,-7.893178462982178,0.2556328773498535,-8.125,-7.875,0.25,0.07314975256973931,0.03535876478258871,-0.0377909877871506,0.031768533893625994,0.015356116431993309,-0.016412417461632686,6.985558838314785,6.9941670139368615,0.008608175622076608,0.9868875164534635,0.9947394097757327,0.9744644360190649,0.9901328524080185,0.9894435197745679,0.98717871217832,-0.0022648075962479197,0.015875719458107965,0.01108020518274094,0.007937859729053982,0.0009474934508764112,False,1,0.00037514452316383826,0.0002598841830891202,-0.00011526034007471806,4.7223726190564715e-06,3.7070487768323993e-06,-1.0153238422240721e-06,5.026939485931033e-06,3.946132881876318e-06,-1.0808066040547155e-06,2.0955401469068536e-06,1.6449929230587345e-06,-4.505472238481191e-07,7.785876185210278e-06,5.066934917956437e-06,-2.7189412672538416e-06,0.01242308043439862,0.004606557367714244,-0.007816523066684376,0.9868875164534635,0.9947394097757327,0.00785189332226921,0.000292162848404946,0.0003781292551897347,8.596640678478867e-05,1.1940027842416404e-06,8.271543872526542e-07,-3.668483969889862e-07,1.2710093477577225e-06,8.271543872526542e-07,-4.4385496050506837e-07
pccv3_n08_random_sparse_r03,8,random_sparse,3,33,1,L33H1,1.0,7,7,False,False,-6.778454303741455,-6.778454303741455,0.0,-6.75,-6.75,0.0,0.07977502982776023,0.07977502982776023,0.0,0.03464585524786359,0.03464585524786359,0.0,6.986275208060737,6.986275208060737,0.0,0.9859958238326507,0.9859958238326507,0.9735839681517994,0.9735839681517994,0.9857511708200946,0.9857511708200946,0.0,0.0,0.0,0.0,0.0,False,0,0.0003989784470897526,0.0003989784470897526,0.0,8.814582022550495e-06,8.814582022550495e-06,0.0,7.3075451612838456e-06,7.3075451612838456e-06,0.0,2.3724125669433702e-06,2.3724125669433702e-06,0.0,9.383073720681979e-06,9.383073720681979e-06,0.0,0.012411855680851302,0.012411855680851302,0.0,0.9859958238326507,0.9859958238326507,0.0,0.0011544824163108557,0.0011544824163108557,0.0,7.3075451612838456e-06,7.3075451612838456e-06,0.0,3.67446446454227e-06,3.67446446454227e-06,0.0
pccv3_n08_random_sparse_r03,8,random_sparse,3,33,1,L33H1,0.5,7,7,False,False,-6.778454303741455,-7.045550346374512,-0.26709604263305664,-6.75,-7.0,-0.25,0.07977502982776023,0.14397410601136482,0.06419907618360458,0.03464585524786359,0.06252715977768954,0.02788130452982595,6.986275208060737,6.968692114886924,-0.01758309317381279,0.9859958238326507,0.969322537326962,0.9735839681517994,0.9400515330074052,0.9857511708200946,0.9857104938128032,-4.0677007291378686e-05,0.03388772236281117,0.023713036658620824,0.016943861181405586,0.001801034953967418,False,1,0.0003989784470897526,0.00047312171990933805,7.414327281958543e-05,8.814582022550495e-06,1.0452620278640944e-05,1.6380382560904497e-06,7.3075451612838456e-06,8.140508858153614e-06,8.329636968697681e-07,2.3724125669433702e-06,2.813284582648835e-06,4.4087201570546463e-07,9.383073720681979e-06,1.2608266765807868e-05,3.2251930451258887e-06,0.012411855680851302,0.02927100431955691,0.016859148638705607,0.9859958238326507,0.969322537326962,-0.016673286505688667,0.0011544824163108557,0.0008839077405940011,-0.00027057467571685453,7.3075451612838456e-06,9.819328030384337e-06,2.511782869100491e-06,3.67446446454227e-06,5.594884462111918e-06,1.9204199975696477e-06
pccv3_n08_random_sparse_r03,8,random_sparse,3,33,1,L33H1,1.5,7,7,False,False,-6.778454303741455,-6.647924900054932,0.13052940368652344,-6.75,-6.625,0.125,0.07977502982776023,0.049278902168643036,-0.030496127659117196,0.03464585524786359,0.021401555286091858,-0.01324429996177173,6.986275208060737,6.993591649685746,0.007316441625009773,0.9859958238326507,0.9924588844938885,0.9735839681517994,0.9865575082493261,0.9857511708200946,0.9847622548265917,-0.0009889159935028147,0.01325070654294461,0.009175778654831726,0.006625353271472305,0.0006038083638901224,False,1,0.0003989784470897526,0.000293812222552521,-0.0001051662245372316,8.814582022550495e-06,7.355445067673437e-06,-1.4591369548770579e-06,7.3075451612838456e-06,5.728426378542776e-06,-1.5791187827410695e-06,2.3724125669433702e-06,1.9796911832423905e-06,-3.927213837009797e-07,9.383073720681979e-06,6.4911574893529485e-06,-2.8919162313290303e-06,0.012411855680851302,0.005901376244562493,-0.0065104794362888085,0.9859958238326507,0.9924588844938885,0.006463060661237807,0.0011544824163108557,0.0013167750265453686,0.00016229261023451296,7.3075451612838456e-06,5.05531853574789e-06,-2.2522266255359556e-06,3.67446446454227e-06,2.5419737964758587e-06,-1.1324906680664114e-06
pccv3_n08_random_sparse_r04,8,random_sparse,4,33,1,L33H1,1.0,7,7,False,False,-7.268313884735107,-7.268313884735107,0.0,-7.25,-7.25,0.0,0.03141744075847496,0.03141744075847496,0.0,0.013644421156927988,0.013644421156927988,0.0,6.996137540996564,6.996137540996564,0.0,0.995526442571291,0.995526442571291,0.9919360136025844,0.9919360136025844,0.9862647030402627,0.9862647030402627,0.0,0.0,0.0,0.0,0.0,False,0,0.0001577524392776166,0.0001577524392776166,0.0,4.47509224192194e-06,4.47509224192194e-06,0.0,3.7099817750964962e-06,3.7099817750964962e-06,0.0,8.278088276250372e-07,8.278088276250372e-07,0.0,3.4852053423255755e-06,3.4852053423255755e-06,0.0,0.0035904289687064992,0.0035904289687064992,0.0,0.995526442571291,0.995526442571291,0.0,0.0007069973829296636,0.0007069973829296636,0.0,3.4852053423255755e-06,3.4852053423255755e-06,0.0,2.395344266165388e-06,2.395344266165388e-06,0.0
pccv3_n08_random_sparse_r04,8,random_sparse,4,33,1,L33H1,0.5,7,7,False,False,-7.268313884735107,-7.520394802093506,-0.25208091735839844,-7.25,-7.5,-0.25,0.03141744075847496,0.05151099622062576,0.020093555462150796,0.013644421156927988,0.022370941415957024,0.008726520259029036,6.996137540996564,6.991653754019097,-0.004483786977466764,0.995526442571291,0.9916426257180376,0.9919360136025844,0.9840713408392427,0.9862647030402627,0.9880692728690974,0.0018045698288347012,0.008084704398251867,0.005564138486909454,0.0040423521991259335,0.00037213136308788825,False,1,0.0001577524392776166,0.00021478081973014208,5.702838045252548e-05,4.47509224192194e-06,5.3769326115510025e-06,9.018403696290624e-07,3.7099817750964962e-06,4.187559328398095e-06,4.775775533015985e-07,8.278088276250372e-07,8.777601196030443e-07,4.9951291978007076e-08,3.4852053423255755e-06,4.187559328398095e-06,7.023539860725191e-07,0.0035904289687064992,0.007571284878794902,0.003980855910088402,0.995526442571291,0.9916426257180376,-0.0038838168532533413,0.0007069973829296636,0.0005484620370570048,-0.00015853534587265876,3.4852053423255755e-06,4.745126375099859e-06,1.259921032774283e-06,2.395344266165388e-06,3.4716086173499823e-06,1.0762643511845945e-06
pccv3_n08_random_sparse_r04,8,random_sparse,4,33,1,L33H1,1.5,7,7,False,False,-7.268313884735107,-6.895634174346924,0.3726797103881836,-7.25,-6.875,0.375,0.03141744075847496,0.0251852013295586,-0.006232239428916361,0.013644421156927988,0.01093779396304974,-0.002706627193878248,6.996137540996564,6.998030678401174,0.001893137404610279,0.995526442571291,0.9966419027799805,0.9919360136025844,0.9944617574696405,0.9862647030402627,0.9828779623510968,-0.00338674068916589,0.0028766998822782807,0.0018270443030182016,0.0014383499411391404,0.00010293320738801812,False,1,0.0001577524392776166,0.00013092790257598764,-2.6824536701628966e-05,4.47509224192194e-06,4.48010646064343e-06,5.014218721489606e-09,3.7099817750964962e-06,3.4891104197923633e-06,-2.2087135530413293e-07,8.278088276250372e-07,8.821852682584304e-07,5.437644063339318e-08,3.4852053423255755e-06,3.277715905951556e-06,-2.074894363740196e-07,0.0035904289687064992,0.002180145310340098,-0.0014102836583664013,0.995526442571291,0.9966419027799805,0.0011154602086895782,0.0007069973829296636,0.0010298277247198417,0.00032283034179017816,3.4852053423255755e-06,3.079129138242398e-06,-4.0607620408317767e-07,2.395344266165388e-06,1.9880351907873894e-06,-4.073090753779985e-07
pccv3_n08_random_sparse_r05,8,random_sparse,5,33,1,L33H1,1.0,7,7,False,False,-6.420454978942871,-6.420454978942871,0.0,-6.375,-6.375,0.0,0.13873933440933403,0.13873933440933403,0.0,0.060253727356903715,0.060253727356903715,0.0,6.971533647459202,6.971533647459202,0.0,0.971706143485519,0.971706143485519,0.9458110518854388,0.9458110518854388,0.9833862008076721,0.9833862008076721,0.0,0.0,0.0,0.0,0.0,False,0,0.0006900808165843787,0.0006900808165843787,0.0,1.2639271040602286e-05,1.2639271040602286e-05,0.0,8.160526722487595e-06,8.160526722487595e-06,0.0,2.4888200339648535e-06,2.4888200339648535e-06,0.0,1.1873496319981861e-05,1.1873496319981861e-05,0.0,0.025895091600080206,0.025895091600080206,0.0,0.971706143485519,0.971706143485519,0.0,0.0016554178217449065,0.0016554178217449065,0.0,1.34544339874821e-05,1.34544339874821e-05,0.0,4.649727967231163e-06,4.649727967231163e-06,0.0
pccv3_n08_random_sparse_r05,8,random_sparse,5,33,1,L33H1,0.5,7,7,False,False,-6.420454978942871,-6.465760231018066,-0.04530525207519531,-6.375,-6.375,0.0,0.13873933440933403,0.2669894401384522,0.12825010572911819,0.060253727356903715,0.11595204057856837,0.05569831322166465,6.971533647459202,6.928339017522581,-0.04319462993662082,0.971706143485519,0.9300060934606994,0.9458110518854388,0.862636678010033,0.9833862008076721,0.9819685563097664,-0.0014176444979057123,0.08354218211105546,0.05881404835866199,0.04177109105552773,0.005017807135723024,False,1,0.0006900808165843787,0.0009609731003008543,0.00027089228371647556,1.2639271040602286e-05,1.6534455524353208e-05,3.895184483750922e-06,8.160526722487595e-06,1.1363954012534122e-05,3.203427290046527e-06,2.4888200339648535e-06,3.4658101582478085e-06,9.76990124282955e-07,1.1873496319981861e-05,1.873599269972308e-05,6.862496379741218e-06,0.025895091600080206,0.06736941545066642,0.04147432385058622,0.971706143485519,0.9300060934606994,-0.04170005002481958,0.0016554178217449065,0.0015843767910366663,-7.104103070824019e-05,1.34544339874821e-05,2.1230661144362556e-05,7.776227156880455e-06,4.649727967231163e-06,7.810323757488351e-06,3.160595790257188e-06
pccv3_n08_random_sparse_r05,8,random_sparse,5,33,1,L33H1,1.5,7,7,False,False,-6.420454978942871,-6.157147407531738,0.2633075714111328,-6.375,-6.125,0.25,0.13873933440933403,0.0872493942030833,-0.05148994020625074,0.060253727356903715,0.037891930451800636,-0.02236179690510308,6.971533647459202,6.986413628501597,0.014879981042395407,0.971706143485519,0.984862864503508,0.9458110518854388,0.9724652706758469,0.9833862008076721,0.9832474307490884,-0.00013877005858375924,0.027311363929947704,0.01885608351891839,0.013655681964973852,0.0012586293447324254,False,1,0.0006900808165843787,0.0005447122570959139,-0.00014536855948846478,1.2639271040602286e-05,1.0620198285678955e-05,-2.019072754923331e-06,8.160526722487595e-06,6.8569153735206425e-06,-1.3036113489669522e-06,2.4888200339648535e-06,2.0912410354337527e-06,-3.9757899853110073e-07,1.1873496319981861e-05,8.27101874126036e-06,-3.6024775787215006e-06,0.025895091600080206,0.01239759382766116,-0.013497497772419046,0.971706143485519,0.984862864503508,0.013156721017989037,0.0016554178217449065,0.002154378768729578,0.0004989609469846716,1.34544339874821e-05,9.372292091945907e-06,-4.082141895536193e-06,4.649727967231163e-06,3.238977477426813e-06,-1.41075048980435e-06
pccv3_n08_row_r00,8,row,0,33,1,L33H1,1.0,6,6,False,False,-9.761613845825195,-9.761613845825195,0.0,-9.6875,-9.6875,0.0,0.25116020955465707,0.25116020955465707,0.0,0.10907749308325194,0.10907749308325194,0.0,6.065856471217434,6.065856471217434,0.0,0.9320526777862836,0.9320526777862836,0.8645350082643218,0.8645350082643218,0.9962589910263375,0.9962589910263375,0.0,0.0,0.0,0.0,0.0,False,0,0.00035430021308634305,0.00035430021308634305,0.0,1.1276599144104955e-06,1.1276599144104955e-06,0.0,7.750285692966789e-07,7.750285692966789e-07,0.0,1.624548134920076e-07,1.624548134920076e-07,0.0,1.1388961687561464e-05,1.1388961687561464e-05,0.0,0.9320526777862836,0.9320526777862836,0.0,0.06751766952196185,0.06751766952196185,0.0,5.783791984782672e-05,5.783791984782672e-05,0.0,3.065297454023732e-06,3.065297454023732e-06,0.0,9.951563816360723e-07,9.951563816360723e-07,0.0
pccv3_n08_row_r00,8,row,0,33,1,L33H1,0.5,6,6,False,False,-9.761613845825195,-10.217368125915527,-0.45575428009033203,-9.6875,-10.1875,-0.5,0.25116020955465707,0.12338320488682221,-0.12777700466783487,0.10907749308325194,0.05358464504188522,-0.05549284804136673,6.065856471217434,6.024741224142963,-0.04111524707447067,0.9320526777862836,0.973739795730485,0.8645350082643218,0.9477905091337804,0.9962589910263375,0.9967486037036792,0.0004896126773417109,0.08338023158276536,0.058870677760023714,0.04169011579138268,0.005021035728051562,False,1,0.00035430021308634305,0.0002543978542197669,-9.990235886657612e-05,1.1276599144104955e-06,9.766757129847246e-07,-1.5098420142577094e-07,7.750285692966789e-07,8.0969260508394e-07,3.466403578726116e-08,1.624548134920076e-07,1.5943792726752654e-07,-3.0168862244810587e-09,1.1388961687561464e-05,1.4352144833123985e-05,2.9631831455625214e-06,0.9320526777862836,0.973739795730485,0.041687117944201324,0.06751766952196185,0.0259492865967046,-0.04156838292525725,5.783791984782672e-05,3.664948574645771e-05,-2.118843410136901e-05,3.065297454023732e-06,2.654879842903659e-06,-4.1041761112007323e-07,9.951563816360723e-07,9.175019229105153e-07,-7.765445872555697e-08
pccv3_n08_row_r00,8,row,0,33,1,L33H1,1.5,6,6,False,False,-9.761613845825195,-9.227720260620117,0.5338935852050781,-9.6875,-9.0625,0.625,0.25116020955465707,0.4243613480711789,0.17320113851652186,0.10907749308325194,0.18429779180033815,0.0752202987170862,6.065856471217434,6.145799985624977,0.07994351440754333,0.9320526777862836,0.8514538664211192,0.8645350082643218,0.7034933703869928,0.9962589910263375,0.995599188095639,-0.0006598029306985609,0.1612020374699178,0.11387375469328868,0.0806010187349589,0.00861049053681503,False,1,0.00035430021308634305,0.0004709258254194624,0.00011662561233311935,1.1276599144104955e-06,1.322733724490321e-06,1.9507381007982535e-07,7.750285692966789e-07,9.091007075374491e-07,1.3407213824077024e-07,1.624548134920076e-07,1.790125432505172e-07,1.655772975850959e-08,1.1388961687561464e-05,9.181591893059014e-06,-2.2073697945024495e-06,0.9320526777862836,0.8514538664211192,-0.08059881136516445,0.06751766952196185,0.14796049603412642,0.08044282651216457,5.783791984782672e-05,9.871141551144922e-05,4.08734956636225e-05,3.065297454023732e-06,3.3777188946827954e-06,3.1242144065906323e-07,9.951563816360723e-07,1.030146060428018e-06,3.498967879194565e-08
pccv3_n08_row_r01,8,row,1,33,1,L33H1,1.0,6,6,False,False,-9.183676719665527,-9.183676719665527,0.0,-9.0,-9.0,0.0,0.45253200768575313,0.45253200768575313,0.0,0.1965321538225225,0.1965321538225225,0.0,6.16199597178623,6.16199597178623,0.0,0.8349471483743741,0.8349471483743741,0.6705363066810113,0.6705363066810113,0.9967154866994292,0.9967154866994292,0.0,0.0,0.0,0.0,0.0,False,0,0.0005232836696796259,0.0005232836696796259,0.0,1.5645898398348898e-06,1.5645898398348898e-06,0.0,1.1446783797143283e-06,1.1446783797143283e-06,0.0,1.5491537273346556e-07,1.5491537273346556e-07,0.0,8.458092762942213e-06,8.458092762942213e-06,0.0,0.8349471483743741,0.8349471483743741,0.0,0.16441084169336279,0.16441084169336279,0.0,0.00010304066400361329,0.00010304066400361329,0.0,3.5258576317882664e-06,3.5258576317882664e-06,0.0,8.374645927163212e-07,8.374645927163212e-07,0.0
pccv3_n08_row_r01,8,row,1,33,1,L33H1,0.5,6,6,False,False,-9.183676719665527,-9.529746055603027,-0.3460693359375,-9.0,-9.4375,-0.4375,0.45253200768575313,0.29538456356178494,-0.1571474441239682,0.1965321538225225,0.12828388599428353,-0.06824826782823898,6.16199597178623,6.083226932433476,-0.07876903935275426,0.8349471483743741,0.9144581289022782,0.6705363066810113,0.8294002731378938,0.9967154866994292,0.9971811720665471,0.0004656853671178851,0.15902610491568622,0.11233392210934257,0.07951305245784311,0.00733097645162523,False,1,0.0005232836696796259,0.00039389601769345686,-0.00012938765198616906,1.5645898398348898e-06,1.4206108568366214e-06,-1.4397898299826836e-07,1.1446783797143283e-06,1.1777277659207672e-06,3.304938620643881e-08,1.5491537273346556e-07,1.4973128271474556e-07,-5.184090018719995e-09,8.458092762942213e-06,1.0496973315915734e-05,2.038880552973522e-06,0.8349471483743741,0.9144581289022782,0.07951098052790406,0.16441084169336279,0.08505785576438446,-0.07935298592897833,0.00010304066400361329,7.286343677084795e-05,-3.017722723276534e-05,3.5258576317882664e-06,3.20139598497409e-06,-3.2446164681417656e-07,8.374645927163212e-07,8.094396668517871e-07,-2.802492586453411e-08
pccv3_n08_row_r01,8,row,1,33,1,L33H1,1.5,6,6,False,False,-9.183676719665527,-8.8286771774292,0.3549995422363281,-9.0,-8.4375,0.5625,0.45253200768575313,0.6338259619507511,0.181293954264998,0.1965321538225225,0.2752671177622317,0.07873496393970916,6.16199597178623,6.3177681809892245,0.15577220920299428,0.8349471483743741,0.678648815992663,0.6705363066810113,0.3580778142604376,0.9967154866994292,0.996480119995482,-0.00023536670394719295,0.3125998762009833,0.22094156547636123,0.15629993810049164,0.01684347369306617,False,1,0.0005232836696796259,0.0006188476162486348,9.556394656900884e-05,1.5645898398348898e-06,1.632902432937178e-06,6.831259310228822e-08,1.1446783797143283e-06,1.1222763354694168e-06,-2.2402044244911522e-08,1.5491537273346556e-07,1.616792354106943e-07,6.763862677228751e-09,8.458092762942213e-06,6.874776026605587e-06,-1.5833167363366256e-06,0.8349471483743741,0.678648815992663,-0.1562983323817111,0.16441084169336279,0.3205710017322254,0.15616016003886263,0.00010304066400361329,0.00014698919270664747,4.3948528703034186e-05,3.5258576317882664e-06,3.679802436749014e-06,1.5394480496074778e-07,8.374645927163212e-07,8.740296888860886e-07,3.656509616976744e-08
pccv3_n08_row_r02,8,row,2,33,1,L33H1,1.0,7,7,False,False,-7.834939956665039,-7.834939956665039,0.0,-7.75,-7.75,0.0,0.2754431192526085,0.2754431192526085,0.0,0.11962342676962721,0.11962342676962721,0.0,6.922214136840321,6.922214136840321,0.0,0.9234002281479834,0.9234002281479834,0.8476029216911484,0.8476029216911484,0.9947661561208179,0.9947661561208179,0.0,0.0,0.0,0.0,0.0,False,0,0.00039774776024063184,0.00039774776024063184,0.0,7.678338089318349e-07,7.678338089318349e-07,0.0,5.27723944772086e-07,5.27723944772086e-07,0.0,8.09290880537981e-08,8.09290880537981e-08,0.0,1.4345024095166862e-06,1.4345024095166862e-06,0.0,0.07579730645683505,0.07579730645683505,0.0,0.9234002281479834,0.9234002281479834,0.0,0.00039774776024063184,0.00039774776024063184,0.0,3.2327010821870205e-06,3.2327010821870205e-06,0.0,9.261843668617089e-07,9.261843668617089e-07,0.0
pccv3_n08_row_r02,8,row,2,33,1,L33H1,0.5,7,7,False,False,-7.834939956665039,-7.885147571563721,-0.05020761489868164,-7.75,-7.625,0.125,0.2754431192526085,0.5380158175376355,0.262572698285027,0.11962342676962721,0.23365730073326185,0.11403387396363464,6.922214136840321,6.774578083425284,-0.14763605341503716,0.9234002281479834,0.7765677452670673,0.8476029216911484,0.5540773611611504,0.9947661561208179,0.9927502218813231,-0.0020159342394947544,0.29370238323683634,0.20755399551260775,0.14685119161841817,0.022024595235593206,False,1,0.00039774776024063184,0.0005514985238898758,0.00015375076364924396,7.678338089318349e-07,1.2842041168631378e-06,5.163703079313029e-07,5.27723944772086e-07,8.826197212992633e-07,3.5489577652717733e-07,8.09290880537981e-08,1.2715342664547678e-07,4.622433859167868e-08,1.4345024095166862e-06,2.7186601367333282e-06,1.284157727216642e-06,0.07579730645683505,0.22249038410591696,0.1466930776490819,0.9234002281479834,0.7765677452670673,-0.1468324828809161,0.00039774776024063184,0.0003790390227385585,-1.870873750207334e-05,3.2327010821870205e-06,4.771397133666149e-06,1.5386960514791288e-06,9.261843668617089e-07,1.5490458521912732e-06,6.228614853295643e-07
pccv3_n08_row_r02,8,row,2,33,1,L33H1,1.5,7,7,False,False,-7.834939956665039,-7.664012432098389,0.1709275245666504,-7.75,-7.625,0.125,0.2754431192526085,0.15197023260156892,-0.12347288665103959,0.11962342676962721,0.06599983343241504,-0.05362359333721217,6.922214136840321,6.965694947806915,0.04348081096659406,0.9234002281479834,0.9661770815386143,0.8476029216911484,0.9331163198525058,0.9947661561208179,0.9954064343860942,0.0006402782652763506,0.08570138413658099,0.060467258737576725,0.042850692068290494,0.004557881688472562,False,1,0.00039774776024063184,0.0002860316332912194,-0.00011171612694941245,7.678338089318349e-07,5.187166029406355e-07,-2.4911720599119946e-07,5.27723944772086e-07,3.3490861032230325e-07,-1.9281533444978272e-07,8.09290880537981e-08,5.819838991121508e-08,-2.2730698142583025e-08,1.4345024095166862e-06,8.552190967335383e-07,-5.79283312783148e-07,0.07579730645683505,0.033060761686108504,-0.042736544770726546,0.9234002281479834,0.9661770815386143,0.042776853390630865,0.00039774776024063184,0.00047158643790033234,7.38386776597005e-05,3.2327010821870205e-06,2.1838784697528616e-06,-1.048822612434159e-06,9.261843668617089e-07,5.877829162022602e-07,-3.384014506594487e-07
pccv3_n08_row_r03,8,row,3,33,1,L33H1,1.0,6,6,False,False,-11.508657455444336,-11.508657455444336,0.0,-11.5,-11.5,0.0,0.0385415644676555,0.0385415644676555,0.0,0.016738388772221224,0.016738388772221224,0.0,6.00489777477848,6.00489777477848,0.0,0.9938549039792671,0.9938549039792671,0.9879452266994107,0.9879452266994107,0.9975095292590836,0.9975095292590836,0.0,0.0,0.0,0.0,0.0,False,0,0.00020221803634589184,0.00020221803634589184,0.0,4.155495171789858e-07,4.155495171789858e-07,0.0,3.236302893839384e-07,3.236302893839384e-07,0.0,9.870166169507487e-08,9.870166169507487e-08,0.0,2.13136242232799e-05,2.13136242232799e-05,0.0,0.9938549039792671,0.9938549039792671,0.0,0.005909677279856425,0.005909677279856425,0.0,1.0067843200768113e-05,1.0067843200768113e-05,0.0,7.293121153225827e-07,7.293121153225827e-07,0.0,2.520435227978366e-07,2.520435227978366e-07,0.0
pccv3_n08_row_r03,8,row,3,33,1,L33H1,0.5,6,6,False,False,-11.508657455444336,-11.69359302520752,-0.1849355697631836,-11.5,-11.6875,-0.1875,0.0385415644676555,0.023629484697774834,-0.014912079769880664,0.016738388772221224,0.010262154814460937,-0.006476233957760287,6.00489777477848,6.002263206772669,-0.0026345680058108556,0.9938549039792671,0.9966076407516717,0.9879452266994107,0.9934356570910325,0.9975095292590836,0.997308861175874,-0.00020066808320962082,0.005525317546030089,0.0038824175518401114,0.0027626587730150446,0.00021137268600084728,False,1,0.00020221803634589184,0.00017895107270232493,-2.326696364356691e-05,4.155495171789858e-07,4.435753609776676e-07,2.8025843798681794e-08,3.236302893839384e-07,3.6773689035786854e-07,4.410660097393012e-08,9.870166169507487e-08,9.897504133284455e-08,2.73379637769676e-10,2.13136242232799e-05,3.10970335881703e-05,9.783409364890403e-06,0.9938549039792671,0.9966076407516717,0.002752736772404618,0.005909677279856425,0.0031719836606392262,-0.0027376936192171986,1.0067843200768113e-05,8.369653046564828e-06,-1.6981901542032843e-06,7.293121153225827e-07,7.784990029967012e-07,4.918688767411844e-08,2.520435227978366e-07,2.6904205632605424e-07,1.6998533528217666e-08
pccv3_n08_row_r03,8,row,3,33,1,L33H1,1.5,6,6,False,False,-11.508657455444336,-11.204717636108398,0.3039398193359375,-11.5,-11.1875,0.3125,0.0385415644676555,0.07644309507586422,0.03790153060820872,0.016738388772221224,0.03319881437105347,0.01646042559883225,6.00489777477848,6.012934806873996,0.008037032095515428,0.9938549039792671,0.9856807083094766,0.9879452266994107,0.9716207281265622,0.9975095292590836,0.9972089123620975,-0.0003006168969861278,0.01635809512308836,0.011543204738499709,0.00817904756154418,0.0008654802737358229,False,1,0.00020221803634589184,0.000227258413596257,2.504037725036516e-05,4.155495171789858e-07,4.670064340020252e-07,5.145691682303936e-08,3.236302893839384e-07,3.4166920593452006e-07,1.803891655058164e-08,9.870166169507487e-08,9.788986643965212e-08,-8.117952554227506e-10,2.13136242232799e-05,1.6462544264902287e-05,-4.851079958377611e-06,0.9938549039792671,0.9856807083094766,-0.008174195669790496,0.005909677279856425,0.01405998018291444,0.008150302903058015,1.0067843200768113e-05,1.364792855493775e-05,3.5800853541696377e-06,7.293121153225827e-07,7.699634412929545e-07,4.065132597037177e-08,2.520435227978366e-07,2.660922451331893e-07,1.4048722335352698e-08
pccv3_n08_row_r04,8,row,4,33,1,L33H1,1.0,6,6,False,False,-8.729820251464844,-8.729820251464844,0.0,-8.375,-8.375,0.0,0.6130996073436595,0.6130996073436595,0.0,0.26626577632640175,0.26626577632640175,0.0,6.290630368216999,6.290630368216999,0.0,0.705145994217715,0.705145994217715,0.4111974108999085,0.4111974108999085,0.9945451680785595,0.9945451680785595,0.0,0.0,0.0,0.0,0.0,False,0,0.0007286256907270052,0.0007286256907270052,0.0,1.321358196505423e-06,1.321358196505423e-06,0.0,1.166094515620803e-06,1.166094515620803e-06,0.0,1.6799184277846965e-07,1.6799184277846965e-07,0.0,6.710410620067078e-06,6.710410620067078e-06,0.0,0.705145994217715,0.705145994217715,0.0,0.29394858331780643,0.29394858331780643,0.0,0.00016257836706017696,0.00016257836706017696,0.0,3.823476718206205e-06,3.823476718206205e-06,0.0,1.0290747981562427e-06,1.0290747981562427e-06,0.0
pccv3_n08_row_r04,8,row,4,33,1,L33H1,0.5,6,6,False,False,-8.729820251464844,-9.227975845336914,-0.4981555938720703,-8.375,-9.0625,-0.6875,0.6130996073436595,0.4248010247053682,-0.18829858263829136,0.26626577632640175,0.18448874093638834,-0.08177703539001341,6.290630368216999,6.145478149455659,-0.1451522187613401,0.705145994217715,0.8514012658186175,0.4111974108999085,0.7034499103986157,0.9945451680785595,0.9954065872999536,0.0008614192213940441,0.292513331131064,0.20665390667350972,0.146256665565532,0.015740598422454878,False,1,0.0007286256907270052,0.0005335959043813398,-0.00019502978634566544,1.321358196505423e-06,1.2425165752295955e-06,-7.884162127582748e-08,1.166094515620803e-06,1.1672363015329448e-06,1.1417859121417615e-09,1.6799184277846965e-07,1.5796825547201737e-07,-1.002358730645228e-08,6.710410620067078e-06,8.102225841084235e-06,1.3918152210171567e-06,0.705145994217715,0.8514012658186175,0.14625527160090257,0.29394858331780643,0.14795135542000182,-0.14599722789780462,0.00016257836706017696,9.870531737726432e-05,-6.387304968291264e-05,3.823476718206205e-06,3.3775102280057756e-06,-4.45966490200429e-07,1.0290747981562427e-06,1.0300824206871227e-06,1.0076225308800008e-09
pccv3_n08_row_r04,8,row,4,33,1,L33H1,1.5,6,6,False,False,-8.729820251464844,-8.389137268066406,0.3406829833984375,-8.375,-7.75,0.625,0.6130996073436595,0.6986717143752145,0.08557210703155493,0.26626577632640175,0.30342927021504046,0.03716349388863871,6.290630368216999,6.465285385303137,0.1746550170861374,0.705145994217715,0.5307074346222292,0.4111974108999085,0.062359767389495224,0.9945451680785595,0.9944226947438892,-0.0001224733346703033,0.3489302076331178,0.24666547489558668,0.1744651038165589,0.016242693497000756,False,1,0.0007286256907270052,0.0007041322388573102,-2.449345186969498e-05,1.321358196505423e-06,1.276939472597349e-06,-4.441872390807395e-08,1.166094515620803e-06,1.0586200049371258e-06,-1.0747451068367724e-07,1.6799184277846965e-07,1.5250867150924087e-07,-1.548317126922878e-08,6.710410620067078e-06,5.050393584648253e-06,-1.660017035418825e-06,0.705145994217715,0.5307074346222292,-0.1744385595954857,0.29394858331780643,0.468347667232734,0.1743990839149276,0.00016257836706017696,0.00022859826869158463,6.601990163140767e-05,3.823476718206205e-06,3.694946878860517e-06,-1.2852983934568775e-07,1.0290747981562427e-06,9.342288753711026e-07,-9.48459227851401e-08
pccv3_n08_row_r05,8,row,5,33,1,L33H1,1.0,6,6,False,False,-9.291285514831543,-9.291285514831543,0.0,-9.125,-9.125,0.0,0.4242693313940193,0.4242693313940193,0.0,0.18425782946520464,0.18425782946520464,0.0,6.1457912607086564,6.1457912607086564,0.0,0.8514618915744171,0.8514618915744171,0.7035000009777553,0.7035000009777553,0.9945302428566976,0.9945302428566976,0.0,0.0,0.0,0.0,0.0,False,0,0.0004709302640063195,0.0004709302640063195,0.0,1.322746191567317e-06,1.322746191567317e-06,0.0,1.0965951087715357e-06,1.0965951087715357e-06,0.0,1.3096960882735078e-07,1.3096960882735078e-07,0.0,5.9281371495785455e-06,5.9281371495785455e-06,0.0,0.8514618915744171,0.8514618915744171,0.0,0.1479618905966618,0.1479618905966618,0.0,9.273166718983774e-05,9.273166718983774e-05,0.0,2.980854557350736e-06,2.980854557350736e-06,0.0,1.0965951087715357e-06,1.0965951087715357e-06,0.0
pccv3_n08_row_r05,8,row,5,33,1,L33H1,0.5,6,6,False,False,-9.291285514831543,-9.754632949829102,-0.4633474349975586,-9.125,-9.6875,-0.5625,0.4242693313940193,0.231479036122499,-0.19279029527152028,0.18425782946520464,0.10053006806428481,-0.08372776140091982,6.1457912607086564,6.058147234864123,-0.08764402584453368,0.8514618915744171,0.939465012716591,0.7035000009777553,0.8794070237750871,0.9945302428566976,0.9953230970348272,0.0007928541781296872,0.17601017509472774,0.12438509089650436,0.08800508754736387,0.010669563012218752,False,1,0.0004709302640063195,0.000404667546359515,-6.626271764680449e-05,1.322746191567317e-06,1.2099340534220052e-06,-1.1281213814531188e-07,1.0965951087715357e-06,1.067763054476544e-06,-2.8832054294991784e-08,1.3096960882735078e-07,1.3575083852862445e-07,4.78122970127367e-09,5.9281371495785455e-06,7.889761109892727e-06,1.961623960314181e-06,0.8514618915744171,0.939465012716591,0.0880031211421739,0.1479618905966618,0.06005798894150399,-0.0879039016551578,9.273166718983774e-05,5.8297887448158716e-05,-3.443377974167902e-05,2.980854557350736e-06,2.7266284796203732e-06,-2.542260777303627e-07,1.0965951087715357e-06,1.0030705613648823e-06,-9.352454740665335e-08
pccv3_n08_row_r05,8,row,5,33,1,L33H1,1.5,6,6,False,False,-9.291285514831543,-8.831633567810059,0.4596519470214844,-9.125,-8.4375,0.6875,0.4242693313940193,0.6338076336139346,0.20953830221991526,0.18425782946520464,0.27525915786668975,0.09100132840148512,6.1457912607086564,6.317771618703099,0.17198035799444256,0.8514618915744171,0.6786499185833261,0.7035000009777553,0.3580783960241501,0.9945302428566976,0.9935370463545041,-0.0009931965021934275,0.3456250940771779,0.24425005195421048,0.17281254703858895,0.021176160091386453,False,1,0.0004709302640063195,0.0006188486216811758,0.0001479183576748563,1.322746191567317e-06,1.441033680512148e-06,1.1828748894483087e-07,1.0965951087715357e-06,1.1222781588151295e-06,2.568305004359377e-08,1.3096960882735078e-07,1.5188383249350973e-07,2.0914223666158947e-08,5.9281371495785455e-06,5.354089651656844e-06,-5.740474979217012e-07,0.8514618915744171,0.6786499185833261,-0.17281197299109097,0.1479618905966618,0.32057152255917604,0.17260963196251425,9.273166718983774e-05,0.00014698943151780818,5.425776432797044e-05,2.980854557350736e-06,3.4568600939550676e-06,4.760055366043317e-07,1.0965951087715357e-06,1.1946588814232427e-06,9.806377265170698e-08
pccv3_n09_dense_r00,9,dense,0,33,1,L33H1,1.0,8,8,False,False,-7.277736663818359,-7.277736663818359,0.0,-6.875,-6.875,0.0,0.6372420601132955,0.6372420601132955,0.0,0.2767507103438645,0.2767507103438645,0.0,7.678251676115778,7.678251676115778,0.0,0.6783726630996377,0.6783726630996377,0.35793210675752013,0.35793210675752013,0.9854288248948251,0.9854288248948251,0.0,0.0,0.0,0.0,0.0,False,0,0.00020082865192528235,0.00020082865192528235,0.0,7.315183111644857e-06,7.315183111644857e-06,0.0,1.2060697995235227e-05,1.2060697995235227e-05,0.0,4.43688283862467e-06,4.43688283862467e-06,0.0,6.8719785719517075e-06,6.8719785719517075e-06,0.0,0.00024224559490271266,0.00024224559490271266,0.0,0.3204405563421176,0.3204405563421176,0.0,0.6783726630996377,0.6783726630996377,0.0,0.0007009608709039647,0.0007009608709039647,0.0,1.2060697995235227e-05,1.2060697995235227e-05,0.0
pccv3_n09_dense_r00,9,dense,0,33,1,L33H1,0.5,8,7,False,False,-7.277736663818359,-7.440211772918701,-0.1624751091003418,-6.875,-7.0,-0.125,0.6372420601132955,0.6562253516327072,0.018983291519411694,0.2767507103438645,0.28499504909910583,0.008244338755241332,7.678251676115778,7.347602508025466,-0.33064916809031164,0.6783726630996377,0.6505992592885826,0.35793210675752013,0.30235857036837893,0.9854288248948251,0.9897030016411463,0.0042741767463212454,0.6604868666367262,0.4668960320173132,0.3302434333183631,0.055653449609963664,True,1,0.00020082865192528235,0.00024731161842401393,4.6482966498731585e-05,7.315183111644857e-06,6.590631391793153e-06,-7.24551719851704e-07,1.2060697995235227e-05,1.0207769586738482e-05,-1.8529284084967452e-06,4.43688283862467e-06,3.5277107736133037e-06,-9.091720650113667e-07,6.8719785719517075e-06,6.590631391793153e-06,-2.813471801585542e-07,0.00024224559490271266,0.0002802407778426246,3.799518293991192e-05,0.3204405563421176,0.6505992592885826,0.33015870294646504,0.6783726630996377,0.3482406889202037,-0.330131974179434,0.0007009608709039647,0.0005932697313483851,-0.00010769113955557959,1.2060697995235227e-05,1.2312920454643459e-05,2.522224594082319e-07
pccv3_n09_dense_r00,9,dense,0,33,1,L33H1,1.5,8,8,False,False,-7.277736663818359,-7.180817604064941,0.09691905975341797,-6.875,-7.0,-0.125,0.6372420601132955,0.4290303539887507,-0.20821170612454482,0.2767507103438645,0.18632551530631322,-0.09042519503755128,7.678251676115778,7.851319774738607,0.1730680986228288,0.6783726630996377,0.8509598122101262,0.35793210675752013,0.7030851699245223,0.9854288248948251,0.9807602543983194,-0.0046685704965057084,0.3453256442931365,0.2440600925805179,0.17266282214656825,0.021161118071381633,False,1,0.00020082865192528235,0.0001527985186895785,-4.803013323570384e-05,7.315183111644857e-06,6.7134983734189875e-06,-6.016847382258698e-07,1.2060697995235227e-05,1.2542466196367825e-05,4.817682011325983e-07,4.43688283862467e-06,4.614115455231501e-06,1.7723261660683083e-07,6.8719785719517075e-06,6.30674806916682e-06,-5.652305027848878e-07,0.00024224559490271266,0.00019619718162965568,-4.6048413273056974e-05,0.3204405563421176,0.14787464228560385,-0.17256591405651375,0.6783726630996377,0.8509598122101262,0.17258714911048845,0.0007009608709039647,0.0007759749061660719,7.501403526210724e-05,1.2060697995235227e-05,1.0398069690582299e-05,-1.6626283046529279e-06
pccv3_n09_dense_r01,9,dense,1,33,1,L33H1,1.0,7,7,False,False,-9.662986755371094,-9.662986755371094,0.0,-9.625,-9.625,0.0,0.14904411057850847,0.14904411057850847,0.0,0.06472903478442431,0.06472903478442431,0.0,7.032706847488192,7.032706847488192,0.0,0.9665355492369602,0.9665355492369602,0.9334625214607387,0.9334625214607387,0.9960581162243614,0.9960581162243614,0.0,0.0,0.0,0.0,0.0,False,0,3.41742815040973e-05,3.41742815040973e-05,0.0,9.694497450090574e-07,9.694497450090574e-07,0.0,8.555363971819192e-07,8.555363971819192e-07,0.0,4.5793563410558427e-07,4.5793563410558427e-07,0.0,1.5983524154712486e-06,1.5983524154712486e-06,0.0,0.00028613775576421033,0.00028613775576421033,0.0,0.9665355492369602,0.9665355492369602,0.0,0.03307302777622141,0.03307302777622141,0.0,6.384596326818055e-05,6.384596326818055e-05,0.0,3.383712090105542e-06,3.383712090105542e-06,0.0
pccv3_n09_dense_r01,9,dense,1,33,1,L33H1,0.5,7,7,False,False,-9.662986755371094,-9.771646499633789,-0.10865974426269531,-9.625,-9.75,-0.125,0.14904411057850847,0.09540268529554498,-0.05364142528296349,0.06472903478442431,0.04143285978260768,-0.023296175001816626,7.032706847488192,7.017341723328032,-0.01536512416015956,0.9665355492369602,0.9814355184733212,0.9334625214607387,0.9634598999243863,0.9960581162243614,0.9970969644354,0.0010388482110386121,0.030208180631856842,0.02121268982749868,0.015104090315928421,0.0011743482100210734,False,1,3.41742815040973e-05,4.455710360509669e-05,1.0382822100999394e-05,9.694497450090574e-07,1.047882638664531e-06,7.843289365547365e-08,8.555363971819192e-07,8.687252198886074e-07,1.3188822706688206e-08,4.5793563410558427e-07,4.1035673739796144e-07,-4.757889670762284e-08,1.5983524154712486e-06,1.8390913049360312e-06,2.4073888946478267e-07,0.00028613775576421033,0.0004790340083917648,0.00019289625262755447,0.9665355492369602,0.9814355184733212,0.014899969236361055,0.03307302777622141,0.017975618548934955,-0.015097409227286456,6.384596326818055e-05,5.7212453522933144e-05,-6.633509745247405e-06,3.383712090105542e-06,3.893356323101803e-06,5.096442329962612e-07
pccv3_n09_dense_r01,9,dense,1,33,1,L33H1,1.5,7,7,False,False,-9.662986755371094,-9.335567474365234,0.3274192810058594,-9.625,-9.25,0.375,0.14904411057850847,0.27207912752927405,0.12303501695076557,0.06472903478442431,0.11816246372701485,0.05343342894259054,7.032706847488192,7.07557744925156,0.042870601763368654,0.9665355492369602,0.9238001511968857,0.9334625214607387,0.8479700170571318,0.9960581162243614,0.9937117861445586,-0.002346330079802783,0.085567350170274,0.06045235339485441,0.042783675085137,0.004555479216100484,False,1,3.41742815040973e-05,3.0684297469014054e-05,-3.4899840350832424e-06,9.694497450090574e-07,1.1897593272339325e-06,2.2030958222487503e-07,8.555363971819192e-07,1.117675453607729e-06,2.6213905642580993e-07,4.5793563410558427e-07,7.216255096464561e-07,2.636898755408718e-07,1.5983524154712486e-06,1.961581509824459e-06,3.6322909435321025e-07,0.00028613775576421033,0.0002413506947367607,-4.478706102744963e-05,0.9665355492369602,0.9238001511968857,-0.042735398040074424,0.03307302777622141,0.07583013413975387,0.04275710636353246,6.384596326818055e-05,8.87879587060989e-05,2.494199543791835e-05,3.383712090105542e-06,3.901070648227705e-06,5.173585581221635e-07
pccv3_n09_dense_r02,9,dense,2,33,1,L33H1,1.0,7,7,False,False,-10.22465991973877,-10.22465991973877,0.0,-10.1875,-10.1875,0.0,0.13534494353641935,0.13534494353641935,0.0,0.058779562131374107,0.058779562131374107,0.0,7.028719505105875,7.028719505105875,0.0,0.9703984924572903,0.9703984924572903,0.9410949971081176,0.9410949971081176,0.9929138223070595,0.9929138223070595,0.0,0.0,0.0,0.0,0.0,False,0,7.732072903388653e-05,7.732072903388653e-05,0.0,1.935686575801151e-06,1.935686575801151e-06,0.0,2.334883701129466e-06,2.334883701129466e-06,0.0,9.7332433536726e-07,9.7332433536726e-07,0.0,2.193420248991296e-06,2.193420248991296e-06,0.0,0.00017424495265054967,0.00017424495265054967,0.0,0.9703984924572903,0.9703984924572903,0.0,0.02930349534917264,0.02930349534917264,0.0,3.6523726229159074e-05,3.6523726229159074e-05,0.0,2.48547076206994e-06,2.48547076206994e-06,0.0
pccv3_n09_dense_r02,9,dense,2,33,1,L33H1,0.5,7,7,False,False,-10.22465991973877,-10.516480445861816,-0.2918205261230469,-10.1875,-10.5,-0.3125,0.13534494353641935,0.0639088942201447,-0.07143604931627465,0.058779562131374107,0.027755280104347465,-0.03102428202702664,7.028719505105875,7.010292217964119,-0.018427287141755677,0.9703984924572903,0.9886696417459871,0.9410949971081176,0.9776865141183657,0.9929138223070595,0.9949279259688524,0.0020141036617928876,0.03666277672592132,0.025874191457622826,0.01833138836296066,0.0022061325097195135,False,1,7.732072903388653e-05,8.385721425465354e-05,6.536485220767001e-06,1.935686575801151e-06,1.5358984545034464e-06,-3.997881212977045e-07,2.334883701129466e-06,1.852647175860991e-06,-4.82236525268475e-07,9.7332433536726e-07,7.255070583140452e-07,-2.478172770532149e-07,2.193420248991296e-06,1.852647175860991e-06,-3.4077307313030504e-07,0.00017424495265054967,0.0002279475416936215,5.370258904307184e-05,0.9703984924572903,0.9886696417459871,0.018271149288696886,0.02930349534917264,0.010983127627621433,-0.01832036772155121,3.6523726229159074e-05,2.7224451513571044e-05,-9.29927471558803e-06,2.48547076206994e-06,2.2347190650278784e-06,-2.5075169704206176e-07
pccv3_n09_dense_r02,9,dense,2,33,1,L33H1,1.5,7,7,False,False,-10.22465991973877,-9.904114723205566,0.3205451965332031,-10.1875,-9.8125,0.375,0.13534494353641935,0.27151023403913166,0.1361652905027123,0.058779562131374107,0.11791539642345532,0.05913583429208121,7.028719505105875,7.075332004844623,0.046612499738747815,0.9703984924572903,0.9238670784893648,0.9410949971081176,0.8480314506228999,0.9929138223070595,0.9876490626313625,-0.005264759675696951,0.09309587349162486,0.06580586735030024,0.04654793674581243,0.00561789693797011,False,1,7.732072903388653e-05,6.915314139793287e-05,-8.167587635953669e-06,1.935686575801151e-06,2.222924087724565e-06,2.872375119234139e-07,2.334883701129466e-06,3.0383769834510836e-06,7.034932823216177e-07,9.7332433536726e-07,1.348271613418684e-06,3.74947278051424e-07,2.193420248991296e-06,2.366290373977837e-06,1.7287012498654109e-07,0.00017424495265054967,0.0001658897623997145,-8.35519025083517e-06,0.9703984924572903,0.9238670784893648,-0.04653141396792548,0.02930349534917264,0.07583562786646492,0.046532132517292275,3.6523726229159074e-05,5.0593519037484706e-05,1.4069792808325632e-05,2.48547076206994e-06,2.6813582767799082e-06,1.958875147099681e-07
pccv3_n09_dense_r03,9,dense,3,33,1,L33H1,1.0,7,7,False,False,-11.202458381652832,-11.202458381652832,0.0,-11.1875,-11.1875,0.0,0.0534156961711951,0.0534156961711951,0.0,0.023198142094170687,0.023198142094170687,0.0,7.001587834302088,7.001587834302088,0.0,0.9918451760578845,0.9918451760578845,0.9866404502473815,0.9866404502473815,0.993252521190982,0.993252521190982,0.0,0.0,0.0,0.0,0.0,False,0,0.00013870124473313743,0.00013870124473313743,0.0,2.7042437586952053e-06,2.7042437586952053e-06,0.0,1.8585977425886156e-06,1.8585977425886156e-06,0.0,7.747788087454068e-07,7.747788087454068e-07,0.0,4.45854420611885e-06,4.45854420611885e-06,0.0,0.002785888972379521,0.002785888972379521,0.0,0.9918451760578845,0.9918451760578845,0.0,0.005204725810503049,0.005204725810503049,0.0,1.3733282985333148e-05,1.3733282985333148e-05,0.0,1.9784669983428236e-06,1.9784669983428236e-06,0.0
pccv3_n09_dense_r03,9,dense,3,33,1,L33H1,0.5,7,7,False,False,-11.202458381652832,-11.202544212341309,-8.58306884765625e-05,-11.1875,-11.1875,0.0,0.0534156961711951,0.05947805065604373,0.006062354484848632,0.023198142094170687,0.025830989194281877,0.002632847100111191,7.001587834302088,6.996194607844569,-0.005393226457518274,0.9918451760578845,0.9907501189537251,0.9866404502473815,0.9848589034004757,0.993252521190982,0.9942648549766204,0.001012333785638475,0.006292922930687707,0.0038796808532080137,0.0031464614653438534,0.0004126794519450917,False,1,0.00013870124473313743,0.00017789929488499934,3.919805015186191e-05,2.7042437586952053e-06,2.701258109915718e-06,-2.985648779487408e-09,1.8585977425886156e-06,1.976282651033205e-06,1.1768490844458922e-07,7.747788087454068e-07,7.739234060483438e-07,-8.554026970629772e-10,4.45854420611885e-06,5.718563463566697e-06,1.2600192574478472e-06,0.002785888972379521,0.005891215553249432,0.0031053265808699115,0.9918451760578845,0.9907501189537251,-0.0010950571041593582,0.005204725810503049,0.0031533404527455846,-0.002051385357757464,1.3733282985333148e-05,1.3718120609733065e-05,-1.5162375600082898e-08,1.9784669983428236e-06,2.5375971544856655e-06,5.591301561428419e-07
pccv3_n09_dense_r03,9,dense,3,33,1,L33H1,1.5,7,7,False,False,-11.202458381652832,-11.144649505615234,0.057808876037597656,-11.1875,-11.125,0.0625,0.0534156961711951,0.06314000359848486,0.00972430742728976,0.023198142094170687,0.027421355150173434,0.0042232130560027475,7.001587834302088,7.006233207145642,0.004645372843554263,0.9918451760578845,0.989618800484689,0.9866404502473815,0.9810569202556176,0.993252521190982,0.9908279272856362,-0.0024245939053457732,0.006716110883750536,0.004175894116693819,0.003358055441875268,0.0002767015120244256,False,1,0.00013870124473313743,0.00010777816618623392,-3.092307854690351e-05,2.7042437586952053e-06,2.534699521194564e-06,-1.6954423750064146e-07,1.8585977425886156e-06,1.7420718058736341e-06,-1.1652593671498149e-07,7.747788087454068e-07,8.228964535678427e-07,4.811764482243592e-08,4.45854420611885e-06,4.179013015426907e-06,-2.795311906919432e-07,0.002785888972379521,0.0016859341788041141,-0.0010999547935754068,0.9918451760578845,0.989618800484689,-0.0022263755731954937,0.005204725810503049,0.008561880229071379,0.0033571544185683304,1.3733282985333148e-05,1.4586188647536678e-05,8.529056622035296e-07,1.9784669983428236e-06,1.7420718058736341e-06,-2.3639519246918944e-07
pccv3_n09_dense_r04,9,dense,4,33,1,L33H1,1.0,7,7,False,False,-9.974254608154297,-9.974254608154297,0.0,-9.9375,-9.9375,0.0,0.1271595094344904,0.1271595094344904,0.0,0.05522467326892366,0.05522467326892366,0.0,7.024530997601598,7.024530997601598,0.0,0.973304808607667,0.973304808607667,0.9473671140251384,0.9473671140251384,0.990350255093631,0.990350255093631,0.0,0.0,0.0,0.0,0.0,False,0,0.00015423116971350357,0.00015423116971350357,0.0,4.37520151325722e-06,4.37520151325722e-06,0.0,3.627169452397186e-06,3.627169452397186e-06,0.0,1.4204199664689418e-06,1.4204199664689418e-06,0.0,4.37520151325722e-06,4.37520151325722e-06,0.0,0.0005383196770306293,0.0005383196770306293,0.0,0.973304808607667,0.973304808607667,0.0,0.025937694582528564,0.025937694582528564,0.0,4.703784916076959e-05,4.703784916076959e-05,0.0,4.1101214539951185e-06,4.1101214539951185e-06,0.0
pccv3_n09_dense_r04,9,dense,4,33,1,L33H1,0.5,7,7,False,False,-9.974254608154297,-10.205974578857422,-0.231719970703125,-9.9375,-10.1875,-0.25,0.1271595094344904,0.06998660732184127,-0.057172902112649124,0.05522467326892366,0.030394797367005382,-0.02482987590191828,7.024530997601598,7.009053359606399,-0.015477637995199522,0.973304808607667,0.987893613361367,0.9473671140251384,0.976919106630384,0.990350255093631,0.9937258432811404,0.003375588187509493,0.029949219685989036,0.020901250482473648,0.014974609842994518,0.001611883150873177,False,1,0.00015423116971350357,0.00017738638015403547,2.3155210440531907e-05,4.37520151325722e-06,3.6815368679093985e-06,-6.936646453478216e-07,3.627169452397186e-06,3.0521012631515617e-06,-5.750681892456242e-07,1.4204199664689418e-06,1.1228053070868498e-06,-2.9761465938209195e-07,4.37520151325722e-06,4.44078113443089e-06,6.557962117367006e-08,0.0005383196770306293,0.0009008423699107166,0.0003625226928800874,0.973304808607667,0.987893613361367,0.014588804753700058,0.025937694582528564,0.01097450673098311,-0.014963187851545455,4.703784916076959e-05,3.7182205205799345e-05,-9.855643954970246e-06,4.1101214539951185e-06,4.171727806780024e-06,6.160635278490534e-08
pccv3_n09_dense_r04,9,dense,4,33,1,L33H1,1.5,7,7,False,False,-9.974254608154297,-9.6925687789917,0.28168582916259766,-9.9375,-9.625,0.3125,0.1271595094344904,0.2137415658137199,0.0865820563792295,0.05522467326892366,0.09282678258625927,0.03760210931733561,7.024530997601598,7.052303620043787,0.027772622442189032,0.973304808607667,0.9460541540637721,0.9473671140251384,0.8926814309299823,0.990350255093631,0.9879598660564852,-0.0023903890371457237,0.054902800265570983,0.03866925933508363,0.027451400132785492,0.0025289739465976296,False,1,0.00015423116971350357,0.00013229775364249246,-2.1933416071011108e-05,4.37520151325722e-06,4.526980186506453e-06,1.5177867324923267e-07,3.627169452397186e-06,3.995045992653779e-06,3.678765402565929e-07,1.4204199664689418e-06,1.6653829412061858e-06,2.4496297473724406e-07,4.37520151325722e-06,4.526980186506453e-06,1.5177867324923267e-07,0.0005383196770306293,0.00035962257967233876,-0.0001786970973582905,0.973304808607667,0.9460541540637721,-0.02725065454389486,0.025937694582528564,0.05337272313378984,0.027435028551261273,4.703784916076959e-05,6.249303382348419e-05,1.5455184662714597e-05,4.1101214539951185e-06,3.995045992653779e-06,-1.1507546134133966e-07
pccv3_n09_dense_r05,9,dense,5,33,1,L33H1,1.0,7,7,False,False,-12.386672973632812,-12.386672973632812,0.0,-12.375,-12.375,0.0,0.023246470918493942,0.023246470918493942,0.0,0.010095814043626337,0.010095814043626337,0.0,6.9978667226754006,6.9978667226754006,0.0,0.9970193968364659,0.9970193968364659,0.9955204387991031,0.9955204387991031,0.9913495568837334,0.9913495568837334,0.0,0.0,0.0,0.0,0.0,False,0,0.0002951623381979003,0.0002951623381979003,0.0,3.7155454978445787e-06,3.7155454978445787e-06,0.0,3.4904319761529966e-06,3.4904319761529966e-06,0.0,1.2062610134574504e-06,1.2062610134574504e-06,0.0,4.481803372600069e-06,4.481803372600069e-06,0.0,0.0014989580373628022,0.0014989580373628022,0.0,0.9970193968364659,0.9970193968364659,0.0,0.0011673896932893266,0.0011673896932893266,0.0,4.210264633181995e-06,4.210264633181995e-06,0.0,1.9887881909035924e-06,1.9887881909035924e-06,0.0
pccv3_n09_dense_r05,9,dense,5,33,1,L33H1,0.5,7,7,False,False,-12.386672973632812,-12.261484146118164,0.12518882751464844,-12.375,-12.25,0.125,0.023246470918493942,0.03394851225626756,0.01070204133777362,0.010095814043626337,0.014743651541721914,0.004647837498095577,6.9978667226754006,6.9949109280038755,-0.0029557946715250694,0.9970193968364659,0.9952096857377641,0.9955204387991031,0.9916203991725765,0.9913495568837334,0.9933402480485256,0.0019906911647922243,0.004352463279115534,0.0027902999926668684,0.002176231639557767,0.00024139539661494677,False,1,0.0002951623381979003,0.00037830802070109275,8.314568250319243e-05,3.7155454978445787e-06,3.7088013322380558e-06,-6.744165606522905e-09,3.4904319761529966e-06,3.7088013322380558e-06,2.1836935608505916e-07,1.2062610134574504e-06,1.2040715034530196e-06,-2.189510004430847e-09,4.481803372600069e-06,5.744303874984939e-06,1.2625005023848703e-06,0.0014989580373628022,0.0035892865651876204,0.0020903285278248184,0.9970193968364659,0.9952096857377641,-0.0018097110987017606,0.0011673896932893266,0.0008008780861089213,-0.00036651160718040527,4.210264633181995e-06,4.7621951760390205e-06,5.519305428570252e-07,1.9887881909035924e-06,2.7134170193234884e-06,7.24628828419896e-07
pccv3_n09_dense_r05,9,dense,5,33,1,L33H1,1.5,7,7,False,False,-12.386672973632812,-12.577664375305176,-0.19099140167236328,-12.375,-12.5625,-0.1875,0.023246470918493942,0.0219491187881311,-0.0012973521303628437,0.010095814043626337,0.009532381172324324,-0.0005634328713020123,6.9978667226754006,6.999972260203003,0.0021055375276022303,0.9970193968364659,0.9971480574737464,0.9955204387991031,0.9952231088817647,0.9913495568837334,0.9877673598178944,-0.0035821970658389546,0.0017724390719455743,0.0011065009989338398,0.0008862195359727871,0.00012368652368599948,False,1,0.0002951623381979003,0.00020288808891631526,-9.227424928158506e-05,3.7155454978445787e-06,3.080692905189869e-06,-6.348525926547095e-07,3.4904319761529966e-06,3.080692905189869e-06,-4.097390709631274e-07,1.2062610134574504e-06,1.1333235843820763e-06,-7.293742907537419e-08,4.481803372600069e-06,3.7160249714166218e-06,-7.657784011834468e-07,0.0014989580373628022,0.0007081490123019528,-0.0007908090250608494,0.9970193968364659,0.9971480574737464,0.0001286606372804533,0.0011673896932893266,0.0019249485919816192,0.0007575588986922926,4.210264633181995e-06,3.4908823998898476e-06,-7.193822332921477e-07,1.9887881909035924e-06,1.4552162876782402e-06,-5.335719032253522e-07
pccv3_n09_distractors_r00,9,distractors,0,33,1,L33H1,1.0,9,9,True,True,-0.2338109016418457,-0.2338109016418457,0.0,1.75,1.75,0.0,0.55241159366219,0.55241159366219,0.0,0.23990930686687043,0.23990930686687043,0.0,8.873278464316494,8.873278464316494,0.0,0.8260156428699859,0.8260156428699859,0.6824756472567138,0.6824756472567138,0.9582281860238027,0.9582281860238027,0.0,0.0,0.0,0.0,0.0,False,0,0.0011666235376798042,0.0011666235376798042,0.0,5.750972612028635e-06,5.750972612028635e-06,0.0,3.952581818867794e-06,3.952581818867794e-06,0.0,1.3659757254045875e-06,1.3659757254045875e-06,0.0,3.7131069924834534e-06,3.7131069924834534e-06,0.0,3.1089464210512484e-05,3.1089464210512484e-05,0.0,0.0009671648826911872,0.0009671648826911872,0.0,0.143539995613272,0.143539995613272,0.0,0.8260156428699859,0.8260156428699859,0.0,0.028264700995012052,0.028264700995012052,0.0
pccv3_n09_distractors_r00,9,distractors,0,33,1,L33H1,0.5,9,9,True,True,-0.2338109016418457,-0.2811267077922821,-0.0473158061504364,1.75,1.375,-0.375,0.55241159366219,0.6113732819823797,0.058961688320189776,0.23990930686687043,0.26551604274802826,0.025606735881157833,8.873278464316494,8.813158520131395,-0.06011994418509836,0.8260156428699859,0.7796344408478837,0.6824756472567138,0.5825119839484453,0.9582281860238027,0.9683161856715969,0.010087999647794277,0.10824930163840031,0.0712651537386619,0.054124650819200155,0.0027750598610868397,False,1,0.0011666235376798042,0.0009128580784557094,-0.0002537654592240948,5.750972612028635e-06,5.099183471210491e-06,-6.517891408181435e-07,3.952581818867794e-06,3.504614130351105e-06,-4.479676885166887e-07,1.3659757254045875e-06,1.1377816245574233e-06,-2.2819410084716421e-07,3.7131069924834534e-06,3.504614130351105e-06,-2.084928621323484e-07,3.1089464210512484e-05,3.539534885490807e-05,4.305884644395587e-06,0.0009671648826911872,0.0015050485310803745,0.0005378836483891872,0.143539995613272,0.19712245689943844,0.05358246128616645,0.8260156428699859,0.7796344408478837,-0.046381202022102164,0.028264700995012052,0.020776554100930336,-0.007488146894081716
pccv3_n09_distractors_r00,9,distractors,0,33,1,L33H1,1.5,9,9,True,True,-0.2338109016418457,-0.22786223888397217,0.005948662757873535,1.75,2.0,0.25,0.55241159366219,0.5403930344492033,-0.012018559212986668,0.23990930686687043,0.23468971292024282,-0.005219593946627604,8.873278464316494,8.91430798312616,0.04102951880966543,0.8260156428699859,0.841932005337767,0.6824756472567138,0.727988898929411,0.9582281860238027,0.9457223885332269,-0.012505797490575787,0.05986139509739706,0.03627588372730381,0.02993069754869853,0.0015879055847879985,False,1,0.0011666235376798042,0.0015268384992619276,0.00036021496158212337,5.750972612028635e-06,6.642275072525716e-06,8.913024604970816e-07,3.952581818867794e-06,4.028743481731802e-06,7.616166286400861e-08,1.3659757254045875e-06,1.5776786158836516e-06,2.1170289047906418e-07,3.7131069924834534e-06,4.028743481731802e-06,3.156364892483489e-07,3.1089464210512484e-05,2.7965022593898294e-05,-3.1244416166141907e-06,0.0009671648826911872,0.0006364809805252298,-0.0003306839021659574,0.143539995613272,0.11394310640835602,-0.029596889204915974,0.8260156428699859,0.841932005337767,0.015916362467781164,0.028264700995012052,0.041917326310844195,0.013652625315832143
pccv3_n09_distractors_r01,9,distractors,1,33,1,L33H1,1.0,9,9,True,True,-0.6094542741775513,-0.6094542741775513,0.0,0.625,0.625,0.0,0.8449291724299204,0.8449291724299204,0.0,0.36694807718539557,0.36694807718539557,0.0,9.257100747806561,9.257100747806561,0.0,0.6127141244102595,0.6127141244102595,0.2847518869046617,0.2847518869046617,0.887277539051297,0.887277539051297,0.0,0.0,0.0,0.0,0.0,False,0,0.0015187664695561528,0.0015187664695561528,0.0,6.6071589540067805e-06,6.6071589540067805e-06,0.0,2.587400622737049e-06,2.587400622737049e-06,0.0,1.6705513993487859e-06,1.6705513993487859e-06,0.0,5.477527161317978e-06,5.477527161317978e-06,0.0,3.3553921813702866e-05,3.3553921813702866e-05,0.0,0.0007636837404562753,0.0007636837404562753,0.0,0.0569912913141792,0.0569912913141792,0.0,0.6127141244102595,0.6127141244102595,0.0,0.32796223750559783,0.32796223750559783,0.0
pccv3_n09_distractors_r01,9,distractors,1,33,1,L33H1,0.5,9,9,True,True,-0.6094542741775513,-0.5266193151473999,0.08283495903015137,0.625,0.875,0.25,0.8449291724299204,0.8498465683262831,0.004917395896362753,0.36694807718539557,0.3690836750885196,0.002135597903124009,9.257100747806561,9.179327443286386,-0.07777330452017495,0.6127141244102595,0.649237479345286,0.2847518869046617,0.37859503245442616,0.887277539051297,0.9096798126108752,0.022402273559578134,0.11483817225863459,0.07100637292978429,0.057419086129317294,0.0024430116122145414,False,1,0.0015187664695561528,0.0014202012196592574,-9.856524989689539e-05,6.6071589540067805e-06,6.178366057623898e-06,-4.287928963828823e-07,2.587400622737049e-06,2.4194829118344704e-06,-1.679177109025786e-07,1.6705513993487859e-06,1.5621355767433914e-06,-1.0841582260539446e-07,5.477527161317978e-06,5.452388908886887e-06,-2.513825243109089e-08,3.3553921813702866e-05,3.784708053991033e-05,4.293158726207465e-06,0.0007636837404562753,0.0011060538219895939,0.00034237008153331855,0.0569912913141792,0.07754035926821057,0.020549067954031365,0.6127141244102595,0.649237479345286,0.03652335493502645,0.32796223750559783,0.2706424468908598,-0.05731979061473802
pccv3_n09_distractors_r01,9,distractors,1,33,1,L33H1,1.5,9,9,True,True,-0.6094542741775513,-0.7792733907699585,-0.16981911659240723,0.625,0.25,-0.375,0.8449291724299204,0.8392022170181186,-0.005726955411801793,0.36694807718539557,0.3644608920519441,-0.002487185133451475,9.257100747806561,9.366516438000698,0.10941569019413677,0.6127141244102595,0.5389810862860955,0.2847518869046617,0.11922219422580788,0.887277539051297,0.8511230309995881,-0.036154508051708945,0.18378292836749516,0.11910229038915236,0.09189146418374758,0.004857891659289772,False,1,0.0015187664695561528,0.0016115242655722233,9.27577960160705e-05,6.6071589540067805e-06,7.462837910981815e-06,8.556789569750345e-07,2.587400622737049e-06,3.1109736841052203e-06,5.235730613681713e-07,1.6705513993487859e-06,2.008595574898486e-06,3.3804417554970006e-07,5.477527161317978e-06,5.812064009007605e-06,3.3453684768962657e-07,3.3553921813702866e-05,2.9516096508653404e-05,-4.037825305049462e-06,0.0007636837404562753,0.0005569278837351608,-0.0002067558567211145,0.0569912913141792,0.03904365893662168,-0.017947632377557525,0.6127141244102595,0.5389810862860955,-0.07373303812416399,0.32796223750559783,0.41975889206028766,0.09179665455468983
pccv3_n09_distractors_r02,9,distractors,2,33,1,L33H1,1.0,9,9,True,True,-0.25990790128707886,-0.25990790128707886,0.0,2.125,2.125,0.0,0.5564652426709845,0.5564652426709845,0.0,0.2416697842629625,0.2416697842629625,0.0,8.893833400916279,8.893833400916279,0.0,0.8444442155562867,0.8444442155562867,0.7435897363567378,0.7435897363567378,0.9131717869036038,0.9131717869036038,0.0,0.0,0.0,0.0,0.0,False,0,0.00644741114834354,0.00644741114834354,0.0,1.5981534417819495e-05,1.5981534417819495e-05,0.0,8.036020169709079e-06,8.036020169709079e-06,0.0,1.908722092976923e-06,1.908722092976923e-06,0.0,3.795947145322742e-06,3.795947145322742e-06,0.0,2.052069639015016e-05,2.052069639015016e-05,0.0,0.0005633685076237556,0.0005633685076237556,0.0,0.10085447919954893,0.10085447919954893,0.0,0.8444442155562867,0.8444442155562867,0.0,0.0476402826679813,0.0476402826679813,0.0
pccv3_n09_distractors_r02,9,distractors,2,33,1,L33H1,0.5,9,9,True,True,-0.25990790128707886,-0.28611892461776733,-0.026211023330688477,2.125,1.625,-0.5,0.5564652426709845,0.600357201185132,0.04389195851414751,0.2416697842629625,0.26073181964558323,0.019062035382620718,8.893833400916279,8.822950999557253,-0.07088240135902524,0.8444442155562867,0.8069854735410535,0.7435897363567378,0.6480806120806348,0.9131717869036038,0.9308386344509927,0.017666847547388898,0.11699512291587605,0.07193949639634879,0.058497561457938024,0.004885050721914933,False,1,0.00644741114834354,0.0054374253497515065,-0.0010099857985920334,1.5981534417819495e-05,1.4347288168201148e-05,-1.6342462496183475e-06,8.036020169709079e-06,7.679549960284953e-06,-3.5647020942412605e-07,1.908722092976923e-06,1.8240529968513748e-06,-8.466909612554821e-08,3.795947145322742e-06,3.8615202246367594e-06,6.557307931401727e-08,2.052069639015016e-05,2.518027491435281e-05,4.659578524202652e-06,0.0005633685076237556,0.0010058225530884973,0.0004424540454647417,0.10085447919954893,0.15890486146041868,0.058050382260869754,0.8444442155562867,0.8069854735410535,-0.03745874201523314,0.0476402826679813,0.02761352440942361,-0.02002675825855769
pccv3_n09_distractors_r02,9,distractors,2,33,1,L33H1,1.5,9,9,True,True,-0.25990790128707886,-0.27791205048561096,-0.018004149198532104,2.125,2.375,0.25,0.5564652426709845,0.5535769024158654,-0.0028883402551190818,0.2416697842629625,0.24041539402830525,-0.00125439023465726,8.893833400916279,8.949762266289254,0.05592886537297481,0.8444442155562867,0.8505153124863587,0.7435897363567378,0.7714050651295922,0.9131717869036038,0.8904759566410121,-0.0226958302625917,0.07888074398050304,0.05070376417841666,0.03944037199025152,0.00444417372873255,False,1,0.00644741114834354,0.008338158726300466,0.0018907475779569262,1.5981534417819495e-05,2.0668229092206874e-05,4.686694674387379e-06,8.036020169709079e-06,9.762980127547312e-06,1.7269599578382332e-06,1.908722092976923e-06,2.797140638193015e-06,8.884185452160922e-07,3.795947145322742e-06,4.909134703233554e-06,1.1131875579108114e-06,2.052069639015016e-05,2.0668229092206874e-05,1.475327020567149e-07,0.0005633685076237556,0.0003663531264988989,-0.0001970153811248567,0.10085447919954893,0.06161112259042228,-0.03924335660912665,0.8444442155562867,0.8505153124863587,0.0060710969300720175,0.0476402826679813,0.07911024735676649,0.031469964688785185
pccv3_n09_distractors_r03,9,distractors,3,33,1,L33H1,1.0,9,9,True,True,-0.21366743743419647,-0.21366743743419647,0.0,2.0,2.0,0.0,0.5463143393993671,0.5463143393993671,0.0,0.2372613029857654,0.2372613029857654,0.0,8.928988242700827,8.928988242700827,0.0,0.8383142435499353,0.8383142435499353,0.7248607479578181,0.7248607479578181,0.9633821121273201,0.9633821121273201,0.0,0.0,0.0,0.0,0.0,False,0,0.0004935619098069054,0.0004935619098069054,0.0,8.950714795075414e-07,8.950714795075414e-07,0.0,6.548482834321111e-07,6.548482834321111e-07,0.0,2.1259811096161478e-07,2.1259811096161478e-07,0.0,1.079662293975988e-06,1.079662293975988e-06,0.0,5.836599217634939e-06,5.836599217634939e-06,0.0,0.0004355668566383315,0.0004355668566383315,0.0,0.11345349559211722,0.11345349559211722,0.0,0.8383142435499353,0.8383142435499353,0.0,0.047294453312116735,0.047294453312116735,0.0
pccv3_n09_distractors_r03,9,distractors,3,33,1,L33H1,0.5,9,9,True,True,-0.21366743743419647,-0.2344263792037964,-0.020758941769599915,2.0,1.625,-0.375,0.5463143393993671,0.569778337197114,0.023463997797746883,0.2372613029857654,0.24745158775271692,0.010190284766951524,8.928988242700827,8.863847678048806,-0.06514056465202067,0.8383142435499353,0.8114399952685006,0.7248607479578181,0.6516579864724968,0.9633821121273201,0.9748403410911379,0.011458228963817874,0.09309471277987014,0.057008655754487984,0.04654735638993507,0.0033848647371219776,False,1,0.0004935619098069054,0.0003495217250866778,-0.00014404018472022757,8.950714795075414e-07,6.747356598950215e-07,-2.2033581961251986e-07,6.548482834321111e-07,5.254846602924439e-07,-1.293636231396672e-07,2.1259811096161478e-07,1.5533296888191588e-07,-5.726514207969891e-08,1.079662293975988e-06,9.222543002074541e-07,-1.574079937685338e-07,5.836599217634939e-06,7.254091976647308e-06,1.4174927590123693e-06,0.0004355668566383315,0.0006529925499279225,0.00021742569328959098,0.11345349559211722,0.15978200879600377,0.04632851320388655,0.8383142435499353,0.8114399952685006,-0.0268742482814347,0.047294453312116735,0.02776594976091528,-0.019528503551201455
pccv3_n09_distractors_r03,9,distractors,3,33,1,L33H1,1.5,9,9,True,True,-0.21366743743419647,-0.18580706417560577,0.027860373258590698,2.0,2.375,0.375,0.5463143393993671,0.495009568403325,-0.05130477099604214,0.2372613029857654,0.2149799240468743,-0.022281378938891094,8.928988242700827,8.970302495358617,0.04131425265778965,0.8383142435499353,0.8636943080959195,0.7248607479578181,0.7833582231942201,0.9633821121273201,0.9614904009711012,-0.0018917111562188893,0.06662942166284537,0.042469639013283926,0.033314710831422685,0.0016840519648672605,False,1,0.0004935619098069054,0.0005085045559860913,1.494264617918589e-05,8.950714795075414e-07,9.221698761982303e-07,2.7098396690688906e-08,6.548482834321111e-07,5.95397621683579e-07,-5.94506617485321e-08,2.1259811096161478e-07,1.9943322212150682e-07,-1.3164888840107966e-08,1.079662293975988e-06,9.221698761982303e-07,-1.574924177777576e-07,5.836599217634939e-06,4.132878655152615e-06,-1.7037205624823236e-06,0.0004355668566383315,0.00024020054416425024,-0.00019536631247408124,0.11345349559211722,0.08033608490169937,-0.03311741069041785,0.8383142435499353,0.8636943080959195,0.025380064545984182,0.047294453312116735,0.05521412985297927,0.007919676540862536
pccv3_n09_distractors_r04,9,distractors,4,33,1,L33H1,1.0,9,9,True,True,-0.1267867088317871,-0.1267867088317871,0.0,2.375,2.375,0.0,0.36491419530668406,0.36491419530668406,0.0,0.1584802213898584,0.1584802213898584,0.0,8.92241443930939,8.92241443930939,0.0,0.9021515329549107,0.9021515329549107,0.8182383689264926,0.8182383689264926,0.9764673790022584,0.9764673790022584,0.0,0.0,0.0,0.0,0.0,False,0,0.0007259911187033395,0.0007259911187033395,0.0,5.2071765587116735e-06,5.2071765587116735e-06,0.0,2.78720076336661e-06,2.78720076336661e-06,0.0,9.048716048500457e-07,9.048716048500457e-07,0.0,1.6905227177563052e-06,1.6905227177563052e-06,0.0,8.065032824470059e-06,8.065032824470059e-06,0.0,0.0003221566060673609,0.0003221566060673609,0.0,0.08391316402841806,0.08391316402841806,0.0,0.9021515329549107,0.9021515329549107,0.0,0.012868500487431097,0.012868500487431097,0.0
pccv3_n09_distractors_r04,9,distractors,4,33,1,L33H1,0.5,9,9,True,True,-0.1267867088317871,-0.17325468361377716,-0.04646797478199005,2.375,1.875,-0.5,0.36491419530668406,0.44729406973948305,0.08237987443279898,0.1584802213898584,0.19425734627590577,0.03577712488604737,8.92241443930939,8.870550652552783,-0.05186378675660741,0.9021515329549107,0.8586622426933762,0.8182383689264926,0.7269821229341416,0.9764673790022584,0.9793413421675154,0.0028739631652570097,0.09611405242555177,0.0647526321801121,0.04805702621277588,0.003195988917063684,False,1,0.0007259911187033395,0.000609799933426941,-0.00011619118527639858,5.2071765587116735e-06,4.655879946369226e-06,-5.512966123424471e-07,2.78720076336661e-06,2.492112951106512e-06,-2.9508781226009775e-07,9.048716048500457e-07,7.600515077691528e-07,-1.4482009708089284e-07,1.6905227177563052e-06,1.6090290545737847e-06,-8.149366318252054e-08,8.065032824470059e-06,1.049218742423142e-05,2.427154599761362e-06,0.0003221566060673609,0.000609799933426941,0.00028764332735958006,0.08391316402841806,0.13168011975923463,0.047766955730816574,0.9021515329549107,0.8586622426933762,-0.043489290261534475,0.012868500487431097,0.008418028419650982,-0.004450472067780115
pccv3_n09_distractors_r04,9,distractors,4,33,1,L33H1,1.5,9,9,True,True,-0.1267867088317871,-0.12047882378101349,0.006307885050773621,2.375,2.75,0.375,0.36491419530668406,0.3468476156418411,-0.018066579664842985,0.1584802213898584,0.15063400553455158,-0.007846215855306815,8.92241443930939,8.956727202031036,0.03431276272164574,0.9021515329549107,0.9157364827409727,0.8182383689264926,0.8571954079703893,0.9764673790022584,0.9680687038293172,-0.008398675172941239,0.05093899386457876,0.031007749364401434,0.02546949693228938,0.002089699653082854,False,1,0.0007259911187033395,0.001072217185656394,0.00034622606695305447,5.2071765587116735e-06,6.786829661664626e-06,1.5796531029529525e-06,2.78720076336661e-06,3.412632268194811e-06,6.254315048282012e-07,9.048716048500457e-07,1.336405998003895e-06,4.315343931538494e-07,1.6905227177563052e-06,2.2033609952002547e-06,5.128382774439495e-07,8.065032824470059e-06,8.186479235567433e-06,1.214464110973742e-07,0.0003221566060673609,0.00022474893161268295,-9.740767445467794e-05,0.08391316402841806,0.05854107477058347,-0.025372089257834587,0.9021515329549107,0.9157364827409727,0.013584949786062062,0.012868500487431097,0.024403550663015996,0.011535050175584899
pccv3_n09_distractors_r05,9,distractors,5,33,1,L33H1,1.0,9,9,True,True,-0.1190226823091507,-0.1190226823091507,0.0,2.625,2.625,0.0,0.3438205697200139,0.3438205697200139,0.0,0.1493193761942343,0.1493193761942343,0.0,8.935565612161074,8.935565612161074,0.0,0.9148727015657798,0.9148727015657798,0.8485995453470855,0.8485995453470855,0.9703947254017748,0.9703947254017748,0.0,0.0,0.0,0.0,0.0,False,0,0.0017661197908594784,0.0017661197908594784,0.0,1.1900021544847074e-05,1.1900021544847074e-05,0.0,7.68323137489068e-06,7.68323137489068e-06,0.0,3.4094132553382967e-06,3.4094132553382967e-06,0.0,4.960667015402715e-06,4.960667015402715e-06,0.0,1.5279930122715367e-05,1.5279930122715367e-05,0.0,0.00028831113031393333,0.00028831113031393333,0.0,0.06627315621869433,0.06627315621869433,0.0,0.9148727015657798,0.9148727015657798,0.0,0.016756478031039496,0.016756478031039496,0.0
pccv3_n09_distractors_r05,9,distractors,5,33,1,L33H1,0.5,9,9,True,True,-0.1190226823091507,-0.14724384248256683,-0.028221160173416138,2.625,2.125,-0.5,0.3438205697200139,0.405999620654136,0.06217905093412207,0.1493193761942343,0.17632339490490476,0.027004018710670458,8.935565612161074,8.892445700505471,-0.04311991165560336,0.9148727015657798,0.8828308422414736,0.8485995453470855,0.7773917342751663,0.9703947254017748,0.9776317745108827,0.007237049109107829,0.07886687988349877,0.051080382779271245,0.03943343994174939,0.0028926633855239766,False,1,0.0017661197908594784,0.0013272824889952316,-0.0004388373018642468,1.1900021544847074e-05,1.0133926858521554e-05,-1.7660946863255202e-06,7.68323137489068e-06,6.964939281913741e-06,-7.182920929769391e-07,3.4094132553382967e-06,2.727509412259685e-06,-6.819038430786117e-07,4.960667015402715e-06,4.496902784027347e-06,-4.637642313753678e-07,1.5279930122715367e-05,1.7785595526343303e-05,2.5056654036279364e-06,0.00028831113031393333,0.0005532936590464698,0.00026498252873253646,0.06627315621869433,0.10543910796630726,0.039165951747612934,0.9148727015657798,0.8828308422414736,-0.032041859324306254,0.016756478031039496,0.009807364770314068,-0.006949113260725427
pccv3_n09_distractors_r05,9,distractors,5,33,1,L33H1,1.5,9,9,True,True,-0.1190226823091507,-0.11252221465110779,0.006500467658042908,2.625,3.125,0.5,0.3438205697200139,0.3140509522797136,-0.029769617440300322,0.1493193761942343,0.13639059561154107,-0.012928780582693228,8.935565612161074,8.970379179468008,0.034813567306933635,0.9148727015657798,0.9288735543406417,0.8485995453470855,0.8880616986390384,0.9703947254017748,0.9620012433010743,-0.008393482100700567,0.05112606764971522,0.031175562712354568,0.02556303382485761,0.0022839169277021768,False,1,0.0017661197908594784,0.002031902650035121,0.00026578285917564274,1.1900021544847074e-05,1.3690852363237952e-05,1.7908308183908774e-06,7.68323137489068e-06,8.303921715902983e-06,6.206903410123034e-07,3.4094132553382967e-06,3.922494875172343e-06,5.13081619834046e-07,4.960667015402715e-06,5.361414819445333e-06,4.0074780404261805e-07,1.5279930122715367e-05,1.2861365551076477e-05,-2.4185645716388894e-06,0.00028831113031393333,0.00018899638711881032,-9.931474319512302e-05,0.06627315621869433,0.0408118557016033,-0.02546130051709103,0.9148727015657798,0.9288735543406417,0.01400085277486185,0.016756478031039496,0.028049550871276155,0.01129307284023666
pccv3_n09_grid_r00,9,grid,0,33,1,L33H1,1.0,7,7,False,False,-6.726086616516113,-6.726086616516113,0.0,-6.0,-6.0,0.0,0.7062749334513061,0.7062749334513061,0.0,0.30673130630448864,0.30673130630448864,0.0,7.499201215776499,7.499201215776499,0.0,0.4991244481615261,0.4991244481615261,0.0,0.0,0.9692944023769883,0.9692944023769883,0.0,0.0,0.0,0.0,0.0,False,0,0.00037732645410304123,0.00037732645410304123,0.0,1.2129138992179183e-05,1.2129138992179183e-05,0.0,3.9377549007433384e-06,3.9377549007433384e-06,0.0,7.284114140313509e-07,7.284114140313509e-07,0.0,1.6415004609228126e-06,1.6415004609228126e-06,0.0,0.00010155603740076353,0.00010155603740076353,0.0,0.4991244481615261,0.4991244481615261,0.0,0.4991244481615261,0.4991244481615261,0.0,0.0012372058123077778,0.0012372058123077778,0.0,1.657856736828101e-05,1.657856736828101e-05,0.0
pccv3_n09_grid_r00,9,grid,0,33,1,L33H1,0.5,7,7,False,False,-6.726086616516113,-6.873308181762695,-0.14722156524658203,-6.0,-6.5,-0.5,0.7062749334513061,0.618064441525623,-0.08821049192568309,0.30673130630448864,0.2684219764151931,-0.03830932988929553,7.499201215776499,7.2936528328080845,-0.2055483829684146,0.4991244481615261,0.7046771723768032,0.0,0.4109240230784686,0.9692944023769883,0.9769767235282529,0.007682321151264659,0.4111717215343063,0.29056724978225407,0.20558586076715316,0.022274567872450347,False,1,0.00037732645410304123,0.00034394957605664723,-3.3376878046394e-05,1.2129138992179183e-05,1.0386377226126475e-05,-1.7427617660527075e-06,3.9377549007433384e-06,3.1676660833015446e-06,-7.700888174417938e-07,7.284114140313509e-07,5.504578268295355e-07,-1.7795358720181536e-07,1.6415004609228126e-06,1.4056433037001303e-06,-2.3585715722268227e-07,0.00010155603740076353,0.00013469258927688266,3.3136551876119133e-05,0.4991244481615261,0.7046771723768032,0.20555272421527704,0.4991244481615261,0.29375314929833457,-0.20537129886319155,0.0012372058123077778,0.0010594392793478987,-0.00017776653295987913,1.657856736828101e-05,1.608673574086823e-05,-4.918316274127801e-07
pccv3_n09_grid_r00,9,grid,0,33,1,L33H1,1.5,7,8,False,False,-6.726086616516113,-6.596043586730957,0.13004302978515625,-6.0,-6.125,-0.125,0.7062749334513061,0.6606591043494998,-0.04561582910180628,0.30673130630448864,0.28692060343813236,-0.019810702866356278,7.499201215776499,7.650677052653674,0.15147583687717514,0.4991244481615261,0.6501154705143065,0.0,0.3021337350645233,0.9692944023769883,0.9603686280549937,-0.008925774321994595,0.30235480333055,0.21364092119400807,0.151177401665275,0.011755548892166384,True,1,0.00037732645410304123,0.00035956870553276773,-1.7757748570273503e-05,1.2129138992179183e-05,1.230376450709285e-05,1.7462551491366818e-07,3.9377549007433384e-06,4.8182234102838525e-06,8.80468509540514e-07,7.284114140313509e-07,8.912817115004527e-07,1.6287029746910177e-07,1.6415004609228126e-06,1.8868433980530319e-06,2.4534293713021926e-07,0.00010155603740076353,8.540505345923656e-05,-1.615098394152697e-05,0.4991244481615261,0.3479817354497832,-0.1511427127117429,0.4991244481615261,0.6501154705143065,0.1509910223527804,0.0012372058123077778,0.0014221218175433329,0.00018491600523555508,1.657856736828101e-05,1.5798346348047742e-05,-7.802210202332663e-07
pccv3_n09_grid_r01,9,grid,1,33,1,L33H1,1.0,7,7,False,False,-7.089099407196045,-7.089099407196045,0.0,-6.375,-6.375,0.0,0.7034985899137908,0.7034985899137908,0.0,0.305525555626278,0.305525555626278,0.0,7.499207629886054,7.499207629886054,0.0,0.49934538784540167,0.49934538784540167,0.0,0.0,0.9805495088476164,0.9805495088476164,0.0,0.0,0.0,0.0,0.0,False,0,0.0002761801293226997,0.0002761801293226997,0.0,8.877795709808002e-06,8.877795709808002e-06,0.0,2.244658278904968e-06,2.244658278904968e-06,0.0,6.041415799120061e-07,6.041415799120061e-07,0.0,1.8608870735769203e-06,1.8608870735769203e-06,0.0,0.00015736269422003942,0.00015736269422003942,0.0,0.49934538784540167,0.49934538784540167,0.0,0.49934538784540167,0.49934538784540167,0.0,0.0008506946876761402,0.0008506946876761402,0.0,1.1399315335554864e-05,1.1399315335554864e-05,0.0
pccv3_n09_grid_r01,9,grid,1,33,1,L33H1,0.5,7,7,False,False,-7.089099407196045,-7.239748001098633,-0.1506485939025879,-6.375,-6.875,-0.5,0.7034985899137908,0.6169072902320548,-0.08659129968173596,0.305525555626278,0.26791943199366924,-0.037606123632608734,7.499207629886054,7.293217550411618,-0.20599007947443582,0.49934538784540167,0.7048235357248207,0.0,0.41100937310562463,0.9805495088476164,0.9851708232428678,0.004621314395251375,0.41130860543277953,0.2906275904982469,0.20565430271638976,0.022293701812741512,False,1,0.0002761801293226997,0.0002852034389585065,9.023309635806834e-06,8.877795709808002e-06,8.612397599593831e-06,-2.6539811021417075e-07,2.244658278904968e-06,1.921685655659324e-06,-3.229726232456438e-07,6.041415799120061e-07,5.172146776259548e-07,-8.692690228605132e-08,1.8608870735769203e-06,2.045623732231284e-06,1.8473665865436376e-07,0.00015736269422003942,0.0003231778356651707,0.00016581514144513128,0.49934538784540167,0.7048235357248207,0.20547814787941904,0.49934538784540167,0.2938141626191961,-0.2055312252262056,0.0008506946876761402,0.0007282924951277356,-0.0001224021925484046,1.1399315335554864e-05,1.253096456668743e-05,1.1316492311325656e-06
pccv3_n09_grid_r01,9,grid,1,33,1,L33H1,1.5,7,8,False,False,-7.089099407196045,-7.039095401763916,0.050004005432128906,-6.375,-6.625,-0.25,0.7034985899137908,0.6376873268120117,-0.0658112631017791,0.305525555626278,0.2769440872140922,-0.028581468412185784,7.499207629886054,7.678327103709362,0.17911947382330862,0.49934538784540167,0.6783007940237504,0.0,0.3578941862292584,0.9805495088476164,0.9744023730478943,-0.006147135799722037,0.3580101418539162,0.25306941883120365,0.1790050709269581,0.016673186751024045,True,1,0.0002761801293226997,0.00027447113965188016,-1.7089896708195299e-06,8.877795709808002e-06,8.822860326857333e-06,-5.4935382950669034e-08,2.244658278904968e-06,2.5277918056720906e-06,2.8313352676712275e-07,6.041415799120061e-07,7.242244777889354e-07,1.2008289787692932e-07,1.8608870735769203e-06,1.849371991752954e-06,-1.1515081823966318e-08,0.00015736269422003942,9.485468771295314e-05,-6.250800650708628e-05,0.49934538784540167,0.32040660779449204,-0.17893878005090963,0.49934538784540167,0.6783007940237504,0.17895540617834876,0.0008506946876761402,0.0008999562198607822,4.926153218464194e-05,1.1399315335554864e-05,9.391885929745845e-06,-2.0074294058090193e-06
pccv3_n09_grid_r02,9,grid,2,33,1,L33H1,1.0,7,7,False,False,-7.302073955535889,-7.302073955535889,0.0,-6.75,-6.75,0.0,0.6854601282312142,0.6854601282312142,0.0,0.29769155125551167,0.29769155125551167,0.0,7.406186175508508,7.406186175508508,0.0,0.5919659607294937,0.5919659607294937,0.18511410251091498,0.18511410251091498,0.9726141418371412,0.9726141418371412,0.0,0.0,0.0,0.0,0.0,False,0,0.00030757052589251027,0.00030757052589251027,0.0,1.1203255586686404e-05,1.1203255586686404e-05,0.0,3.6371645686639573e-06,3.6371645686639573e-06,0.0,9.1961921941634e-07,9.1961921941634e-07,0.0,2.3483299441336235e-06,2.3483299441336235e-06,0.0,0.0001546561728718831,0.0001546561728718831,0.0,0.5919659607294937,0.5919659607294937,0.0,0.4068518582185787,0.4068518582185787,0.0,0.0006931208796202329,0.0006931208796202329,0.0,8.725104223860462e-06,8.725104223860462e-06,0.0
pccv3_n09_grid_r02,9,grid,2,33,1,L33H1,0.5,7,7,False,False,-7.302073955535889,-7.425587177276611,-0.12351322174072266,-6.75,-7.125,-0.375,0.6854601282312142,0.5666351696001145,-0.11882495863109965,0.29769155125551167,0.24608652740964293,-0.051605023845868736,7.406186175508508,7.243902431584752,-0.16228374392375589,0.5919659607294937,0.7540283498757119,0.18511410251091498,0.509231185630417,0.9726141418371412,0.9819037481144619,0.009289606277320672,0.32429168895701527,0.22918541873229004,0.16214584447850763,0.01507758609952992,False,1,0.00030757052589251027,0.00030511392931226124,-2.456596580249033e-06,1.1203255586686404e-05,9.807871186438827e-06,-1.3953844002475771e-06,3.6371645686639573e-06,2.9912317096015353e-06,-6.45932859062422e-07,9.1961921941634e-07,7.56301816413993e-07,-1.6331740300234703e-07,2.3483299441336235e-06,2.188431868545266e-06,-1.598980755883574e-07,0.0001546561728718831,0.00023762296707438232,8.296679420249922e-05,0.5919659607294937,0.7540283498757119,0.16206238914621818,0.4068518582185787,0.24479716424529488,-0.16205469397328384,0.0006931208796202329,0.0006067915037147767,-8.632937590545618e-05,8.725104223860462e-06,9.213642310932536e-06,4.885380870720743e-07
pccv3_n09_grid_r02,9,grid,2,33,1,L33H1,1.5,7,8,False,False,-7.302073955535889,-7.135440826416016,0.16663312911987305,-6.75,-6.625,0.125,0.6854601282312142,0.6724907164603405,-0.012969411770873629,0.29769155125551167,0.2920590072898902,-0.0056325439656214615,7.406186175508508,7.621600246926564,0.21541407141805546,0.5919659607294937,0.6217050189767089,0.18511410251091498,0.2446218636701104,0.9726141418371412,0.9654594550150932,-0.0071546868220480064,0.4299710196263083,0.3038692540406425,0.21498550981315415,0.023322574032885256,True,1,0.00030757052589251027,0.00026779479936268365,-3.977572652982662e-05,1.1203255586686404e-05,1.105321143357859e-05,-1.500441531078144e-07,3.6371645686639573e-06,4.066249245334689e-06,4.2908467667073166e-07,9.1961921941634e-07,1.0944161374046309e-06,1.7479691798829088e-07,2.3483299441336235e-06,2.3168789810667827e-06,-3.145096306684078e-08,0.0001546561728718831,9.254740624794974e-05,-6.210876662393336e-05,0.5919659607294937,0.3770831553065985,-0.21488280542289517,0.4068518582185787,0.6217050189767089,0.2148531607581302,0.0006931208796202329,0.0008248660530495618,0.0001317451734293289,8.725104223860462e-06,8.086702234857812e-06,-6.384019890026504e-07
pccv3_n09_grid_r03,9,grid,3,33,1,L33H1,1.0,7,7,False,False,-8.286691665649414,-8.286691665649414,0.0,-8.125,-8.125,0.0,0.39907944683733776,0.39907944683733776,0.0,0.17331800160245792,0.17331800160245792,0.0,7.131262448149267,7.131262448149267,0.0,0.8663505744950271,0.8663505744950271,0.7334914108672574,0.7334914108672574,0.9819388647095479,0.9819388647095479,0.0,0.0,0.0,0.0,0.0,False,0,0.0003093721515161196,0.0003093721515161196,0.0,1.12688797952293e-05,1.12688797952293e-05,0.0,3.03297785115404e-06,3.03297785115404e-06,0.0,8.689627031263439e-07,8.689627031263439e-07,0.0,2.218973998153297e-06,2.218973998153297e-06,0.0,0.00019974567374420917,0.00019974567374420917,0.0,0.8663505744950271,0.8663505744950271,0.0,0.13285916362776962,0.13285916362776962,0.0,0.00025647852196098185,0.00025647852196098185,0.0,7.275735634282844e-06,7.275735634282844e-06,0.0
pccv3_n09_grid_r03,9,grid,3,33,1,L33H1,0.5,7,7,False,False,-8.286691665649414,-8.46861457824707,-0.18192291259765625,-8.125,-8.375,-0.25,0.39907944683733776,0.2756543240970222,-0.12342512274031558,0.17331800160245792,0.1197151518681073,-0.053602849734350616,7.131262448149267,7.07426617193253,-0.05699627621673642,0.8663505744950271,0.9234196510295086,0.7334914108672574,0.8476207502454703,0.9819388647095479,0.9861536766709946,0.004214811961446685,0.11428540876411097,0.08070168344219725,0.05714270438205549,0.004410609262983636,False,1,0.0003093721515161196,0.0002733735213182265,-3.599863019789314e-05,1.12688797952293e-05,9.957629786122283e-06,-1.3112500091070174e-06,3.03297785115404e-06,2.5176830902964623e-06,-5.152947608575777e-07,8.689627031263439e-07,6.365699749150026e-07,-2.3239272821134137e-07,2.218973998153297e-06,1.841976297595571e-06,-3.7699770055772595e-07,0.00019974567374420917,0.0002733735213182265,7.362784757401731e-05,0.8663505744950271,0.9234196510295086,0.057069076534481566,0.13285916362776962,0.07579890078403832,-0.057060262843731294,0.00025647852196098185,0.00021290351247362215,-4.35750094873597e-05,7.275735634282844e-06,6.843772194171487e-06,-4.3196344011135666e-07
pccv3_n09_grid_r03,9,grid,3,33,1,L33H1,1.5,7,7,False,False,-8.286691665649414,-8.028096199035645,0.25859546661376953,-8.125,-7.6875,0.4375,0.39907944683733776,0.5892515302862587,0.1901720834489209,0.17331800160245792,0.25590868805636896,0.08259068645391104,7.131262448149267,7.267414993867071,0.13615254571780433,0.8663505744950271,0.7304693008481377,0.7334914108672574,0.4617446626592306,0.9819388647095479,0.9738209204366512,-0.008117944272896693,0.27189236640192893,0.19215399206321784,0.13594618320096447,0.014620386213008155,False,1,0.0003093721515161196,0.0002955808739293327,-1.3791277586786921e-05,1.12688797952293e-05,1.146091423681797e-05,1.9203444158866918e-07,3.03297785115404e-06,3.720814085165391e-06,6.87836234011351e-07,8.689627031263439e-07,1.134784181552848e-06,2.658214784265041e-07,2.218973998153297e-06,2.722205737111801e-06,5.03231738958504e-07,0.00019974567374420917,0.00014862739725591612,-5.111827648829304e-05,0.8663505744950271,0.7304693008481377,-0.1358812736468894,0.13285916362776962,0.2687246381889071,0.13586547456113746,0.00025647852196098185,0.00033493701004916397,7.845848808818212e-05,7.275735634282844e-06,7.876963480107807e-06,6.01227845824963e-07
pccv3_n09_grid_r04,9,grid,4,33,1,L33H1,1.0,8,8,False,False,-5.314578056335449,-5.314578056335449,0.0,-5.25,-5.25,0.0,0.22255303829152462,0.22255303829152462,0.0,0.09665355646081224,0.09665355646081224,0.0,7.957341280919517,7.957341280919517,0.0,0.947725850307746,0.947725850307746,0.9005413586044823,0.9005413586044823,0.9891711243700456,0.9891711243700456,0.0,0.0,0.0,0.0,0.0,False,0,4.875562385777145e-05,4.875562385777145e-05,0.0,5.138804947639042e-06,5.138804947639042e-06,0.0,2.142172609206723e-06,2.142172609206723e-06,0.0,7.403150441655325e-07,7.403150441655325e-07,0.0,1.775923469200857e-06,1.775923469200857e-06,0.0,4.3026687038062906e-05,4.3026687038062906e-05,0.0,0.04718449170326374,0.04718449170326374,0.0,0.947725850307746,0.947725850307746,0.0,0.00497320883686972,0.00497320883686972,0.0,1.4869625154378115e-05,1.4869625154378115e-05,0.0
pccv3_n09_grid_r04,9,grid,4,33,1,L33H1,0.5,8,8,False,False,-5.314578056335449,-5.252147197723389,0.06243085861206055,-5.25,-5.125,0.125,0.22255303829152462,0.3725620256591358,0.1500089873676112,0.09665355646081224,0.1618016319104604,0.06514807544964817,7.957341280919517,7.898596451115331,-0.05874482980418616,0.947725850307746,0.8884327157623807,0.9005413586044823,0.7823245594136168,0.9891711243700456,0.9911882745586809,0.0020171501886352416,0.11858671386276025,0.08359289608800931,0.059293356931380124,0.00629654731556281,False,1,4.875562385777145e-05,5.513111160894494e-05,6.375487751173488e-06,5.138804947639042e-06,5.458719267288149e-06,3.199143196491068e-07,2.142172609206723e-06,2.0081505935617496e-06,-1.3402201564497348e-07,7.403150441655325e-07,6.519510450269565e-07,-8.8363999138576e-08,1.775923469200857e-06,1.8864828996885427e-06,1.1055943048768563e-07,4.3026687038062906e-05,9.089583638701027e-05,4.7869149348947365e-05,0.04718449170326374,0.10610815634876394,0.0589236646455002,0.947725850307746,0.8884327157623807,-0.059293134545365334,0.00497320883686972,0.0052828140345239066,0.00030960519765418654,1.4869625154378115e-05,2.028160252985908e-05,5.411977375480965e-06
pccv3_n09_grid_r04,9,grid,4,33,1,L33H1,1.5,8,8,False,False,-5.314578056335449,-5.539466381072998,-0.22488832473754883,-5.25,-5.5,-0.25,0.22255303829152462,0.12594160234945184,-0.09661143594207278,0.09665355646081224,0.05469574294242054,-0.041957813518391694,7.957341280919517,7.98339345728257,0.026052176363053015,0.947725850307746,0.9756770673764587,0.9005413586044823,0.9554275358645071,0.9891711243700456,0.9852669202775246,-0.003904204092521013,0.05590288862938014,0.03882956233609155,0.02795144431469007,0.0028963786243318013,False,1,4.875562385777145e-05,3.909079186392017e-05,-9.664831993851276e-06,5.138804947639042e-06,4.385865295109796e-06,-7.529396525292468e-07,2.142172609206723e-06,2.3475845231523317e-06,2.0541191394560862e-07,7.403150441655325e-07,7.621491077736794e-07,2.1834063608146838e-08,1.775923469200857e-06,1.5157144880382285e-06,-2.6020898116262856e-07,4.3026687038062906e-05,2.523891216383949e-05,-1.7787774874223418e-05,0.04718449170326374,0.02024953151195153,-0.02693496019131221,0.947725850307746,0.9756770673764587,0.02795121706871262,0.00497320883686972,0.003987369172118492,-0.0009858396647512277,1.4869625154378115e-05,1.2690922029613386e-05,-2.178703124764729e-06
pccv3_n09_grid_r05,9,grid,5,33,1,L33H1,1.0,8,8,False,False,-5.534329891204834,-5.534329891204834,0.0,-5.375,-5.375,0.0,0.39307679882529695,0.39307679882529695,0.0,0.17071108469402108,0.17071108469402108,0.0,7.883968367035009,7.883968367035009,0.0,0.8769682573971438,0.8769682573971438,0.7582835098927827,0.7582835098927827,0.9723442216032936,0.9723442216032936,0.0,0.0,0.0,0.0,0.0,False,0,0.00017843530100670362,0.00017843530100670362,0.0,6.499505364060966e-06,6.499505364060966e-06,0.0,3.478934525834112e-06,3.478934525834112e-06,0.0,9.967314296140041e-07,9.967314296140041e-07,0.0,2.3910344012215396e-06,2.3910344012215396e-06,0.0,6.987626787199343e-05,6.987626787199343e-05,0.0,0.11868474750436113,0.11868474750436113,0.0,0.8769682573971438,0.8769682573971438,0.0,0.004061168731894439,0.004061168731894439,0.0,2.414859200115248e-05,2.414859200115248e-05,0.0
pccv3_n09_grid_r05,9,grid,5,33,1,L33H1,0.5,8,8,False,False,-5.534329891204834,-5.653923511505127,-0.11959362030029297,-5.375,-5.375,0.0,0.39307679882529695,0.5553430910846058,0.16226629225930883,0.17071108469402108,0.24118244002113923,0.07047135532711815,7.883968367035009,7.780264346886002,-0.10370402014900648,0.8769682573971438,0.7742545653910398,0.7582835098927827,0.5524269184156052,0.9723442216032936,0.9771950908986469,0.004850869295353277,0.2063798565774334,0.14556369241697945,0.1031899282887167,0.009543258037282135,False,1,0.00017843530100670362,0.00017851203007940156,7.672907269794249e-08,6.499505364060966e-06,6.5023002203296855e-06,2.7948562687196937e-09,3.478934525834112e-06,3.0714691399642743e-06,-4.0746538586983764e-07,9.967314296140041e-07,8.26674704255751e-07,-1.7005672535825312e-07,2.3910344012215396e-06,2.392062571383831e-06,1.028170162291495e-09,6.987626787199343e-05,0.00011525602917041716,4.537976129842373e-05,0.11868474750436113,0.2218276469754346,0.10314289947107348,0.8769682573971438,0.7742545653910398,-0.10271369200610403,0.004061168731894439,0.0035855099713930074,-0.00047565876050143126,2.414859200115248e-05,2.571709624686728e-05,1.5685042457147996e-06
pccv3_n09_grid_r05,9,grid,5,33,1,L33H1,1.5,8,8,False,False,-5.534329891204834,-5.597847938537598,-0.06351804733276367,-5.375,-5.5,-0.125,0.39307679882529695,0.25368442049090206,-0.13939237833439488,0.17071108469402108,0.11017374396402298,-0.0605373407299981,7.883968367035009,7.942840951287476,0.058872584252466886,0.8769682573971438,0.9361116345532742,0.7582835098927827,0.8762680199055684,0.9723442216032936,0.968673843847057,-0.003670377756236576,0.11828675431226085,0.08342826419536227,0.059143377156130425,0.005427303455718232,False,1,0.00017843530100670362,0.0001483374900675837,-3.0097810939119926e-05,6.499505364060966e-06,5.75166866911649e-06,-7.478366949444758e-07,3.478934525834112e-06,3.277202021205542e-06,-2.017325046285699e-07,9.967314296140041e-07,9.389340993552982e-07,-5.779733025870594e-08,2.3910344012215396e-06,1.987723503933373e-06,-4.033108972881666e-07,6.987626787199343e-05,3.992449383134174e-05,-2.9951774040651695e-05,0.11868474750436113,0.05984361464770587,-0.05884113285665526,0.8769682573971438,0.9361116345532742,0.05914337715613038,0.004061168731894439,0.003825674291306233,-0.00023549444058820583,2.414859200115248e-05,1.8858995521040804e-05,-5.289596480111675e-06
pccv3_n09_random_sparse_r00,9,random_sparse,0,33,1,L33H1,1.0,8,8,False,False,-5.852602005004883,-5.852602005004883,0.0,-5.75,-5.75,0.0,0.2910659170855457,0.2910659170855457,0.0,0.1264083216603619,0.1264083216603619,0.0,7.925847754627226,7.925847754627226,0.0,0.9211198731384108,0.9211198731384108,0.8455097496193985,0.8455097496193985,0.9797707046932373,0.9797707046932373,0.0,0.0,0.0,0.0,0.0,False,0,0.00016539647364255026,0.00016539647364255026,0.0,3.4326942970959618e-06,3.4326942970959618e-06,0.0,4.407666725190275e-06,4.407666725190275e-06,0.0,1.186307405500082e-06,1.186307405500082e-06,0.0,2.5114127971514126e-06,2.5114127971514126e-06,0.0,0.00014596187568796526,0.00014596187568796526,0.0,0.07561012351901229,0.07561012351901229,0.0,0.9211198731384108,0.9211198731384108,0.0,0.002931722643508355,0.002931722643508355,0.0,1.5384268513106776e-05,1.5384268513106776e-05,0.0
pccv3_n09_random_sparse_r00,9,random_sparse,0,33,1,L33H1,0.5,8,8,False,False,-5.852602005004883,-5.968577861785889,-0.11597585678100586,-5.75,-5.75,0.0,0.2910659170855457,0.4956334574966075,0.2045675404110618,0.1264083216603619,0.2152508756374065,0.0888425539770446,7.925847754627226,7.818944131833137,-0.10690362279408827,0.9211198731384108,0.8151219984083502,0.8455097496193985,0.6332436963629868,0.9797707046932373,0.9859395321973352,0.006168827504097862,0.21267139700575077,0.15009527365321074,0.10633569850287539,0.012924683255418703,False,1,0.00016539647364255026,0.0002000551487562514,3.4658675113701155e-05,3.4326942970959618e-06,3.4421389719363852e-06,9.444674840423468e-09,4.407666725190275e-06,4.152012150660504e-06,-2.5565457452977137e-07,1.186307405500082e-06,9.861893269191777e-07,-2.0011807858090423e-07,2.5114127971514126e-06,2.6807405267846573e-06,1.693277296332447e-07,0.00014596187568796526,0.00017654804912349233,3.058617343552707e-05,0.07561012351901229,0.18187830204536334,0.10626817852635105,0.9211198731384108,0.8151219984083502,-0.10599787473006062,0.002931722643508355,0.0025943546433466807,-0.0003373680001616743,1.5384268513106776e-05,1.7480624083701213e-05,2.096355570594437e-06
pccv3_n09_random_sparse_r00,9,random_sparse,0,33,1,L33H1,1.5,8,8,False,False,-5.852602005004883,-5.937715530395508,-0.085113525390625,-5.75,-5.875,-0.125,0.2910659170855457,0.1533345640932555,-0.1377313529922902,0.1264083216603619,0.06659235507074135,-0.059815966589620545,7.925847754627226,7.972446732314673,0.04659897768744692,0.9211198731384108,0.9678033446436844,0.8455097496193985,0.9385782159680769,0.9797707046932373,0.9704560939110252,-0.009314610782212185,0.09336694301054717,0.06581005492416417,0.046683471505273584,0.005606790608387178,False,1,0.00016539647364255026,0.00011220013421049332,-5.3196339432056935e-05,3.4326942970959618e-06,2.6386942413724954e-06,-7.940000557234663e-07,4.407666725190275e-06,3.839277466999468e-06,-5.68389258190807e-07,1.186307405500082e-06,1.1709134717354805e-06,-1.5393933764601402e-08,2.5114127971514126e-06,2.0550171414669058e-06,-4.563956556845068e-07,0.00014596187568796526,0.00011943642115691032,-2.6525454531054946e-05,0.07561012351901229,0.029225128675607597,-0.04638499484340469,0.9211198731384108,0.9678033446436844,0.04668347150527363,0.002931722643508355,0.002718360415877555,-0.0002133622276308,1.5384268513106776e-05,1.1825807141523104e-05,-3.5584613715836723e-06
pccv3_n09_random_sparse_r01,9,random_sparse,1,33,1,L33H1,1.0,8,8,False,False,-7.350592613220215,-7.350592613220215,0.0,-7.125,-7.125,0.0,0.48416397003283973,0.48416397003283973,0.0,0.21026974052163366,0.21026974052163366,0.0,7.815981659397203,7.815981659397203,0.0,0.8166800842356907,0.8166800842356907,0.6344541262501479,0.6344541262501479,0.9771794067278279,0.9771794067278279,0.0,0.0,0.0,0.0,0.0,False,0,0.00031044374933325894,0.00031044374933325894,0.0,5.017855862278054e-06,5.017855862278054e-06,0.0,6.052689528314187e-06,6.052689528314187e-06,0.0,1.2687126480248608e-06,1.2687126480248608e-06,0.0,1.9650205895212466e-06,1.9650205895212466e-06,0.0,0.00010728648896489858,0.00010728648896489858,0.0,0.18222595798554284,0.18222595798554284,0.0,0.8166800842356907,0.8166800842356907,0.0,0.0006572094224958101,0.0006572094224958101,0.0,4.713839344339181e-06,4.713839344339181e-06,0.0
pccv3_n09_random_sparse_r01,9,random_sparse,1,33,1,L33H1,0.5,8,8,False,False,-7.350592613220215,-7.526638984680176,-0.17604637145996094,-7.125,-6.875,0.25,0.48416397003283973,0.6999822450550501,0.2158182750222104,0.21026974052163366,0.303998426457658,0.09372868593602435,7.815981659397203,7.529432539999344,-0.28654911939785954,0.8166800842356907,0.5306420818117389,0.6344541262501479,0.0623520882318378,0.9771794067278279,0.9821891001829499,0.005009693455122033,0.5722971185113307,0.4045372500443586,0.28614855925566535,0.04785290118692053,False,1,0.00031044374933325894,0.00035401632482698407,4.3572575493725126e-05,5.017855862278054e-06,4.743821466266572e-06,-2.740343960114816e-07,6.052689528314187e-06,5.049771664936361e-06,-1.002917863377826e-06,1.2687126480248608e-06,9.94358997941291e-07,-2.7435365008356983e-07,1.9650205895212466e-06,1.8577071781401725e-06,-1.0731341138107405e-07,0.00010728648896489858,0.00014757596016653945,4.028947120164088e-05,0.18222595798554284,0.4682899935799011,0.2860640355943582,0.8166800842356907,0.5306420818117389,-0.28603800242395183,0.0006572094224958101,0.0005483112101031361,-0.00010889821239267405,4.713839344339181e-06,5.37545395612517e-06,6.616146117859893e-07
pccv3_n09_random_sparse_r01,9,random_sparse,1,33,1,L33H1,1.5,8,8,False,False,-7.350592613220215,-7.352834701538086,-0.0022420883178710938,-7.125,-7.25,-0.125,0.48416397003283973,0.2556184758540912,-0.22854549417874853,0.21026974052163366,0.11101369353595142,-0.09925604698568224,7.815981659397203,7.931379872242431,0.11539821284522755,0.8166800842356907,0.9315424823763275,0.6344541262501479,0.8640617712859029,0.9771794067278279,0.9685830089265437,-0.008596397801284184,0.22973355906017695,0.16235716897298716,0.11486677953008848,0.01558339035879853,False,1,0.00031044374933325894,0.00022862819338511284,-8.181555594814611e-05,5.017855862278054e-06,5.051054707241536e-06,3.319884496348176e-08,6.052689528314187e-06,5.7235948278666575e-06,-3.2909470044752964e-07,1.2687126480248608e-06,1.199730651359979e-06,-6.89819966648817e-08,1.9650205895212466e-06,1.4471514028279431e-06,-5.178691866933034e-07,0.00010728648896489858,6.97276594239992e-05,-3.755882954089937e-05,0.18222595798554284,0.06748071109042464,-0.1147452468951182,0.8166800842356907,0.9315424823763275,0.11486239814063681,0.0006572094224958101,0.0006615576131024794,4.348190606669276e-06,4.713839344339181e-06,3.4715357468737805e-06,-1.2423035974654003e-06
pccv3_n09_random_sparse_r02,9,random_sparse,2,33,1,L33H1,1.0,8,8,False,False,-7.248205184936523,-7.248205184936523,0.0,-6.9375,-6.9375,0.0,0.5666470101528681,0.5666470101528681,0.0,0.2460916696963665,0.2460916696963665,0.0,7.753882729689145,7.753882729689145,0.0,0.7540189515760426,0.7540189515760426,0.5092248385119243,0.5092248385119243,0.9720310276993587,0.9720310276993587,0.0,0.0,0.0,0.0,0.0,False,0,0.00022322333697708265,0.00022322333697708265,0.0,8.130909455027793e-06,8.130909455027793e-06,0.0,9.807748939957585e-06,9.807748939957585e-06,0.0,2.329544561701337e-06,2.329544561701337e-06,0.0,4.088478031610469e-06,4.088478031610469e-06,0.0,0.0001969939034668728,0.0001969939034668728,0.0,0.24479411306411827,0.24479411306411827,0.0,0.7540189515760426,0.7540189515760426,0.0,0.0007319211440058912,0.0007319211440058912,0.0,1.044029440104236e-05,1.044029440104236e-05,0.0
pccv3_n09_random_sparse_r02,9,random_sparse,2,33,1,L33H1,0.5,8,8,False,False,-7.248205184936523,-7.472823143005371,-0.22461795806884766,-6.9375,-6.875,0.0625,0.5666470101528681,0.6942594949687008,0.12761248481583265,0.2460916696963665,0.3015130676738451,0.05542139797747861,7.753882729689145,7.5610942117078155,-0.19278851798132912,0.7540189515760426,0.5615760988135533,0.5092248385119243,0.12422019330337336,0.9720310276993587,0.9794000318161125,0.007369004116753786,0.3851938531776029,0.2722394523579767,0.19259692658880145,0.02084374740637552,False,1,0.00022322333697708265,0.00022723905559399334,4.015718616910696e-06,8.130909455027793e-06,7.77569288934652e-06,-3.5521656568127395e-07,9.807748939957585e-06,8.27718199495637e-06,-1.5305669450012156e-06,2.329544561701337e-06,1.9660030472442153e-06,-3.635415144571217e-07,4.088478031610469e-06,3.909863925367535e-06,-1.786141062429337e-07,0.0001969939034668728,0.00022723905559399334,3.024515212712053e-05,0.24479411306411827,0.43735590551017994,0.19256179244606167,0.7540189515760426,0.5615760988135533,-0.1924428527624893,0.0007319211440058912,0.0005802752568249967,-0.00015164588718089445,1.044029440104236e-05,1.1313566396706981e-05,8.732719956646218e-07
pccv3_n09_random_sparse_r02,9,random_sparse,2,33,1,L33H1,1.5,8,8,False,False,-7.248205184936523,-7.332987308502197,-0.08478212356567383,-6.9375,-7.1875,-0.25,0.5666470101528681,0.34798746825978893,-0.21865954189307918,0.2460916696963665,0.1511290372367093,-0.09496263245965719,7.753882729689145,7.892770230761673,0.13888750107252879,0.7540189515760426,0.8924266760214421,0.5092248385119243,0.7858415091437991,0.9720310276993587,0.968820101521942,-0.0032109261774166953,0.2768156561645455,0.19559760889360142,0.13840782808227275,0.016884910807867536,False,1,0.00022322333697708265,0.00013284720504300445,-9.03761319340782e-05,8.130909455027793e-06,6.6140728799557025e-06,-1.5168365750720908e-06,9.807748939957585e-06,9.040365758012093e-06,-7.673831819454916e-07,2.329544561701337e-06,2.4331814349452956e-06,1.036368732439586e-07,4.088478031610469e-06,3.540258098053801e-06,-5.482199335566678e-07,0.0001969939034668728,0.000150535604888732,-4.645829857814082e-05,0.24479411306411827,0.10658516687764297,-0.1382089461864753,0.7540189515760426,0.8924266760214421,0.1384077244453995,0.0007319211440058912,0.0006746537751265594,-5.726736887933176e-05,1.044029440104236e-05,8.492637685688211e-06,-1.9476567153541485e-06
pccv3_n09_random_sparse_r03,9,random_sparse,3,33,1,L33H1,1.0,7,7,False,False,-12.02209758758545,-12.02209758758545,0.0,-12.0,-12.0,0.0,0.04713920204476213,0.04713920204476213,0.0,0.020472295329362677,0.020472295329362677,0.0,7.004232265973087,7.004232265973087,0.0,0.9925334885390725,0.9925334885390725,0.9858458504984788,0.9858458504984788,0.985502734102738,0.985502734102738,0.0,0.0,0.0,0.0,0.0,False,0,0.0003329578923465649,0.0003329578923465649,0.0,5.0556985486817785e-06,5.0556985486817785e-06,0.0,3.264204318020023e-06,3.264204318020023e-06,0.0,9.955260705483416e-07,9.955260705483416e-07,0.0,1.9798399984455115e-06,1.9798399984455115e-06,0.0,0.00042752639645977014,0.00042752639645977014,0.0,0.9925334885390725,0.9925334885390725,0.0,0.0066876380405936735,0.0066876380405936735,0.0,6.098336521373713e-06,6.098336521373713e-06,0.0,9.955260705483416e-07,9.955260705483416e-07,0.0
pccv3_n09_random_sparse_r03,9,random_sparse,3,33,1,L33H1,0.5,7,7,False,False,-12.02209758758545,-12.140008926391602,-0.11791133880615234,-12.0,-12.125,-0.125,0.04713920204476213,0.033896213421697206,-0.013242988623064923,0.020472295329362677,0.014720938446458038,-0.005751356882904639,7.004232265973087,7.000489254957045,-0.0037430110160423524,0.9925334885390725,0.9952137382791759,0.9858458504984788,0.9916244370982419,0.985502734102738,0.9898411867128516,0.004338452610113563,0.0061991593240254906,0.004113986083131727,0.0030995796620127453,0.0002676769991567712,False,1,0.0003329578923465649,0.0003783095611894363,4.5351668842871394e-05,5.0556985486817785e-06,4.762214567925412e-06,-2.9348398075636627e-07,3.264204318020023e-06,3.074716818314483e-06,-1.894874997055396e-07,9.955260705483416e-07,9.377356482520101e-07,-5.77904222963315e-08,1.9798399984455115e-06,2.394591865826138e-06,4.1475186738062635e-07,0.00042752639645977014,0.0008008813473227703,0.00037335495086300016,0.9925334885390725,0.9952137382791759,0.002680249740103391,0.0066876380405936735,0.0035893011809340833,-0.00309833685965959,6.098336521373713e-06,5.396296070816986e-06,-7.02040450556727e-07,9.955260705483416e-07,1.2040764064897367e-06,2.085503359413951e-07
pccv3_n09_random_sparse_r03,9,random_sparse,3,33,1,L33H1,1.5,7,7,False,False,-12.02209758758545,-11.66625690460205,0.35584068298339844,-12.0,-11.625,0.375,0.04713920204476213,0.09599236206633464,0.048853160021572514,0.020472295329362677,0.04168895315026817,0.02121665782090549,7.004232265973087,7.015766363138476,0.01153409716538878,0.9925334885390725,0.9813810490028105,0.9858458504984788,0.9634064280970279,0.985502734102738,0.9777878922304808,-0.007714841872257239,0.02258876590522309,0.015867811738873933,0.011294382952611546,0.0013618237241552397,False,1,0.0003329578923465649,0.0003092704362283676,-2.3687456118197294e-05,5.0556985486817785e-06,6.832673913013823e-06,1.7769753643320446e-06,3.264204318020023e-06,4.99889102225692e-06,1.734686704236897e-06,9.955260705483416e-07,1.6229023044312122e-06,6.273762338828707e-07,1.9798399984455115e-06,2.513600260826217e-06,5.337602623807057e-07,0.00042752639645977014,0.0003092704362283676,-0.00011825596023140253,0.9925334885390725,0.9813810490028105,-0.011152439536261993,0.0066876380405936735,0.01797462090578262,0.011286982865188946,6.098336521373713e-06,8.773326968249036e-06,2.674990446875323e-06,9.955260705483416e-07,1.0478244813924424e-06,5.22984108441008e-08
pccv3_n09_random_sparse_r04,9,random_sparse,4,33,1,L33H1,1.0,7,7,False,False,-9.22361946105957,-9.22361946105957,0.0,-9.125,-9.125,0.0,0.27664877101281143,0.27664877101281143,0.0,0.12014703467618028,0.12014703467618028,0.0,7.073762292936312,7.073762292936312,0.0,0.9232928764738484,0.9232928764738484,0.847504381979037,0.847504381979037,0.9813647019793734,0.9813647019793734,0.0,0.0,0.0,0.0,0.0,False,0,0.00027333599037911795,0.00027333599037911795,0.0,9.353043257629067e-06,9.353043257629067e-06,0.0,8.254031704597387e-06,8.254031704597387e-06,0.0,2.6796917585515865e-06,2.6796917585515865e-06,0.0,6.038778596904538e-06,6.038778596904538e-06,0.0,0.00051065885904652,0.00051065885904652,0.0,0.9232928764738484,0.9232928764738484,0.0,0.07578849449481141,0.07578849449481141,0.0,0.00010055469139271265,0.00010055469139271265,0.0,7.753945204175364e-06,7.753945204175364e-06,0.0
pccv3_n09_random_sparse_r04,9,random_sparse,4,33,1,L33H1,0.5,7,7,False,False,-9.22361946105957,-9.484906196594238,-0.26128673553466797,-9.125,-9.4375,-0.3125,0.27664877101281143,0.1543335993245502,-0.12231517168826123,0.12014703467618028,0.06702623055891958,-0.053120804117260695,7.073762292936312,7.030954411167186,-0.04280788176912598,0.9232928764738484,0.9659069888570556,0.847504381979037,0.9328554692342798,0.9813647019793734,0.987362523152342,0.005997821172968543,0.08557883185930197,0.06035265809384657,0.042789415929650985,0.0045584024272005644,False,1,0.00027333599037911795,0.0002523514663963922,-2.098452398272574e-05,9.353043257629067e-06,7.158660079548798e-06,-2.1943831780802685e-06,8.254031704597387e-06,5.57517007569461e-06,-2.678861628902777e-06,2.6796917585515865e-06,1.700330805720388e-06,-9.793609528311984e-07,6.038778596904538e-06,4.621978331558857e-06,-1.416800265345681e-06,0.00051065885904652,0.0006859624054903063,0.0001753035464437863,0.9232928764738484,0.9659069888570556,0.042614112383207225,0.07578849449481141,0.03305151962277581,-0.0427369748720356,0.00010055469139271265,7.696284890986753e-05,-2.3591842482845123e-05,7.753945204175364e-06,7.158660079548798e-06,-5.952851246265662e-07
pccv3_n09_random_sparse_r04,9,random_sparse,4,33,1,L33H1,1.5,7,7,False,False,-9.22361946105957,-8.918784141540527,0.30483531951904297,-9.125,-8.6875,0.4375,0.27664877101281143,0.48332463747012183,0.2066758664573104,0.12014703467618028,0.20990522302116355,0.08975818834498327,7.073762292936312,7.180191565587544,0.1064292726512317,0.9232928764738484,0.8167949384997788,0.847504381979037,0.6345433530638963,0.9813647019793734,0.9714972958258841,-0.009867406153489355,0.21305540905415282,0.15058619841694587,0.10652770452707641,0.01294878530412575,False,1,0.00027333599037911795,0.00029167592763292347,1.833993725380552e-05,9.353043257629067e-06,1.203890331658591e-05,2.6858600589568437e-06,8.254031704597387e-06,1.1309503037549283e-05,3.055471332951896e-06,2.6796917585515865e-06,3.671658065737126e-06,9.919663071855394e-07,6.038778596904538e-06,7.301963970825464e-06,1.2631853739209258e-06,0.00051065885904652,0.0004808923060395921,-2.9766553006927874e-05,0.9232928764738484,0.8167949384997788,-0.10649793797406959,0.07578849449481141,0.18225158543588252,0.1064630909410711,0.00010055469139271265,0.00013777795245350173,3.722326106078908e-05,7.753945204175364e-06,8.807849821791812e-06,1.053904617616448e-06
pccv3_n09_random_sparse_r05,9,random_sparse,5,33,1,L33H1,1.0,7,7,False,False,-11.149514198303223,-11.149514198303223,0.0,-11.125,-11.125,0.0,0.06870728142624274,0.06870728142624274,0.0,0.029839193189991006,0.029839193189991006,0.0,7.008583808587305,7.008583808587305,0.0,0.9880798360291896,0.9880798360291896,0.9771032605512343,0.9771032605512343,0.9875554702674663,0.9875554702674663,0.0,0.0,0.0,0.0,0.0,False,0,0.00029251582833188336,0.00029251582833188336,0.0,5.357614280965734e-06,5.357614280965734e-06,0.0,4.172514197410655e-06,4.172514197410655e-06,0.0,1.272544932412505e-06,1.272544932412505e-06,0.0,3.919714341822256e-06,3.919714341822256e-06,0.0,0.0006192560134380673,0.0006192560134380673,0.0,0.9880798360291896,0.9880798360291896,0.0,0.010976575477955292,0.010976575477955292,0.0,1.4563505543841828e-05,1.4563505543841828e-05,0.0,2.530757788815814e-06,2.530757788815814e-06,0.0
pccv3_n09_random_sparse_r05,9,random_sparse,5,33,1,L33H1,0.5,7,7,False,False,-11.149514198303223,-11.204549789428711,-0.05503559112548828,-11.125,-11.1875,-0.0625,0.06870728142624274,0.05221638337266764,-0.016490898053575107,0.029839193189991006,0.022677287163694264,-0.007161906026296742,7.008583808587305,7.0037420599014695,-0.004841748685835867,0.9880798360291896,0.9918306851159968,0.9771032605512343,0.9851477825276186,0.9875554702674663,0.9911924725952304,0.003637002327764094,0.008590383987044582,0.0057269822662314885,0.004295191993522291,0.000307353251131228,False,1,0.00029251582833188336,0.0002936262474372712,1.11041910538784e-06,5.357614280965734e-06,5.052118657134459e-06,-3.054956238312745e-07,4.172514197410655e-06,3.934593966345971e-06,-2.3792023106468377e-07,1.272544932412505e-06,1.1272800450552822e-06,-1.4526488735722292e-07,3.919714341822256e-06,4.7460262613957866e-06,8.263119195735308e-07,0.0006192560134380673,0.0011613143364776692,0.0005420583230396019,0.9880798360291896,0.9918306851159968,0.0037508490868072286,0.010976575477955292,0.0066829025883782135,-0.004293672889577079,1.4563505543841828e-05,1.3733082340907515e-05,-8.304232029343127e-07,2.530757788815814e-06,2.87861043933787e-06,3.478526505220561e-07
pccv3_n09_random_sparse_r05,9,random_sparse,5,33,1,L33H1,1.5,7,7,False,False,-11.149514198303223,-10.911794662475586,0.23771953582763672,-11.125,-10.875,0.25,0.06870728142624274,0.10652571660951685,0.0378184351832741,0.029839193189991006,0.04626353090430274,0.016424337714311735,7.008583808587305,7.0180750252338635,0.009491216646558165,0.9880798360291896,0.9788772980930819,0.9771032605512343,0.9585613479115638,0.9875554702674663,0.9846732993370324,-0.0028821709304338583,0.01869351305913929,0.013112233415897638,0.009346756529569645,0.0007231300626701447,False,1,0.00029251582833188336,0.00028979146547275037,-2.7243628591329958e-06,5.357614280965734e-06,6.815242036228582e-06,1.4576277552628481e-06,4.172514197410655e-06,5.307715834635975e-06,1.1352016372253197e-06,1.272544932412505e-06,1.6187618707788106e-06,3.4621693836630553e-07,3.919714341822256e-06,4.40025097794041e-06,4.805366361181545e-07,0.0006192560134380673,0.0004777853531922853,-0.00014147066024578197,0.9880798360291896,0.9788772980930819,-0.009202537936107702,0.010976575477955292,0.020315950181518123,0.00933937470356283,1.4563505543841828e-05,1.8525748583630376e-05,3.962243039788548e-06,2.530757788815814e-06,2.5071874317358935e-06,-2.357035707992054e-08
pccv3_n09_row_r00,9,row,0,33,1,L33H1,1.0,7,7,False,False,-10.348165512084961,-10.348165512084961,0.0,-10.3125,-10.3125,0.0,0.13572483542935443,0.13572483542935443,0.0,0.058944547084195595,0.058944547084195595,0.0,7.028186106459832,7.028186106459832,0.0,0.9703533650520731,0.9703533650520731,0.9410512324324587,0.9410512324324587,0.9944449660517236,0.9944449660517236,0.0,0.0,0.0,0.0,0.0,False,0,0.00017423684956439854,0.00017423684956439854,0.0,4.318899701132417e-07,4.318899701132417e-07,0.0,2.1716791518186386e-07,2.1716791518186386e-07,0.0,4.2762897979063137e-08,4.2762897979063137e-08,0.0,2.3117404236583776e-07,2.3117404236583776e-07,0.0,0.00013569579488064817,0.00013569579488064817,0.0,0.9703533650520731,0.9703533650520731,0.0,0.029302132619614445,0.029302132619614445,0.0,3.223057634786082e-05,3.223057634786082e-05,0.0,1.416112693640126e-06,1.416112693640126e-06,0.0
pccv3_n09_row_r00,9,row,0,33,1,L33H1,0.5,7,7,False,False,-10.348165512084961,-10.64332103729248,-0.29515552520751953,-10.3125,-10.625,-0.3125,0.13572483542935443,0.07820763554459341,-0.05751719988476102,0.058944547084195595,0.03396514455971753,-0.024979402524478063,7.028186106459832,7.012850870596165,-0.015335235863666696,0.9703533650520731,0.9854930681980104,0.9410512324324587,0.9714357645575367,0.9944449660517236,0.9962992797551866,0.0018543137034630064,0.030522951696569572,0.021485585475794964,0.015261475848284786,0.0014083064987533201,False,1,0.00017423684956439854,0.00016623415583699505,-8.002693727403494e-06,4.318899701132417e-07,3.6363573943205625e-07,-6.825423068118547e-08,2.1716791518186386e-07,1.7176936068895028e-07,-4.5398554492913584e-08,4.2762897979063137e-08,2.893068078160385e-08,-1.3832217197459286e-08,2.3117404236583776e-07,2.2055622493281634e-07,-1.0617817433021422e-08,0.00013569579488064817,0.00025746849722820605,0.00012177270234755788,0.9703533650520731,0.9854930681980104,0.015139703145937267,0.029302132619614445,0.014057303640473777,-0.015244828979140668,3.223057634786082e-05,2.3948300757518715e-05,-8.282275590342108e-06,1.416112693640126e-06,1.192315687108752e-06,-2.2379700653137386e-07
pccv3_n09_row_r00,9,row,0,33,1,L33H1,1.5,7,7,False,False,-10.348165512084961,-10.125222206115723,0.22294330596923828,-10.3125,-10.0625,0.25,0.13572483542935443,0.21137391859673743,0.075649083167383,0.058944547084195595,0.09179852646483021,0.03285397938063461,7.028186106459832,7.052363512653071,0.024177406193238937,0.9703533650520731,0.9463142187261898,0.9410512324324587,0.892926823748125,0.9944449660517236,0.9924871425935748,-0.0019578234581487663,0.048187434528537014,0.03402914969859251,0.024093717264268507,0.0018580365897442482,False,1,0.00017423684956439854,0.00016992037551186127,-4.316474052537273e-06,4.318899701132417e-07,5.080527226648488e-07,7.616275255160712e-08,2.1716791518186386e-07,2.719410260965493e-07,5.4773110914685454e-08,4.2762897979063137e-08,6.459165526411176e-08,2.1828757285048625e-08,2.3117404236583776e-07,2.554649522299987e-07,2.4290909864160962e-08,0.00013569579488064817,8.544133054804404e-05,-5.025446433260413e-05,0.9703533650520731,0.9463142187261898,-0.02403914632588333,0.029302132619614445,0.0533873949780648,0.024085262358450356,3.223057634786082e-05,4.035962677258512e-05,8.129050424724295e-06,1.416112693640126e-06,1.5649125564909471e-06,1.4879986285082118e-07
pccv3_n09_row_r01,9,row,1,33,1,L33H1,1.0,7,7,False,False,-12.071763038635254,-12.071763038635254,0.0,-12.0625,-12.0625,0.0,0.026206839261449424,0.026206839261449424,0.0,0.011381485679372975,0.011381485679372975,0.0,7.001176777846321,7.001176777846321,0.0,0.9964013376106969,0.9964013376106969,0.9936026513181986,0.9936026513181986,0.994357757719408,0.994357757719408,0.0,0.0,0.0,0.0,0.0,False,0,0.00016807417583914093,0.00016807417583914093,0.0,3.6766076684402923e-07,3.6766076684402923e-07,0.0,2.0948679027512825e-07,2.0948679027512825e-07,0.0,2.3503766473956777e-08,2.3503766473956777e-08,0.0,1.967946272713225e-07,1.967946272713225e-07,0.0,0.000624471320650379,0.000624471320650379,0.0,0.9964013376106969,0.9964013376106969,0.0,0.002798686292498381,0.002798686292498381,0.0,5.751182033999486e-06,5.751182033999486e-06,0.0,8.819723301431393e-07,8.819723301431393e-07,0.0
pccv3_n09_row_r01,9,row,1,33,1,L33H1,0.5,7,7,False,False,-12.071763038635254,-11.884366989135742,0.18739604949951172,-12.0625,-11.875,0.1875,0.026206839261449424,0.027662272060779963,0.0014554327993305388,0.011381485679372975,0.01201357211290323,0.0006320864335302556,7.001176777846321,6.999654453697526,-0.001522324148794496,0.9964013376106969,0.9962869588321095,0.9936026513181986,0.9941075899585028,0.994357757719408,0.9943687736491302,1.1015929722191231e-05,0.0014673923949583532,0.0009403087555245188,0.0007336961974791766,8.404732918685508e-05,False,1,0.00016807417583914093,0.0002027128825801441,3.463870674100318e-05,3.6766076684402923e-07,4.720315777356405e-07,1.0437081089161129e-07,2.0948679027512825e-07,2.689554857244075e-07,5.946869544927924e-08,2.3503766473956777e-08,2.6630199339722017e-08,3.1264328657652394e-09,1.967946272713225e-07,2.689554857244075e-07,7.216085845308499e-08,0.000624471320650379,0.0013218540406658367,0.0006973827200154577,0.9964013376106969,0.9962869588321095,-0.00011437877858744283,0.002798686292498381,0.002179368873606677,-0.0006193174188917037,5.751182033999486e-06,6.936453399426237e-06,1.185271365426751e-06,8.819723301431393e-07,1.1323448898023376e-06,2.5037255965919826e-07
pccv3_n09_row_r01,9,row,1,33,1,L33H1,1.5,7,7,False,False,-12.071763038635254,-12.011679649353027,0.06008338928222656,-12.0625,-12.0,0.0625,0.026206839261449424,0.031100269537698313,0.004893430276248889,0.011381485679372975,0.013506675445926172,0.002125189766553197,7.001176777846321,7.002799216571864,0.0016224387255432404,0.9964013376106969,0.9954325570662733,0.9936026513181986,0.9913644517231376,0.994357757719408,0.9929238401070943,-0.0014339176123137065,0.002539572605179853,0.0016231085834560257,0.0012697863025899266,8.158054308366478e-05,False,1,0.00016807417583914093,0.00015773756205608234,-1.033661378305859e-05,3.6766076684402923e-07,3.673032978358879e-07,-3.574690081413251e-10,2.0948679027512825e-07,2.0928311057391573e-07,-2.0367970121251295e-10,2.3503766473956777e-08,2.5788739195926645e-08,2.2849727219698673e-09,1.967946272713225e-07,1.735017926091446e-07,-2.329283466217791e-08,0.000624471320650379,0.00033393042149316917,-0.00029054089915720984,0.9964013376106969,0.9954325570662733,-0.0009687805444236197,0.002798686292498381,0.004068105343135698,0.0012694190506373168,5.751182033999486e-06,6.116149014031685e-06,3.649669800321991e-07,8.819723301431393e-07,7.77581087620465e-07,-1.0439124252267439e-07
pccv3_n09_row_r02,9,row,2,33,1,L33H1,1.0,7,7,False,False,-11.69752025604248,-11.69752025604248,0.0,-11.6875,-11.6875,0.0,0.034456799212978416,0.034456799212978416,0.0,0.014964397762244836,0.014964397762244836,0.0,7.002446667472469,7.002446667472469,0.0,0.9949837566912694,0.9949837566912694,0.9909174854926878,0.9909174854926878,0.9950208998791616,0.9950208998791616,0.0,0.0,0.0,0.0,0.0,False,0,0.00013914014896038388,0.00013914014896038388,0.0,2.859271248277766e-07,2.859271248277766e-07,0.0,2.2268026871722777e-07,2.2268026871722777e-07,0.0,5.289119982211266e-08,5.289119982211266e-08,0.0,3.908160426253413e-07,3.908160426253413e-07,0.0,0.000800696273547261,0.000800696273547261,0.0,0.9949837566912694,0.9949837566912694,0.0,0.00406627119858156,0.00406627119858156,0.0,8.35601543671953e-06,8.35601543671953e-06,0.0,8.273575687303472e-07,8.273575687303472e-07,0.0
pccv3_n09_row_r02,9,row,2,33,1,L33H1,0.5,7,7,False,False,-11.69752025604248,-11.69609546661377,0.0014247894287109375,-11.6875,-11.6875,0.0,0.034456799212978416,0.03147272117943869,-0.0029840780335397277,0.014964397762244836,0.013668429138709824,-0.0012959686235350116,7.002446667472469,6.9998410368576955,-0.002605630614773702,0.9949837566912694,0.9956674607904594,0.9909174854926878,0.9931994479047892,0.9950208998791616,0.9957553993258088,0.0007344994466471633,0.0031965166258228544,0.001955562487210831,0.0015982583129114272,0.0001812068817246153,False,1,0.00013914014896038388,0.00015777478521149151,1.8634636251107638e-05,2.859271248277766e-07,3.242205146602663e-07,3.8293389832489675e-08,2.2268026871722777e-07,2.3720479575057462e-07,1.452452703334685e-08,5.289119982211266e-08,5.634107738004733e-08,3.449877557934665e-09,3.908160426253413e-07,5.345492589177238e-07,1.4373321629238248e-07,0.000800696273547261,0.0016962387962391099,0.0008955425226918489,0.9949837566912694,0.9956674607904594,0.0006837040991900523,0.00406627119858156,0.0024680128856702176,-0.0015982583129113422,8.35601543671953e-06,8.361757281215544e-06,5.741844496013563e-09,8.273575687303472e-07,9.986694920214278e-07,1.7131192329108055e-07
pccv3_n09_row_r02,9,row,2,33,1,L33H1,1.5,7,7,False,False,-11.69752025604248,-11.576362609863281,0.12115764617919922,-11.6875,-11.5625,0.125,0.034456799212978416,0.045419623717288214,0.010962824504309798,0.014964397762244836,0.01972549195054033,0.004761094188295496,7.002446667472469,7.005446402277095,0.0029997348046260086,0.9949837566912694,0.9927333346582353,0.9909174854926878,0.9860443500650827,0.9950208998791616,0.9934523199659964,-0.00156857991316528,0.005247693821192726,0.0034759484584416123,0.002623846910596363,0.00019095034170200724,False,1,0.00013914014896038388,0.00013882544627826036,-3.1470268212351765e-07,2.859271248277766e-07,3.036794307114698e-07,1.7752305883693175e-08,2.2268026871722777e-07,2.3650577844077112e-07,1.3825509723543352e-08,5.289119982211266e-08,6.365466672068688e-08,1.0763466898574219e-08,3.908160426253413e-07,3.6630731545111763e-07,-2.4508727174223653e-08,0.000800696273547261,0.00042761247868486254,-0.0003730837948623984,0.9949837566912694,0.9927333346582353,-0.0022504220330340496,0.00406627119858156,0.0066889845931525655,0.0026227133945710057,8.35601543671953e-06,9.447190179638789e-06,1.0911747429192585e-06,8.273575687303472e-07,8.25486278179776e-07,-1.8712905505711747e-09
pccv3_n09_row_r03,9,row,3,33,1,L33H1,1.0,7,7,False,False,-12.57017993927002,-12.57017993927002,0.0,-12.5625,-12.5625,0.0,0.033464271515632915,0.033464271515632915,0.0,0.014533348460151543,0.014533348460151543,0.0,6.996940924644119,6.996940924644119,0.0,0.995303692686273,0.995303692686273,0.9921358592064959,0.9921358592064959,0.9970313943500493,0.9970313943500493,0.0,0.0,0.0,0.0,0.0,False,0,0.00020251281902114736,0.00020251281902114736,0.0,6.055023640825563e-07,6.055023640825563e-07,0.0,2.3711813274083277e-07,2.3711813274083277e-07,0.0,4.817347061413361e-08,4.817347061413361e-08,0.0,5.343539608105059e-07,5.343539608105059e-07,0.0,0.003167833479777029,0.003167833479777029,0.0,0.995303692686273,0.995303692686273,0.0,0.0013205494623850496,0.0013205494623850496,0.0,3.4844255246772747e-06,3.4844255246772747e-06,0.0,5.019790909515094e-07,5.019790909515094e-07,0.0
pccv3_n09_row_r03,9,row,3,33,1,L33H1,0.5,7,7,False,False,-12.57017993927002,-12.326714515686035,0.24346542358398438,-12.5625,-12.3125,0.25,0.033464271515632915,0.06542091068608132,0.0319566391704484,0.014533348460151543,0.028411940512050593,0.01387859205189905,6.996940924644119,6.989573193655359,-0.0073677309887596465,0.995303692686273,0.9889823528823479,0.9921358592064959,0.979286711058174,0.9970313943500493,0.9968693717452908,-0.00016202260475850494,0.013239952272825137,0.009092246820863044,0.006619976136412568,0.0008867681350460175,False,1,0.00020251281902114736,0.0002927830136900484,9.027019466890105e-05,6.055023640825563e-07,8.223672291082916e-07,2.168648650257352e-07,2.3711813274083277e-07,3.2204363411341527e-07,8.49255013725825e-08,4.817347061413361e-08,6.146310315258718e-08,1.3289632538453568e-08,5.343539608105059e-07,9.318641535169129e-07,3.97510192706407e-07,0.003167833479777029,0.009695641824173951,0.006527808344396922,0.995303692686273,0.9889823528823479,-0.006321339803925019,0.0013205494623850496,0.0010219131298975141,-0.00029863633248753546,3.4844255246772747e-06,4.445675238269289e-06,9.612497135920146e-07,5.019790909515094e-07,7.257365324751436e-07,2.2375744152363425e-07
pccv3_n09_row_r03,9,row,3,33,1,L33H1,1.5,7,7,False,False,-12.57017993927002,-12.632516860961914,-0.06233692169189453,-12.5625,-12.625,-0.0625,0.033464271515632915,0.028258386441577917,-0.005205885074054999,0.014533348460151543,0.012272461299066955,-0.002260887161084588,6.996940924644119,6.999155962363438,0.0022150377193188575,0.995303692686273,0.9961959562558458,0.9921358592064959,0.9942728456515983,0.9970313943500493,0.9963017247491592,-0.0007296696008900483,0.0029896525703650007,0.00182283151410537,0.0014948262851825003,0.0001415285918152328,False,1,0.00020251281902114736,0.00017887715054968378,-2.363566847146358e-05,6.055023640825563e-07,5.348329950751146e-07,-7.066936900744179e-08,2.3711813274083277e-07,2.2295156251771794e-07,-1.416657022311483e-08,4.817347061413361e-08,4.974721784992107e-08,1.5737472357874632e-09,5.343539608105059e-07,4.1652835537692394e-07,-1.1782560543358196e-07,0.003167833479777029,0.001697139151575934,-0.001470694328201095,0.995303692686273,0.9961959562558458,0.0008922635695728376,0.0013205494623850496,0.0019231106042474156,0.000602561141862366,3.4844255246772747e-06,3.276249294913747e-06,-2.0817622976352781e-07,5.019790909515094e-07,4.1652835537692394e-07,-8.545073557458542e-08
pccv3_n09_row_r04,9,row,4,33,1,L33H1,1.0,7,7,False,False,-10.525308609008789,-10.525308609008789,0.0,-10.5,-10.5,0.0,0.0948988027320452,0.0948988027320452,0.0,0.04121402636575247,0.04121402636575247,0.0,7.016767888782574,7.016767888782574,0.0,0.9815078360913891,0.9815078360913891,0.9635308929990763,0.9635308929990763,0.9933787464802961,0.9933787464802961,0.0,0.0,0.0,0.0,0.0,False,0,0.00015553103231853512,0.00015553103231853512,0.0,7.202515712096689e-07,7.202515712096689e-07,0.0,4.103869747607307e-07,4.103869747607307e-07,0.0,7.131456294487047e-08,7.131456294487047e-08,0.0,3.621652340874074e-07,3.621652340874074e-07,0.0,0.00032925919800212526,0.00032925919800212526,0.0,0.9815078360913891,0.9815078360913891,0.0,0.017976943092312778,0.017976943092312778,0.0,2.7027240814910473e-05,2.7027240814910473e-05,0.0,1.83922681939427e-06,1.83922681939427e-06,0.0
pccv3_n09_row_r04,9,row,4,33,1,L33H1,0.5,7,7,False,False,-10.525308609008789,-10.702661514282227,-0.1773529052734375,-10.5,-10.6875,-0.1875,0.0948988027320452,0.06243442005947213,-0.032464382672573074,0.04121402636575247,0.02711492411265844,-0.01409910225309403,7.016767888782574,7.00797609123843,-0.008791797544144053,0.9815078360913891,0.9893943169407071,0.9635308929990763,0.9796946363630179,0.9933787464802961,0.9955110613700136,0.002132314889717435,0.01656397794030387,0.011438950094557575,0.008281988970151935,0.0006713595385972879,False,1,0.00015553103231853512,0.00017765584679702506,2.2124814478489935e-05,7.202515712096689e-07,6.407270279558089e-07,-7.952454325386004e-08,4.103869747607307e-07,3.4295646427435326e-07,-6.743051048637745e-08,7.131456294487047e-08,4.940756315586017e-08,-2.19069997890103e-08,3.621652340874074e-07,3.4295646427435326e-07,-1.920876981305412e-08,0.00032925919800212526,0.0007026425043576579,0.00037338330635553266,0.9815078360913891,0.9893943169407071,0.007886480849317978,0.017976943092312778,0.009699680577689261,-0.008277262514623516,2.7027240814910473e-05,2.2586406292201204e-05,-4.440834522709269e-06,1.83922681939427e-06,1.741676637094846e-06,-9.755018229942408e-08
pccv3_n09_row_r04,9,row,4,33,1,L33H1,1.5,7,7,False,False,-10.525308609008789,-10.480663299560547,0.04464530944824219,-10.5,-10.4375,0.0625,0.0948988027320452,0.14884864221114413,0.05394983947909893,0.04121402636575247,0.06464414395109133,0.02343011758533886,7.016767888782574,7.0321219615889845,0.015354072806410102,0.9815078360913891,0.9665624353251555,0.9635308929990763,0.9334884875575873,0.9933787464802961,0.9908878440327484,-0.0024909024475476826,0.030196798844651478,0.021243882694458968,0.015098399422325739,0.0011704843072094767,False,1,0.00015553103231853512,0.0001351656650937502,-2.0365367224784922e-05,7.202515712096689e-07,7.092843145170431e-07,-1.0967256692625826e-08,4.103869747607307e-07,4.5794837248634643e-07,4.756139772561572e-08,7.131456294487047e-08,9.599119360045071e-08,2.4676630655580245e-08,3.621652340874074e-07,3.796525354145053e-07,1.7487301327097902e-08,0.00032925919800212526,0.00019666488226256564,-0.00013259431573955962,0.9815078360913891,0.9665624353251555,-0.01494540076623363,0.017976943092312778,0.03307394776756822,0.015097004675255439,2.7027240814910473e-05,2.8332262555501702e-05,1.3050217405912289e-06,1.83922681939427e-06,1.8112209483201108e-06,-2.8005871074159218e-08
pccv3_n09_row_r05,9,row,5,33,1,L33H1,1.0,7,7,False,False,-11.759366035461426,-11.759366035461426,0.0,-11.75,-11.75,0.0,0.03395761121761822,0.03395761121761822,0.0,0.014747603170427556,0.014747603170427556,0.0,7.003594532975182,7.003594532975182,0.0,0.9948970932672228,0.9948970932672228,0.9902898056800739,0.9902898056800739,0.9957590998701065,0.9957590998701065,0.0,0.0,0.0,0.0,0.0,False,0,0.00010835301856011454,0.00010835301856011454,0.0,1.96497530916947e-07,1.96497530916947e-07,0.0,1.4376066466826438e-07,1.4376066466826438e-07,0.0,3.414615082571364e-08,3.414615082571364e-08,0.0,2.0917053285213085e-07,2.0917053285213085e-07,0.0,0.000378189195251028,0.000378189195251028,0.0,0.9948970932672228,0.9948970932672228,0.0,0.004607287587148954,0.004607287587148954,0.0,7.849066338422437e-06,7.849066338422437e-06,0.0,6.44290599588296e-07,6.44290599588296e-07,0.0
pccv3_n09_row_r05,9,row,5,33,1,L33H1,0.5,7,7,False,False,-11.759366035461426,-11.8818359375,-0.12246990203857422,-11.75,-11.875,-0.125,0.03395761121761822,0.027719681974322445,-0.006237929243295776,0.014747603170427556,0.012038504921561274,-0.002709098248866282,7.003594532975182,7.001252453295926,-0.002342079679255704,0.9948970932672228,0.996176806433152,0.9902898056800739,0.9933787508025216,0.9957590998701065,0.9969992681700433,0.0012401682999367836,0.0036203156923915593,0.0022786192786388372,0.0018101578461957796,0.00016814007452746422,False,1,0.00010835301856011454,0.00010849239054678323,1.3937198666868816e-07,1.96497530916947e-07,2.094395840802697e-07,1.2942053163322687e-08,1.4376066466826438e-07,1.3522435883709674e-07,-8.536305831167635e-09,3.414615082571364e-08,3.017263284329014e-08,-3.973517982423502e-09,2.0917053285213085e-07,2.5263236174377015e-07,4.34618288916393e-08,0.000378189195251028,0.0009083956642900835,0.0005302064690390555,0.9948970932672228,0.996176806433152,0.0012797131659292305,0.004607287587148954,0.0027980556306304027,-0.0018092319565185516,7.849066338422437e-06,6.935686484858671e-06,-9.133798535637657e-07,6.44290599588296e-07,6.867259582087826e-07,4.243535862048652e-08
pccv3_n09_row_r05,9,row,5,33,1,L33H1,1.5,7,7,False,False,-11.759366035461426,-11.57729721069336,0.1820688247680664,-11.75,-11.5625,0.1875,0.03395761121761822,0.05260236362138542,0.0186447524037672,0.014747603170427556,0.02284491625583604,0.008097313085408484,7.003594532975182,7.007793107521787,0.004198574546605549,0.9948970932672228,0.9910908452989542,0.9902898056800739,0.9825162293868245,0.9957590998701065,0.9941692527730623,-0.001589847097044128,0.007938058059061597,0.005499981528740871,0.003969029029530799,0.0003145889227633183,False,1,0.00010835301856011454,9.525537848460665e-05,-1.3097640075507896e-05,1.96497530916947e-07,2.218090237857368e-07,2.53114928687898e-08,1.4376066466826438e-07,1.7274504141663567e-07,2.8984376748371295e-08,3.414615082571364e-08,4.649369715835915e-08,1.2347546332645508e-08,2.0917053285213085e-07,2.218090237857368e-07,1.263849093360595e-08,0.000378189195251028,0.00022850577406420794,-0.00014968342118682005,0.9948970932672228,0.9910908452989542,-0.0038062479682685613,0.004607287587148954,0.008574615912129737,0.003967328324980783,7.849066338422437e-06,9.431559688747191e-06,1.5824933503247545e-06,6.44290599588296e-07,6.832198923068868e-07,3.8929292718590795e-08
pccv3_n10_dense_r00,10,dense,0,33,1,L33H1,1.0,8,8,False,False,-10.521773338317871,-10.521773338317871,0.0,-10.4375,-10.4375,0.0,0.2893734623011317,0.2893734623011317,0.0,0.12567329788662016,0.12567329788662016,0.0,7.9393647236459675,7.9393647236459675,0.0,0.9257017055956935,0.9257017055956935,0.8586440989561493,0.8586440989561493,0.9929547672348917,0.9929547672348917,0.0,0.0,0.0,0.0,0.0,False,0,7.851638503327328e-05,7.851638503327328e-05,0.0,1.4380777551182464e-06,1.4380777551182464e-06,0.0,2.227338398918897e-06,2.227338398918897e-06,0.0,8.722382495299329e-07,8.722382495299329e-07,0.0,1.5308258018164075e-06,1.5308258018164075e-06,0.0,6.114862214784915e-05,6.114862214784915e-05,0.0,0.06705760663954421,0.06705760663954421,0.0,0.9257017055956935,0.9257017055956935,0.0,0.007067819740782486,0.007067819740782486,0.0,2.7134536593272408e-05,2.7134536593272408e-05,0.0
pccv3_n10_dense_r00,10,dense,0,33,1,L33H1,0.5,8,8,False,False,-10.521773338317871,-10.358939170837402,0.16283416748046875,-10.4375,-10.1875,0.25,0.2893734623011317,0.45434091082141886,0.16496744852028716,0.12567329788662016,0.19731775047263964,0.07164445258601948,7.9393647236459675,7.8577418757773,-0.08162284786866714,0.9257017055956935,0.8469014927008808,0.8586440989561493,0.6997320806001803,0.9929547672348917,0.9947458393566535,0.001791072121761772,0.16032357538518097,0.11237984529727196,0.08016178769259048,0.008589090552221946,False,1,7.851638503327328e-05,9.223499975847246e-05,1.3718614725199177e-05,1.4380777551182464e-06,1.4908399194355505e-06,5.276216431730417e-08,2.227338398918897e-06,2.1691592833488168e-06,-5.817911557008015e-08,8.722382495299329e-07,7.97989104970209e-07,-7.424914455972386e-08,1.5308258018164075e-06,1.9142763487679516e-06,3.834505469515441e-07,6.114862214784915e-05,9.223499975847246e-05,3.1086377610623305e-05,0.06705760663954421,0.14716941210070042,0.0801118054611562,0.9257017055956935,0.8469014927008808,-0.07880021289481276,0.007067819740782486,0.005706377371264902,-0.001361442369517584,2.7134536593272408e-05,3.187556298046756e-05,4.741026387195151e-06
pccv3_n10_dense_r00,10,dense,0,33,1,L33H1,1.5,8,8,False,False,-10.521773338317871,-10.670549392700195,-0.14877605438232422,-10.4375,-10.625,-0.1875,0.2893734623011317,0.17609968777091226,-0.11327377453021945,0.12567329788662016,0.07647912266379274,-0.049194175222827416,7.9393647236459675,7.977885181070898,0.03852045742493093,0.9257017055956935,0.9634375536914873,0.8586440989561493,0.9343442604792049,0.9929547672348917,0.9917327639539621,-0.0012220032809295844,0.07604792970286754,0.05352913114182683,0.03802396485143377,0.004044835768641746,False,1,7.851638503327328e-05,4.656098472501069e-05,-3.1955400308262593e-05,1.4380777551182464e-06,1.0286661394945022e-06,-4.094116156237442e-07,2.227338398918897e-06,1.6959837446335712e-06,-5.313546542853257e-07,8.722382495299329e-07,7.525882246223842e-07,-1.1965002490754866e-07,1.5308258018164075e-06,1.1656314446904196e-06,-3.65194357125988e-07,6.114862214784915e-05,3.8600412108186704e-05,-2.254821003966245e-05,0.06705760663954421,0.02909329321228241,-0.03796431342726181,0.9257017055956935,0.9634375536914873,0.03773584809579378,0.007067819740782486,0.007355936496422459,0.00028811675563997306,2.7134536593272408e-05,2.3412333421158005e-05,-3.7222031721144026e-06
pccv3_n10_dense_r01,10,dense,1,33,1,L33H1,1.0,8,8,False,False,-10.11194133758545,-10.11194133758545,0.0,-10.0625,-10.0625,0.0,0.18230652037801842,0.18230652037801842,0.0,0.07917471581515613,0.07917471581515613,0.0,8.041062391024676,8.041062391024676,0.0,0.9570001866222123,0.9570001866222123,0.9149525329450037,0.9149525329450037,0.9945256009800119,0.9945256009800119,0.0,0.0,0.0,0.0,0.0,False,0,2.0523259761165374e-05,2.0523259761165374e-05,0.0,7.022673306486116e-07,7.022673306486116e-07,0.0,2.6092396718903133e-06,2.6092396718903133e-06,0.0,1.2325175490859235e-06,1.2325175490859235e-06,0.0,1.157843085758166e-06,1.157843085758166e-06,0.0,1.2447986282393377e-05,1.2447986282393377e-05,0.0,0.0008726712112131018,0.0008726712112131018,0.0,0.9570001866222123,0.9570001866222123,0.0,0.042047653677208655,0.042047653677208655,0.0,4.08153756850001e-05,4.08153756850001e-05,0.0
pccv3_n10_dense_r01,10,dense,1,33,1,L33H1,0.5,8,8,False,False,-10.11194133758545,-10.173437118530273,-0.06149578094482422,-10.0625,-10.125,-0.0625,0.18230652037801842,0.18599649926992287,0.0036899788919044496,0.07917471581515613,0.0807772532862497,0.001602537471093568,8.041062391024676,8.040466443844268,-0.0005959471804075633,0.9570001866222123,0.9564621086306075,0.9149525329450037,0.9144380964504002,0.9945256009800119,0.9960847338620624,0.0015591328820505623,0.0011332455250206476,0.0007808163899309514,0.0005666227625103238,3.5044750565663656e-05,False,1,2.0523259761165374e-05,2.183461277140227e-05,1.311353010236895e-06,7.022673306486116e-07,6.194002873497011e-07,-8.286704329891048e-08,2.6092396718903133e-06,2.1619194308008696e-06,-4.473202410894437e-07,1.2325175490859235e-06,9.593459320299052e-07,-2.7317161705601836e-07,1.157843085758166e-06,1.0212184288312235e-06,-1.3662465692694242e-07,1.2447986282393377e-05,1.0979132794228663e-05,-1.4688534881647135e-06,0.0008726712112131018,0.0014379826207132278,0.000565311409500126,0.9570001866222123,0.9564621086306075,-0.0005380779916047684,0.042047653677208655,0.0420240121802073,-2.3641497001354594e-05,4.08153756850001e-05,3.832093882737436e-05,-2.4944368576257375e-06
pccv3_n10_dense_r01,10,dense,1,33,1,L33H1,1.5,8,8,False,False,-10.11194133758545,-10.300246238708496,-0.18830490112304688,-10.0625,-10.25,-0.1875,0.18230652037801842,0.17972716281126586,-0.002579357566752566,0.07917471581515613,0.07805451505706008,-0.001120200758096046,8.041062391024676,8.041444224091396,0.0003818330667204606,0.9570001866222123,0.9573419689603286,0.9149525329450037,0.9152792984152165,0.9945256009800119,0.9933704337558424,-0.0011551672241694178,0.0007135984120395909,0.0004846491207360577,0.00035679920601979545,2.1566967218853095e-05,False,1,2.0523259761165374e-05,1.5989239119520055e-05,-4.534020641645319e-06,7.022673306486116e-07,6.199700806913705e-07,-8.229724995724105e-08,2.6092396718903133e-06,2.3034682938061582e-06,-3.057713780841551e-07,1.2325175490859235e-06,1.1582565969805818e-06,-7.426095210534177e-08,1.157843085758166e-06,9.602284452214429e-07,-1.9761464053672304e-07,1.2447986282393377e-05,1.098923262287134e-05,-1.4587536595220366e-06,0.0008726712112131018,0.0005294908799185102,-0.0003431803312945916,0.9570001866222123,0.9573419689603286,0.0003417823381163254,0.042047653677208655,0.042062670545112125,1.5016867903470954e-05,4.08153756850001e-05,3.3849219481647985e-05,-6.966156203352113e-06
pccv3_n10_dense_r02,10,dense,2,33,1,L33H1,1.0,8,8,False,False,-10.833812713623047,-10.833812713623047,0.0,-10.8125,-10.8125,0.0,0.09132485094496033,0.09132485094496033,0.0,0.03966187882603324,0.03966187882603324,0.0,7.995915833800314,7.995915833800314,0.0,0.9844046638367528,0.9844046638367528,0.9747539000968432,0.9747539000968432,0.9944209812072131,0.9944209812072131,0.0,0.0,0.0,0.0,0.0,False,0,3.269729442663197e-05,3.269729442663197e-05,0.0,1.6279024330629027e-06,1.6279024330629027e-06,0.0,3.237470565456373e-06,3.237470565456373e-06,0.0,1.3495785185658663e-06,1.3495785185658663e-06,0.0,1.6279024330629027e-06,1.6279024330629027e-06,0.0,3.071626550303633e-05,3.071626550303633e-05,0.0,0.009650763739909675,0.009650763739909675,0.0,0.9844046638367528,0.9844046638367528,0.0,0.005853484097898177,0.005853484097898177,0.0,1.9831911559403302e-05,1.9831911559403302e-05,0.0
pccv3_n10_dense_r02,10,dense,2,33,1,L33H1,0.5,8,8,False,False,-10.833812713623047,-10.606729507446289,0.2270832061767578,-10.8125,-10.5625,0.25,0.09132485094496033,0.18480182887238844,0.09347697792742811,0.03966187882603324,0.08025841452490734,0.0405965356988741,7.995915833800314,7.973205520586309,-0.022710313214004962,0.9844046638367528,0.9605388960856484,0.9747539000968432,0.9276710624964326,0.9944209812072131,0.9960391008349916,0.0016181196277784693,0.04773160094019134,0.03330150384155386,0.02386580047009567,0.003431491201320482,False,1,3.269729442663197e-05,4.642089847656482e-05,1.3723604049932853e-05,1.6279024330629027e-06,2.0395919351037632e-06,4.116895020408605e-07,3.237470565456373e-06,3.5795953240025263e-06,3.421247585461532e-07,1.3495785185658663e-06,1.3168595274139574e-06,-3.2718991151908884e-08,1.6279024330629027e-06,2.0395919351037632e-06,4.116895020408605e-07,3.071626550303633e-05,4.096629912076242e-05,1.0250033617726094e-05,0.009650763739909675,0.0328678335892158,0.023217069849306125,0.9844046638367528,0.9605388960856484,-0.023865767751104494,0.005853484097898177,0.006472060172385162,0.0006185760744869843,1.9831911559403302e-05,2.4847316431701105e-05,5.0154048722978026e-06
pccv3_n10_dense_r02,10,dense,2,33,1,L33H1,1.5,8,8,False,False,-10.833812713623047,-10.955659866333008,-0.12184715270996094,-10.8125,-10.9375,-0.125,0.09132485094496033,0.0662528892864537,-0.025071961658506628,0.03966187882603324,0.028773264227253913,-0.010888614598779326,7.995915833800314,8.001062886584482,0.005147052784167272,0.9844046638367528,0.9894542531892144,0.9747539000968432,0.9835707431354656,0.9944209812072131,0.9924704481189792,-0.0019505330882338967,0.01015965560899243,0.007154777760360734,0.005079827804496215,0.0004648454128470652,False,1,3.269729442663197e-05,2.5595301787229983e-05,-7.101992639401986e-06,1.6279024330629027e-06,1.5371173485122786e-06,-9.078508455062408e-08,3.237470565456373e-06,3.254077452336124e-06,1.6606886879751045e-08,1.3495785185658663e-06,1.5371173485122786e-06,1.875388299464124e-07,1.6279024330629027e-06,1.6362529001978327e-06,8.350467134930011e-09,3.071626550303633e-05,2.9003276625978234e-05,-1.7129888770580926e-06,0.009650763739909675,0.004582082237068081,-0.005068681502841594,0.9844046638367528,0.9894542531892144,0.005049589352461581,0.005853484097898177,0.005883510053748841,3.002595585066374e-05,1.9831911559403302e-05,1.759137650578258e-05,-2.240535053620722e-06
pccv3_n10_dense_r03,10,dense,3,33,1,L33H1,1.0,8,8,False,False,-11.129630088806152,-11.129630088806152,0.0,-11.0625,-11.0625,0.0,0.22984417272089613,0.22984417272089613,0.0,0.0998200559103031,0.0998200559103031,0.0,7.949178774577634,7.949178774577634,0.0,0.9436117575127949,0.9436117575127949,0.8903768249635485,0.8903768249635485,0.9909516391546731,0.9909516391546731,0.0,0.0,0.0,0.0,0.0,False,0,6.635174674857755e-05,6.635174674857755e-05,0.0,1.4659010237795287e-06,1.4659010237795287e-06,0.0,2.5727364184271313e-06,2.5727364184271313e-06,0.0,1.00749805741238e-06,1.00749805741238e-06,0.0,1.4659010237795287e-06,1.4659010237795287e-06,0.0,6.233169763610532e-05,6.233169763610532e-05,0.0,0.05323493254924636,0.05323493254924636,0.0,0.9436117575127949,0.9436117575127949,0.0,0.0030033093811724604,0.0030033093811724604,0.0,1.480507587813817e-05,1.480507587813817e-05,0.0
pccv3_n10_dense_r03,10,dense,3,33,1,L33H1,0.5,8,8,False,False,-11.129630088806152,-11.011540412902832,0.11808967590332031,-11.0625,-10.875,0.1875,0.22984417272089613,0.3854718346558242,0.15562766193492805,0.0998200559103031,0.1674082907201471,0.067588234809844,7.949178774577634,7.883172412704509,-0.06600636187312503,0.9436117575127949,0.8781700645997691,0.8903768249635485,0.7593226701772449,0.9909516391546731,0.9933966435692696,0.0024450044145964966,0.13130036705664,0.09266959809303568,0.06565018352832,0.007006257779976863,False,1,6.635174674857755e-05,8.984586125166958e-05,2.3494114503092028e-05,1.4659010237795287e-06,1.645584350332895e-06,1.7968332655336623e-07,2.5727364184271313e-06,2.5487309007537536e-06,-2.400551767337775e-08,1.00749805741238e-06,8.274517755621752e-07,-1.800462818502048e-07,1.4659010237795287e-06,1.5458834346641485e-06,7.998241088461984e-08,6.233169763610532e-05,7.448483512563024e-05,1.2153137489524923e-05,0.05323493254924636,0.11884739442252422,0.06561246187327785,0.9436117575127949,0.8781700645997691,-0.06544169291302582,0.0030033093811724604,0.002795022817677799,-0.00020828656349466132,1.480507587813817e-05,1.6619813190211266e-05,1.8147373120730951e-06
pccv3_n10_dense_r03,10,dense,3,33,1,L33H1,1.5,8,8,False,False,-11.129630088806152,-11.349564552307129,-0.21993446350097656,-11.0625,-11.3125,-0.25,0.22984417272089613,0.1292463442439106,-0.10059782847698553,0.0998200559103031,0.056130974111298484,-0.04368908179900462,7.949178774577634,7.979396168710238,0.03021739413260427,0.9436117575127949,0.9742394497487734,0.8903768249635485,0.9513275339666836,0.9909516391546731,0.9890935221005748,-0.0018581170540983294,0.06125544987457658,0.04310003143997143,0.03062772493728829,0.0032309416379383694,False,1,6.635174674857755e-05,4.7083018473225475e-05,-1.926872827535208e-05,1.4659010237795287e-06,1.3356424259469113e-06,-1.302585978326174e-07,2.5727364184271313e-06,2.495308562850284e-06,-7.742785557684746e-08,1.00749805741238e-06,1.0401993672308454e-06,3.270130981846539e-08,1.4659010237795287e-06,1.2547199421824091e-06,-2.1118108159711955e-07,6.233169763610532e-05,4.7083018473225475e-05,-1.5248679162879846e-05,0.05323493254924636,0.022911915782089808,-0.030323016767156555,0.9436117575127949,0.9742394497487734,0.0306276922359785,0.0030033093811724604,0.0027364381105320847,-0.0002668712706403757,1.480507587813817e-05,1.1904451360037741e-05,-2.9006245181004293e-06
pccv3_n10_dense_r04,10,dense,4,33,1,L33H1,1.0,7,7,False,False,-11.947421073913574,-11.947421073913574,0.0,-11.8125,-11.8125,0.0,0.3698038745131591,0.3698038745131591,0.0,0.16060378208750756,0.16060378208750756,0.0,7.118678033255248,7.118678033255248,0.0,0.8803823582684478,0.8803823582684478,0.7612355624556704,0.7612355624556704,0.9925056715096616,0.9925056715096616,0.0,0.0,0.0,0.0,0.0,False,0,9.588135964111904e-05,9.588135964111904e-05,0.0,2.2549134483684465e-06,2.2549134483684465e-06,0.0,1.9899541337815026e-06,1.9899541337815026e-06,0.0,7.320632146923408e-07,7.320632146923408e-07,0.0,2.4003428711275736e-06,2.4003428711275736e-06,0.0,0.00020298083995309483,0.00020298083995309483,0.0,0.8803823582684478,0.8803823582684478,0.0,0.11914679581277741,0.11914679581277741,0.0,0.00015808163710396176,0.00015808163710396176,0.0,6.524808408657296e-06,6.524808408657296e-06,0.0
pccv3_n10_dense_r04,10,dense,4,33,1,L33H1,0.5,7,7,False,False,-11.947421073913574,-12.123312950134277,-0.17589187622070312,-11.8125,-12.0625,-0.25,0.3698038745131591,0.21315438833776448,-0.15664948617539462,0.16060378208750756,0.09257177464855396,-0.0680320074389536,7.118678033255248,7.052779275867665,-0.06589875738758355,0.8803823582684478,0.9461239572127412,0.7612355624556704,0.8927472960547613,0.9925056715096616,0.9945838738078123,0.0020782022981507,0.1316374262317076,0.09299288211626332,0.0658187131158538,0.007026133074249234,False,1,9.588135964111904e-05,9.093353658258086e-05,-4.947823058538172e-06,2.2549134483684465e-06,1.8872653422853192e-06,-3.676481060831273e-07,1.9899541337815026e-06,1.5645979224872296e-06,-4.253562112942731e-07,7.320632146923408e-07,5.407105735127324e-07,-1.913526411796084e-07,2.4003428711275736e-06,2.138551803137244e-06,-2.617910679903298e-07,0.00020298083995309483,0.00028009501151336975,7.711417156027492e-05,0.8803823582684478,0.9461239572127412,0.06574159894429343,0.11914679581277741,0.053376661157979885,-0.06577013465479753,0.00015808163710396176,0.0001167609722013384,-4.132066490262336e-05,6.524808408657296e-06,5.460983340012729e-06,-1.0638250686445664e-06
pccv3_n10_dense_r04,10,dense,4,33,1,L33H1,1.5,7,7,False,False,-11.947421073913574,-11.82535457611084,0.12206649780273438,-11.8125,-11.5625,0.25,0.3698038745131591,0.535011944175973,0.16520806966281387,0.16060378208750756,0.23235273510795565,0.07174895302044809,7.118678033255248,7.222350310536848,0.10367227728159989,0.8803823582684478,0.7769034220585682,0.7612355624556704,0.5543168649416916,0.9925056715096616,0.9896386754886635,-0.002866996020998158,0.2070281281267186,0.14631363684686685,0.1035140640633593,0.009572003811739446,False,1,9.588135964111904e-05,8.461159599259017e-05,-1.1269763648528869e-05,2.2549134483684465e-06,2.5550488061625523e-06,3.001353577941058e-07,1.9899541337815026e-06,2.5550488061625523e-06,5.650946723810497e-07,7.320632146923408e-07,1.0651028057140834e-06,3.3303959102174256e-07,2.4003428711275736e-06,2.7198352964247293e-06,3.194924252971557e-07,0.00020298083995309483,0.0001791227501219383,-2.385808983115654e-05,0.8803823582684478,0.7769034220585682,-0.10347893620987958,0.11914679581277741,0.2225865571168766,0.1034397613040992,0.00015808163710396176,0.000229998163863576,7.191652675961425e-05,6.524808408657296e-06,7.3932788626728616e-06,8.684704540155659e-07
pccv3_n10_dense_r05,10,dense,5,33,1,L33H1,1.0,8,8,False,False,-8.340851783752441,-8.340851783752441,0.0,-8.25,-8.25,0.0,0.323578847266235,0.323578847266235,0.0,0.14052850782834095,0.14052850782834095,0.0,8.039124378100736,8.039124378100736,0.0,0.9213143397712555,0.9213143397712555,0.8624166845306093,0.8624166845306093,0.9911416252011804,0.9911416252011804,0.0,0.0,0.0,0.0,0.0,False,0,3.691273301532572e-05,3.691273301532572e-05,0.0,1.0575675074110329e-05,1.0575675074110329e-05,0.0,1.0575675074110329e-05,1.0575675074110329e-05,0.0,4.995595177666571e-06,4.995595177666571e-06,0.0,1.2756699182439348e-05,1.2756699182439348e-05,0.0,0.00035021825984744034,0.00035021825984744034,0.0,0.019121269095497242,0.019121269095497242,0.0,0.9213143397712555,0.9213143397712555,0.0,0.058897655240646246,0.058897655240646246,0.0,0.00024070125522997657,0.00024070125522997657,0.0
pccv3_n10_dense_r05,10,dense,5,33,1,L33H1,0.5,8,8,False,False,-8.340851783752441,-8.11843490600586,0.22241687774658203,-8.25,-8.0,0.25,0.323578847266235,0.4102918728723095,0.08671302560607452,0.14052850782834095,0.1781874963581945,0.037658988529853554,8.039124378100736,8.024824309777731,-0.014300068323004567,0.9213143397712555,0.8950605263315455,0.8624166845306093,0.8302225592731391,0.9911416252011804,0.992457307944278,0.0013156827430975682,0.05250762687941993,0.03365701631903418,0.026253813439709964,0.0019513338722670645,False,1,3.691273301532572e-05,4.604626362949709e-05,9.133530614171371e-06,1.0575675074110329e-05,1.239318372850056e-05,1.8175086543902308e-06,1.0575675074110329e-05,1.093694625356355e-05,3.612711794532219e-07,4.995595177666571e-06,5.16624759930957e-06,1.7065242164299965e-07,1.2756699182439348e-05,1.494903309994927e-05,2.1923339175099217e-06,0.00035021825984744034,0.000385540645081062,3.532238523362165e-05,0.019121269095497242,0.039326214934361226,0.020204945838863984,0.9213143397712555,0.8950605263315455,-0.026253813439710005,0.058897655240646246,0.06483796705840639,0.005940311817760141,0.00024070125522997657,0.0003002593562949857,5.955810106500912e-05
pccv3_n10_dense_r05,10,dense,5,33,1,L33H1,1.5,8,8,False,False,-8.340851783752441,-8.46993637084961,-0.12908458709716797,-8.25,-8.375,-0.125,0.323578847266235,0.31466959401701367,-0.008909253249221316,0.14052850782834095,0.13665926830432554,-0.003869239524015411,8.039124378100736,8.054083155936679,0.014958777835943238,0.9213143397712555,0.920898683552575,0.8624166845306093,0.8541890066628645,0.9911416252011804,0.9875470793590466,-0.0035945458421338117,0.01594713662007987,0.010858655281946981,0.007973568310039935,0.000595593686641579,False,1,3.691273301532572e-05,3.689607962531105e-05,-1.665339001466796e-08,1.0575675074110329e-05,9.930445113573703e-06,-6.452299605366255e-07,1.0575675074110329e-05,1.1978403286207368e-05,1.402728212097039e-06,4.995595177666571e-06,6.023119425975957e-06,1.0275242483093862e-06,1.2756699182439348e-05,1.2750943924851222e-05,-5.755257588126124e-09,0.00035021825984744034,0.0005093346683626451,0.0001591164085152048,0.019121269095497242,0.011592403619430027,-0.007528865476067214,0.9213143397712555,0.920898683552575,-0.00041565621868056013,0.058897655240646246,0.06670967688971055,0.007812021649064305,0.00024070125522997657,0.00021232227854593548,-2.837897668404109e-05
pccv3_n10_distractors_r00,10,distractors,0,33,1,L33H1,1.0,9,9,False,False,-2.231840133666992,-2.231840133666992,0.0,-2.0,-2.0,0.0,0.5608860209706463,0.5608860209706463,0.0,0.24358970388422327,0.24358970388422327,0.0,9.040987567036522,9.040987567036522,0.0,0.8362518412158708,0.8362518412158708,0.7230774614277821,0.7230774614277821,0.9483660873895587,0.9483660873895587,0.0,0.0,0.0,0.0,0.0,False,0,0.00301599506295444,0.00301599506295444,0.0,1.3966828037279497e-05,1.3966828037279497e-05,0.0,5.4694884462259246e-06,5.4694884462259246e-06,0.0,1.7756829192552328e-06,1.7756829192552328e-06,0.0,4.259641884920751e-06,4.259641884920751e-06,0.0,1.582648958469364e-05,1.582648958469364e-05,0.0,0.0003383852678881965,0.0003383852678881965,0.0,0.04717810053432523,0.04717810053432523,0.0,0.8362518412158708,0.8362518412158708,0.0,0.11317437978808875,0.11317437978808875,0.0
pccv3_n10_distractors_r00,10,distractors,0,33,1,L33H1,0.5,9,9,False,False,-2.231840133666992,-2.6801748275756836,-0.4483346939086914,-2.0,-2.5,-0.5,0.5608860209706463,0.5028666352830387,-0.05801938568760767,0.24358970388422327,0.21839220483667876,-0.025197499047544508,9.040987567036522,8.992209494748412,-0.04877807228811015,0.8362518412158708,0.8641253074250247,0.7230774614277821,0.7931935827541654,0.9483660873895587,0.9664386955831787,0.01807260819362,0.0867515663526386,0.05291870719874669,0.0433757831763193,0.0031700224441573548,False,1,0.00301599506295444,0.0018902664349892966,-0.0011257286279651433,1.3966828037279497e-05,9.919207896961337e-06,-4.04762014031816e-06,5.4694884462259246e-06,4.134941037538312e-06,-1.3345474086876126e-06,1.7756829192552328e-06,1.2610857660854147e-06,-5.145971531698181e-07,4.259641884920751e-06,3.220295317988925e-06,-1.0393465669318257e-06,1.582648958469364e-05,1.536316972926468e-05,-4.633198554289629e-07,0.0003383852678881965,0.00042177545236236327,8.339018447416676e-05,0.04717810053432523,0.06259702731701663,0.015418926782691404,0.8362518412158708,0.8641253074250247,0.027873466209153874,0.11317437978808875,0.07093172467085927,-0.04224265511722948
pccv3_n10_distractors_r00,10,distractors,0,33,1,L33H1,1.5,9,9,False,False,-2.231840133666992,-1.79669988155365,0.4351402521133423,-2.0,-1.5,0.5,0.5608860209706463,0.6095073294775262,0.048621308506879846,0.24358970388422327,0.2647056698716768,0.02111596598745355,9.040987567036522,9.12312347618402,0.0821359091474978,0.8362518412158708,0.7925281364050039,0.7230774614277821,0.6156912064068187,0.9483660873895587,0.937843125053405,-0.010522962336153796,0.1277751455826025,0.07979422148530382,0.06388757279130125,0.00519347463978366,False,1,0.00301599506295444,0.0032388813520391234,0.00022288628908468354,1.3966828037279497e-05,1.4998996328849468e-05,1.0321682915699713e-06,5.4694884462259246e-06,5.873691356882103e-06,4.042029106561787e-07,1.7756829192552328e-06,2.160810293983319e-06,3.8512737472808613e-07,4.259641884920751e-06,4.574435428259525e-06,3.147935433387741e-07,1.582648958469364e-05,1.4998996328849468e-05,-8.274932558441733e-07,0.0003383852678881965,0.00023462377820448202,-0.00010376148968371449,0.04717810053432523,0.027118821536830616,-0.020059278997494615,0.8362518412158708,0.7925281364050039,-0.04372370481086696,0.11317437978808875,0.17683692999818515,0.0636625502100964
pccv3_n10_distractors_r01,10,distractors,1,33,1,L33H1,1.0,10,10,True,True,-0.7700628042221069,-0.7700628042221069,0.0,0.375,0.375,0.0,0.7910082514650958,0.7910082514650958,0.0,0.34353051875123086,0.34353051875123086,0.0,9.517076285212383,9.517076285212383,0.0,0.5777578323971184,0.5777578323971184,0.18067106845306746,0.18067106845306746,0.8013461370431969,0.8013461370431969,0.0,0.0,0.0,0.0,0.0,False,0,0.004998584667115525,0.004998584667115525,0.0,1.9190398671571153e-05,1.9190398671571153e-05,0.0,5.8527409195248044e-06,5.8527409195248044e-06,0.0,1.9001067803329043e-06,1.9001067803329043e-06,0.0,4.022526085530614e-06,4.022526085530614e-06,0.0,1.5909399288222958e-05,1.5909399288222958e-05,0.0,0.0003401579555135327,0.0003401579555135327,0.0,0.019769785864456314,0.019769785864456314,0.0,0.39708676394405096,0.39708676394405096,0.0,0.5777578323971184,0.5777578323971184,0.0
pccv3_n10_distractors_r01,10,distractors,1,33,1,L33H1,0.5,10,10,True,True,-0.7700628042221069,-0.8289412260055542,-0.058878421783447266,0.375,0.125,-0.25,0.7910082514650958,0.8344623940592999,0.043454142594204104,0.34353051875123086,0.3624024130957308,0.01887189434449993,9.517076285212383,9.442572950740683,-0.0745033344717001,0.5777578323971184,0.5128950219904863,0.18067106845306746,0.060266753732824196,0.8013461370431969,0.8510732074269072,0.04972707038371027,0.12973340762156554,0.08588405786493261,0.06486670381078277,0.0023121911635108038,False,1,0.004998584667115525,0.005028245865184978,2.966119806945347e-05,1.9190398671571153e-05,1.7035961083944927e-05,-2.154437587626226e-06,5.8527409195248044e-06,4.880884569673746e-06,-9.718563498510588e-07,1.9001067803329043e-06,1.5845912184358784e-06,-3.155155618970259e-07,4.022526085530614e-06,3.570931434257817e-06,-4.5159465127279736e-07,1.5909399288222958e-05,1.8134686176199664e-05,2.225286887976706e-06,0.0003401579555135327,0.0004676997207758115,0.0001275417652622788,0.019769785864456314,0.028935557111408227,0.009165771246951913,0.39708676394405096,0.4526282682576621,0.055541504313611156,0.5777578323971184,0.5128950219904863,-0.06486281040663211
pccv3_n10_distractors_r01,10,distractors,1,33,1,L33H1,1.5,10,10,True,True,-0.7700628042221069,-0.668145477771759,0.1019173264503479,0.375,0.875,0.5,0.7910082514650958,0.698700502983258,-0.09230774848183776,0.34353051875123086,0.3034417729486555,-0.040088745802575376,9.517076285212383,9.637105038608514,0.12002875339613084,0.5777578323971184,0.6928835060222993,0.18067106845306746,0.4040466882999177,0.8013461370431969,0.7398912237249533,-0.0614549133182436,0.23084390091877266,0.15818400697772142,0.11542195045938633,0.007295027794375453,False,1,0.004998584667115525,0.0052902308511742786,0.0002916461840587539,1.9190398671571153e-05,2.161996434546049e-05,2.4295656738893387e-06,5.8527409195248044e-06,7.0189747689532975e-06,1.166233849428493e-06,1.9001067803329043e-06,2.4256927727213662e-06,5.255859923884619e-07,4.022526085530614e-06,4.531790716609251e-06,5.092646310786365e-07,1.5909399288222958e-05,1.581750381240805e-05,-9.189547581490808e-08,0.0003401579555135327,0.00024742738946424215,-9.273056604929057e-05,0.019769785864456314,0.012690604088264508,-0.007079181776191806,0.39708676394405096,0.2888368177223816,-0.10824994622166934,0.5777578323971184,0.6928835060222993,0.11512567362518089
pccv3_n10_distractors_r02,10,distractors,2,33,1,L33H1,1.0,9,9,False,False,-3.693876028060913,-3.693876028060913,0.0,-3.0,-3.0,0.0,0.8243310644747075,0.8243310644747075,0.0,0.3580024325627991,0.3580024325627991,0.0,8.556064283437513,8.556064283437513,0.0,0.514791916900857,0.514791916900857,0.06048964476026425,0.06048964476026425,0.9705585948898374,0.9705585948898374,0.0,0.0,0.0,0.0,0.0,False,0,0.000773958344096802,0.000773958344096802,0.0,3.162990855215755e-06,3.162990855215755e-06,0.0,1.4940910866296202e-06,1.4940910866296202e-06,0.0,4.556720363068167e-07,4.556720363068167e-07,0.0,1.9184509300790384e-06,1.9184509300790384e-06,0.0,4.101828952220686e-05,4.101828952220686e-05,0.0,0.004453822758056421,0.004453822758056421,0.0,0.45430227214059277,0.45430227214059277,0.0,0.514791916900857,0.514791916900857,0.0,0.025629980361966703,0.025629980361966703,0.0
pccv3_n10_distractors_r02,10,distractors,2,33,1,L33H1,0.5,9,8,False,False,-3.693876028060913,-4.476231575012207,-0.782355546951294,-3.0,-4.0,-1.0,0.8243310644747075,0.7693836181944108,-0.054947446280296686,0.3580024325627991,0.33413905984859094,-0.023863372714208186,8.556064283437513,8.34556845995875,-0.2104958234787624,0.514791916900857,0.6347583893532197,0.06048964476026425,0.2949967071036019,0.9705585948898374,0.9785132748556862,0.007954679965848754,0.37846040771717177,0.25193687076389,0.18923020385858588,0.019024883555296888,True,1,0.000773958344096802,0.000578824727735633,-0.00019513361636116903,3.162990855215755e-06,2.518087579176455e-06,-6.449032760392998e-07,1.4940910866296202e-06,1.3478351547659152e-06,-1.46255931863705e-07,4.556720363068167e-07,3.8616123721723144e-07,-6.951079908958525e-08,1.9184509300790384e-06,2.3655243651867244e-06,4.4707343510768606e-07,4.101828952220686e-05,9.449053930022634e-05,5.347224977801948e-05,0.004453822758056421,0.013173990080802176,0.008720167322745755,0.45430227214059277,0.6347583893532197,0.18045611721262694,0.514791916900857,0.33976168224961784,-0.17503023465123918,0.025629980361966703,0.011626005440988102,-0.014003974920978601
pccv3_n10_distractors_r02,10,distractors,2,33,1,L33H1,1.5,9,9,False,False,-3.693876028060913,-2.8650519847869873,0.8288240432739258,-3.0,-2.375,0.625,0.8243310644747075,0.833204614123628,0.008873549648920509,0.3580024325627991,0.3618561662102199,0.003853733647420754,8.556064283437513,8.747353356575308,0.19128907313779564,0.514791916900857,0.6371833768488318,0.06048964476026425,0.33619926166287023,0.9705585948898374,0.9614102007501515,-0.009148394139685934,0.3124277550898968,0.19906253181467132,0.1562138775449484,0.014880479371467279,False,1,0.000773958344096802,0.000957966461868332,0.00018400811777152999,3.162990855215755e-06,3.914989975369976e-06,7.519991201542209e-07,1.4940910866296202e-06,1.73726627056482e-06,2.431751839351997e-07,4.556720363068167e-07,5.640077811973072e-07,1.083357448904905e-07,1.9184509300790384e-06,1.73726627056482e-06,-1.8118465951421845e-07,4.101828952220686e-05,1.988195962128806e-05,-2.11363299009188e-05,0.004453822758056421,0.0015794196822996622,-0.0028744030757567587,0.45430227214059277,0.3009841151859615,-0.15331815695463125,0.514791916900857,0.6371833768488318,0.12239145994797473,0.025629980361966703,0.05926728633111978,0.033637305969153077
pccv3_n10_distractors_r03,10,distractors,3,33,1,L33H1,1.0,9,9,False,False,-1.5490175485610962,-1.5490175485610962,0.0,-1.125,-1.125,0.0,0.7159090908974998,0.7159090908974998,0.0,0.31091536772115763,0.31091536772115763,0.0,9.172821730701028,9.172821730701028,0.0,0.7248997685234261,0.7248997685234261,0.4895592700847992,0.4895592700847992,0.9027625711623841,0.9027625711623841,0.0,0.0,0.0,0.0,0.0,False,0,0.003153564482995663,0.003153564482995663,0.0,1.7615666954814764e-05,1.7615666954814764e-05,0.0,7.816904826483219e-06,7.816904826483219e-06,0.0,3.2585707336024755e-06,3.2585707336024755e-06,0.0,6.8983942971700155e-06,6.8983942971700155e-06,0.0,2.5630644182029036e-05,2.5630644182029036e-05,0.0,0.00045431403863273795,0.00045431403863273795,0.0,0.03609063433532456,0.03609063433532456,0.0,0.7248997685234261,0.7248997685234261,0.0,0.23534049843862687,0.23534049843862687,0.0
pccv3_n10_distractors_r03,10,distractors,3,33,1,L33H1,0.5,9,9,False,False,-1.5490175485610962,-1.958890676498413,-0.4098731279373169,-1.125,-1.625,-0.5,0.7159090908974998,0.6790482084634338,-0.036860882434065934,0.31091536772115763,0.2949068898819583,-0.016008477839199342,9.172821730701028,9.066758382077616,-0.10606334862341171,0.7248997685234261,0.7792317778761508,0.4895592700847992,0.6257919431222155,0.9027625711623841,0.9190232108967393,0.01626063973435521,0.16483947547996203,0.10216103564554377,0.08241973773998101,0.006825346469632933,False,1,0.003153564482995663,0.002640078190127039,-0.0005134862928686244,1.7615666954814764e-05,1.4747356010228126e-05,-2.868310944586638e-06,7.816904826483219e-06,6.544099560346777e-06,-1.272805266136442e-06,3.2585707336024755e-06,2.5627062093649645e-06,-6.95864524237511e-07,6.8983942971700155e-06,6.147612611341686e-06,-7.507816858283296e-07,2.5630644182029036e-05,2.7551688248922485e-05,1.921044066893449e-06,0.00045431403863273795,0.0006675163024846471,0.00021320226385190914,0.03609063433532456,0.06396323941466206,0.027872605079337497,0.7248997685234261,0.7792317778761508,0.05433200935272475,0.23534049843862687,0.1534398347539353,-0.08190066368469157
pccv3_n10_distractors_r03,10,distractors,3,33,1,L33H1,1.5,9,9,False,False,-1.5490175485610962,-1.2149237394332886,0.3340938091278076,-1.125,-0.625,0.5,0.7159090908974998,0.7730169671744956,0.05710787627699587,0.31091536772115763,0.3357170032614706,0.02480163554031295,9.172821730701028,9.280955019198238,0.1081332884972106,0.7248997685234261,0.6324987474078438,0.4895592700847992,0.29394656433384936,0.9027625711623841,0.8764753479695173,-0.026287223192866804,0.20814301286582912,0.1390147697772477,0.10407150643291456,0.006823637586518692,False,1,0.003153564482995663,0.0040035370793328395,0.0008499725963371763,1.7615666954814764e-05,2.1008634485603976e-05,3.392967530789211e-06,7.816904826483219e-06,9.923776249760752e-06,2.106871423277533e-06,3.2585707336024755e-06,4.40364901667784e-06,1.1450782830753647e-06,6.8983942971700155e-06,8.757701802356435e-06,1.8593075051864198e-06,2.5630644182029036e-05,2.6975620649418102e-05,1.344976467389066e-06,0.00045431403863273795,0.000349825171329361,-0.00010448886730337692,0.03609063433532456,0.02452463788529558,-0.011565996450028985,0.7248997685234261,0.6324987474078438,-0.09240102111558224,0.23534049843862687,0.3385521830739945,0.10321168463536762
pccv3_n10_distractors_r04,10,distractors,4,33,1,L33H1,1.0,9,9,False,False,-2.473292112350464,-2.473292112350464,0.0,-2.25,-2.25,0.0,0.5832249477398737,0.5832249477398737,0.0,0.25329137651173955,0.25329137651173955,0.0,8.992066307536057,8.992066307536057,0.0,0.8320412493271057,0.8320412493271057,0.7443447468445439,0.7443447468445439,0.9613480342216008,0.9613480342216008,0.0,0.0,0.0,0.0,0.0,False,0,0.0020624240578457596,0.0020624240578457596,0.0,1.226362172916806e-05,1.226362172916806e-05,0.0,5.112238122594239e-06,5.112238122594239e-06,0.0,2.0019812137195397e-06,2.0019812137195397e-06,0.0,5.441949154170209e-06,5.441949154170209e-06,0.0,2.4389124045580102e-05,2.4389124045580102e-05,0.0,0.0007587234098588364,0.0007587234098588364,0.0,0.07739189180836303,0.07739189180836303,0.0,0.8320412493271057,0.8320412493271057,0.0,0.08769650248256176,0.08769650248256176,0.0
pccv3_n10_distractors_r04,10,distractors,4,33,1,L33H1,0.5,9,9,False,False,-2.473292112350464,-2.980531692504883,-0.507239580154419,-2.25,-2.75,-0.5,0.5832249477398737,0.5975465283281498,0.01432158058827615,0.25329137651173955,0.2595111599333606,0.00621978342162105,8.992066307536057,8.911387479513843,-0.08067882802221327,0.8320412493271057,0.8191437882894589,0.7443447468445439,0.6935240197950998,0.9613480342216008,0.9694407516249157,0.008092717403314964,0.09741875489417581,0.061163422702679396,0.048709377447087907,0.005213874057073874,False,1,0.0020624240578457596,0.0015813195142686208,-0.0004811045435771388,1.226362172916806e-05,1.207352348156279e-05,-1.9009824760527046e-07,5.112238122594239e-06,5.032993383160161e-06,-7.924473943407791e-08,2.0019812137195397e-06,1.851534793216527e-06,-1.5044642050301275e-07,5.441949154170209e-06,5.70312866642351e-06,2.611795122533005e-07,2.4389124045580102e-05,3.281923948540572e-05,8.430115439825619e-06,0.0007587234098588364,0.0012315328759984956,0.00047280946613965913,0.07739189180836303,0.12561976849435907,0.04822787668599604,0.8320412493271057,0.8191437882894589,-0.012897461037646774,0.08769650248256176,0.05236611040610518,-0.035330392076456586
pccv3_n10_distractors_r04,10,distractors,4,33,1,L33H1,1.5,9,9,False,False,-2.473292112350464,-2.1260197162628174,0.3472723960876465,-2.25,-1.875,0.375,0.5832249477398737,0.5988141963531683,0.015589248613294693,0.25329137651173955,0.26006170116151134,0.006770324649771786,8.992066307536057,9.05103515101733,0.05896884348127429,0.8320412493271057,0.8188682924005051,0.7443447468445439,0.6932907725690625,0.9613480342216008,0.9501002538120247,-0.01124778040957608,0.07686121679147787,0.047286475134257086,0.03843060839573893,0.0029581685586784184,False,1,0.0020624240578457596,0.0026062782759229907,0.000543854218077231,1.226362172916806e-05,1.5497497120089452e-05,3.233875390921392e-06,5.112238122594239e-06,6.068907071634518e-06,9.566689490402785e-07,2.0019812137195397e-06,2.529896859122747e-06,5.279156454032075e-07,5.441949154170209e-06,6.460317949442357e-06,1.0183687952721473e-06,2.4389124045580102e-05,2.2548725257800452e-05,-1.84039878777965e-06,0.0007587234098588364,0.0005463056047179897,-0.0002124178051408467,0.07739189180836303,0.05234849854315312,-0.025043393265209914,0.8320412493271057,0.8188682924005051,-0.013172956926600587,0.08769650248256176,0.12557751983144264,0.03788101734888087
pccv3_n10_distractors_r05,10,distractors,5,33,1,L33H1,1.0,10,10,True,True,-0.6403511762619019,-0.6403511762619019,0.0,0.5,0.5,0.0,0.7330552961370633,0.7330552961370633,0.0,0.3183618700422807,0.3183618700422807,0.0,9.580580554051577,9.580580554051577,0.0,0.6142632554559869,0.6142632554559869,0.24169375788703729,0.24169375788703729,0.8581130230945746,0.8581130230945746,0.0,0.0,0.0,0.0,0.0,False,0,0.0028446032170122474,0.0028446032170122474,0.0,2.1718813577160663e-05,2.1718813577160663e-05,0.0,1.0259241099068129e-05,1.0259241099068129e-05,0.0,3.5454988522955817e-06,3.5454988522955817e-06,0.0,9.63766510301748e-06,9.63766510301748e-06,0.0,2.9686098434543773e-05,2.9686098434543773e-05,0.0,0.00031915563571294073,0.00031915563571294073,0.0,0.009928640805271996,0.009928640805271996,0.0,0.37256949756894964,0.37256949756894964,0.0,0.6142632554559869,0.6142632554559869,0.0
pccv3_n10_distractors_r05,10,distractors,5,33,1,L33H1,0.5,10,9,True,False,-0.6403511762619019,-0.8354684114456177,-0.19511723518371582,0.5,0.0,-0.5,0.7330552961370633,0.7869549641535684,0.05389966801650503,0.3183618700422807,0.34177019843826606,0.023408328395985334,9.580580554051577,9.451573375813656,-0.12900717823792185,0.6142632554559869,0.4900844538395553,0.24169375788703729,0.0,0.8581130230945746,0.8848909450675819,0.026777921973007324,0.24891495269741798,0.1711053048335295,0.12445747634870899,0.00796296517060556,True,1,0.0028446032170122474,0.0025717271886758265,-0.0002728760283364209,2.1718813577160663e-05,1.9635379390743784e-05,-2.0834341864168787e-06,1.0259241099068129e-05,8.713146787064026e-06,-1.5460943120041022e-06,3.5454988522955817e-06,2.8287446028758138e-06,-7.167542494197679e-07,9.63766510301748e-06,8.185243909979213e-06,-1.4524211930382672e-06,2.9686098434543773e-05,3.0411870525560197e-05,7.257720910164235e-07,0.00031915563571294073,0.00041982292280716297,0.00010066728709422223,0.009928640805271996,0.016769767824190134,0.0068411270189181386,0.37256949756894964,0.4900844538395553,0.11751495627060565,0.6142632554559869,0.4900844538395553,-0.12417880161643163
pccv3_n10_distractors_r05,10,distractors,5,33,1,L33H1,1.5,10,10,True,True,-0.6403511762619019,-0.5680875182151794,0.07226365804672241,0.5,0.75,0.25,0.7330552961370633,0.6839910852300042,-0.04906421090705915,0.3183618700422807,0.2970535539864076,-0.021308316055873133,9.580580554051577,9.64169517617106,0.06111462211948293,0.6142632554559869,0.672509391727004,0.24169375788703729,0.3548384486709624,0.8581130230945746,0.842528055412231,-0.015584967682343631,0.1166574063070861,0.08010995672105765,0.05832870315354305,0.0019259590409559917,False,1,0.0028446032170122474,0.0029256482403784362,8.104502336618883e-05,2.1718813577160663e-05,2.2337599966531215e-05,6.187863893705527e-07,1.0259241099068129e-05,1.0551535092698157e-05,2.9229399363002846e-07,3.5454988522955817e-06,3.881692833402661e-06,3.361939811070793e-07,9.63766510301748e-06,9.912249898815446e-06,2.745847957979659e-07,2.9686098434543773e-05,2.8682046104829326e-05,-1.0040523297144473e-06,0.00031915563571294073,0.0002256017678378605,-9.355386787508022e-05,0.009928640805271996,0.006593050084841917,-0.0033355907204300787,0.37256949756894964,0.31767094305604154,-0.05489855451290809,0.6142632554559869,0.672509391727004,0.058246136271017046
pccv3_n10_grid_r00,10,grid,0,33,1,L33H1,1.0,8,8,False,False,-7.163352012634277,-7.163352012634277,0.0,-6.75,-6.75,0.0,0.6399209883168061,0.6399209883168061,0.0,0.27791415408006415,0.27791415408006415,0.0,8.320390635899935,8.320390635899935,0.0,0.6780992042160533,0.6780992042160533,0.3577878207040909,0.3577878207040909,0.9754170706919467,0.9754170706919467,0.0,0.0,0.0,0.0,0.0,False,0,0.00010094228068528038,0.00010094228068528038,0.0,9.389094677700776e-06,9.389094677700776e-06,0.0,8.285846971144445e-06,8.285846971144445e-06,0.0,2.373934903282361e-06,2.373934903282361e-06,0.0,4.166385507326303e-06,4.166385507326303e-06,0.0,1.2055836205855395e-05,1.2055836205855395e-05,0.0,0.0006582263539423053,0.0006582263539423053,0.0,0.6780992042160533,0.6780992042160533,0.0,0.3203113835119624,0.3203113835119624,0.0,0.0007939725390912896,0.0007939725390912896,0.0
pccv3_n10_grid_r00,10,grid,0,33,1,L33H1,0.5,8,8,False,False,-7.163352012634277,-7.086191654205322,0.07716035842895508,-6.75,-6.75,0.0,0.6399209883168061,0.5986786282405812,-0.04124236007622495,0.27791415408006415,0.26000282467829267,-0.01791132940177148,8.320390635899935,8.268091090088145,-0.05229954581179008,0.6780992042160533,0.7294381477723645,0.3577878207040909,0.46109284960073504,0.9754170706919467,0.9795018631691619,0.00408479247721516,0.10397420291241047,0.0730513972845213,0.051987101456205234,0.0016634399694172566,False,1,0.00010094228068528038,8.45657937960992e-05,-1.6376486889181174e-05,9.389094677700776e-06,7.865844114638463e-06,-1.5232505630623135e-06,8.285846971144445e-06,6.125925555998037e-06,-2.1599214151464085e-06,2.373934903282361e-06,1.8683017369861167e-06,-5.056331662962442e-07,4.166385507326303e-06,3.71556166882997e-06,-4.508238384963332e-07,1.2055836205855395e-05,1.564309892067486e-05,3.587262714819464e-06,0.0006582263539423053,0.0012426852683585633,0.000584458914416258,0.6780992042160533,0.7294381477723645,0.05133894355631119,0.3203113835119624,0.26834529817162944,-0.05196608534033298,0.0007939725390912896,0.0008540842618543228,6.011172276303319e-05
pccv3_n10_grid_r00,10,grid,0,33,1,L33H1,1.5,8,8,False,False,-7.163352012634277,-7.150422096252441,0.012929916381835938,-6.75,-6.6875,0.0625,0.6399209883168061,0.6575380026083751,0.017617014291569033,0.27791415408006415,0.2855651261745033,0.007650972094439157,8.320390635899935,8.348405441218555,0.02801480531861955,0.6780992042160533,0.6504606544096201,0.3577878207040909,0.3022941553349296,0.9754170706919467,0.9676861329464828,-0.007730937745463962,0.05578193068653635,0.03924105275128233,0.027890965343268175,0.00044930817235952296,False,1,0.00010094228068528038,0.00011679684872721313,1.5854568041932747e-05,9.389094677700776e-06,1.086379922577686e-05,1.4747045480760843e-06,8.285846971144445e-06,9.587269167049004e-06,1.3014221959045593e-06,2.373934903282361e-06,2.746798605149339e-06,3.7286370186697824e-07,4.166385507326303e-06,4.254324903901271e-06,8.79393965749683e-08,1.2055836205855395e-05,1.0205594904477708e-05,-1.8502413013776872e-06,0.0006582263539423053,0.00040766105840876434,-0.00025056529553354096,0.6780992042160533,0.6504606544096201,-0.02763854980643321,0.3203113835119624,0.3481664990746905,0.027855115562728072,0.0007939725390912896,0.0008107308217470848,1.6758282655795218e-05
pccv3_n10_grid_r01,10,grid,1,33,1,L33H1,1.0,8,8,False,False,-7.591088771820068,-7.591088771820068,0.0,-6.875,-6.875,0.0,0.6996050120290249,0.6996050120290249,0.0,0.3038345962360636,0.3038345962360636,0.0,8.499893299846292,8.499893299846292,0.0,0.49961670031800565,0.49961670031800565,0.0,0.0,0.9780693855963136,0.9780693855963136,0.0,0.0,0.0,0.0,0.0,False,0,7.437326114673503e-05,7.437326114673503e-05,0.0,3.941638437902696e-06,3.941638437902696e-06,0.0,6.498663133979401e-06,6.498663133979401e-06,0.0,1.6431193600665585e-06,1.6431193600665585e-06,0.0,2.245877883216181e-06,2.245877883216181e-06,0.0,4.195852276205067e-06,4.195852276205067e-06,0.0,0.00015744819508317683,0.00015744819508317683,0.0,0.49961670031800565,0.49961670031800565,0.0,0.49961670031800565,0.49961670031800565,0.0,0.0005162527566675194,0.0005162527566675194,0.0
pccv3_n10_grid_r01,10,grid,1,33,1,L33H1,0.5,8,8,False,False,-7.591088771820068,-7.651078224182129,-0.05998945236206055,-6.875,-7.0,-0.125,0.6996050120290249,0.6982155813964531,-0.0013894306325717976,0.3038345962360636,0.30323117417935036,-0.0006034220567132653,8.499893299846292,8.468516167333872,-0.03137713251241969,0.49961670031800565,0.5307658137464287,0.0,0.06236662711741309,0.9780693855963136,0.9825107731530807,0.00444138755676704,0.06250255715556065,0.04410002035920399,0.031251278577780324,0.0004937248973679055,False,1,7.437326114673503e-05,7.422315579637389e-05,-1.5010535036114243e-07,3.941638437902696e-06,3.695353332112684e-06,-2.462851057900117e-07,6.498663133979401e-06,5.723475204934726e-06,-7.751879290446746e-07,1.6431193600665585e-06,1.4471211574141848e-06,-1.959982026523737e-07,2.245877883216181e-06,2.1055488599499935e-06,-1.403290232661874e-07,4.195852276205067e-06,4.744927602074423e-06,5.490753258693562e-07,0.00015744819508317683,0.00025906426911446664,0.00010161607403128982,0.49961670031800565,0.5307658137464287,0.03114911342842308,0.49961670031800565,0.46839918662901564,-0.031217513688990006,0.0005162527566675194,0.00048399577348823573,-3.225698317928363e-05
pccv3_n10_grid_r01,10,grid,1,33,1,L33H1,1.5,8,9,False,False,-7.591088771820068,-7.5356125831604,0.05547618865966797,-6.875,-6.875,0.0,0.6996050120290249,0.6976371394512945,-0.001967872577730456,0.3038345962360636,0.30297996003446653,-0.0008546362015970921,8.499893299846292,8.531107574174477,0.031214274328185354,0.49961670031800565,0.5308013708640087,0.0,0.0623708051888639,0.9780693855963136,0.9731226042207481,-0.004946781375565479,0.06245723212807296,0.04410285262859183,0.03122861606403648,0.0004892765922165094,True,1,7.437326114673503e-05,8.411148860036814e-05,9.738227453633111e-06,3.941638437902696e-06,4.457745585235506e-06,5.1610714733281e-07,6.498663133979401e-06,7.34957996574737e-06,8.509168317679696e-07,1.6431193600665585e-06,1.8582648278742276e-06,2.1514546780766914e-07,2.245877883216181e-06,2.3860592699273794e-06,1.4018138671119848e-07,4.195852276205067e-06,4.457745585235506e-06,2.6189330903043915e-07,0.00015744819508317683,0.00011496677390759042,-4.248142117558641e-05,0.49961670031800565,0.4684305656751448,-0.031186134642860852,0.49961670031800565,0.5308013708640087,0.031184670546003046,0.0005162527566675194,0.0005484758031047088,3.222304643718944e-05
pccv3_n10_grid_r02,10,grid,2,33,1,L33H1,1.0,8,8,False,False,-6.839487075805664,-6.839487075805664,0.0,-6.125,-6.125,0.0,0.7042249209894557,0.7042249209894557,0.0,0.30584099720447405,0.30584099720447405,0.0,8.500648896466497,8.500648896466497,0.0,0.49927197400333867,0.49927197400333867,0.0,0.0,0.9803135745705731,0.9803135745705731,0.0,0.0,0.0,0.0,0.0,False,0,5.788198893995018e-05,5.788198893995018e-05,0.0,7.833475367486642e-06,7.833475367486642e-06,0.0,8.876490494804576e-06,8.876490494804576e-06,0.0,2.543157106045393e-06,2.543157106045393e-06,0.0,3.2654783627923273e-06,3.2654783627923273e-06,0.0,7.3588690874445425e-06,7.3588690874445425e-06,0.0,0.0002761395252741021,0.0002761395252741021,0.0,0.49927197400333867,0.49927197400333867,0.0,0.49927197400333867,0.49927197400333867,0.0,0.0010921530086899396,0.0010921530086899396,0.0
pccv3_n10_grid_r02,10,grid,2,33,1,L33H1,0.5,8,8,False,False,-6.839487075805664,-6.774805545806885,0.0646815299987793,-6.125,-6.125,0.0,0.7042249209894557,0.7041265335133315,-9.838747612411769e-05,0.30584099720447405,0.30579826806650495,-4.272913796909972e-05,8.500648896466497,8.469341543398198,-0.031307353068299903,0.49927197400333867,0.5302930868081117,0.0,0.06231108023792914,0.9803135745705731,0.9846388754149302,0.004325300844357116,0.06259814717336439,0.04406153866107361,0.03129907358668219,0.0005019064423027377,False,1,5.788198893995018e-05,5.0967344649864205e-05,-6.914644290085972e-06,7.833475367486642e-06,7.342542164944315e-06,-4.90933202542327e-07,8.876490494804576e-06,7.342542164944315e-06,-1.5339483298602603e-06,2.543157106045393e-06,2.383774430531891e-06,-1.5938267551350192e-07,3.2654783627923273e-06,3.2582333348509488e-06,-7.245027941378523e-09,7.3588690874445425e-06,1.0036065215714278e-05,2.677196128269736e-06,0.0002761395252741021,0.0004835647023185526,0.0002074251770444505,0.49927197400333867,0.5302930868081117,0.031021112804773043,0.49927197400333867,0.4679820065701826,-0.031289967433156096,0.0010921530086899396,0.00116001141742653,6.785840873659043e-05
pccv3_n10_grid_r02,10,grid,2,33,1,L33H1,1.5,8,8,False,False,-6.839487075805664,-6.843439102172852,-0.0039520263671875,-6.125,-6.125,0.0,0.7042249209894557,0.7034686393214954,-0.000756281667960268,0.30584099720447405,0.30551254824931434,-0.0003284489551597103,8.500648896466497,8.500794763198503,0.00014586673200511768,0.49927197400333867,0.4993209786889618,0.0,0.0,0.9803135745705731,0.9763513422101369,-0.003962232360436246,0.00019739400140931254,0.00011989700202284567,9.869700070465627e-05,5.325973388574226e-06,False,1,5.788198893995018e-05,5.788767018948738e-05,5.681249537200855e-09,7.833475367486642e-06,7.834244241001896e-06,7.688735152536501e-10,8.876490494804576e-06,9.4499023848486e-06,5.734118900440237e-07,2.543157106045393e-06,2.5434067227292074e-06,2.4961668381435925e-10,3.2654783627923273e-06,3.2657988769587734e-06,3.2051416644610735e-10,7.3588690874445425e-06,6.494816594727681e-06,-8.640524927168617e-07,0.0002761395252741021,0.00017830657706226907,-9.783294821183303e-05,0.49927197400333867,0.4993209786889618,4.900468562313298e-05,0.49927197400333867,0.4993209786889618,4.900468562313298e-05,0.0010921530086899396,0.0010922602060044896,1.0719731454995711e-07
pccv3_n10_grid_r03,10,grid,3,33,1,L33H1,1.0,8,8,False,False,-8.961073875427246,-8.961073875427246,0.0,-8.8125,-8.8125,0.0,0.37100680670554687,0.37100680670554687,0.0,0.16112620890076534,0.16112620890076534,0.0,8.118501851741353,8.118501851741353,0.0,0.8802385557183402,0.8802385557183402,0.7611112214644118,0.7611112214644118,0.9792077929835159,0.9792077929835159,0.0,0.0,0.0,0.0,0.0,False,0,5.462262836208263e-05,5.462262836208263e-05,0.0,3.717116509130466e-06,3.717116509130466e-06,0.0,6.128489054274007e-06,6.128489054274007e-06,0.0,1.4556437399887117e-06,1.4556437399887117e-06,0.0,1.755841511554673e-06,1.755841511554673e-06,0.0,5.757182672894407e-06,5.757182672894407e-06,0.0,0.00042964025221204233,0.00042964025221204233,0.0,0.8802385557183402,0.8802385557183402,0.0,0.11912733425392846,0.11912733425392846,0.0,0.0001310328736693465,0.0001310328736693465,0.0
pccv3_n10_grid_r03,10,grid,3,33,1,L33H1,0.5,8,8,False,False,-8.961073875427246,-8.894286155700684,0.0667877197265625,-8.8125,-8.75,0.0625,0.37100680670554687,0.37303297353177295,0.0020261668262260835,0.16112620890076534,0.16200616197281076,0.0008799530720454141,8.118501851741353,8.118232898795354,-0.00026895294599960096,0.8802385557183402,0.8799884204609645,0.7611112214644118,0.7608949383329404,0.9792077929835159,0.9836950210370787,0.004487228053562831,0.0005771196426395261,0.000375991582951177,0.00028855982131976304,1.7389795354470895e-05,False,1,5.462262836208263e-05,5.129862905783032e-05,-3.3239993042523115e-06,3.717116509130466e-06,3.2794116385033527e-06,-4.377048706271133e-07,6.128489054274007e-06,5.4068357237820364e-06,-7.216533304919704e-07,1.4556437399887117e-06,1.367062158983714e-06,-8.858158100499779e-08,1.755841511554673e-06,1.7553425583271071e-06,-4.989532275659345e-10,5.757182672894407e-06,7.390268208959172e-06,1.6330855360647647e-06,0.00042964025221204233,0.0007081557304723557,0.00027851547826031336,0.8802385557183402,0.8799884204609645,-0.0002501352573757165,0.11912733425392846,0.11909348212802405,-3.385212590441278e-05,0.0001310328736693465,0.00013944413119276131,8.411257523414809e-06
pccv3_n10_grid_r03,10,grid,3,33,1,L33H1,1.5,8,8,False,False,-8.961073875427246,-8.919670104980469,0.041403770446777344,-8.8125,-8.75,0.0625,0.37100680670554687,0.39654097694337137,0.025534170237824505,0.16112620890076534,0.17221555813503078,0.011089349234265439,8.118501851741353,8.13242006518272,0.013918213441366234,0.8802385557183402,0.8666133449587533,0.7611112214644118,0.7337138841752311,0.9792077929835159,0.9738408442872242,-0.005366948696291729,0.02756436152728296,0.01937375514955393,0.01378218076364148,0.00022366968419589717,False,1,5.462262836208263e-05,5.724545137903329e-05,2.6228230169506617e-06,3.717116509130466e-06,3.895601855390414e-06,1.784853462599477e-07,6.128489054274007e-06,6.8369941779661235e-06,7.085051236921167e-07,1.4556437399887117e-06,1.6239284573013921e-06,1.682847173126804e-07,1.755841511554673e-06,1.8401520192822702e-06,8.431050772759715e-08,5.757182672894407e-06,5.3246564196546536e-06,-4.3252625323975345e-07,0.00042964025221204233,0.00027310277441066716,-0.00015653747780137517,0.8802385557183402,0.8666133449587533,-0.013625210759586892,0.11912733425392846,0.13289946078352216,0.013772126529593698,0.0001310328736693465,0.0001373246990051577,6.291825335811207e-06
pccv3_n10_grid_r04,10,grid,4,33,1,L33H1,1.0,8,8,False,False,-9.678009986877441,-9.678009986877441,0.0,-9.625,-9.625,0.0,0.14483116432654947,0.14483116432654947,0.0,0.06289937547464353,0.06289937547464353,0.0,8.027347648976152,8.027347648976152,0.0,0.9691199398920993,0.9691199398920993,0.9398550534849633,0.9398550534849633,0.9785897864843491,0.9785897864843491,0.0,0.0,0.0,0.0,0.0,False,0,7.254040088158205e-05,7.254040088158205e-05,0.0,4.637352679436704e-06,4.637352679436704e-06,0.0,4.93643623130826e-06,4.93643623130826e-06,0.0,1.1014678068543234e-06,1.1014678068543234e-06,0.0,1.7059867122260656e-06,1.7059867122260656e-06,0.0,9.222477033263613e-06,9.222477033263613e-06,0.0,0.0014570129003298512,0.0014570129003298512,0.0,0.9691199398920993,0.9691199398920993,0.0,0.02926488640713598,0.02926488640713598,0.0,6.401667909024101e-05,6.401667909024101e-05,0.0
pccv3_n10_grid_r04,10,grid,4,33,1,L33H1,0.5,8,8,False,False,-9.678009986877441,-9.612055778503418,0.06595420837402344,-9.625,-9.5625,0.0625,0.14483116432654947,0.15253307654293022,0.007701912216380752,0.06289937547464353,0.06624427345032093,0.0033448979756773994,8.027347648976152,8.026052458262923,-0.001295190713229033,0.9691199398920993,0.9678890492889525,0.9398550534849633,0.9386613325573107,0.9785897864843491,0.9832247491024191,0.004634962618069949,0.002537055204288621,0.0017629808474505582,0.0012685276021443105,9.711549227809453e-05,False,1,7.254040088158205e-05,7.244826646754492e-05,-9.213441403712296e-08,4.637352679436704e-06,4.93016640574794e-06,2.9281372631123633e-07,4.93643623130826e-06,4.631462723403778e-06,-3.049735079044823e-07,1.1014678068543234e-06,1.033419019194568e-06,-6.804878765975552e-08,1.7059867122260656e-06,1.7038199184921483e-06,-2.1667937339172945e-09,9.222477033263613e-06,1.1826854385895301e-05,2.6043773526316884e-06,0.0014570129003298512,0.0027186011425876276,0.0012615882422577765,0.9691199398920993,0.9678890492889525,-0.0012308906031468503,0.02926488640713598,0.029227716731641828,-3.716967549415376e-05,6.401667909024101e-05,6.805884789780322e-05,4.042168807562207e-06
pccv3_n10_grid_r04,10,grid,4,33,1,L33H1,1.5,8,8,False,False,-9.678009986877441,-9.683128356933594,-0.005118370056152344,-9.625,-9.625,0.0,0.14483116432654947,0.14027480447064716,-0.004556359855902303,0.06289937547464353,0.06092057353165966,-0.001978801942983867,8.027347648976152,8.028069702237572,0.0007220532614198305,0.9691199398920993,0.9697807946492922,0.9398550534849633,0.9404959521576668,0.9785897864843491,0.9729298800369861,-0.005659906447363028,0.0013650367503048068,0.0009460100808188462,0.0006825183751524034,5.2121321271620985e-05,False,1,7.254040088158205e-05,6.819186935293313e-05,-4.3485315286489145e-06,4.637352679436704e-06,4.939802447637895e-06,3.0244976820119146e-07,4.93643623130826e-06,5.958539138504629e-06,1.022102907196369e-06,1.1014678068543234e-06,1.3295297922252248e-06,2.2806198537090137e-07,1.7059867122260656e-06,1.8172517639343519e-06,1.1126505170828626e-07,9.222477033263613e-06,7.650915700168623e-06,-1.5715613330949902e-06,0.0014570129003298512,0.0007804146180391643,-0.0006765982822906869,0.9691199398920993,0.9697807946492922,0.000660854757192908,0.02926488640713598,0.0292848424916254,1.9956084489416992e-05,6.401667909024101e-05,6.406033284781532e-05,4.365375757430694e-08
pccv3_n10_grid_r05,10,grid,5,33,1,L33H1,1.0,8,8,False,False,-8.088963508605957,-8.088963508605957,0.0,-7.8125,-7.8125,0.0,0.5377818389320751,0.5377818389320751,0.0,0.23355568511598354,0.23355568511598354,0.0,8.222052648454726,8.222052648454726,0.0,0.7766222838408543,0.7766222838408543,0.5541162741719334,0.5541162741719334,0.9766151940666532,0.9766151940666532,0.0,0.0,0.0,0.0,0.0,False,0,7.46424507276379e-05,7.46424507276379e-05,0.0,6.5221846574206464e-06,6.5221846574206464e-06,0.0,6.127025465262591e-06,6.127025465262591e-06,0.0,1.989153934864941e-06,1.989153934864941e-06,0.0,2.5541242100710163e-06,2.5541242100710163e-06,0.0,8.374650872458941e-06,8.374650872458941e-06,0.0,0.0004572404448097155,0.0004572404448097155,0.0,0.7766222838408543,0.7766222838408543,0.0,0.22250600966892084,0.22250600966892084,0.0,0.0003142564555473328,0.0003142564555473328,0.0
pccv3_n10_grid_r05,10,grid,5,33,1,L33H1,0.5,8,8,False,False,-8.088963508605957,-8.082674980163574,0.0062885284423828125,-7.8125,-7.8125,0.0,0.5377818389320751,0.5393891859915416,0.001607347059466524,0.23355568511598354,0.2342537470744133,0.000698061958429752,8.222052648454726,8.221846645070416,-0.0002060033843100939,0.7766222838408543,0.7764381326937021,0.5541162741719334,0.5539848832117876,0.9766151940666532,0.983009278863733,0.006394084797079813,0.000503784614773492,0.0003158344946128937,0.000251892307386746,1.3958633256560665e-05,False,1,7.46424507276379e-05,6.186609206034898e-05,-1.277635866728893e-05,6.5221846574206464e-06,5.754442952453244e-06,-7.677417049674022e-07,6.127025465262591e-06,5.405798878749523e-06,-7.212265865130678e-07,1.989153934864941e-06,1.6486755091361692e-06,-3.4047842572877163e-07,2.5541242100710163e-06,2.253472238571342e-06,-3.0065197149967436e-07,8.374650872458941e-06,9.487472496740109e-06,1.1128216242811678e-06,0.0004572404448097155,0.0007080199305722114,0.00025077948576249584,0.7766222838408543,0.7764381326937021,-0.0001841511471522006,0.22250600966892084,0.22245324948191444,-5.27601870063954e-05,0.0003142564555473328,0.00031418193967521174,-7.451587212103494e-08
pccv3_n10_grid_r05,10,grid,5,33,1,L33H1,1.5,8,8,False,False,-8.088963508605957,-8.05864143371582,0.03032207489013672,-7.8125,-7.75,0.0625,0.5377818389320751,0.5630971512989973,0.025315312366922194,0.23355568511598354,0.244549985584595,0.010994300468611468,8.222052648454726,8.244693019916804,0.02264037146207798,0.7766222838408543,0.7543822841693058,0.5541162741719334,0.5094702142823129,0.9766151940666532,0.9735697580888427,-0.0030454359778104845,0.04483600108775731,0.031570212878648474,0.022418000543878654,0.0003593906083328673,False,1,7.46424507276379e-05,6.8112076122094e-05,-6.5303746055439115e-06,6.5221846574206464e-06,6.3354099695744006e-06,-1.8677468784624587e-07,6.127025465262591e-06,7.178960006567382e-06,1.0519345413047911e-06,1.989153934864941e-06,2.1894590992688846e-06,2.0030516440394377e-07,2.5541242100710163e-06,2.4809821913896232e-06,-7.314201868139305e-08,8.374650872458941e-06,7.641963147783898e-06,-7.326877246750435e-07,0.0004572404448097155,0.0002867625515164638,-0.0001704778932932517,0.7766222838408543,0.7543822841693058,-0.02223999967154855,0.22250600966892084,0.24491206988699285,0.02240606021807201,0.0003142564555473328,0.000324944541648377,1.0688086101044226e-05
pccv3_n10_random_sparse_r00,10,random_sparse,0,33,1,L33H1,1.0,8,8,False,False,-9.932733535766602,-9.932733535766602,0.0,-9.875,-9.875,0.0,0.1925892958836701,0.1925892958836701,0.0,0.08364046847591057,0.08364046847591057,0.0,8.03922905878019,8.03922905878019,0.0,0.955485961470225,0.955485961470225,0.9135048382030101,0.9135048382030101,0.9878758220248756,0.9878758220248756,0.0,0.0,0.0,0.0,0.0,False,0,4.337899553978852e-05,4.337899553978852e-05,0.0,3.1423638972921586e-06,3.1423638972921586e-06,0.0,5.180882197745734e-06,5.180882197745734e-06,0.0,1.9059400476817749e-06,1.9059400476817749e-06,0.0,2.447275463906445e-06,2.447275463906445e-06,0.0,5.929205695379184e-05,5.929205695379184e-05,0.0,0.0023684129067684688,0.0023684129067684688,0.0,0.955485961470225,0.955485961470225,0.0,0.0419811232672149,0.0419811232672149,0.0,4.915484169150412e-05,4.915484169150412e-05,0.0
pccv3_n10_random_sparse_r00,10,random_sparse,0,33,1,L33H1,0.5,8,8,False,False,-9.932733535766602,-9.989204406738281,-0.05647087097167969,-9.875,-9.9375,-0.0625,0.1925892958836701,0.19193827699270466,-0.0006510188909654435,0.08364046847591057,0.0833577345639495,-0.00028273391196106945,8.03922905878019,8.031716997476344,-0.007512061303845741,0.955485961470225,0.9576794248615529,0.9135048382030101,0.920546163805807,0.9878758220248756,0.9915733532019431,0.0036975311770675034,0.009701908879475637,0.005947508146603028,0.004850954439737818,0.00031909499859228906,False,1,4.337899553978852e-05,4.347857862369139e-05,9.958308390287064e-08,3.1423638972921586e-06,3.3527079794505317e-06,2.1034408215837309e-07,5.180882197745734e-06,5.192775701045407e-06,1.1893503299673147e-08,1.9059400476817749e-06,1.685847443782876e-06,-2.2009260389889887e-07,2.447275463906445e-06,2.4528935570601254e-06,5.618093153680454e-09,5.929205695379184e-05,5.9428170891169374e-05,1.3611393737753138e-07,0.0023684129067684688,0.0050254404024784455,0.0026570274957099767,0.955485961470225,0.9576794248615529,0.0021934633913278656,0.0419811232672149,0.03713326105574585,-0.004847862211469045,4.915484169150412e-05,4.628270602654398e-05,-2.872135664960144e-06
pccv3_n10_random_sparse_r00,10,random_sparse,0,33,1,L33H1,1.5,8,8,False,False,-9.932733535766602,-9.946131706237793,-0.013398170471191406,-9.875,-9.875,0.0,0.1925892958836701,0.2206165170621884,0.028027221178518302,0.08364046847591057,0.09581253597682302,0.012172067500912445,8.03922905878019,8.051545682168449,0.012316623388258563,0.955485961470225,0.9450987048942673,0.9135048382030101,0.8917798845141129,0.9878758220248756,0.9854410170689789,-0.0024348049558966522,0.022681871685243625,0.01540572293724428,0.011340935842621813,0.0004121796910207877,False,1,4.337899553978852e-05,3.786566067728172e-05,-5.5133348625068025e-06,3.1423638972921586e-06,3.108202704587688e-06,-3.4161192704470386e-08,5.180882197745734e-06,5.1245599127013885e-06,-5.632228504434561e-08,1.9059400476817749e-06,2.0068064960562297e-06,1.0086644837445485e-07,2.447275463906445e-06,2.4206707002775507e-06,-2.6604763628894335e-08,5.929205695379184e-05,6.242992018774778e-05,3.1378632339559427e-06,0.0023684129067684688,0.001420898434170386,-0.0009475144725980828,0.955485961470225,0.9450987048942673,-0.010387256575957737,0.0419811232672149,0.053318820380154286,0.011337697112939388,4.915484169150412e-05,4.862047072930329e-05,-5.343709622008364e-07
pccv3_n10_random_sparse_r01,10,random_sparse,1,33,1,L33H1,1.0,8,8,False,False,-7.360174655914307,-7.360174655914307,0.0,-6.8125,-6.8125,0.0,0.6909446802499435,0.6909446802499435,0.0,0.3000734619329572,0.3000734619329572,0.0,8.40466818616557,8.40466818616557,0.0,0.591508407923977,0.591508407923977,0.18497102084311062,0.18497102084311062,0.9776581596081542,0.9776581596081542,0.0,0.0,0.0,0.0,0.0,False,0,0.00028871244041180105,0.00028871244041180105,0.0,9.879196444060839e-06,9.879196444060839e-06,0.0,6.789865799072911e-06,6.789865799072911e-06,0.0,2.0707920705777853e-06,2.0707920705777853e-06,0.0,2.3465148313982677e-06,2.3465148313982677e-06,0.0,4.7131010286857385e-05,4.7131010286857385e-05,0.0,0.0009466516473438119,0.0009466516473438119,0.0,0.591508407923977,0.591508407923977,0.0,0.40653738708086634,0.40653738708086634,0.0,0.0006506235279692142,0.0006506235279692142,0.0
pccv3_n10_random_sparse_r01,10,random_sparse,1,33,1,L33H1,0.5,8,8,False,False,-7.360174655914307,-7.59438419342041,-0.23420953750610352,-6.8125,-7.1875,-0.375,0.6909446802499435,0.644481659588869,-0.04646302066107444,0.3000734619329572,0.27989482844729574,-0.020178633485661457,8.40466818616557,8.317769854016866,-0.0868983321487029,0.591508407923977,0.6776225552209376,0.18497102084311062,0.35753632475166547,0.9776581596081542,0.9824368396235741,0.004778680015419923,0.17329957794128614,0.12202359274919501,0.08664978897064307,0.004074721058719258,False,1,0.00028871244041180105,0.0002419777327980007,-4.6734707613800336e-05,9.879196444060839e-06,8.280022689670698e-06,-1.599173754390141e-06,6.789865799072911e-06,5.69077082275666e-06,-1.0990949763162514e-06,2.0707920705777853e-06,1.6304331385517937e-06,-4.403589320259916e-07,2.3465148313982677e-06,1.9666777713795628e-06,-3.7983706001870494e-07,4.7131010286857385e-05,3.7108487190448355e-05,-1.002252309640903e-05,0.0009466516473438119,0.0014822933210261926,0.0005356416736823807,0.591508407923977,0.6776225552209376,0.08611414729696065,0.40653738708086634,0.32008623046927215,-0.0864511566115942,0.0006506235279692142,0.0005122668643532648,-0.00013835666361594937
pccv3_n10_random_sparse_r01,10,random_sparse,1,33,1,L33H1,1.5,8,8,False,False,-7.360174655914307,-7.1016740798950195,0.2585005760192871,-6.8125,-6.4375,0.375,0.6909446802499435,0.7059844089009373,0.015039728650993789,0.3000734619329572,0.306605133095406,0.006531671162448793,8.40466818616557,8.46627359798673,0.061605411821160416,0.591508407923977,0.5301999463999203,0.18497102084311062,0.0623001359514721,0.9776581596081542,0.9707630392072133,-0.006895120400940868,0.1232686257184325,0.08674228542790315,0.06163431285921625,0.0019409353781637915,False,1,0.00028871244041180105,0.0003537213554701749,6.500891505837388e-05,9.879196444060839e-06,1.068145939579509e-05,8.022629517342512e-07,6.789865799072911e-06,7.341252524571061e-06,5.513867254981498e-07,2.0707920705777853e-06,2.383355745602709e-06,3.1256367502492376e-07,2.3465148313982677e-06,2.537068984824127e-06,1.905541534258593e-07,4.7131010286857385e-05,5.424492674047183e-05,7.1139164536144445e-06,0.0009466516473438119,0.0006208003121842396,-0.00032585133515957224,0.591508407923977,0.5301999463999203,-0.06130846152405667,0.40653738708086634,0.4678998104484482,0.06136242336758185,0.0006506235279692142,0.0008485334205859562,0.00019790989261674204
pccv3_n10_random_sparse_r02,10,random_sparse,2,33,1,L33H1,1.0,8,8,False,False,-9.422513008117676,-9.422513008117676,0.0,-9.25,-9.25,0.0,0.42770748603502406,0.42770748603502406,0.0,0.18575100105372308,0.18575100105372308,0.0,8.146712851931856,8.146712851931856,0.0,0.8510648695442543,0.8510648695442543,0.7031719710314106,0.7031719710314106,0.988817287279403,0.988817287279403,0.0,0.0,0.0,0.0,0.0,False,0,5.621837338798163e-05,5.621837338798163e-05,0.0,1.807136651359321e-06,1.807136651359321e-06,0.0,3.3761757434296547e-06,3.3761757434296547e-06,0.0,1.2420256457894803e-06,1.2420256457894803e-06,0.0,1.2420256457894803e-06,1.2420256457894803e-06,0.0,1.7145635168298775e-05,1.7145635168298775e-05,0.0,0.0008794033200360372,0.0008794033200360372,0.0,0.8510648695442543,0.8510648695442543,0.0,0.1478928985128437,0.1478928985128437,0.0,8.179725062331364e-05,8.179725062331364e-05,0.0
pccv3_n10_random_sparse_r02,10,random_sparse,2,33,1,L33H1,0.5,8,8,False,False,-9.422513008117676,-9.622180938720703,-0.19966793060302734,-9.25,-9.5,-0.25,0.42770748603502406,0.3518072031354529,-0.07590028289957118,0.18575100105372308,0.15278792701554356,-0.032963074038179524,8.146712851931856,8.104782481542426,-0.04193037038943004,0.8510648695442543,0.8918357212772562,0.7031719710314106,0.7853211338788226,0.988817287279403,0.992321645516995,0.003504358237591987,0.08282159480467524,0.05809334718025823,0.04141079740233762,0.001972725324521813,False,1,5.621837338798163e-05,4.048927910566245e-05,-1.572909428231918e-05,1.807136651359321e-06,1.3015257441547033e-06,-5.056109072046177e-07,3.3761757434296547e-06,2.7553300219973305e-06,-6.208457214323241e-07,1.2420256457894803e-06,1.0136292687352758e-06,-2.283963770542045e-07,1.2420256457894803e-06,1.1485924378506361e-06,-9.343320793884422e-08,1.7145635168298775e-05,1.687844266331328e-05,-2.6719250498549624e-07,0.0008794033200360372,0.0015193489893718004,0.0006399456693357632,0.8510648695442543,0.8918357212772562,0.04077085173300188,0.1478928985128437,0.10651458739843354,-0.04137831111441016,8.179725062331364e-05,6.675553569681995e-05,-1.5041714926493691e-05
pccv3_n10_random_sparse_r02,10,random_sparse,2,33,1,L33H1,1.5,8,8,False,False,-9.422513008117676,-9.320817947387695,0.10169506072998047,-9.25,-9.125,0.125,0.42770748603502406,0.45365606441155276,0.025948578376528697,0.18575100105372308,0.19702032545588352,0.011269324402160441,8.146712851931856,8.163468971294096,0.016756119362240085,0.8510648695442543,0.8348392454950889,0.7031719710314106,0.6704496511384456,0.988817287279403,0.9848149840879614,-0.00400230319144157,0.0330249929611318,0.023140744738985232,0.0165124964805659,0.00027124387878753255,False,1,5.621837338798163e-05,6.248924518737471e-05,6.270871799393079e-06,1.807136651359321e-06,2.008713495044404e-06,2.0157684368508286e-07,3.3761757434296547e-06,3.5254019739766786e-06,1.4922623054702389e-07,1.2420256457894803e-06,1.2969229080912402e-06,5.4897262301759844e-08,1.2420256457894803e-06,1.218346321322952e-06,-2.367932446652843e-08,1.7145635168298775e-05,1.6818752177024632e-05,-3.268829912741431e-07,0.0008794033200360372,0.0005928814509512495,-0.00028652186908478773,0.8510648695442543,0.8348392454950889,-0.016225624049165388,0.1478928985128437,0.16438959435664338,0.016496695843799675,8.179725062331364e-05,9.092131525360196e-05,9.12406463028832e-06
pccv3_n10_random_sparse_r03,10,random_sparse,3,33,1,L33H1,1.0,8,8,False,False,-10.47674560546875,-10.47674560546875,0.0,-10.4375,-10.4375,0.0,0.11145034843550186,0.11145034843550186,0.0,0.04840227133173317,0.04840227133173317,0.0,8.010556375883422,8.010556375883422,0.0,0.9797485387774904,0.9797485387774904,0.963912378573197,0.963912378573197,0.9813892773399857,0.9813892773399857,0.0,0.0,0.0,0.0,0.0,False,0,0.0001002383875572517,0.0001002383875572517,0.0,4.990575454397332e-06,4.990575454397332e-06,0.0,1.056504831986596e-05,1.056504831986596e-05,0.0,4.404167380620357e-06,4.404167380620357e-06,0.0,6.4080257273441505e-06,6.4080257273441505e-06,0.0,0.000255967689759424,0.000255967689759424,0.0,0.004004008345152752,0.004004008345152752,0.0,0.9797485387774904,0.9797485387774904,0.0,0.01583616020429339,0.01583616020429339,0.0,2.8718778864683406e-05,2.8718778864683406e-05,0.0
pccv3_n10_random_sparse_r03,10,random_sparse,3,33,1,L33H1,0.5,8,8,False,False,-10.47674560546875,-10.473559379577637,0.0031862258911132812,-10.4375,-10.4375,0.0,0.11145034843550186,0.12410690240920241,0.012656553973700552,0.04840227133173317,0.053898942882421995,0.0054966715506888225,8.010556375883422,8.008132209061547,-0.0024241668218749624,0.9797485387774904,0.9772860267521386,0.963912378573197,0.9614896693476402,0.9813892773399857,0.9870021980157162,0.005612920675730493,0.005161786212100025,0.0035681067461095298,0.0025808931060500124,0.00016246104311316996,False,1,0.0001002383875572517,9.392857456766441e-05,-6.309812989587282e-06,4.990575454397332e-06,4.393097892167766e-06,-5.974775622295666e-07,1.056504831986596e-05,9.300188310700266e-06,-1.2648600091656937e-06,4.404167380620357e-06,3.642006071624018e-06,-7.621613089963385e-07,6.4080257273441505e-06,6.004652878305533e-06,-4.033728490386174e-07,0.000255967689759424,0.00018679927570716855,-6.916841405225547e-05,0.004004008345152752,0.006584901451202732,0.0025808931060499803,0.9797485387774904,0.9772860267521386,-0.0024625120253517485,0.01583616020429339,0.01579635740449832,-3.9802799795068955e-05,2.8718778864683406e-05,2.8646596732729483e-05,-7.2182131953923e-08
pccv3_n10_random_sparse_r03,10,random_sparse,3,33,1,L33H1,1.5,8,8,False,False,-10.47674560546875,-10.666450500488281,-0.18970489501953125,-10.4375,-10.625,-0.1875,0.11145034843550186,0.10053848671306768,-0.010911861722434177,0.04840227133173317,0.043663309998388695,-0.004738961333344477,8.010556375883422,8.012551106175062,0.001994730291640323,0.9797485387774904,0.9816084408825603,0.963912378573197,0.9657422181606571,0.9813892773399857,0.9773721169103737,-0.004017160429611977,0.0037799649143118548,0.0026283153437292204,0.0018899824571559274,0.00014320641958001285,False,1,0.0001002383875572517,8.862799438762764e-05,-1.161039316962406e-05,4.990575454397332e-06,5.000049295312396e-06,9.47384091506372e-09,1.056504831986596e-05,9.943785383346295e-06,-6.212629365196637e-07,4.404167380620357e-06,4.412528015883479e-06,8.360635263122557e-09,6.4080257273441505e-06,5.322524769176194e-06,-1.0855009581679568e-06,0.000255967689759424,0.00024091586663665845,-1.505182312276556e-05,0.004004008345152752,0.0021472597459639502,-0.0018567485991888015,0.9797485387774904,0.9816084408825603,0.0018599021050699216,0.01583616020429339,0.015866222721903203,3.006251760981349e-05,2.8718778864683406e-05,2.385390108462058e-05,-4.864877780062828e-06
pccv3_n10_random_sparse_r04,10,random_sparse,4,33,1,L33H1,1.0,8,8,False,False,-10.233707427978516,-10.233707427978516,0.0,-10.1875,-10.1875,0.0,0.14027647279463845,0.14027647279463845,0.0,0.0609212980755631,0.0609212980755631,0.0,8.017483840599157,8.017483840599157,0.0,0.9725708672748195,0.9725708672748195,0.9496981927912919,0.9496981927912919,0.9817726323562965,0.9817726323562965,0.0,0.0,0.0,0.0,0.0,False,0,6.035224961895404e-05,6.035224961895404e-05,0.0,6.361080310401828e-06,6.361080310401828e-06,0.0,1.5259438399563506e-05,1.5259438399563506e-05,0.0,6.771334743154243e-06,6.771334743154243e-06,0.0,1.0487648412391266e-05,1.0487648412391266e-05,0.0,0.0004459461581311173,0.0004459461581311173,0.0,0.003974674842260959,0.003974674842260959,0.0,0.9725708672748195,0.9725708672748195,0.0,0.022872674483527568,0.022872674483527568,0.0,3.660548977652572e-05,3.660548977652572e-05,0.0
pccv3_n10_random_sparse_r04,10,random_sparse,4,33,1,L33H1,0.5,8,8,False,False,-10.233707427978516,-10.232565879821777,0.0011415481567382812,-10.1875,-10.1875,0.0,0.14027647279463845,0.16113642287672597,0.02085995008208752,0.0609212980755631,0.069980659288991,0.009059361213427895,8.017483840599157,8.013275686862272,-0.004208153736884768,0.9725708672748195,0.9684087393542574,0.9496981927912919,0.9456339487373858,0.9817726323562965,0.9871192830510154,0.005346650694718846,0.008807404805340816,0.006061790294259942,0.004403702402670408,0.0004101772567992719,False,1,6.035224961895404e-05,6.009397149068599e-05,-2.582781282680529e-07,6.361080310401828e-06,6.333857995961086e-06,-2.722231444074235e-08,1.5259438399563506e-05,1.4273569331166843e-05,-9.858690683966623e-07,6.771334743154243e-06,5.950108939411427e-06,-8.212258037428161e-07,1.0487648412391266e-05,9.8100711713906e-06,-6.775772410006658e-07,0.0004459461581311173,0.00030518236883805676,-0.00014076378929306056,0.003974674842260959,0.00837837724493133,0.004403702402670371,0.9725708672748195,0.9684087393542574,-0.004162127920562031,0.022872674483527568,0.02277479061687159,-9.788386665597615e-05,3.660548977652572e-05,3.6448836172997956e-05,-1.5665360352776258e-07
pccv3_n10_random_sparse_r04,10,random_sparse,4,33,1,L33H1,1.5,8,8,False,False,-10.233707427978516,-10.239855766296387,-0.006148338317871094,-10.1875,-10.1875,0.0,0.14027647279463845,0.13131168536763557,-0.00896478742700288,0.0609212980755631,0.0570279403645801,-0.0038933577109830017,8.017483840599157,8.018947814683228,0.0014639740840713955,0.9725708672748195,0.974170842829996,0.9496981927912919,0.9512605405279859,0.9817726323562965,0.974152785577644,-0.0076198467786525725,0.0036873695519550474,0.002449921722269193,0.0018436847759775237,0.00015128308483630844,False,1,6.035224961895404e-05,6.0451535056488076e-05,9.928543753403527e-08,6.361080310401828e-06,6.371544918528202e-06,1.0464608126373599e-08,1.5259438399563506e-05,1.6270309935528023e-05,1.010871535964517e-06,6.771334743154243e-06,7.685550216273254e-06,9.142154731190109e-07,1.0487648412391266e-05,1.050490163439876e-05,1.725322200749345e-08,0.0004459461581311173,0.0006499152505108604,0.00020396909237974304,0.003974674842260959,0.0021309900662833513,-0.0018436847759776076,0.9725708672748195,0.974170842829996,0.001599975555176547,0.022872674483527568,0.02291030230201004,3.762781848247118e-05,3.660548977652572e-05,3.66657094384531e-05,6.021966192738327e-08
pccv3_n10_random_sparse_r05,10,random_sparse,5,33,1,L33H1,1.0,8,8,False,False,-9.519316673278809,-9.519316673278809,0.0,-9.4375,-9.4375,0.0,0.2671724393478664,0.2671724393478664,0.0,0.1160315161254096,0.1160315161254096,0.0,8.06408184947647,8.06408184947647,0.0,0.9298011225852196,0.9298011225852196,0.862446555174972,0.862446555174972,0.9910087837367882,0.9910087837367882,0.0,0.0,0.0,0.0,0.0,False,0,8.936472198020482e-05,8.936472198020482e-05,0.0,5.712895543526543e-06,5.712895543526543e-06,0.0,5.712895543526543e-06,5.712895543526543e-06,0.0,1.6367719771815577e-06,1.6367719771815577e-06,0.0,1.9743238702809823e-06,1.9743238702809823e-06,0.0,5.4202443777689706e-05,5.4202443777689706e-05,0.0,0.0026116199951806696,0.0026116199951806696,0.0,0.9298011225852196,0.9298011225852196,0.0,0.06735456741024756,0.06735456741024756,0.0,7.408595665968584e-05,7.408595665968584e-05,0.0
pccv3_n10_random_sparse_r05,10,random_sparse,5,33,1,L33H1,0.5,8,8,False,False,-9.519316673278809,-9.7481050491333,-0.2287883758544922,-9.4375,-9.6875,-0.25,0.2671724393478664,0.2267022703692225,-0.04047016897864389,0.1160315161254096,0.09845554505629239,-0.017575971069117208,8.06408184947647,8.040913835538008,-0.02316801393846113,0.9298011225852196,0.9470192658479749,0.862446555174972,0.8998699529135175,0.9910087837367882,0.9938494049780502,0.0028406212412619425,0.040475411326146515,0.026717688368371444,0.020237705663073258,0.0012193070392896165,False,1,8.936472198020482e-05,8.032450287363206e-05,-9.040219106572764e-06,5.712895543526543e-06,4.823861343931682e-06,-8.890341995948614e-07,5.712895543526543e-06,4.53159835969039e-06,-1.1812971838361533e-06,1.6367719771815577e-06,1.298324667495066e-06,-3.384473096864918e-07,1.9743238702809823e-06,1.7745994154941097e-06,-1.997244547868726e-07,5.4202443777689706e-05,4.871927371903337e-05,-5.4831700586563335e-06,0.0026116199951806696,0.005631182395498689,0.003019562400318019,0.9298011225852196,0.9470192658479749,0.01721814326275528,0.06735456741024756,0.04714931293445745,-0.020205254475790115,7.408595665968584e-05,5.8766661689718655e-05,-1.5319294969967187e-05
pccv3_n10_random_sparse_r05,10,random_sparse,5,33,1,L33H1,1.5,8,8,False,False,-9.519316673278809,-9.53003978729248,-0.010723114013671875,-9.4375,-9.4375,0.0,0.2671724393478664,0.28222916286950067,0.015056723521634285,0.1160315161254096,0.12257056806639827,0.006539051940988666,8.06408184947647,8.07352265388821,0.009440804411740444,0.9298011225852196,0.9224773480691517,0.862446555174972,0.8467557962223176,0.9910087837367882,0.9882224311791106,-0.0027863525576776738,0.016741185957838228,0.011168074703961419,0.008370592978919114,0.0001950503757918726,False,1,8.936472198020482e-05,8.328913426404394e-05,-6.075587716160879e-06,5.712895543526543e-06,5.667896717671929e-06,-4.49988258546146e-08,5.712895543526543e-06,5.667896717671929e-06,-4.49988258546146e-08,1.6367719771815577e-06,1.9587726921888056e-06,3.2200071500724785e-07,1.9743238702809823e-06,2.2195802460632878e-06,2.452563757823055e-07,5.4202443777689706e-05,5.724372901945921e-05,3.0412852417695016e-06,0.0026116199951806696,0.001571550671350068,-0.0010400693238306015,0.9298011225852196,0.9224773480691517,-0.007323774516067916,0.06735456741024756,0.07572155184683413,0.008366984436586566,7.408595665968584e-05,7.350240300697126e-05,-5.835536527145805e-07
pccv3_n10_row_r00,10,row,0,33,1,L33H1,1.0,8,8,False,False,-12.033079147338867,-12.033079147338867,0.0,-11.875,-11.875,0.0,0.4045649575247052,0.4045649575247052,0.0,0.17570032862440293,0.17570032862440293,0.0,7.868450006416793,7.868450006416793,0.0,0.8655149775553803,0.8655149775553803,0.732783956868586,0.732783956868586,0.9864445546810217,0.9864445546810217,0.0,0.0,0.0,0.0,0.0,False,0,6.896367788542847e-05,6.896367788542847e-05,0.0,3.8522795020028215e-07,3.8522795020028215e-07,0.0,3.0001582927697196e-07,3.0001582927697196e-07,0.0,1.0368269622483383e-07,1.0368269622483383e-07,0.0,1.1748788683696814e-07,1.1748788683696814e-07,0.0,7.268718172058352e-06,7.268718172058352e-06,0.0,0.13273102068679435,0.13273102068679435,0.0,0.8655149775553803,0.8655149775553803,0.0,0.0016708369683888168,0.0016708369683888168,0.0,6.025979016483388e-06,6.025979016483388e-06,0.0
pccv3_n10_row_r00,10,row,0,33,1,L33H1,0.5,8,8,False,False,-12.033079147338867,-12.075377464294434,-0.042298316955566406,-11.875,-11.75,0.125,0.4045649575247052,0.5919550729581798,0.1873901154334746,0.17570032862440293,0.25708282172037433,0.0813824930959714,7.868450006416793,7.732155075206432,-0.13629493121036074,0.8655149775553803,0.7300853230623001,0.732783956868586,0.4615019424066692,0.9864445546810217,0.9892746144751001,0.0028300597940784655,0.2717141204139188,0.1918260602992347,0.1358570602069594,0.014620500836142969,False,1,6.896367788542847e-05,7.016970654529474e-05,1.2060286598662706e-06,3.8522795020028215e-07,3.6821682616159247e-07,-1.7011124038689678e-08,3.0001582927697196e-07,2.5307147689130173e-07,-4.694435238567023e-08,1.0368269622483383e-07,7.718243970410605e-08,-2.650025652072778e-08,1.1748788683696814e-07,1.1954250113622155e-07,2.0546142992534086e-09,7.268718172058352e-06,1.0760873020772033e-05,3.492154848713681e-06,0.13273102068679435,0.2685833806556309,0.13585235996883657,0.8655149775553803,0.7300853230623001,-0.1354296544930802,0.0016708369683888168,0.001243787808993852,-0.00042704915939496477,6.025979016483388e-06,5.759880265209899e-06,-2.660987512734884e-07
pccv3_n10_row_r00,10,row,0,33,1,L33H1,1.5,8,8,False,False,-12.033079147338867,-12.160613059997559,-0.1275339126586914,-11.875,-12.0625,-0.1875,0.4045649575247052,0.28053823283663554,-0.12402672468806969,0.17570032862440293,0.12183620648384044,-0.05386412214056249,7.868450006416793,7.925458807697564,0.05700880128077124,0.8655149775553803,0.9226297567698833,0.732783956868586,0.8468956944550594,0.9864445546810217,0.982567677530831,-0.003876877150190694,0.11422957295555768,0.08068928871729852,0.05711478647777884,0.004403537485677582,False,1,6.896367788542847e-05,5.378439141899363e-05,-1.5179286466434834e-05,3.8522795020028215e-07,3.4043989212273595e-07,-4.47880580775462e-08,3.0001582927697196e-07,3.0043715031454827e-07,4.213210375763145e-10,1.0368269622483383e-07,1.1052465096485664e-07,6.8419547400228095e-09,1.1748788683696814e-07,9.453674375507394e-08,-2.2951143081894197e-08,7.268718172058352e-06,4.414891695615326e-06,-2.8538264764430258e-06,0.13273102068679435,0.07573406231482396,-0.056996958371970385,0.8655149775553803,0.9226297567698833,0.05711477921450303,0.0016708369683888168,0.0015718103178296871,-9.902665055912968e-05,6.025979016483388e-06,5.325375911168691e-06,-7.006031053146967e-07
pccv3_n10_row_r01,10,row,1,33,1,L33H1,1.0,8,8,False,False,-11.74337387084961,-11.74337387084961,0.0,-11.6875,-11.6875,0.0,0.19333780768180836,0.19333780768180836,0.0,0.08396554301948149,0.08396554301948149,0.0,7.960350895055412,7.960350895055412,0.0,0.95528024128439,0.95528024128439,0.9133081567313251,0.9133081567313251,0.9899279038754045,0.9899279038754045,0.0,0.0,0.0,0.0,0.0,False,0,5.2313790802657264e-05,5.2313790802657264e-05,0.0,1.8867298941410247e-07,1.8867298941410247e-07,0.0,2.5788540040587726e-07,2.5788540040587726e-07,0.0,7.62307787520445e-08,7.62307787520445e-08,0.0,6.940891390980547e-08,6.940891390980547e-08,0.0,3.55999814140655e-06,3.55999814140655e-06,0.0,0.04197208455306487,0.04197208455306487,0.0,0.95528024128439,0.95528024128439,0.0,0.002683185595864526,0.002683185595864526,0.0,8.022579654074028e-06,8.022579654074028e-06,0.0
pccv3_n10_row_r01,10,row,1,33,1,L33H1,0.5,8,8,False,False,-11.74337387084961,-11.623926162719727,0.11944770812988281,-11.6875,-11.5,0.1875,0.19333780768180836,0.3571148095953898,0.16377700191358147,0.08396554301948149,0.15509299121320824,0.07112744819372675,7.960350895055412,7.895592429790124,-0.06475846526528795,0.95528024128439,0.8909954880005739,0.9133081567313251,0.7845812521564111,0.9899279038754045,0.9915255516008017,0.0015976477253971666,0.12893069352853856,0.09102391626735362,0.06446534676426928,0.007797289848957091,False,1,5.2313790802657264e-05,7.09939486031714e-05,1.8680157800514135e-05,1.8867298941410247e-07,2.1226806244935473e-07,2.359507303525226e-08,2.5788540040587726e-07,2.405312265999788e-07,-1.7354173805898463e-08,7.62307787520445e-08,6.274631940867773e-08,-1.3484459343366763e-08,6.940891390980547e-08,8.848649322588176e-08,1.907757931607629e-08,3.55999814140655e-06,7.029352824406306e-06,3.4693546829997563e-06,0.04197208455306487,0.1064142358441629,0.06444215129109804,0.95528024128439,0.8909954880005739,-0.06428475328381611,0.002683185595864526,0.0025026229540444384,-0.00018056264182008753,8.022579654074028e-06,9.02586768940346e-06,1.0032880353294324e-06
pccv3_n10_row_r01,10,row,1,33,1,L33H1,1.5,8,8,False,False,-11.74337387084961,-11.722919464111328,0.02045440673828125,-11.6875,-11.6875,0.0,0.19333780768180836,0.11151592973058747,-0.0818218779512209,0.08396554301948149,0.048430752926304915,-0.035534790093176574,7.960350895055412,7.984902130842268,0.024551235786855585,0.95528024128439,0.9789018752483821,0.9133081567313251,0.960972661993828,0.9899279038754045,0.9860036701314954,-0.003924233743909156,0.04810866837319186,0.033707986769996576,0.02405433418659593,0.002562427949489144,False,1,5.2313790802657264e-05,4.174946709052864e-05,-1.0564323712128625e-05,1.8867298941410247e-07,1.8162460841844322e-07,-7.048380995659251e-09,2.5788540040587726e-07,2.8130569649604486e-07,2.3420296090167606e-08,7.62307787520445e-08,1.1016089356408707e-07,3.3930114812042575e-08,6.940891390980547e-08,6.893692567615902e-08,-4.719882336464569e-10,3.55999814140655e-06,2.66895413761732e-06,-8.910440037892302e-07,0.04197208455306487,0.017929213254554082,-0.02404287129851079,0.95528024128439,0.9789018752483821,0.023621633963992084,0.002683185595864526,0.0031156300902078528,0.00043244449434332683,8.022579654074028e-06,8.220957503678363e-06,1.9837784960433438e-07
pccv3_n10_row_r02,10,row,2,33,1,L33H1,1.0,7,7,False,False,-12.522591590881348,-12.522591590881348,0.0,-12.125,-12.125,0.0,0.6318014039369749,0.6318014039369749,0.0,0.27438786338855564,0.27438786338855564,0.0,7.320611024668949,7.320611024668949,0.0,0.6788475272159721,0.6788475272159721,0.3581826609482012,0.3581826609482012,0.9898193416383805,0.9898193416383805,0.0,0.0,0.0,0.0,0.0,False,0,0.00011450881723107636,0.00011450881723107636,0.0,3.216317010606302e-07,3.216317010606302e-07,0.0,2.504870206466068e-07,2.504870206466068e-07,0.0,7.639422508298642e-08,7.639422508298642e-08,0.0,2.504870206466068e-07,2.504870206466068e-07,0.0,3.717557004835525e-05,3.717557004835525e-05,0.0,0.6788475272159721,0.6788475272159721,0.0,0.32066486626777085,0.32066486626777085,0.0,0.000331342249111748,0.000331342249111748,0.0,3.6808798983558283e-06,3.6808798983558283e-06,0.0
pccv3_n10_row_r02,10,row,2,33,1,L33H1,0.5,7,7,False,False,-12.522591590881348,-12.730023384094238,-0.20743179321289062,-12.125,-12.5625,-0.4375,0.6318014039369749,0.42299891697021424,-0.20880248696676068,0.27438786338855564,0.1837060954912158,-0.09068176789733984,7.320611024668949,7.1477501746322964,-0.17286085003665264,0.6788475272159721,0.8516195525036628,0.3581826609482012,0.703630264545598,0.9898193416383805,0.9931157165266491,0.003296374888268616,0.3455894657362531,0.2442683780588037,0.17279473286812655,0.02117979974551524,False,1,0.00011450881723107636,0.00010509820213086275,-9.410615100213608e-06,3.216317010606302e-07,2.6051239729559693e-07,-6.11193037650333e-08,2.504870206466068e-07,1.6819944543009973e-07,-8.228757521650707e-08,7.639422508298642e-08,4.5270266595784956e-08,-3.112395848720147e-08,2.504870206466068e-07,2.299013836982518e-07,-2.0585636948355e-08,3.717557004835525e-05,5.9883150484264483e-05,2.2707580435909234e-05,0.6788475272159721,0.8516195525036628,0.17277202528769076,0.32066486626777085,0.14798928795806487,-0.17267557830970598,0.000331342249111748,0.00022249289565699868,-0.0001088493534547493,3.6808798983558283e-06,2.9814065072431607e-06,-6.994733911126676e-07
pccv3_n10_row_r02,10,row,2,33,1,L33H1,1.5,7,7,False,False,-12.522591590881348,-12.456830978393555,0.06576061248779297,-12.125,-11.75,0.375,0.6318014039369749,0.698072897472824,0.06627149353584905,0.27438786338855564,0.3031692073386619,0.02878134395010623,7.320611024668949,7.499994485456414,0.1793834607874647,0.6788475272159721,0.49970754584003907,0.3581826609482012,0.0,0.9898193416383805,0.9869867821371869,-0.0028325595011935434,0.3583346649419158,0.2532734290622684,0.1791673324709579,0.01668765963719747,False,1,0.00011450881723107636,0.00010167467933438446,-1.2834137896691901e-05,3.216317010606302e-07,3.2360821687675714e-07,1.976515816126918e-09,2.504870206466068e-07,2.8558324904466217e-07,3.509622839805537e-08,7.639422508298642e-08,9.869492996072234e-08,2.2300704877735914e-08,2.504870206466068e-07,2.2241245798805894e-07,-2.8074562658547858e-08,3.717557004835525e-05,2.2686687482921454e-05,-1.4488882565433795e-05,0.6788475272159721,0.49970754584003907,-0.179139981375933,0.32066486626777085,0.49970754584003907,0.17904267957226822,0.000331342249111748,0.00045567429910303833,0.00012433204999129035,3.6808798983558283e-06,3.942355147735113e-06,2.614752493792851e-07
pccv3_n10_row_r03,10,row,3,33,1,L33H1,1.0,8,8,False,False,-11.854439735412598,-11.854439735412598,0.0,-11.5625,-11.5625,0.0,0.5670944482654128,0.5670944482654128,0.0,0.24628598959963788,0.24628598959963788,0.0,7.756013636174274,7.756013636174274,0.0,0.7538660230634426,0.7538660230634426,0.5091215586182694,0.5091215586182694,0.99064512976976,0.99064512976976,0.0,0.0,0.0,0.0,0.0,False,0,6.806546365984596e-05,6.806546365984596e-05,0.0,4.308350154066974e-07,4.308350154066974e-07,0.0,5.196862280933126e-07,5.196862280933126e-07,0.0,2.166374506420843e-07,2.166374506420843e-07,0.0,4.308350154066974e-07,4.308350154066974e-07,0.0,2.8373906651597502e-05,2.8373906651597502e-05,0.0,0.24474446444517325,0.24474446444517325,0.0,0.7538660230634426,0.7538660230634426,0.0,0.0012843010802738406,0.0012843010802738406,0.0,7.17404708919152e-06,7.17404708919152e-06,0.0
pccv3_n10_row_r03,10,row,3,33,1,L33H1,0.5,8,8,False,False,-11.854439735412598,-12.015364646911621,-0.16092491149902344,-11.5625,-11.375,0.1875,0.5670944482654128,0.699982204136268,0.13288775587085522,0.24628598959963788,0.30399840868685674,0.05771241908721886,7.756013636174274,7.532123800263981,-0.22388983591029366,0.7538660230634426,0.5305904466368451,0.5091215586182694,0.06234602093885222,0.99064512976976,0.9934217637576381,0.0027766339878780855,0.4470736799633045,0.315918160464249,0.22353683998165225,0.027575866394936317,False,1,6.806546365984596e-05,7.898403280868611e-05,1.0918569148840151e-05,4.308350154066974e-07,4.412011944605258e-07,1.0366179053828377e-08,5.196862280933126e-07,4.1447016540512643e-07,-1.052160626881862e-07,2.166374506420843e-07,1.6230884886231107e-07,-5.432860177977323e-08,4.308350154066974e-07,4.6965622677117067e-07,3.882121136447327e-08,2.8373906651597502e-05,5.4284878945084355e-05,2.5910972293486853e-05,0.24474446444517325,0.46824442569799285,0.2234999612528196,0.7538660230634426,0.5305904466368451,-0.22327557642659757,0.0012843010802738406,0.0010242805223530053,-0.0002600205579208353,7.17404708919152e-06,6.090594619911743e-06,-1.0834524692797777e-06
pccv3_n10_row_r03,10,row,3,33,1,L33H1,1.5,8,8,False,False,-11.854439735412598,-11.829066276550293,0.025373458862304688,-11.5625,-11.6875,-0.125,0.5670944482654128,0.378164937498549,-0.18892951076686376,0.24628598959963788,0.16423494560490795,-0.08205104399472993,7.756013636174274,7.882251667992264,0.12623803181798987,0.7538660230634426,0.8792267173541839,0.5091215586182694,0.7602363205318582,0.99064512976976,0.9872286003399324,-0.0034165294298276194,0.25154812245539976,0.17756564982260445,0.12577406122769988,0.01352050286330072,False,1,6.806546365984596e-05,6.182439760843798e-05,-6.2410660514079785e-06,4.308350154066974e-07,4.434359397648198e-07,1.2600924358122417e-08,5.196862280933126e-07,6.061050669506139e-07,8.641883885730129e-08,2.166374506420843e-07,2.6895749308584775e-07,5.232004244376345e-08,4.308350154066974e-07,3.676213061127257e-07,-6.321370929397168e-08,2.8373906651597502e-05,1.468458156003947e-05,-1.3689325091558032e-05,0.24474446444517325,0.11899039682232569,-0.12575406762284758,0.7538660230634426,0.8792267173541839,0.12536069429074126,0.0012843010802738406,0.0016973068531982954,0.00041300577292445483,7.17404708919152e-06,7.383871317677628e-06,2.0982422848610744e-07
pccv3_n10_row_r04,10,row,4,33,1,L33H1,1.0,7,7,False,False,-13.7754545211792,-13.7754545211792,0.0,-13.75,-13.75,0.0,0.0935711104697774,0.0935711104697774,0.0,0.040637416942583916,0.040637416942583916,0.0,7.017209009143605,7.017209009143605,0.0,0.9816628680820543,0.9816628680820543,0.9636830854797843,0.9636830854797843,0.9930766284542898,0.9930766284542898,0.0,0.0,0.0,0.0,0.0,False,0,0.00010043424320301007,0.00010043424320301007,0.0,2.1969901496800433e-07,2.1969901496800433e-07,0.0,1.509967775484467e-07,1.509967775484467e-07,0.0,4.902147639426309e-08,4.902147639426309e-08,0.0,3.40276490962519e-07,3.40276490962519e-07,0.0,0.00022633206088541492,0.00022633206088541492,0.0,0.9816628680820543,0.9816628680820543,0.0,0.017979782602270004,0.017979782602270004,0.0,2.8774892446685328e-05,2.8774892446685328e-05,0.0,1.0481253807534552e-06,1.0481253807534552e-06,0.0
pccv3_n10_row_r04,10,row,4,33,1,L33H1,0.5,7,7,False,False,-13.7754545211792,-13.827540397644043,-0.05208587646484375,-13.75,-13.8125,-0.0625,0.0935711104697774,0.059760601934517966,-0.03381050853525943,0.040637416942583916,0.025953699655377947,-0.01468371728720597,7.017209009143605,7.008678669517078,-0.008530339626527272,0.9816628680820543,0.9897370665066143,0.9636830854797843,0.9800340257304172,0.9930766284542898,0.9952869991504087,0.0022103706961189573,0.016563139901258763,0.011564480438481342,0.008281569950629382,0.0006522278003250434,False,1,0.00010043424320301007,0.00010779104639319746,7.3568031901873895e-06,2.1969901496800433e-07,2.0808567135806092e-07,-1.1613343609943409e-08,1.509967775484467e-07,1.262103395255509e-07,-2.47864380228958e-08,4.902147639426309e-08,3.615986768742359e-08,-1.2861608706839499e-08,3.40276490962519e-07,3.65201726563675e-07,2.4925235601155984e-08,0.00022633206088541492,0.0004263218585289873,0.00019998979764357237,0.9816628680820543,0.9897370665066143,0.00807419842456003,0.017979782602270004,0.009703040776197092,-0.008276741826072912,2.8774892446685328e-05,2.405143344428098e-05,-4.723459002404348e-06,1.0481253807534552e-06,9.927212170399067e-07,-5.540416371354849e-08
pccv3_n10_row_r04,10,row,4,33,1,L33H1,1.5,7,7,False,False,-13.7754545211792,-13.730061531066895,0.04539299011230469,-13.75,-13.6875,0.0625,0.0935711104697774,0.14791946211420245,0.05434835164442506,0.040637416942583916,0.06424060616229524,0.023603189219711322,7.017209009143605,7.0324379625180695,0.015228953374464282,0.9816628680820543,0.9666659979829361,0.9636830854797843,0.9335885064960913,0.9930766284542898,0.9913777553376804,-0.001698873116609434,0.03021093186586207,0.021280470936667434,0.015105465932931035,0.0011704784392676595,False,1,0.00010043424320301007,9.889990860832221e-05,-1.5343345946878558e-06,2.1969901496800433e-07,2.6095907480866887e-07,4.1260059840664546e-08,1.509967775484467e-07,1.9092173764547806e-07,3.992496009703135e-08,4.902147639426309e-08,6.598078699620445e-08,1.6959310601941363e-08,3.40276490962519e-07,3.147767298951291e-07,-2.549976106738993e-08,0.00022633206088541492,0.00011929606142832872,-0.00010703599945708619,0.9816628680820543,0.9666659979829361,-0.014996870099118209,0.017979782602270004,0.03307749148684482,0.015097708884574818,2.8774892446685328e-05,3.6383243110736295e-05,7.608350664050967e-06,1.0481253807534552e-06,1.098678742362332e-06,5.0553361608876825e-08
pccv3_n10_row_r05,10,row,5,33,1,L33H1,1.0,7,7,False,False,-12.392154693603516,-12.392154693603516,0.0,-12.0625,-12.0625,0.0,0.5867387595920553,0.5867387595920553,0.0,0.25481740560958827,0.25481740560958827,0.0,7.268458683301223,7.268458683301223,0.0,0.7306857025331853,0.7306857025331853,0.46188145461331437,0.46188145461331437,0.9842431173092479,0.9842431173092479,0.0,0.0,0.0,0.0,0.0,False,0,0.0001582599114691502,0.0001582599114691502,0.0,8.304717972871827e-07,8.304717972871827e-07,0.0,5.037066070813313e-07,5.037066070813313e-07,0.0,1.2735697493862405e-07,1.2735697493862405e-07,0.0,2.0997615355333264e-07,2.0997615355333264e-07,0.0,3.116322428505782e-05,3.116322428505782e-05,0.0,0.7306857025331853,0.7306857025331853,0.0,0.26880424791987095,0.26880424791987095,0.0,0.0003147374158714753,0.0003147374158714753,0.0,4.217483785184386e-06,4.217483785184386e-06,0.0
pccv3_n10_row_r05,10,row,5,33,1,L33H1,0.5,7,7,False,False,-12.392154693603516,-12.795980453491211,-0.4038257598876953,-12.0625,-12.625,-0.5625,0.5867387595920553,0.4228723275530193,-0.16386643203903606,0.25481740560958827,0.1836511184058607,-0.07116628720372756,7.268458683301223,7.147536825138586,-0.12092185816263701,0.7306857025331853,0.8516321078091937,0.46188145461331437,0.7036406380661755,0.9842431173092479,0.9896740829403541,0.005430965631106233,0.24191279941160776,0.17094962702608596,0.12095639970580388,0.011202888476018483,False,1,0.0001582599114691502,0.00013495075231456516,-2.330915915458505e-05,8.304717972871827e-07,6.249459669979249e-07,-2.055258302892578e-07,5.037066070813313e-07,3.1424256673214217e-07,-1.8946404034918917e-07,1.2735697493862405e-07,6.384224976470522e-08,-6.351472517391883e-08,2.0997615355333264e-07,1.5801108569556177e-07,-5.196506785777087e-08,3.116322428505782e-05,4.115765408053648e-05,9.99442979547866e-06,0.7306857025331853,0.8516321078091937,0.12094640527600842,0.26880424791987095,0.14799146974301822,-0.12081277817685274,0.0003147374158714753,0.0001963521860139597,-0.00011838522985751563,4.217483785184386e-06,2.800813509846453e-06,-1.4166702753379333e-06
pccv3_n10_row_r05,10,row,5,33,1,L33H1,1.5,7,7,False,False,-12.392154693603516,-12.218265533447266,0.17388916015625,-12.0625,-11.5625,0.5,0.5867387595920553,0.6965133839471661,0.10977462435511076,0.25481740560958827,0.30249191922001517,0.047674513610426905,7.268458683301223,7.468504270555774,0.20004558725455102,0.7306857025331853,0.5308743312710013,0.46188145461331437,0.0623793782626742,0.9842431173092479,0.9777164672282197,-0.006526650081028151,0.3996637684186238,0.28249067525049926,0.1998318842093119,0.021643612818987083,False,1,0.0001582599114691502,0.00014764055066571695,-1.061936080343326e-05,8.304717972871827e-07,9.345226712712796e-07,1.0405087398409693e-07,5.037066070813313e-07,6.422874127518505e-07,1.385808056705192e-07,1.2735697493862405e-07,1.898597965594393e-07,6.250282162081525e-08,2.0997615355333264e-07,2.2196859034362987e-07,1.1992436790297237e-08,3.116322428505782e-05,2.126963796065669e-05,-9.893586324401128e-06,0.7306857025331853,0.5308743312710013,-0.19981137126218407,0.26880424791987095,0.46849495300832705,0.1996907050884561,0.0003147374158714753,0.0004547649117440776,0.0001400274958726023,4.217483785184386e-06,5.051981830279026e-06,8.344980450946396e-07
