raw_sample_id,cohort_uid,selected_alpha,selected_score,mu,token_length,g_norm,h_norm,pg_norm,ph_norm,sa_sensitivity,cos_pug_puh,gradient_capture,activation_capture,mech__log_pg_norm,mech__log_h_norm,mech__log_sa_sensitivity,mech__cos_pug_puh,mech__gradient_capture,mech__activation_capture
30134790,natural_ugr_v2_final::q30134790::i92359357,2.0,0.1736211169867137,5.477595019845287,22,0.007216279518487591,72.1435422515383,0.00584664292253458,26.494406739963974,0.42179753071153087,0.6514180101645103,0.810201837048565,0.36724571476664686,-2.233093429423931,1.858197462386679,-0.3748959670372517,0.6514180101645103,0.810201837048565,0.36724571476664686
923154171918,natural_ugr_v2_final::q923154171918::i92315417,4.0,0.190591065106687,1.0094641717869295,25,0.00017896817933613153,61.86751424135609,0.00010756759352075599,9.126432673015918,0.006654939624053774,-0.7499779878455587,0.6010431235305045,0.14751574853019137,-3.968318547209631,1.7914626669663463,-2.1768558802432847,-0.7499779878455587,0.6010431235305045,0.14751574853019137
923514451928,natural_ugr_v2_final::q923514451928::i92351445,4.0,0.92590414236163,4.396767598672656,28,0.011499727966116412,91.90208238546404,0.007144551475182357,23.647032488923692,0.6565991582793976,0.9451531408841921,0.6212800421221749,0.25730681911799524,-2.146025030409407,1.963325352063698,-0.1826996783457089,0.9451531408841921,0.6212800421221749,0.25730681911799524
9240518013706,natural_ugr_v2_final::q9240518013706::i92405180,2.0,0.1854284290217215,2.1871661729537295,28,0.006768214608649668,46.29865495846967,0.005060613666097604,10.258056972850698,0.23429960600476923,-0.44441166311976354,0.7477028963635731,0.22156274263371736,-2.295796816037625,1.6655683743311371,-0.6302284417064878,-0.44441166311976354,0.7477028963635731,0.22156274263371736
923890107707,natural_ugr_v2_final::q923890107707::i92389010,1.5,0.4970562331257223,6.839491795269993,26,0.006239067061043812,51.20273536218267,0.005260832512006167,7.275065040050691,0.2693690148970184,0.6355764250395644,0.8432082009270815,0.14208352324520362,-2.278945524522815,1.7092931625572734,-0.5696523619655418,0.6355764250395644,0.8432082009270815,0.14208352324520362
9240396517068,natural_ugr_v2_final::q9240396517068::i92403965,2.0,0.1134220355316881,5.520185454713321,25,0.004806498189724059,55.595782532879426,0.0040400660335546245,5.050910027649887,0.22461063261997566,0.6760836481324132,0.8405425060165402,0.09085059688948116,-2.3936115364304777,1.7450418474782934,-0.6485696889521844,0.6760836481324132,0.8405425060165402,0.09085059688948116
9236379815973,natural_ugr_v2_final::q9236379815973::i92363798,2.0,0.1447235166411496,2.0721735978406204,28,0.002511538349162659,60.33247817698296,0.0019536431773912472,11.349457028651159,0.11786813436556907,0.1635577828856956,0.7778671498456662,0.18811521375531717,-2.709154754967812,1.7805511644757734,-0.9286035904920389,0.1635577828856956,0.7778671498456662,0.18811521375531717
30112816,natural_ugr_v2_final::q30112816::i92394915,2.0,0.1211541731776266,4.984104079956425,23,0.003964241067842805,77.53593120995372,0.003345732062807492,32.15806186210242,0.25941445106877825,0.8103442755629329,0.8439779532953876,0.4147504435720779,-2.4755088417069984,1.8895030071505772,-0.5860058345564212,0.8103442755629329,0.8439779532953876,0.4147504435720779
30137487,natural_ugr_v2_final::q30137487::i92354859,1.5,0.5052738729434959,9.588894125064098,24,0.0030540663814707008,80.20042622295695,0.002590714514146616,20.706229696693377,0.20777640825655944,0.9445870845348576,0.848283629283475,0.25818104306740364,-2.5865804418045437,1.904176676336363,-0.6824037654681806,0.9445870845348576,0.848283629283475,0.25818104306740364
30152637,natural_ugr_v2_final::q30152637::i92329534,2.0,0.1196584093718047,5.04529798373815,22,0.003503959696947237,66.31687962196445,0.0030024351214098252,15.255798751528966,0.19911212851929358,0.7630999985812259,0.8568691940223068,0.2300439773175965,-2.522526368344084,1.8216240833618231,-0.7009022849822611,0.7630999985812259,0.8568691940223068,0.2300439773175965
9236394016419,natural_ugr_v2_final::q9236394016419::i92363940,2.0,0.1431668602342457,5.7291688092726805,24,0.0071431077336424785,63.29636894230022,0.005698735781847937,10.778098280607802,0.3607092825525347,-0.1259447586843465,0.7977950206474047,0.17027988272807423,-2.2442214783385994,1.8013787970070358,-0.44284268133156346,-0.1259447586843465,0.7977950206474047,0.17027988272807423
30111235,natural_ugr_v2_final::q30111235::i92397408,4.0,0.1071727124790804,2.3414458478410545,22,0.01123989938542131,58.284879554847045,0.007186877285100161,11.495084493261125,0.418886276937529,0.6397015477769816,0.6394076173334688,0.19722241138791508,-2.143459770595992,1.7655559033421968,-0.3779038672537954,0.6397015477769816,0.6394076173334688,0.19722241138791508
9235760713243,natural_ugr_v2_final::q9235760713243::i92357607,1.5,0.3220066055960341,6.720621160862929,24,0.004869667377332241,84.593358226887,0.0034445787043594035,30.920800348351214,0.29138848027858133,0.8987107741377435,0.7073540013006911,0.36552279039944063,-2.4628638877071616,1.9273362661283087,-0.5355276215788528,0.8987107741377435,0.7073540013006911,0.36552279039944063
30145830,natural_ugr_v2_final::q30145830::i92340863,2.0,0.119636725806891,3.372841801963251,24,0.009124084856501966,59.778697040103715,0.006570469676100193,15.645666991228586,0.39277411617878183,0.6004969992964663,0.720123692341372,0.2617264638727803,-2.1824035847099355,1.7765464447537804,-0.405857139956155,0.6004969992964663,0.720123692341372,0.2617264638727803
30102531,natural_ugr_v2_final::q30102531::i92406868,2.0,0.1576986967746708,4.927933436753818,22,0.00322454141759393,80.7236885785065,0.002902302324545589,33.5284262836875,0.23428454900729362,0.7440115415363563,0.9000666912541048,0.4153480455873864,-2.5372573503258526,1.9070009982820217,-0.6302563520438307,0.7440115415363563,0.9000666912541048,0.4153480455873864
30113986,natural_ugr_v2_final::q30113986::i92393027,2.0,0.1046628096858685,4.764074758744199,22,0.005749169553683372,69.17171121321503,0.005001651807922143,10.538115779607473,0.3459728144466453,-0.6631784819510489,0.8699781353148107,0.1523471892595625,-2.300886545144797,1.839928519661102,-0.460958025483695,-0.6631784819510489,0.8699781353148107,0.1523471892595625
30139717,natural_ugr_v2_final::q30139717::i92351014,2.0,0.1010540938000083,5.183120730658581,24,0.008537670105527079,70.92369699953522,0.007576831690428817,22.57750857542748,0.5373769150284496,0.9886922853991067,0.8874589433390921,0.31833519021964457,-2.1205123599367766,1.8507913657423358,-0.26972099419444084,0.9886922853991067,0.8874589433390921,0.31833519021964457
9239504416066,natural_ugr_v2_final::q9239504416066::i92395044,2.0,0.682648284210212,9.291534616419769,25,0.001672646522795584,71.36846598322427,0.000632660369908068,25.700931823398722,0.04515200008871803,0.7170484629809274,0.3782391325877202,0.36011607464618806,-3.198829369064303,1.8535063619918912,-1.3453230070724118,0.7170484629809274,0.3782391325877202,0.36011607464618806
9238198313898,natural_ugr_v2_final::q9238198313898::i92381983,4.0,0.1467750060265132,1.4365032524202466,23,0.00377999395216624,58.399801690550184,0.002901428065290459,14.271374526619626,0.1694428236323595,0.6742810423502764,0.7675747903320607,0.24437368130530676,-2.537388192369719,1.766411372371886,-0.770976819997833,0.6742810423502764,0.7675747903320607,0.24437368130530676
30117110,natural_ugr_v2_final::q30117110::i92388362,4.0,0.1919302262108407,2.6057776738824696,24,0.007497287662570433,66.66530749914145,0.006001260151504539,7.825117041851388,0.4000758533823943,-0.8496706235419145,0.800457501646271,0.11737914869667651,-2.2217575463860477,1.8238998866697174,-0.3978576597163305,-0.8496706235419145,0.800457501646271,0.11737914869667651
924143379358,natural_ugr_v2_final::q924143379358::i92414337,4.0,0.413128579913432,4.472547411901102,26,0.010975653311707415,53.322041662120064,0.008581688792441975,14.173852277412374,0.45759316732193983,0.5310161409758898,0.7818840982602953,0.26581600845718306,-2.0664272388333864,1.726906769879429,-0.33952046895395765,0.5310161409758898,0.7818840982602953,0.26581600845718306
30095435,natural_ugr_v2_final::q30095435::i92410657,1.5,0.1131304944684988,3.74711128258201,23,0.006138014001125349,65.78764085332207,0.0052532109098210435,10.575941806792624,0.3455963526620601,-0.9299548466105337,0.8558486358711328,0.16075879404723434,-2.2795751624687965,1.8181443128639059,-0.4614308496048907,-0.9299548466105337,0.8558486358711328,0.16075879404723434
924120509962,natural_ugr_v2_final::q924120509962::i92412050,2.0,0.1104631541040877,4.11172347657358,27,0.010189165564792924,70.78098461266296,0.008411966133415591,23.938410232548875,0.5954072454515309,0.8270634237491982,0.8255794922482986,0.3382039733347565,-2.075102484452233,1.8499165996814357,-0.22518588477079723,0.8270634237491982,0.8255794922482986,0.3382039733347565
9237564015904,natural_ugr_v2_final::q9237564015904::i92375640,2.0,0.3371806968204259,7.140743720524637,25,0.0061662589216719115,86.95344499096448,0.005269742785849635,39.04185266457736,0.4582222894459082,0.9526541529598432,0.8546093916570088,0.44899719233245194,-2.27821058201939,1.9392867929048963,-0.33892378911449395,0.9526541529598432,0.8546093916570088,0.44899719233245194
30140560,natural_ugr_v2_final::q30140560::i92349646,2.0,0.1498955633552057,4.684965555873273,22,0.007880079499939368,69.74347232977694,0.007022596209644079,4.804730494359601,0.4897802444305082,0.9619698914830376,0.8911834213979838,0.06889147233221746,-2.153502302246525,1.8435035658693382,-0.3099987363771869,0.9619698914830376,0.8911834213979838,0.06889147233221746
30104011,natural_ugr_v2_final::q30104011::i92406151,2.0,0.1577179140688639,2.3322847040768693,22,0.004167453573647085,62.498148830837245,0.0034973495292618378,14.30208048868203,0.21857787139326493,0.7533759688379292,0.8392053966425316,0.22884006576567967,-2.4562609616158455,1.795867153912736,-0.6603938077031095,0.7533759688379292,0.8392053966425316,0.22884006576567967
9240414610787,natural_ugr_v2_final::q9240414610787::i92404146,2.0,0.1109322652974372,4.859122638068962,28,0.00774280966256586,62.811526502095816,0.0070576789551539554,21.075583520387827,0.4433035887349366,0.9554133978212953,0.9115139416736144,0.33553687824613854,-2.1513381010307726,1.798039348146645,-0.3532987528841275,0.9554133978212953,0.9115139416736144,0.33553687824613854
923553787032,natural_ugr_v2_final::q923553787032::i92355378,2.0,0.1372952031813678,3.574096996940087,25,0.00895718316619565,64.66985222733305,0.007944842471033728,21.070626954593834,0.5137917885711908,0.9162236555381773,0.8869800163311956,0.3258183872219863,-2.0999147094873174,1.8107018685715615,-0.28921284091575594,0.9162236555381773,0.8869800163311956,0.3258183872219863
9235271814158,natural_ugr_v2_final::q9235271814158::i92352718,2.0,0.1440670616512182,2.2340035067284885,28,0.004637873793483054,56.517651499158674,0.003709095403175847,7.17423241144529,0.20962936137382396,-0.00034122383584023685,0.7997404777136696,0.12693790738194574,-2.43073199585986,1.7521841071371216,-0.6785478887227385,-0.00034122383584023685,0.7997404777136696,0.12693790738194574
9232808817062,natural_ugr_v2_final::q9232808817062::i92328088,1.5,0.517638436743476,8.715311248771854,28,0.00349519992015287,86.11856272100005,0.00292684770702786,38.26779727280787,0.2520559178324939,0.726585666766604,0.8373906425644024,0.4443617736257952,-2.5335998746684076,1.9350967730378008,-0.5985031016306067,0.726585666766604,0.8373906425644024,0.4443617736257952
924055797394,natural_ugr_v2_final::q924055797394::i92405579,2.0,0.1120923020235806,7.122328302581918,29,0.008834988860320822,76.84787149610196,0.007435606570876559,16.434850076082512,0.5714105382542931,0.6586151950850485,0.8416090487981162,0.2138621377030092,-2.1286835974662486,1.8856318430745496,-0.24305175439169877,0.6586151950850485,0.8416090487981162,0.2138621377030092
9237288911979,natural_ugr_v2_final::q9237288911979::i92372889,2.0,0.2065204135507768,4.863027728318118,30,0.0027561414457817806,68.75085529267587,0.001871068538458289,14.591235243866462,0.12863756233022436,-0.12879461680361526,0.6788724654614233,0.21223350868510416,-2.727910303719095,1.8372781053616316,-0.8906321983574633,-0.12879461680361526,0.6788724654614233,0.21223350868510416
9233749219060,natural_ugr_v2_final::q9233749219060::i92337492,1.5,0.1320533941978995,3.3921560054282978,26,0.011000332786418732,59.68226688743996,0.008361538702616909,9.744492926931397,0.49903558443924084,-0.2527675223949187,0.7601168860036908,0.16327283521769362,-2.0777137956990384,1.7758453104098062,-0.301868485289232,-0.2527675223949187,0.7601168860036908,0.16327283521769362
9232076919537,natural_ugr_v2_final::q9232076919537::i92320769,4.0,0.1413073399559282,1.0939470509634,23,0.001609662196198262,70.0231298405493,0.000982257845337881,11.145337370682999,0.06878076864099263,-0.44235383471854395,0.6102260757926729,0.1591665124946887,-3.0077744937726147,1.8452415186269784,-1.1625329751456364,-0.44235383471854395,0.6102260757926729,0.1591665124946887
30146398,natural_ugr_v2_final::q30146398::i92339874,2.0,0.1188861983881584,2.0235156365241362,23,0.00321880264118318,60.02241442141017,0.0026998035932311536,10.44908375856937,0.16204873012933257,0.4401577840076448,0.8387602143381954,0.17408636189153617,-2.5686678289812015,1.7783134610789306,-0.7903543679022708,0.4401577840076448,0.8387602143381954,0.17408636189153617
923524163339,natural_ugr_v2_final::q923524163339::i92352416,4.0,0.1244380691519624,1.0022008561459839,25,3.1776232846878235e-05,55.041497265514295,2.065379473548755e-05,7.862706240026689,0.0011368157864558315,-0.40393974005851907,0.6499761892799896,0.14285051516854338,-4.685000143461518,1.7406902392773542,-2.944309904184164,-0.40393974005851907,0.6499761892799896,0.14285051516854338
90004849371,natural_ugr_v2_final::q90004849371::i90004849,2.0,0.1291676216213558,2.0889034249014395,25,0.002931273456180917,64.18779638433787,0.0025008309899913744,13.499058964720515,0.16052283037720844,0.8943825885051756,0.8531551311659761,0.2103056924386697,-2.6019156575675075,1.807452466281728,-0.7944631912857796,0.8943825885051756,0.8531551311659761,0.2103056924386697
923685986883,natural_ugr_v2_final::q923685986883::i92368598,1.5,0.12018728464045,3.2466502755643285,32,0.009145066991782096,57.55540650957804,0.005938362514351603,10.000967834356157,0.3417848685147465,-0.2755159818480387,0.6493514503161005,0.1737624393755581,-2.2263332939112574,1.7600861256546252,-0.46624716825663215,-0.2755159818480387,0.6493514503161005,0.1737624393755581
923173779531,natural_ugr_v2_final::q923173779531::i92317377,2.0,0.2933041205803368,6.2604992095144505,31,0.0065955745169510825,73.48865720858781,0.0051364514678454145,14.687479691215295,0.37747092118903935,0.704892615711422,0.7787724109013369,0.19986049887300064,-2.289336810995085,1.866220311983968,-0.42311649901111675,0.704892615711422,0.7787724109013369,0.19986049887300064
923413654096,natural_ugr_v2_final::q923413654096::i92341365,2.0,0.1589140224119472,3.10689481168003,25,0.0043785887324223486,74.72305292514501,0.0035286869974149046,19.339825151657184,0.263674265264105,0.7579706155869321,0.8058959662701054,0.2588200614746182,-2.4523868628427046,1.8734546073529066,-0.578932255489798,0.7579706155869321,0.8058959662701054,0.2588200614746182
30114891,natural_ugr_v2_final::q30114891::i92391698,4.0,0.1839217763513072,5.912325451787575,24,0.008806265403692693,66.99609765414382,0.007641644815247103,21.24524817713365,0.5119603822805767,0.805920089404116,0.8677509097151178,0.3171117262203643,-2.1168131522486404,1.8260495069302485,-0.29076364531839205,0.805920089404116,0.8677509097151178,0.3171117262203643
9236942310219,natural_ugr_v2_final::q9236942310219::i92369423,4.0,0.1028356240847069,3.211103735423762,24,0.008505228866246838,56.16408706896483,0.00608290346323796,13.721986937015732,0.3416407197414045,0.9556612606025846,0.7151957412196251,0.24431959376756668,-2.215889075813213,1.749458703945713,-0.46643037186749975,0.9556612606025846,0.7151957412196251,0.24431959376756668
9235661318067,natural_ugr_v2_final::q9235661318067::i92356613,4.0,0.1190340738954204,2.3813272265658414,26,0.011876159108232578,55.67965738322606,0.007269513956119545,11.435797666140004,0.40476404641931646,-0.6060238340513833,0.612109848804594,0.20538556096764218,-2.138494625348907,1.7456965542420149,-0.39279807110689213,-0.6060238340513833,0.612109848804594,0.20538556096764218
30110255,natural_ugr_v2_final::q30110255::i92399005,2.0,0.1516473074924641,4.941653265317223,22,0.0025817538341405756,85.0370197868501,0.002270886457326408,35.65390481629907,0.19310941660535566,0.6266387668949426,0.8795906206458097,0.41927509813570035,-2.6438045796461114,1.9296080314681388,-0.7141965481779725,0.6266387668949426,0.8795906206458097,0.41927509813570035
30120855,natural_ugr_v2_final::q30120855::i92382533,2.0,0.1590149527639358,2.0265462535074894,22,0.002998304627010451,69.26473554370955,0.002210189886758973,15.926060281158907,0.15308821800774164,0.8258320503287108,0.7371465416983692,0.2299302835150328,-2.6555704126366213,1.840512180401371,-0.81505823223525,0.8258320503287108,0.7371465416983692,0.2299302835150328
30150441,natural_ugr_v2_final::q30150441::i92333262,2.0,0.1548201211992647,4.965471227469935,25,0.003872815043523995,71.13210549568115,0.003333797945525568,24.94325994531929,0.23714006716240976,0.5902540272688221,0.8608203356109775,0.3506610660756238,-2.477060725384571,1.8520656639153785,-0.6249950614691924,0.5902540272688221,0.8608203356109775,0.3506610660756238
30092610,natural_ugr_v2_final::q30092610::i90000028,2.0,0.843507897307414,8.678646675646757,24,0.005182738752175674,74.11387299679066,0.004627580401820262,26.98530579492064,0.34296790618294437,0.9375648563175905,0.8928832077205587,0.3641059993732777,-2.3346460268671096,1.8698995089513548,-0.464746517915755,0.9375648563175905,0.8928832077205587,0.3641059993732777
30166080,natural_ugr_v2_final::q30166080::i92416176,4.0,1.1296245912452731,4.883190872110378,24,0.01836071022583736,95.45559988720315,0.015094086060318108,18.256209012426186,1.4408150396367359,0.9267361776382984,0.8220861761152121,0.19125341031850376,-1.8211931781676818,1.979801411292009,0.15860823312432712,0.9267361776382984,0.8220861761152121,0.19125341031850376
30134700,natural_ugr_v2_final::q30134700::i92359504,2.0,0.1370866188171572,5.274575133381982,22,0.009131195353055758,77.0672451365673,0.008020610245372367,18.62940927484526,0.6181263359249753,0.8409578476623195,0.8783746196699501,0.2417292747630066,-2.0957925873124252,1.8868698348732442,-0.20892275243918126,0.8409578476623195,0.8783746196699501,0.2417292747630066
9234192612032,natural_ugr_v2_final::q9234192612032::i92341926,4.0,0.1950081767901949,1.043387622190802,24,0.0006769147079564957,61.04822466848429,0.0004484775164170775,14.076301313992422,0.0273787561809936,-0.7589818978766439,0.6625317948415749,0.2305767512557857,-3.348259324617113,1.7856730388314073,-1.5625862857857058,-0.7589818978766439,0.6625317948415749,0.2305767512557857
915932573220,natural_ugr_v2_final::q915932573220::i91593257,4.0,0.1037798670133724,3.63833409755784,25,0.010525822497476004,61.01615371889857,0.006584082965622681,14.02486046309223,0.4017354183284151,0.6314489988415325,0.6255171951837003,0.22985487626284612,-2.181504705243371,1.7854448275065478,-0.39605987773682355,0.6314489988415325,0.6255171951837003,0.22985487626284612
30152011,natural_ugr_v2_final::q30152011::i92330633,2.0,0.1093501757403816,5.3783919133803035,22,0.008012889384742643,45.52641246223034,0.007089634979409731,2.977087112356685,0.32276564627926335,0.48702345933476565,0.8847788405651922,0.06539252603807819,-2.149376124550227,1.6582634287126832,-0.4911126958375439,0.48702345933476565,0.8847788405651922,0.06539252603807819
30135394,natural_ugr_v2_final::q30135394::i92358341,2.0,0.1439035281152418,4.898646604939,23,0.0039015712629176555,71.87804721821873,0.003617178049658864,28.902182899250988,0.25999569465008415,0.6328724428681916,0.9271080305614825,0.4021002798184706,-2.4416301132784146,1.856596269690801,-0.5850338435876138,0.6328724428681916,0.9271080305614825,0.4021002798184706
9240976520699,natural_ugr_v2_final::q9240976520699::i92409765,4.0,0.106117365573422,4.872479362842974,23,0.009736765172815976,70.40217105413447,0.005647165004325155,20.592068417269058,0.39757267660542156,0.8734463066827087,0.5799836911021994,0.292491951724545,-2.248169522441805,1.8475860520723992,-0.40058347036940556,0.8734463066827087,0.5799836911021994,0.292491951724545
9238583118932,natural_ugr_v2_final::q9238583118932::i92385831,1.5,0.9018514413168928,8.847833338136915,26,0.0054674992348693885,61.5019568870443,0.004653978514846811,19.239723777124972,0.286228785973339,0.8157280552520497,0.8512078950401514,0.3128310829598646,-2.332175625970864,1.7888889345026406,-0.5432866914682234,0.8157280552520497,0.8512078950401514,0.3128310829598646
9236369016291,natural_ugr_v2_final::q9236369016291::i92363690,4.0,0.1765718213166691,1.0819853432997513,23,0.0010248473416952899,61.19256777049731,0.00065066497699309,17.64244982207648,0.03981586070053873,-0.3619932693687343,0.6348896567529443,0.28831033677561096,-3.1866425691813,1.7866986775006204,-1.3999438916806795,-0.3619932693687343,0.6348896567529443,0.28831033677561096
9237225919880,natural_ugr_v2_final::q9237225919880::i92372259,4.0,0.5433615702553902,6.008413668621579,23,0.0060718552230184355,67.55121464356125,0.0031951784743044485,23.348413196105923,0.21583818694222637,0.7137318745614569,0.5262277107977658,0.34564016826796484,-2.49550487827529,1.8296331625105806,-0.6658717157647097,0.7137318745614569,0.5262277107977658,0.34564016826796484
30132620,natural_ugr_v2_final::q30132620::i92363013,2.0,0.1174119903205839,4.883105026997766,22,0.0037858155255748923,64.2522346537657,0.003425894354925823,22.559206265849056,0.22012136799170526,0.660580486682369,0.904929025670258,0.3511038392269662,-2.465226033600564,1.8078882367647726,-0.6573377968357913,0.660580486682369,0.904929025670258,0.3511038392269662
9235377918392,natural_ugr_v2_final::q9235377918392::i92353779,2.0,0.1073434879844365,3.1672367020726835,23,0.003211229352420774,87.62846169619915,0.0027706531481529293,46.25337490454146,0.24278807326637256,0.9893067502293202,0.862801389774381,0.5278350664752989,-2.557417839166057,1.9426451877891135,-0.6147726513769437,0.9893067502293202,0.862801389774381,0.5278350664752989
9234382610210,natural_ugr_v2_final::q9234382610210::i92343826,2.0,0.1754944504491786,6.134120266516922,25,0.006955494050165105,79.48517534634837,0.005364467735156495,20.933617704202423,0.42639565856874234,0.8883671731305215,0.7712561748261659,0.263365056603151,-2.2704733624495583,1.900286136635904,-0.3701872258136542,0.8883671731305215,0.7712561748261659,0.263365056603151
30104637,natural_ugr_v2_final::q30104637::i92405825,2.0,0.1279126678755671,5.0473656158725655,22,0.003012827370164713,70.54706123296454,0.002758504938977351,21.40983636772233,0.19460441684147028,0.7607375771121259,0.9155867894371066,0.3034830366217743,-2.559326234121072,1.8484789271351598,-0.7108473069859121,0.7607375771121259,0.9155867894371066,0.3034830366217743
30153302,natural_ugr_v2_final::q30153302::i92328335,1.5,0.937219538433558,9.125378684801946,24,0.003930483275149834,77.69396479324304,0.0035301898884297815,23.64614769101901,0.27427444890512603,0.9684611129397106,0.8981567001567275,0.3043498649341099,-2.4522019333432725,1.890387284453554,-0.5618146488897185,0.9684611129397106,0.8981567001567275,0.3043498649341099
9233249017404,natural_ugr_v2_final::q9233249017404::i92332490,4.0,0.1570144911503669,1.0320769696550436,23,0.0005989225502287099,56.24256097375287,0.00040064104206021233,12.00506204138582,0.02253307823665938,-0.8321193652670608,0.6689363122280502,0.2134515540106417,-3.3972445632120043,1.7500650878198525,-1.6471794753921518,-0.8321193652670608,0.6689363122280502,0.2134515540106417
923701314167,natural_ugr_v2_final::q923701314167::i92370131,4.0,0.105103087582921,1.0690848133287834,26,0.000828467536139168,63.516040197432304,0.000550952255006542,6.843651489810505,0.034994305575861494,-0.6967808386309252,0.665025762595472,0.10774682219700413,-3.258886035060421,1.802883414891174,-1.456002620169247,-0.6967808386309252,0.665025762595472,0.10774682219700413
923447189414,natural_ugr_v2_final::q923447189414::i92344718,1.5,0.1378307699076345,4.5349534882638745,23,0.014243079983010522,55.74759374808929,0.010195417946262995,6.914402756249152,0.5683700177602483,0.4013607973585813,0.7158155369782608,0.12403051488632438,-1.9915949662531491,1.7462261265277341,-0.24536883972541507,0.4013607973585813,0.7158155369782608,0.12403051488632438
92356854547,natural_ugr_v2_final::q92356854547::i92356854,4.0,0.2452592041776191,5.238517613543449,25,0.009005099762381261,62.56299163313596,0.005481722627503122,22.531212830249608,0.3429529668796499,0.7061686346278715,0.6087353579804833,0.3601364359679396,-2.2610829433299786,1.7963175076141096,-0.464765435715869,0.7061686346278715,0.6087353579804833,0.3601364359679396
30152383,natural_ugr_v2_final::q30152383::i92329986,4.0,0.4613981757326758,4.308473190389209,23,0.025271178218035012,63.970318322577675,0.021775243571313743,7.497962888202916,1.3929692628086032,0.5301820734200867,0.8616631715166188,0.11721002935132474,-1.6620369784059073,1.8059785118148737,0.14394153340896645,0.5301820734200867,0.8616631715166188,0.11721002935132474
924165607978,natural_ugr_v2_final::q924165607978::i92416560,4.0,0.1860340874888181,1.0171353905226448,23,0.00025359619213594987,59.60281500373876,0.0001796395293110586,12.621953458825226,0.010707021632885732,-0.12756968115728162,0.7083684017414426,0.21176774046718225,-3.7455980915400606,1.7752667716818458,-1.970331319858215,-0.12756968115728162,0.7083684017414426,0.21176774046718225
923453586147,natural_ugr_v2_final::q923453586147::i92345358,2.0,0.1464387113424093,2.9523762873921466,29,0.007787121800035359,61.29196354503339,0.006467822153405197,11.210741746178098,0.3964255196422707,0.3078973267009534,0.8305792973953263,0.18290720508474437,-2.189241930456522,1.787403534602451,-0.40183839585407105,0.3078973267009534,0.8305792973953263,0.18290720508474437
30103723,natural_ugr_v2_final::q30103723::i92406284,1.5,0.7415629246017644,8.17251614718627,27,0.004421933657576382,77.57790116479264,0.003574848397390618,39.1320326225067,0.2773292356518867,0.9920982523559811,0.808435556527539,0.504422419722101,-2.446742371086049,1.8897380257811922,-0.557004345304857,0.9920982523559811,0.808435556527539,0.504422419722101
30104430,natural_ugr_v2_final::q30104430::i92405951,4.0,0.192756679195013,3.970941143552779,24,0.02078075802743804,74.41986380013378,0.01589744026771575,11.390805065523729,1.1830853394941685,-0.8281365730778806,0.7650077175589763,0.15306135329830114,-1.7986727981386672,1.8716888708601396,0.07301607272147224,-0.8281365730778806,0.7650077175589763,0.15306135329830114
924086818047,natural_ugr_v2_final::q924086818047::i92408681,2.0,0.1377572050742197,2.4674474680398517,25,0.00927589952926312,72.92788563166917,0.007844102554091629,18.633787145609485,0.5720538139478784,0.6153130876691442,0.8456433286438115,0.25550976809778375,-2.105456736984756,1.862893622423412,-0.24256311456134375,0.6153130876691442,0.8456433286438115,0.25550976809778375
9240607316415,natural_ugr_v2_final::q9240607316415::i92406073,4.0,0.1450158550807052,1.0061747670666978,24,6.907315832521961e-05,63.61661609100956,3.470441927151552e-05,16.384563152089612,0.0022077777174574365,-0.9460241364794835,0.5024298890187627,0.2575516297290939,-4.459615218493618,1.8035705642984257,-2.6560446541951928,-0.9460241364794835,0.5024298890187627,0.2575516297290939
923637791195,natural_ugr_v2_final::q923637791195::i92363779,2.0,0.1301634448881193,1.8327337363018297,26,0.0025872281687696584,54.85762249178831,0.0017633601467087717,7.63607264134998,0.09673374524521425,-0.621751529875024,0.6815634461599602,0.13919802380230806,-2.7536589788210786,1.739236981520942,-1.0144219973001367,-0.621751529875024,0.6815634461599602,0.13919802380230806
9234783612490,natural_ugr_v2_final::q9234783612490::i92347836,4.0,0.1000084510415202,3.186410849121641,25,0.011264209997917968,49.526575983419974,0.008053144290223276,6.651523023182203,0.3988446625951878,-0.1817456941511901,0.7149320095871603,0.13430209722975672,-2.0940345194737757,1.6948383040997914,-0.39919621537398403,-0.1817456941511901,0.7149320095871603,0.13430209722975672
30112581,natural_ugr_v2_final::q30112581::i92395271,2.0,0.3276908026437606,8.763116703602256,22,0.0026526334900763815,78.7708699480981,0.0010847876668131462,36.3568146296301,0.0854496682238391,0.367804958262231,0.40894743690426305,0.4615515183923385,-2.964655261037339,1.8963656418584525,-1.0682896191788867,0.367804958262231,0.40894743690426305,0.4615515183923385
30130698,natural_ugr_v2_final::q30130698::i92366359,2.0,0.1454646112946954,4.868635140441414,20,0.004727405427180174,71.61300624697272,0.004106802491037844,21.121039677530117,0.2941004724457762,0.8638463291579437,0.8687222947762892,0.29493301265261385,-2.386496183222559,1.8549919053849457,-0.5315042778376134,0.8638463291579437,0.8687222947762892,0.29493301265261385
923227237600,natural_ugr_v2_final::q923227237600::i92322723,2.0,0.1628198180682138,6.538474334512381,34,0.007557520939526951,75.74543584889149,0.005892982682804934,11.694758028994976,0.44636654175902957,0.6819697754850824,0.7797507582127579,0.1543955473743059,-2.2296648351263526,1.8793564689187712,-0.3503083662075813,0.6819697754850824,0.7797507582127579,0.1543955473743059
30121685,natural_ugr_v2_final::q30121685::i92381121,2.0,0.2275772397294051,6.665491762869425,24,0.007279284405300863,68.49819558360173,0.0053280900577045015,14.252974484825996,0.36496455485968676,0.8721602939541008,0.7319524504118182,0.2080781013775802,-2.2734284431407628,1.8356791312237193,-0.4377493119170435,0.8721602939541008,0.7319524504118182,0.2080781013775802
9237311110298,natural_ugr_v2_final::q9237311110298::i92373111,4.0,0.2252373454290494,2.7468191430435063,26,0.006011930924192711,77.97225897857949,0.004750350210273873,26.501872155430856,0.370395536834424,0.9494172598571954,0.7901538241495608,0.3398884744728435,-2.3232743716840005,1.8919401165949243,-0.43133425508907625,0.9494172598571954,0.7901538241495608,0.3398884744728435
30151574,natural_ugr_v2_final::q30151574::i92331343,2.0,0.1118957690032443,4.760322412639289,25,0.008647321879047765,81.07642831135163,0.007893690118336051,41.08784127151083,0.6399922009912976,0.9329310983396077,0.9128479578703155,0.5067791234429362,-2.102719926653229,1.9088946083135516,-0.19382531833967728,0.9329310983396077,0.9128479578703155,0.5067791234429362
923570019453,natural_ugr_v2_final::q923570019453::i92357001,1.5,0.1380194275795701,3.5608263853268243,23,0.012115947484179405,78.26020814730515,0.008363220260434623,22.919488901669425,0.6545073583633731,0.832496366362144,0.6902654762539234,0.2928626110798128,-2.0776264651389615,1.8935409986516258,-0.18408546648733576,0.832496366362144,0.6902654762539234,0.2928626110798128
923439411337,natural_ugr_v2_final::q923439411337::i92343941,4.0,0.1064595430127259,1.0185532113813913,25,0.0003560889278978052,62.14369497214584,0.000227663855197597,9.409228133891872,0.014147873173582248,-0.8884435374086502,0.6393455043424848,0.15141082515465637,-3.6427059141993694,1.7933970721939163,-1.849308842005453,-0.8884435374086502,0.6393455043424848,0.15141082515465637
900023333823,natural_ugr_v2_final::q900023333823::i90002333,2.0,0.1613991752847023,2.1403477989771993,25,0.0035282013291616,54.87614518332689,0.0028583360355349295,11.909725162928314,0.1568544632687498,0.6786040816661604,0.8101397196100912,0.21702918678309177,-2.5438867154331852,1.739383596423028,-0.8045031190101573,0.6786040816661604,0.8101397196100912,0.21702918678309177
30128243,natural_ugr_v2_final::q30128243::i92370534,4.0,0.1010978857994076,1.8355484806038875,26,0.002397520910646983,70.07566632188512,0.001658322011162549,8.507264894549309,0.11620801990846424,-0.46492411454477195,0.6916819802481066,0.12140112739666423,-2.780331134767414,1.8455672359869735,-0.9347638987804406,-0.46492411454477195,0.6916819802481066,0.12140112739666423
30113255,natural_ugr_v2_final::q30113255::i92394202,4.0,0.8353434011278349,6.196949837520339,22,0.00497538143419356,56.77170229889865,0.004232059673032158,9.495167571849837,0.24026123186855602,0.7598841014675369,0.8506000452441925,0.1672517678236687,-2.3734482172758304,1.7541319167361438,-0.6193163005396866,0.7598841014675369,0.8506000452441925,0.1672517678236687
30150055,natural_ugr_v2_final::q30150055::i92333857,2.0,0.1067972044226292,1.3447911599426818,21,0.005203576963828332,57.20383100772761,0.00403069051366379,15.249651643228827,0.23057093898807424,0.49240144992797413,0.7745999610810723,0.2665844467858939,-2.394620546765829,1.7574251149783764,-0.6371954317874522,0.49240144992797413,0.7745999610810723,0.2665844467858939
9236320915473,natural_ugr_v2_final::q9236320915473::i92363209,2.0,0.1145674077592794,4.683872744139949,27,0.007921900361931763,79.1249712414253,0.006791604730903627,23.788326218211488,0.5373855290158775,0.6664262758545471,0.8573201404476498,0.30064246273946554,-2.1680275978204486,1.898313565177796,-0.2697140326426525,0.6664262758545471,0.8573201404476498,0.30064246273946554
30160447,natural_ugr_v2_final::q30160447::i92316250,4.0,1.9206802771623808,7.175653510807145,23,0.014415676727329862,59.576494796856146,0.01182177568032079,5.765595284013946,0.7042999573082321,-0.25039045243358843,0.8200638724027821,0.09677634281226959,-1.9273172857013205,1.7750749477685064,-0.15224233793281394,-0.25039045243358843,0.8200638724027821,0.09677634281226959
30115351,natural_ugr_v2_final::q30115351::i92390983,2.0,0.1027652377849461,3.349422811085625,22,0.004491926629589089,68.64354497960733,0.004010239434746629,11.94941617433762,0.2752770510180253,0.6012007158625325,0.8927660145494132,0.17407924048630588,-2.3968296966853258,1.8365997038226876,-0.5602299928626381,0.6012007158625325,0.8927660145494132,0.17407924048630588
924105589897,natural_ugr_v2_final::q924105589897::i92410558,2.0,0.117217325670892,2.662154432785019,23,0.009422464450360206,58.16341320200044,0.007266386849913597,14.339727421329236,0.42263786083710686,0.7977494567245291,0.7711768920110719,0.24654205508070223,-2.1386814847680298,1.7646498842901088,-0.3740316004779207,0.7977494567245291,0.7711768920110719,0.24654205508070223
900001021202,natural_ugr_v2_final::q900001021202::i90000102,4.0,0.1240184413003721,1.0206510923256367,26,0.0004363404221621361,72.86785162758883,0.0002465905252745572,11.307385113987342,0.017968521808475628,-0.8182970806996201,0.565133351736385,0.15517659518462049,-3.6080236142773026,1.8625359653524673,-1.7454876489248354,-0.8182970806996201,0.565133351736385,0.15517659518462049
9234742712242,natural_ugr_v2_final::q9234742712242::i92347427,4.0,0.2948395081223479,2.9082279921738716,23,0.0020546022300002987,62.93906126482403,0.0013828397546552507,13.827468253189888,0.08703463603768107,0.24450373502998504,0.6730449984253398,0.219696131072071,-2.8592281436080604,1.7989202611296768,-1.0603078824783834,0.24450373502998504,0.6730449984253398,0.219696131072071
30119507,natural_ugr_v2_final::q30119507::i92384556,1.5,6.637682356719476,5.449015014733504,24,0.008198483793630395,66.04472692235514,0.0032586516115075885,12.664723706574188,0.2152167558171112,0.270545776603394,0.39747003147573645,0.19175980122475714,-2.4869620682821947,1.8198381488250037,-0.6671239194571911,0.270545776603394,0.39747003147573645,0.19175980122475714
923596216675,natural_ugr_v2_final::q923596216675::i92359621,2.0,0.1019643603510681,1.9980788259233693,25,0.00186827407959929,68.23951923618633,0.0014950533092654916,15.423037688020448,0.10202171905674653,0.880626112524968,0.800232324363325,0.2260132817559749,-2.8253433213816472,1.8340359584612416,-0.9913073629204054,0.880626112524968,0.800232324363325,0.2260132817559749
9241297515808,natural_ugr_v2_final::q9241297515808::i92412975,4.0,0.2280656529515121,1.0223646565455276,23,0.00033978632049990473,55.23872781247348,0.00022652588757404382,11.87771992572325,0.012513001846181574,-0.675944300826812,0.666671593019906,0.21502522588945536,-3.644882159266547,1.7422436679083144,-1.9026384913582326,-0.675944300826812,0.666671593019906,0.21502522588945536
30120309,natural_ugr_v2_final::q30120309::i92383388,4.0,0.6254345933369228,6.702852638792965,22,0.008313943988318853,63.33421016465701,0.0072051245229012685,9.62067853415867,0.456330870795953,0.8234312882138263,0.8666313524633456,0.1519033474822962,-2.142358509070454,1.8016383588705782,-0.3407201501998756,0.8234312882138263,0.8666313524633456,0.1519033474822962
9237520218151,natural_ugr_v2_final::q9237520218151::i92375202,2.0,0.1078402694734792,2.00696932804819,23,0.001756099530485878,55.93468162846928,0.0014227109311239058,7.588584166422944,0.07957888298175876,0.5178089745015948,0.8101539271696462,0.13566867541730235,-2.846883331659029,1.7476811704872042,-1.0992021611718248,0.5178089745015948,0.8101539271696462,0.13566867541730235
30123982,natural_ugr_v2_final::q30123982::i92377490,1.5,0.1154930352014621,3.7659743126057217,24,0.016662870562232427,54.248663744573534,0.011973774278153382,8.322371109309405,0.6495612545689665,-0.3935239196243728,0.7185901272793168,0.15341154113020686,-1.9217689331517855,1.734389045091896,-0.18737988805988956,-0.3935239196243728,0.7185901272793168,0.15341154113020686
30122929,natural_ugr_v2_final::q30122929::i92379216,2.0,0.1018577042580881,1.9066781138965223,25,0.0028181385044808256,57.71457459919035,0.0014925665428800006,7.975741217345094,0.08614284308330343,-0.21285328970641076,0.5296285262441245,0.13819284422928038,-2.8260662976784054,1.7612854989221947,-1.064780798756211,-0.21285328970641076,0.5296285262441245,0.13819284422928038
9241190618147,natural_ugr_v2_final::q9241190618147::i92411906,4.0,0.1086478329174215,1.5131328178018597,23,0.00535434328629288,53.38491060922419,0.0031764855948223426,9.688773996405397,0.1695763995310791,-0.7286973489991934,0.593254004268674,0.1814889991542162,-2.498053109824502,1.727418519852387,-0.7706345899721146,-0.7286973489991934,0.593254004268674,0.1814889991542162
9241505814899,natural_ugr_v2_final::q9241505814899::i92415058,4.0,1.4240252761031846,4.339448346736514,23,0.004549988776494237,64.98343009077765,0.0008497947689148659,3.848338715745183,0.05522257895728773,0.3125921256981498,0.18676854178300462,0.05922030755177594,-3.0706859466265946,1.812802631450039,-1.2578833151765554,0.3125921256981498,0.18676854178300462,0.05922030755177594
923797091999,natural_ugr_v2_final::q923797091999::i92379709,4.0,0.1876687669554117,3.1664691149754063,27,0.00925709643040879,71.93141436198532,0.007689864175870853,13.983638927975353,0.553142806421953,0.9453029175418987,0.8306993703349886,0.19440239083308639,-2.1140813309645945,1.8569185997636906,-0.257162731200904,0.9453029175418987,0.8306993703349886,0.19440239083308639
9235123614708,natural_ugr_v2_final::q9235123614708::i92351236,2.0,0.1171963181340765,1.8654102383889422,31,0.0017556346001460573,58.04746198930959,0.0012200387689655886,6.757399875311737,0.07082015406701407,-0.9008437982974988,0.6949275030601979,0.11641163357936692,-2.9136263686036896,1.763783235820773,-1.1498431327829166,-0.9008437982974988,0.6949275030601979,0.11641163357936692
30147531,natural_ugr_v2_final::q30147531::i92338008,2.0,0.1309324609997847,4.991961260452576,22,0.0013564137924618046,66.69015980417863,0.0012512698859492067,27.126777518921987,0.08344738865210898,0.883891727870058,0.9224839004904481,0.4067583223458147,-2.90264900738325,1.8240617580842673,-1.0785872492989828,0.883891727870058,0.9224839004904481,0.4067583223458147
9232800719772,natural_ugr_v2_final::q9232800719772::i92328007,4.0,0.2826753895369219,2.990365489533959,23,0.0009670870300247441,70.2159692047802,0.0007298901612315465,16.751810296749298,0.051249945083906324,0.3356127847013968,0.7547305863598144,0.23857550478145165,-3.1367424905098793,1.8464358948763204,-1.2903065956335589,0.3356127847013968,0.7547305863598144,0.23857550478145165
30106688,natural_ugr_v2_final::q30106688::i92404489,4.0,6.296820803094438,5.937792998278265,23,0.006958384612143403,76.1839754221128,0.0033047324773498566,36.24929961029898,0.2517676578310794,-0.42148829142335187,0.4749281135714477,0.47581265495076064,-2.480863691492479,1.8818636312133488,-0.5990000602791302,-0.42148829142335187,0.4749281135714477,0.47581265495076064
923757708049,natural_ugr_v2_final::q923757708049::i92375770,2.0,0.2531464180497459,5.0409352622935355,26,0.007880644494096182,85.87347670125034,0.005506019150517224,40.588346006316414,0.472821007238579,0.7781422323564782,0.6986762509896344,0.47265287915989823,-2.2591622824178987,1.9338590462410112,-0.3253032361768876,0.7781422323564782,0.6986762509896344,0.47265287915989823
30097224,natural_ugr_v2_final::q30097224::i92409668,2.0,0.1200990324569622,4.349873054935097,22,0.010919348450966268,66.56552917799702,0.009676017665570132,7.473958208926396,0.6440892362443232,-0.8777739887975792,0.886135075643079,0.11227970845001385,-2.0143033474150953,1.8232493888800345,-0.1910539585350609,-0.8777739887975792,0.886135075643079,0.11227970845001385
30117360,natural_ugr_v2_final::q30117360::i92387955,2.0,0.4057474981408391,9.467571624613045,22,0.004452094815907707,77.80947739257171,0.0032752782906271456,35.509074115545054,0.25484769210893377,-0.8921606406733931,0.7356712797140579,0.4563592419004606,-2.4847517933976855,1.8910324983858093,-0.5937192950118763,-0.8921606406733931,0.7356712797140579,0.4563592419004606
91592859348,natural_ugr_v2_final::q91592859348::i91592859,4.0,0.2818747836997107,6.574628757432093,27,0.0025698966425161526,73.25174506432258,0.0013199258006902216,35.135375777892826,0.09668686825598197,0.5913325635452884,0.5136104615467723,0.479652406192376,-2.8794504818672735,1.8648179752756824,-1.014632506591591,0.5913325635452884,0.5136104615467723,0.479652406192376
923614898129,natural_ugr_v2_final::q923614898129::i92361489,4.0,0.2684865988773537,6.19062783907056,23,0.00824697220390029,78.17924142295828,0.0049865588564076465,31.224600168891335,0.38984538870488417,0.9813929381095072,0.6046532876695428,0.3993975843275687,-2.3021990506110175,1.8930914521358597,-0.409107598475158,0.9813929381095072,0.6046532876695428,0.3993975843275687
924028778821,natural_ugr_v2_final::q924028778821::i92402877,4.0,0.1078279451665392,3.7407496054987863,25,0.019873481057989896,57.40925790439351,0.011090000542949034,10.716976252985459,0.6366687013300252,-0.3567514684687536,0.5580300960153345,0.18667679472242912,-1.9550684325884626,1.758981933035361,-0.19608649955310167,-0.3567514684687536,0.5580300960153345,0.18667679472242912
30129522,natural_ugr_v2_final::q30129522::i92368388,1.5,0.4367559352156825,9.19523302841815,22,0.0036822197651764006,80.94640440955881,0.0030885299832782162,25.795267956172736,0.2500053970574864,0.8468699775943879,0.8387685092799606,0.31867095449549854,-2.5102481781990176,1.9081975624189944,-0.6020506157800233,0.8468699775943879,0.8387685092799606,0.31867095449549854
900035231499,natural_ugr_v2_final::q900035231499::i90003523,4.0,0.1113122408949864,1.1537794218151454,26,0.002057785041508062,54.51103286344093,0.0013245250975327575,13.340974407309412,0.07220123112006045,-0.864279214885898,0.6436654319160907,0.24473897679999457,-2.8779398081355536,1.7364844110250046,-1.1414553971105492,-0.864279214885898,0.6436654319160907,0.24473897679999457
923698182725,natural_ugr_v2_final::q923698182725::i92369818,2.0,0.1624631614561431,2.0579170265429747,26,0.0027861668005437507,64.6200738255524,0.0022236819192691794,11.185874087091053,0.14369448978772043,0.43635106265090573,0.7981151447340495,0.17310215579895977,-2.6529273351590947,1.8103674498439855,-0.8425598853151094,0.43635106265090573,0.7981151447340495,0.17310215579895977
30148072,natural_ugr_v2_final::q30148072::i92337179,2.0,1.4848076292839842,8.839664045992276,25,0.002492129985990254,82.55160046760618,0.0021461833962060405,30.55141991865635,0.1771708742538112,0.700177201586421,0.8611843717105507,0.37008876563992166,-2.66833316934251,1.9167254975565582,-0.7516076717859513,0.700177201586421,0.8611843717105507,0.37008876563992166
30117175,natural_ugr_v2_final::q30117175::i92388254,2.0,0.1499619935516468,6.2020583912374905,23,0.006130530617895988,68.54423175808341,0.005421169871315435,10.749819923282804,0.3715899240593844,0.2573339529764518,0.8842904813965341,0.15683040932200804,-2.2659069839721147,1.8359709132314554,-0.4299360707406592,0.2573339529764518,0.8842904813965341,0.15683040932200804
30126175,natural_ugr_v2_final::q30126175::i92373957,2.0,0.145947534139655,5.272810921550841,23,0.0045244765385643,81.21937831833785,0.0037435342226002878,15.702089870139766,0.3040475222730175,0.23791440778104686,0.8273960955908017,0.19332935310826582,-2.426718192289241,1.909659660924165,-0.5170585313650763,0.23791440778104686,0.8273960955908017,0.19332935310826582
30103383,natural_ugr_v2_final::q30103383::i92406433,4.0,1.708566463046823,5.888388210631196,22,0.012280417403781546,69.12589416218717,0.009973954373535217,5.783525880225678,0.6894585144034792,-0.012721804250424013,0.812183661645239,0.08366656157323674,-2.001132622819802,1.8396407620659876,-0.1614918607538145,-0.012721804250424013,0.812183661645239,0.08366656157323674
30104728,natural_ugr_v2_final::q30104728::i92405776,4.0,0.4702832184949334,3.3331665848244274,22,0.019043640611361073,52.72174084359711,0.012153572750577137,11.562892253851755,0.6407575128797315,-0.7568541313335965,0.6381958680383071,0.21931924228666724,-1.9152960350059953,1.7219897419935017,-0.1933062930124935,-0.7568541313335965,0.6381958680383071,0.21931924228666724
923697218578,natural_ugr_v2_final::q923697218578::i92369721,2.0,0.2079497581339595,2.0343848899779005,26,0.0027642059381036907,58.64316572169021,0.0021671428079294204,7.463988820885943,0.12708811482797405,-0.1277412155670033,0.7840019363449203,0.12727806776852182,-2.664112469089878,1.7682174066936336,-0.8958950623962441,-0.1277412155670033,0.7840019363449203,0.12727806776852182
30143329,natural_ugr_v2_final::q30143329::i92345082,1.5,0.1073974648884578,2.0788310924177695,20,0.002044655393153599,60.495197599752004,0.0015011638863327724,5.364662517672946,0.09081320593331273,-0.0752332045320776,0.7341891897086061,0.0886791469492603,-2.8235718920041273,1.781720899632467,-1.0418509923716601,-0.0752332045320776,0.7341891897086061,0.0886791469492603
30095670,natural_ugr_v2_final::q30095670::i92410488,4.0,1.183497220833999,8.25217024506438,24,0.003577543357200273,76.9257250859437,0.002992327736769218,23.361885975156866,0.23018698084575295,0.8053583013325009,0.8364196986590722,0.3036940626696242,-2.5239908417983936,1.8860715985085783,-0.6379192432898155,0.8053583013325009,0.8364196986590722,0.3036940626696242
923945922706,natural_ugr_v2_final::q923945922706::i92394592,2.0,0.161238776806736,1.9836422520660033,23,0.003982635196595517,62.26351917831011,0.0030879472899651133,8.717334769430185,0.19226646531035357,-0.43450605961986605,0.775352784659963,0.14000710021650886,-2.510330121507502,1.7942336636726788,-0.7160964578348231,-0.43450605961986605,0.775352784659963,0.14000710021650886
9235712114519,natural_ugr_v2_final::q9235712114519::i92357121,2.0,0.1414724006560542,3.048004589838027,23,0.0062744631606992006,64.58500388238237,0.005334412055914057,18.940090434923942,0.3445230233414367,0.9304285032321506,0.8501782414353377,0.2932583308257795,-2.2729134403338236,1.8101316900202444,-0.4627817503135794,0.9304285032321506,0.8501782414353377,0.2932583308257795
9235751110909,natural_ugr_v2_final::q9235751110909::i92357511,2.0,0.1314524710966088,3.3098895628892246,24,0.00851562611193847,58.264964083236734,0.007091046970612703,7.561761956675863,0.4131595970552938,0.6440822134776495,0.8327099942388757,0.12978231559317888,-2.1492896378788338,1.765407483074283,-0.3838821548045507,0.6440822134776495,0.8327099942388757,0.12978231559317888
9233368115961,natural_ugr_v2_final::q9233368115961::i92333681,2.0,0.1348528729040235,5.254169984758857,26,0.011987334445542886,68.98970679979932,0.010291395644457439,16.71385984237916,0.7100003680718505,0.811436060106103,0.8585224422668853,0.24226599325724021,-1.9875257253749956,1.838784299237074,-0.14874142613792163,0.811436060106103,0.8585224422668853,0.24226599325724021
924176553693,natural_ugr_v2_final::q924176553693::i92417655,4.0,0.1315593067814331,5.438194530813499,23,0.006303178419163359,86.19138771928196,0.0037283644168470175,41.159760629850105,0.32135290301123587,0.8216966963005173,0.5915054546943787,0.47753913376941964,-2.428481645542571,1.9354638731002265,-0.4930177724423444,0.8216966963005173,0.5915054546943787,0.47753913376941964
9237513012323,natural_ugr_v2_final::q9237513012323::i92375130,2.0,0.2007271083062112,5.994115691393278,27,0.009066580015269656,73.41784404925627,0.0075245722779102115,13.333522531109999,0.552437874036969,0.6642198928325806,0.8299239917628871,0.1816114693066238,-2.1235181817969524,1.8658016270862623,-0.25771655471069,0.6642198928325806,0.8299239917628871,0.1816114693066238
923701735906,natural_ugr_v2_final::q923701735906::i92370173,2.0,0.1691015599818033,5.953033406643765,27,0.005027059896412083,70.36597595116801,0.004375227452466286,16.259591622923192,0.30786714970113277,0.8659724353101211,0.8703352541291536,0.231071784383505,-2.3589993646340535,1.847362715555281,-0.5116366490787724,0.8659724353101211,0.8703352541291536,0.231071784383505
9239025315115,natural_ugr_v2_final::q9239025315115::i92390253,4.0,0.1230535222968625,4.191218776422836,25,0.0104414586905499,49.93482379186048,0.007028965834107004,9.579549925825765,0.35099017036514085,0.19922442023866882,0.6731785320827451,0.191841067984048,-2.1531085676657136,1.6984035216929199,-0.4547050459727939,0.19922442023866882,0.6731785320827451,0.191841067984048
9234015115326,natural_ugr_v2_final::q9234015115326::i92340151,1.5,0.1181557873912437,5.61134448716527,26,0.007195046167049714,82.81924857988805,0.004247863309151836,12.128376273981122,0.3518048473340318,0.4003711361251425,0.5903872206693077,0.14644393038995035,-2.371829466746786,1.9181312858247916,-0.45369818092199454,0.4003711361251425,0.5903872206693077,0.14644393038995035
9236018713362,natural_ugr_v2_final::q9236018713362::i92360187,4.0,0.2788178922372471,1.4834229621566868,23,0.005931780903994201,57.67277762792956,0.004733997316280396,16.573407306609685,0.2730227745130546,0.5293311718679515,0.798073528490024,0.28736967401728847,-2.324771992609924,1.7609708683422844,-0.5638011242676396,0.5293311718679515,0.798073528490024,0.28736967401728847
30094379,natural_ugr_v2_final::q30094379::i92413374,2.0,0.1721497430762249,4.012430512923325,22,0.0061084477232410455,61.8705832828256,0.005405264531546176,9.372289134014933,0.334426869364731,0.5184078475263241,0.8848834886448416,0.15148215253074152,-2.267183046987351,1.7914842103357997,-0.4756988366515512,0.5184078475263241,0.8848834886448416,0.15148215253074152
30120551,natural_ugr_v2_final::q30120551::i92382993,2.0,0.1216897920221358,4.792567624764181,20,0.004339704416427594,74.86198534804961,0.003881507867714613,25.85318159831963,0.29057738512119063,0.791756422056749,0.8944175674779795,0.3453445894885445,-2.4109995291961512,1.8742613404683488,-0.5367381887278025,0.791756422056749,0.8944175674779795,0.3453445894885445
9234372220344,natural_ugr_v2_final::q9234372220344::i92343722,4.0,0.1018077295993606,1.0768713445177702,27,0.0012389315267152356,62.997116040712775,0.0007990148664093835,9.750188127689176,0.05033563225744655,-0.48905692592343797,0.6449225394463906,0.1547719759328027,-3.097445140160981,1.7993206682428993,-1.2981244719180818,-0.48905692592343797,0.6449225394463906,0.1547719759328027
30135810,natural_ugr_v2_final::q30135810::i92357635,1.5,0.2551126595548673,7.953273610460992,20,0.006006431151224623,69.13504190731273,0.0050465344407770495,26.659525604169666,0.3488923700498183,0.9752565991826926,0.8401885102350896,0.3856152374928953,-2.297006758497456,1.839698230434836,-0.45730852806262,0.9752565991826926,0.8401885102350896,0.3856152374928953
9233978511050,natural_ugr_v2_final::q9233978511050::i92339785,4.0,0.2436559080046968,5.839296717718787,24,0.008159140812975522,66.78477800506377,0.006359600344087058,22.712253583239967,0.42472449718078137,0.900663965471841,0.7794448569846171,0.340081291900347,-2.1965701758313516,1.8246774867010345,-0.3718926891303171,0.900663965471841,0.7794448569846171,0.340081291900347
30114355,natural_ugr_v2_final::q30114355::i92392490,4.0,2.651974798434371,3.5952752763800175,23,0.0173905214378632,79.69340637150427,0.011193130966874795,11.34282904580636,0.8920187347126215,-0.25764964635458043,0.6436340052751237,0.14233083466064742,-1.9510484146833325,1.9014223904685008,-0.04962602421483168,-0.25764964635458043,0.6436340052751237,0.14233083466064742
9234924316376,natural_ugr_v2_final::q9234924316376::i92349243,2.0,0.1698525805154731,5.308911762674335,32,0.010217414087185746,62.33595907335181,0.008603055517761499,17.395564270009896,0.5362797166609542,0.6812660517285217,0.841999300835922,0.27906146834991713,-2.0653472744746617,1.7947386457267336,-0.2706086287479283,0.6812660517285217,0.841999300835922,0.27906146834991713
9238224916084,natural_ugr_v2_final::q9238224916084::i92382249,2.0,0.1479422051900638,2.457311019193242,23,0.005634144214162261,68.10168857225437,0.0046913088751799805,26.885325176501055,0.31948605601376,0.9096541918943659,0.8326568679920683,0.39478206400089955,-2.3287059722180103,1.8331578803198452,-0.4955480918981651,0.9096541918943659,0.8326568679920683,0.39478206400089955
30124162,natural_ugr_v2_final::q30124162::i92377222,4.0,8.017757675040734,7.813258305176043,22,0.0028036507439432104,74.45659322032553,0.002331749529768045,13.446977153938548,0.17361412622962466,0.6802872850639652,0.8316833096295521,0.1806015635733885,-2.6323181021470377,1.8719031610864878,-0.7604149410605499,0.6802872850639652,0.8316833096295521,0.1806015635733885
30108367,natural_ugr_v2_final::q30108367::i92401851,4.0,2.259306352715264,6.165954362047083,22,0.010087403969762664,58.41322675147039,0.008683362290992851,7.05649319055108,0.5072232104689328,-0.04500208561306751,0.8608123871138228,0.12080300272700571,-2.0613120787773127,1.7665111973653869,-0.29480088141192595,-0.04500208561306751,0.8608123871138228,0.12080300272700571
923796799121,natural_ugr_v2_final::q923796799121::i92379679,4.0,0.1297757546335172,2.03927056896393,26,0.002674913021779997,64.50838863999272,0.00188771133311916,9.961825719317309,0.12177321631696952,-0.13139435361037413,0.705709425969671,0.154426826174687,-2.724064416827368,1.8096161937542312,-0.9144482230731369,-0.13139435361037413,0.705709425969671,0.154426826174687
9237977717880,natural_ugr_v2_final::q9237977717880::i92379777,4.0,0.121492286701077,1.1398105602072781,24,0.001866275215289485,54.286232070242036,0.0011906717128493962,12.527388837416455,0.0646370809232149,-0.06148506332571671,0.6379936373235855,0.23076548803768546,-2.9242079639169245,1.734689698942647,-1.1895182649742775,-0.06148506332571671,0.6379936373235855,0.23076548803768546
30154961,natural_ugr_v2_final::q30154961::i92325588,2.0,0.1662753724280898,2.830177769210929,22,0.007236656599882878,72.42123191634498,0.006366443299906328,12.682432420424782,0.46106566670477683,0.3080154023377047,0.8797492615594564,0.17512036297690267,-2.1961031244331677,1.8598659080800035,-0.336237216353164,0.3080154023377047,0.8797492615594564,0.17512036297690267
30142901,natural_ugr_v2_final::q30142901::i92345773,1.5,0.1325308171663821,3.949220203150074,25,0.002853169558614118,75.47258652409835,0.0024405806003900336,10.236040927551745,0.1841969305319727,-0.20884175255085163,0.8553927659229292,0.13562594577679385,-2.6125068451569726,1.877789233970389,-0.7347176111865836,-0.20884175255085163,0.8553927659229292,0.13562594577679385
924004308779,natural_ugr_v2_final::q924004308779::i92400430,2.0,0.1483355012474786,4.828637788742616,23,0.011738940226233485,67.86091285577376,0.010165768120590817,25.196679427439456,0.6898583045434165,0.9122973040484466,0.8659868714445759,0.3712988577237458,-1.9928598007022102,1.831619697418719,-0.16124010328349112,0.9122973040484466,0.8659868714445759,0.3712988577237458
9237403412345,natural_ugr_v2_final::q9237403412345::i92374034,4.0,0.2144738841221599,1.0357038127799891,23,0.0008399751564354094,64.08405379904731,0.0005073869197165681,13.670798138128381,0.03251541066004945,-0.9263559577578984,0.6040499124637908,0.21332605114209574,-3.294660732952165,1.8067499763419745,-1.4879107566101908,-0.9263559577578984,0.6040499124637908,0.21332605114209574
9234500019593,natural_ugr_v2_final::q9234500019593::i92345000,1.5,0.1098201982815021,2.865968674499367,23,0.009427754906539229,61.860958054407874,0.007144285765559021,12.664655508982793,0.4419523620719498,0.18982253889051767,0.7577929036534073,0.20472776218312028,-2.1460411823497325,1.7914166417344208,-0.3546245406153117,0.18982253889051767,0.7577929036534073,0.20472776218312028
30157536,natural_ugr_v2_final::q30157536::i92321338,1.5,1.0970358896020944,9.080135075046922,20,0.002738784887682571,70.47166954052923,0.002461540822026725,24.655862411278783,0.17346889137039004,0.9956927175233754,0.8987711423037548,0.34986913992578045,-2.6087929575211506,1.848014560466337,-0.7607783970548136,0.9956927175233754,0.8987711423037548,0.34986913992578045
923594261107,natural_ugr_v2_final::q923594261107::i92359426,4.0,0.1518922516244391,4.079813025124125,25,0.02403074650068263,58.2622321220313,0.0185873716178119,16.801810910297075,1.0829417597354134,-0.5101429640959985,0.7734829052141139,0.2883825472924789,-1.730782018113213,1.765387119146974,0.034605101033761215,-0.5101429640959985,0.7734829052141139,0.2883825472924789
923338238268,natural_ugr_v2_final::q923338238268::i92333823,2.0,0.1075215579147356,1.988824368045389,24,0.0026993197934911685,74.56037264701558,0.0022214983369510497,10.53694796606246,0.16563574383779564,0.8572251643167209,0.8229844949485856,0.14132102069750346,-2.6533540075427378,1.872508069921812,-0.7808459376209259,0.8572251643167209,0.8229844949485856,0.14132102069750346
30161765,natural_ugr_v2_final::q30161765::i92414403,2.0,0.4851225778434839,8.530122216453048,20,0.0027433151118567097,82.36744686610197,0.0022825922589239512,34.569074894201165,0.18801129660389423,0.857441646460664,0.8320561677579447,0.4196934129862892,-2.6415716599133425,1.9157556044182094,-0.725816055495133,0.857441646460664,0.8320561677579447,0.4196934129862892
923700482348,natural_ugr_v2_final::q923700482348::i92370048,4.0,0.1721334630977972,2.9009613477597513,24,0.014327501799951046,58.07074384567778,0.009131236012720235,4.968557881657763,0.530257667489105,0.8175371490803481,0.6373222729416398,0.08556043116757103,-2.0394704319759,1.7639573890779985,-0.2755130428979016,0.8175371490803481,0.6373222729416398,0.08556043116757103
9238994818116,natural_ugr_v2_final::q9238994818116::i92389948,2.0,0.1701146177453324,2.0553264444012984,26,0.0033668909240138893,44.88182872096146,0.002700981634373267,8.83734029557933,0.1212249950924035,-0.3179170069891813,0.8022183359457489,0.19690241123022617,-2.568478368836416,1.6520705440422734,-0.9164078247941425,-0.3179170069891813,0.8022183359457489,0.19690241123022617
30163172,natural_ugr_v2_final::q30163172::i92413269,1.5,0.2122253094425893,6.250740585283889,23,0.010509890786180332,69.60785067363723,0.00870426648073878,29.627781519849165,0.6058852814148109,0.6524623944856605,0.8281976147824673,0.4256385053283965,-2.0602678215357373,1.8426582239778515,-0.21760959755788561,0.6524623944856605,0.8281976147824673,0.4256385053283965
9236469120562,natural_ugr_v2_final::q9236469120562::i92364691,2.0,0.1737804805493952,2.121355936825747,23,0.003301583281263799,59.19452880246027,0.0027396965809923348,9.188249114559927,0.1621750481735527,0.39192408939488993,0.8298129556627807,0.15522125609314827,-2.5622975322516366,1.7722815678596355,-0.7900159643920012,0.39192408939488993,0.8298129556627807,0.15522125609314827
924020777260,natural_ugr_v2_final::q924020777260::i92402077,1.5,0.1477502180756872,6.27285738350814,25,0.009726609824303971,72.43718870696677,0.007694041841815366,29.9528119338377,0.5573347608148778,0.6597568621094142,0.7910301719505795,0.4135004749426028,-2.1138454562381823,1.8599615869658306,-0.25388386927235174,0.6597568621094142,0.7910301719505795,0.4135004749426028
30155229,natural_ugr_v2_final::q30155229::i92325189,4.0,0.1140854586494741,2.026542106030047,22,0.010080323992164616,56.38021950107366,0.006081262838740576,6.77910839300662,0.342862933691916,0.0864817880633668,0.6032804941058948,0.120239127357025,-2.2160062255056325,1.7511267623465003,-0.46487946315913187,0.0864817880633668,0.6032804941058948,0.120239127357025
923611443282,natural_ugr_v2_final::q923611443282::i92361144,2.0,0.1684121921927091,4.88778882763477,27,0.008823839085218329,57.527367610905536,0.006334797936124949,14.740639881034483,0.3644242496122656,0.32626461004247104,0.7179185697908957,0.25623699628905117,-2.198267233444391,1.7598745016421502,-0.43839273180224053,0.32626461004247104,0.7179185697908957,0.25623699628905117
30166440,natural_ugr_v2_final::q30166440::i92416841,2.0,0.1843421811619726,1.8206851407220666,22,0.00856289094087318,66.75116763490782,0.0062547187895886135,8.732926274656744,0.41750978243303727,0.3972384299009057,0.7304447566572422,0.1308280676440156,-2.2037922112903536,1.8244588669349222,-0.3793333443554313,0.3972384299009057,0.7304447566572422,0.1308280676440156
30129007,natural_ugr_v2_final::q30129007::i92369275,1.5,0.1737315897488001,7.934582995700452,23,0.00987956948970898,65.32614398869272,0.008695423193549988,18.670390567433174,0.5680384675844647,0.8073366584262588,0.8801419133300845,0.28580273421105074,-2.0607092766686232,1.8150870238127021,-0.24562225285592096,0.8073366584262588,0.8801419133300845,0.28580273421105074
9237326248,natural_ugr_v2_final::q9237326248::i92373262,4.0,1.1278377015768457,3.6770614709246154,28,0.019825795343770988,50.287653937857996,0.013509116525042648,10.998136291219335,0.6793417768175435,0.19829066420226157,0.6813908996234564,0.2187045016021243,-1.8693730522248169,1.7014613750202316,-0.1679116772045852,0.19829066420226157,0.6813908996234564,0.2187045016021243
30137725,natural_ugr_v2_final::q30137725::i92354430,4.0,0.1187371977381751,3.429783458684896,22,0.01364448426058845,64.63198488920347,0.008832243943870293,13.11880595981016,0.5708454571179836,0.00570824283046752,0.6473124066244026,0.20297699323793486,-2.0539289443687614,1.8104474935861639,-0.24348145078259764,0.00570824283046752,0.6473124066244026,0.20297699323793486
9241031716071,natural_ugr_v2_final::q9241031716071::i92410317,1.5,0.1774367489921977,8.014793682603477,25,0.008073528112904946,88.33876084296226,0.007015930700958352,21.196039916348195,0.6197786242827564,0.9420205975749407,0.869004306771893,0.23994042608349347,-2.153914709314197,1.9461513029726536,-0.2077634063415436,0.9420205975749407,0.869004306771893,0.23994042608349347
30154649,natural_ugr_v2_final::q30154649::i92326063,2.0,0.1093983731404849,5.06936874920134,22,0.004620245588682017,73.07684577587327,0.004034377040482831,25.14173036675248,0.29481954878908784,0.5745686170244206,0.8731953665765391,0.3440450952667304,-2.3942235163985925,1.8637797935833975,-0.5304437228151949,0.5745686170244206,0.8731953665765391,0.3440450952667304
30106962,natural_ugr_v2_final::q30106962::i92404064,4.0,0.1900307340527868,1.1169692736639145,24,0.0026760907097763717,68.65465559992278,0.001890868947787198,11.828678854610244,0.12981695639491844,-0.9426687610808033,0.7065787945376519,0.1722924505446583,-2.723338570163503,1.8366699928881478,-0.8866685772753554,-0.9426687610808033,0.7065787945376519,0.1722924505446583
923587599155,natural_ugr_v2_final::q923587599155::i92358759,4.0,0.1080666218292913,4.904193933466653,25,0.010244340967680827,53.957905266684485,0.007241989984891604,10.522714801498248,0.390762609547059,0.6811340880662611,0.7069259025777124,0.1950171110144141,-2.1401420801140527,1.7320550813116091,-0.40808699880244353,0.6811340880662611,0.7069259025777124,0.1950171110144141
9234289014407,natural_ugr_v2_final::q9234289014407::i92342890,2.0,0.1712473717605977,4.661902695114524,28,0.003625842018548492,102.42060237169619,0.0030904245575952335,27.851535101421156,0.31652314477318655,0.816763208912419,0.8523329317123424,0.27193293591795836,-2.509981853793561,2.0103873257449543,-0.4995945280486068,0.816763208912419,0.8523329317123424,0.27193293591795836
9240529713165,natural_ugr_v2_final::q9240529713165::i92405297,4.0,0.1060952127852558,1.0387473082589707,23,0.0004836654227762028,60.55041478311397,0.000320033428688414,7.027164671508292,0.01937815685154559,-0.2135827082076104,0.6616834977605932,0.11605477347560625,-3.4948046556280166,1.7821171224980734,-1.712687533129943,-0.2135827082076104,0.6616834977605932,0.11605477347560625
911601944127,natural_ugr_v2_final::q911601944127::i91160194,2.0,0.1108525688661735,2.016005626550561,30,0.0026175315900549725,64.88465245321163,0.002246457262456262,20.528701277245727,0.14576059872546776,0.8976619219548049,0.8582350146189,0.3163876279070615,-2.6485018391924635,1.8121419827307774,-0.8363598564616863,0.8976619219548049,0.8582350146189,0.3163876279070615
923641776172,natural_ugr_v2_final::q923641776172::i92364177,4.0,0.3159226600192861,6.053283371912903,26,0.006215740054995623,66.77157442762125,0.005095966522587506,19.630363192418457,0.3402657079436179,0.6243201866083504,0.8198487191387374,0.29399281596538196,-2.2927734337149492,1.824591616718231,-0.4681818169967182,0.6243201866083504,0.8198487191387374,0.29399281596538196
923780718591,natural_ugr_v2_final::q923780718591::i92378071,4.0,0.1235867699512155,4.741315329791567,26,0.006636659735201027,63.5830283122433,0.0049172168141405955,21.11353166729488,0.3126515359109403,0.9371192219144049,0.7409174208615128,0.33206237934454186,-2.3082806420029214,1.8033412085107574,-0.504939433492164,0.9371192219144049,0.7409174208615128,0.33206237934454186
9234829619011,natural_ugr_v2_final::q9234829619011::i92348296,4.0,1.6607193363369168,5.492900591960192,24,0.012911925555189711,70.96821096289746,0.009399881837137827,24.179723737372903,0.6670927972443054,0.6399968614472019,0.728000002552657,0.3407120372530482,-2.0268776057408924,1.8510638572405147,-0.1758137485003775,0.6399968614472019,0.728000002552657,0.3407120372530482
9237102710216,natural_ugr_v2_final::q9237102710216::i92371027,2.0,0.1080802471841343,3.1527992368430677,26,0.008756397758959691,72.85523589443508,0.0056529591858138,23.197802759869525,0.4118476749840781,0.9321204667686913,0.645580447739437,0.3184095484020174,-2.24772415012096,1.8624607687120351,-0.3852633814089249,0.9321204667686913,0.645580447739437,0.3184095484020174
923761393199,natural_ugr_v2_final::q923761393199::i92376139,4.0,0.1328833112416384,3.8631115746609046,25,0.012547262552244259,58.57745991749714,0.00882378023737305,14.75084486819751,0.5168746331755232,-0.5087602248026654,0.7032434525564932,0.251817762138768,-2.054345316851266,1.7677305355304223,-0.28661478132084395,-0.5087602248026654,0.7032434525564932,0.251817762138768
9240797718291,natural_ugr_v2_final::q9240797718291::i92407977,4.0,0.1370961863204359,1.0168201637576886,26,0.0002574930003076998,58.666538203959206,0.00014166131223830757,14.507369005699118,0.008310778786451666,-0.908379299817572,0.5501559734401505,0.2472852404425674,-3.84874873955855,1.7683904621165432,-2.080358277442007,-0.908379299817572,0.5501559734401505,0.2472852404425674
30145018,natural_ugr_v2_final::q30145018::i92342176,2.0,0.1470617363205528,4.984303324028923,22,0.004035495003694209,74.80485624823672,0.003543921293957018,27.972577293742948,0.2651025229495198,0.9772646283328983,0.878187506294224,0.3739406596934983,-2.450515931813125,1.8739297926953724,-0.5765861391177526,0.9772646283328983,0.878187506294224,0.3739406596934983
92393366168,natural_ugr_v2_final::q92393366168::i92393366,4.0,0.1028487642144956,2.1671688387066745,28,0.007877650230057726,49.79275453517777,0.005110939068161522,11.416773955790514,0.2544877344652169,-0.8114237921225919,0.6487897937712918,0.22928584815938932,-2.291499296606681,1.697166152110732,-0.5943331444959491,-0.8114237921225919,0.6487897937712918,0.22928584815938932
30094227,natural_ugr_v2_final::q30094227::i92413704,2.0,0.1363642118328789,4.016396031463533,23,0.007551247361711522,62.75973046737088,0.006424759987991477,10.700757430825412,0.40321620516389406,-0.08312639872557251,0.8508210207187913,0.17050355938652084,-2.192143091784661,1.7976810697653631,-0.394462022019298,-0.08312639872557251,0.8508210207187913,0.17050355938652084
30096834,natural_ugr_v2_final::q30096834::i92409834,2.0,1.488844649225091,9.142758278575876,23,0.0031734490860004442,81.80361449932103,0.0027723954411746224,37.43244986345787,0.22679196790952386,0.8592785366906315,0.8736221587436032,0.45758919202486537,-2.5571448239622736,1.9127724934320753,-0.6443723305301985,0.8592785366906315,0.8736221587436032,0.45758919202486537
30121188,natural_ugr_v2_final::q30121188::i92381972,4.0,4.072223934127262,7.794058811214691,22,0.004554207985205595,71.28264465887108,0.004003541113319524,22.05206275141424,0.28538299855793675,0.8202007094853352,0.8790861388687298,0.3093608950249558,-2.39755570726019,1.8529838040962647,-0.5445719031639256,0.8202007094853352,0.8790861388687298,0.3093608950249558
900010854244,natural_ugr_v2_final::q900010854244::i90001085,2.0,0.1262232729757254,5.00009025798839,28,0.0013468892780837535,79.33234833042373,0.0012512779991529087,34.9061402663841,0.0992668220869942,0.7211243843705326,0.9290132600454932,0.4399988277291131,-2.9026461914374537,1.8994503101017572,-1.0031958813356967,0.7211243843705326,0.9290132600454932,0.4399988277291131
30113880,natural_ugr_v2_final::q30113880::i92393209,4.0,1.2888438941433111,6.642788912842039,24,0.008845998501077026,90.71740270979915,0.007210474609864387,35.90859597873284,0.6541155289118494,0.5153360754537701,0.8151114437772616,0.3958291893960281,-2.1420361480875956,1.95769060763184,-0.18434554045575557,0.5153360754537701,0.8151114437772616,0.3958291893960281
923259486847,natural_ugr_v2_final::q923259486847::i92325948,2.0,0.210308394142925,3.583254319897244,31,0.00755598555287829,60.39692237293039,0.005984136823537976,4.3897718271475625,0.36142344720021735,-0.5851381073480828,0.7919730366951863,0.07268204495656615,-2.222998485158934,1.78101480897697,-0.44198367618196394,-0.5851381073480828,0.7919730366951863,0.07268204495656615
9231633915130,natural_ugr_v2_final::q9231633915130::i92316339,2.0,0.1175112332320749,1.9195719491220473,25,0.0012086709752241508,59.35567701816321,0.0008209145727126114,6.486869075205808,0.04872594023743323,0.7095298447645209,0.6791877934856266,0.10928809847827674,-3.08570203475615,1.7734622629663148,-1.312239771789835,0.7095298447645209,0.6791877934856266,0.10928809847827674
30119175,natural_ugr_v2_final::q30119175::i92385089,4.0,0.1200780066638086,3.105406401934394,24,0.0152527835091034,59.05126518597598,0.011556823124762415,12.712912959348186,0.6824450270477649,-0.8501307222185004,0.7576861703875161,0.2152860386531966,-1.9371615334762153,1.7712292069012987,-0.16593232657491677,-0.8501307222185004,0.7576861703875161,0.2152860386531966
30094919,natural_ugr_v2_final::q30094919::i92412043,2.0,0.1159861917940521,4.927307412430276,24,0.002638222386681487,77.24906907782169,0.0022836494325549554,27.700493208592576,0.17640979276496604,0.7602347632482704,0.8656015672080871,0.3585867576046353,-2.6413705646960572,1.8878932544813232,-0.7534773102147343,0.7602347632482704,0.8656015672080871,0.3585867576046353
9236017016888,natural_ugr_v2_final::q9236017016888::i92360170,4.0,0.1015451544831934,4.399896074628258,26,0.01092177895283268,48.20183066552206,0.006620093075401629,5.457570942844519,0.3191006054105045,0.3514503943867571,0.6061368852081224,0.11322331263132349,-2.179135904540788,1.6830635326960408,-0.49607237184474723,0.3514503943867571,0.6061368852081224,0.11322331263132349
9235490620626,natural_ugr_v2_final::q9235490620626::i92354906,4.0,0.1653216168444511,1.1082209277803152,23,0.001798884332788861,57.71862243020625,0.0011464527917188648,12.101679654456134,0.06617167581927705,-0.918194387370867,0.6373132339984787,0.20966681367161122,-2.9406438238107193,1.7613159572430217,-1.1793278665676976,-0.918194387370867,0.6373132339984787,0.20966681367161122
924046575691,natural_ugr_v2_final::q924046575691::i92404657,2.0,0.1573075699439433,3.2563144418657703,29,0.005790726156514853,83.46354033668287,0.004781996042819742,12.408569300576323,0.39912231960974337,0.38171732961627536,0.8258024837592709,0.14867053626675192,-2.3203907876059113,1.921496802566863,-0.39889398503904827,0.38171732961627536,0.8258024837592709,0.14867053626675192
9239647714125,natural_ugr_v2_final::q9239647714125::i92396477,4.0,0.247429094075151,4.3464837386369455,25,0.007582405082761856,65.8786368869238,0.006542753628055328,2.6871169588877297,0.4310276905032603,0.67459314871373,0.8628863212452058,0.04078889737047813,-2.184239433054928,1.8187446044835742,-0.36549482857135396,0.67459314871373,0.8628863212452058,0.04078889737047813
30137539,natural_ugr_v2_final::q30137539::i92354754,1.5,6.511069029784375,6.511510876782225,24,0.005915642812831186,65.34610378658246,0.0019269876158210222,12.79755987832614,0.1259211327388996,-0.016671697951907097,0.32574441642104135,0.1958427379254686,-2.715121076417653,1.8152196981991677,-0.8999013782184854,-0.016671697951907097,0.32574441642104135,0.1958427379254686
9237507212433,natural_ugr_v2_final::q9237507212433::i92375072,4.0,0.1770358058896424,1.1355598455922165,26,0.0016644777080543009,64.19830166469055,0.0010758682647437063,10.179364320788553,0.06906891541148362,-0.7704089541541242,0.6463698850021534,0.1585612711992857,-2.9682409028307895,1.807523539168396,-1.1607173636623933,-0.7704089541541242,0.6463698850021534,0.1585612711992857
923747749064,natural_ugr_v2_final::q923747749064::i92374774,4.0,0.1097023212639064,1.4866070174809018,24,0.004071690004231976,58.45094660405879,0.0024834802340154938,14.166310029577131,0.14516177055067506,-0.5065638450856781,0.609938436235138,0.24236237140072994,-2.6049392921987202,1.7667915488869157,-0.8381477433118044,-0.5065638450856781,0.609938436235138,0.24236237140072994
923700865994,natural_ugr_v2_final::q923700865994::i92370086,4.0,0.1229682399792065,2.7888547782953927,23,0.010660047381047042,59.722161630679196,0.007217203441506372,20.395405856492584,0.4310269904551377,0.8718519721986127,0.6770329608795314,0.34150481663100907,-2.141631052457759,1.776135518531992,-0.3654955339257669,0.8718519721986127,0.6770329608795314,0.34150481663100907
30112871,natural_ugr_v2_final::q30112871::i92394829,4.0,0.5194607647220997,4.595686401358956,24,0.008055178668026844,56.67368804801226,0.006725713262397166,6.902938219517806,0.3811709753334758,0.4970769160811421,0.83495519337061,0.12180146479385359,-2.17226165192075,1.753381475334,-0.41888017658675025,0.4970769160811421,0.83495519337061,0.12180146479385359
923357472134,natural_ugr_v2_final::q923357472134::i92335747,4.0,0.1886002553432635,1.034805364159523,27,0.00047965169072695224,57.61170639429476,0.0002623712302973758,16.129795955603417,0.015115654286202308,-0.32229609434707734,0.5470036598843846,0.2799742789288522,-3.5810837882296833,1.7605107387337495,-1.8205730494959338,-0.32229609434707734,0.5470036598843846,0.2799742789288522
9235375115845,natural_ugr_v2_final::q9235375115845::i92353751,4.0,0.1295874272173077,4.099876781322464,25,0.008682544893882243,75.93954402740489,0.007382719353202088,25.65123326222613,0.5606403413644641,0.7792671344439571,0.8502944060103832,0.33778492603233395,-2.1317836405403288,1.8804679851269748,-0.251315655413354,0.7792671344439571,0.8502944060103832,0.33778492603233395
30145541,natural_ugr_v2_final::q30145541::i92341292,4.0,0.1776341724886,4.286740349408193,26,0.015137595086031436,65.80162470734452,0.011448708610045936,16.1238642504718,0.7533436273419866,0.04048876134086679,0.7563096082950782,0.24503747927476507,-1.941243498054296,1.8182366169076236,-0.1230068811466726,0.04048876134086679,0.7563096082950782,0.24503747927476507
30110031,natural_ugr_v2_final::q30110031::i92399305,4.0,0.5844666069250786,4.866075659491475,23,0.009739451986049433,57.834184589506336,0.007767622014745337,10.875082756183689,0.4492340854222949,0.41102921522376173,0.7975419998857739,0.18803900899394554,-2.1097119160692004,1.7621846167957809,-0.3475272992734197,0.41102921522376173,0.7975419998857739,0.18803900899394554
9234545118764,natural_ugr_v2_final::q9234545118764::i92345451,4.0,0.2013369734039789,3.7644561462386408,28,0.010524261258237326,67.32941803057139,0.008569963307140958,27.899605741852213,0.5770106420131517,0.9793762428712084,0.8143054506969084,0.41437467540836614,-2.067021037533082,1.8282048606107673,-0.2388161769223147,0.9793762428712084,0.8143054506969084,0.41437467540836614
9237517017312,natural_ugr_v2_final::q9237517017312::i92375170,4.0,0.1185531996086683,6.09101172185515,23,0.006317900770444216,72.97392953648078,0.004847407406223993,19.482619055849135,0.3537343664964047,0.9285946798758721,0.7672496897863067,0.26698053920899895,-2.3144904779377655,1.863167732987777,-0.4513227449499884,0.9285946798758721,0.7672496897863067,0.26698053920899895
9234661215622,natural_ugr_v2_final::q9234661215622::i92346612,4.0,0.1374138477314473,4.869868764115933,25,0.012757129308411184,55.76722613513746,0.006964492491861798,11.48939664991263,0.3883904277101239,0.016889449567999225,0.5459294425486371,0.20602417308816912,-2.157110525473241,1.7463790431976194,-0.4107314822756217,0.016889449567999225,0.5459294425486371,0.20602417308816912
30165251,natural_ugr_v2_final::q30165251::i92411834,1.5,0.1732979778927342,7.395838719471426,22,0.015732026908149024,65.01165640393155,0.012059228110751104,10.410424451877876,0.7839903944327834,0.34028277870712553,0.7665400130039538,0.16013165988566183,-1.9186804897058052,1.8129912313820888,-0.10568925832371644,0.34028277870712553,0.7665400130039538,0.16013165988566183
923596089264,natural_ugr_v2_final::q923596089264::i92359608,2.0,1.4738230880532932,8.995832998536038,23,0.0014364246278166014,85.07638817565096,0.0008234567569213996,32.95720061026472,0.07005672669770764,0.8085834488892764,0.5732683365176444,0.38738363624723243,-3.084359202473002,1.9298090441281948,-1.1545501583448072,0.8085834488892764,0.5732683365176444,0.38738363624723243
30108078,natural_ugr_v2_final::q30108078::i92402273,2.0,0.1314072232867167,3.0514729875216844,24,0.003690241392552866,61.116862139052245,0.003306993419465506,4.29640557721794,0.2021130609122263,0.4133166824998787,0.8961455546347786,0.07029820293199636,-2.480566669281236,1.7861610485997461,-0.6944056206814897,0.4133166824998787,0.8961455546347786,0.07029820293199636
900039663902,natural_ugr_v2_final::q900039663902::i90003966,2.0,0.2348624441993806,6.739572945049485,24,0.008861549483601712,67.36531852191376,0.005108742402418206,25.541887674310153,0.3441520591853094,0.6867661735891555,0.576506672097462,0.379154856456315,-2.29168599515073,1.8284363675880386,-0.4632496275626912,0.6867661735891555,0.576506672097462,0.379154856456315
9235815713459,natural_ugr_v2_final::q9235815713459::i92358157,4.0,0.1995280972607334,3.0475080299461754,23,0.0008410827111393045,65.74757407720499,0.0006097419094172941,26.880389534156738,0.04008905135738996,0.883907839923902,0.7249488086508836,0.40884230196223015,-3.214853953570584,1.817879733065672,-1.3969742205049123,0.883907839923902,0.7249488086508836,0.40884230196223015
923676653686,natural_ugr_v2_final::q923676653686::i92367665,4.0,0.1033164861304772,4.499241156992099,24,0.0038527760376919863,53.8835571163394,0.002851667673240715,12.918642886283788,0.15365799794788473,0.8615527819468994,0.740159211265499,0.23975111476755864,-2.5449010875464086,1.731456257893663,-0.8134448296527456,0.8615527819468994,0.740159211265499,0.23975111476755864
923762015878,natural_ugr_v2_final::q923762015878::i92376201,4.0,0.1347718745365544,4.93571862872885,23,0.010817724698236443,70.55670585887322,0.006612200927465279,16.589707393605096,0.46653511591893637,0.9756797363728876,0.6112376781545598,0.23512587771299379,-2.1796539578284193,1.8485382963200514,-0.33111566150836796,0.9756797363728876,0.6112376781545598,0.23512587771299379
900025013551,natural_ugr_v2_final::q900025013551::i90002501,4.0,0.1220550038766214,4.284616280650482,26,0.010958403026465361,71.30150631934343,0.00644753510192947,18.528450703948682,0.4597189648144127,-0.4649744279024657,0.5883644803315037,0.25986057883495356,-2.1906062847801335,1.8530987048766707,-0.33750757990346275,-0.4649744279024657,0.5883644803315037,0.25986057883495356
9235461019513,natural_ugr_v2_final::q9235461019513::i92354610,4.0,0.2290430210959179,1.1007850430601167,24,0.0013232623705565938,61.03416995971264,0.0009806569625562954,15.393020682535806,0.05985358372483649,-0.8432251507643628,0.7410903418524696,0.25220332631207093,-3.0084828838765243,1.7855730427179655,-1.2229098411585588,-0.8432251507643628,0.7410903418524696,0.25220332631207093
923342916470,natural_ugr_v2_final::q923342916470::i92334291,1.5,0.1058316051881522,3.7068179689368774,28,0.011181038332611795,72.22492718264,0.007875104191306216,16.651222851525738,0.5687788267727946,0.5313041589643283,0.7043267321905925,0.23054675859234414,-2.103743691581535,1.8586871126596256,-0.2450565789219091,0.5313041589643283,0.7043267321905925,0.23054675859234414
9234326415980,natural_ugr_v2_final::q9234326415980::i92343264,4.0,0.1853381631280587,1.0498716958784453,24,0.0009315751917184573,57.84376259624739,0.0005576278480108966,10.130576436762976,0.03225529285739862,-0.7714764970572292,0.5985859788540012,0.17513688567382713,-3.253655545642713,1.7622565350063988,-1.4913990106363144,-0.7714764970572292,0.5985859788540012,0.17513688567382713
923228588661,natural_ugr_v2_final::q923228588661::i92322858,4.0,0.6219636115224736,4.008992658810067,23,0.009768738122527177,69.08980588611215,0.006592698267619008,24.868151405400177,0.45548824357550505,0.989569496035524,0.674877162733632,0.35993951765319643,-2.180936800444185,1.8394139724970535,-0.3415228279471317,0.989569496035524,0.674877162733632,0.35993951765319643
92381888706,natural_ugr_v2_final::q92381888706::i92381888,2.0,0.1394869407200538,2.1416078422836957,31,0.004038352321068613,70.42757758654274,0.0033354641361789247,6.592503812225055,0.23490865923787196,0.20446680690842967,0.8259467899265182,0.09360685172117501,-2.4768437246391386,1.8477427507394835,-0.6291009738996549,0.20446680690842967,0.8259467899265182,0.09360685172117501
923552179356,natural_ugr_v2_final::q923552179356::i92355217,4.0,0.2693212655886822,3.992924577347404,24,0.006975134009152331,77.03121183097838,0.005320855502813733,17.369499403881548,0.4098719473592716,0.7816425552958448,0.7628320109451721,0.2254865137263275,-2.274018534945366,1.8866667301001638,-0.3873518048452023,0.7816425552958448,0.7628320109451721,0.2254865137263275
30127400,natural_ugr_v2_final::q30127400::i92371941,1.5,2.0318355552262903,9.250958311207876,22,0.003615499154513966,88.3073732619126,0.002949356440280496,39.67336191563018,0.2604499200542756,0.8393745034539117,0.815753597009755,0.44926443229108587,-2.5302727382340615,1.9459969666950703,-0.584275771538991,0.8393745034539117,0.815753597009755,0.44926443229108587
30133651,natural_ugr_v2_final::q30133651::i92361258,4.0,0.1396621127891312,4.06767411034778,24,0.017627013693232295,56.589720022680396,0.01333745876483682,7.028843593623438,0.7547630573161603,0.24215717099236111,0.7566488003556494,0.1242070749034696,-1.8749269102652442,1.7527375452711516,-0.12218936499409261,0.24215717099236111,0.7566488003556494,0.1242070749034696
923690913509,natural_ugr_v2_final::q923690913509::i92369091,4.0,0.1001757437290024,3.3508123332053734,26,0.011459597996673282,53.227159406708566,0.007392268863931116,13.623213995619238,0.39346947319771,-0.3925995476977869,0.6450722674632294,0.25594478735046333,-2.1312222457925234,1.726133289638664,-0.40508895615385904,-0.3925995476977869,0.6450722674632294,0.25594478735046333
30109767,natural_ugr_v2_final::q30109767::i92399749,2.0,0.1271687938712799,2.119165279745463,24,0.0020330879269852193,60.86821212772148,0.0017423425304361956,10.581929099694722,0.10605327474174137,-0.23946233066438646,0.8569932009875452,0.17384984263198602,-2.7588664621555945,1.7843905454778604,-0.974475916677734,-0.23946233066438646,0.8569932009875452,0.17384984263198602
9238569312543,natural_ugr_v2_final::q9238569312543::i92385693,4.0,0.1507771596911602,3.1106953179972905,26,0.0033949972458343536,79.85044209752046,0.0025884127507959766,10.843595092237482,0.2066859024819178,0.8606062222854932,0.762419690906067,0.13579881096956634,-2.5869664694638415,1.9022773249827307,-0.6846891444811107,0.8606062222854932,0.762419690906067,0.13579881096956634
30134030,natural_ugr_v2_final::q30134030::i92360635,2.0,0.2284841417179152,3.619248586775113,24,0.009365754275986347,53.95034578795876,0.008036922481593444,14.130047879240177,0.43359474695298594,0.11343449892270188,0.8581180164207375,0.2619083839568991,-2.0949102205459087,1.7319942325837328,-0.36291598796217606,0.11343449892270188,0.8581180164207375,0.2619083839568991
9235782312480,natural_ugr_v2_final::q9235782312480::i92357823,2.0,0.1511519911724602,3.4657793837066606,32,0.008462147785635456,77.90610070885066,0.006838807917248559,11.09265802594591,0.5327848583296515,0.04501304799008354,0.8081645570947691,0.14238497274303588,-2.1650195941980317,1.8915714679478854,-0.2734481262501464,0.04501304799008354,0.8081645570947691,0.14238497274303588
924048331828,natural_ugr_v2_final::q924048331828::i92404833,2.0,0.114093212321879,6.647042810440638,25,0.011200496789426638,102.7861395323373,0.00930846197324091,44.97442378781237,0.956780871212996,0.8811797433786338,0.8310758128182472,0.43755338990684706,-2.031122071082493,2.011934555024397,-0.019187516058095794,0.8811797433786338,0.8310758128182472,0.43755338990684706
9233739920209,natural_ugr_v2_final::q9233739920209::i92337399,4.0,0.1677777836279973,1.0182764724441369,23,0.00026928363097961794,49.40518069760767,0.0001648761304447631,11.098293143360126,0.008145735017345853,0.06043325379047576,0.6122768392752493,0.22463824616468886,-3.782842213770129,1.6937724920494142,-2.089069721720715,0.06043325379047576,0.6122768392752493,0.22463824616468886
923411719227,natural_ugr_v2_final::q923411719227::i92341171,4.0,0.8790349648588514,4.901951876697999,24,0.012843650139017714,73.85222534276255,0.01019621708931266,27.884518724336665,0.753013322123645,0.5050368885327349,0.7938722231569966,0.37757181445676397,-1.9915609264700427,1.8683635861682282,-0.12319734030181448,0.5050368885327349,0.7938722231569966,0.37757181445676397
30146768,natural_ugr_v2_final::q30146768::i92339280,1.5,0.1057756216376634,4.076667084444906,22,0.00401678074850184,59.49981917934689,0.003682882280349786,23.33812733921258,0.21913082973963302,0.9045085460746892,0.9168741116187162,0.39223862628667494,-2.433812162712171,1.774515645904496,-0.659296516807675,0.9045085460746892,0.9168741116187162,0.39223862628667494
30107308,natural_ugr_v2_final::q30107308::i92403480,1.5,0.1196676719954988,1.3354045242326418,24,0.003507495086395111,68.06625216191584,0.0020671080170209834,9.429098725706911,0.14070029553246807,-0.5984147094677912,0.5893402459889088,0.1385282489665656,-2.6846368286603424,1.8329318383053603,-0.851704990354982,-0.5984147094677912,0.5893402459889088,0.1385282489665656
9236571020151,natural_ugr_v2_final::q9236571020151::i92365710,2.0,0.1036343899755989,2.8553895922688177,23,0.010335298651408375,67.31726447806093,0.007715490897823673,28.7295725051971,0.519385741346868,0.7587422343361366,0.746518427580445,0.4267786685622115,-2.1126364367513686,1.8281264595583715,-0.284509977192997,0.7587422343361366,0.746518427580445,0.4267786685622115
30137517,natural_ugr_v2_final::q30137517::i92354802,4.0,0.7149590780694501,7.3403896815879905,22,0.008282182215284983,66.30717097299814,0.007157747217205221,21.817687460175677,0.4746099685127282,0.9579067169117251,0.8642344530883915,0.3290396368902597,-2.1452236432066183,1.8215604989265504,-0.3236631442800679,0.9579067169117251,0.8642344530883915,0.3290396368902597
9235949614850,natural_ugr_v2_final::q9235949614850::i92359496,4.0,0.2258816119591777,1.0264672612459098,23,0.0003886406280576029,61.23234673665161,0.00024361978270746063,14.686637329242641,0.01491741100665095,-0.6175607285889632,0.6268510421184071,0.23985096296254996,-3.613287448502839,1.786980904140094,-1.826306544362745,-0.6175607285889632,0.6268510421184071,0.23985096296254996
92345915213,natural_ugr_v2_final::q92345915213::i92345915,2.0,0.144462556777496,4.412056244427715,26,0.010105391405525143,62.016297543344606,0.008180690176215425,5.858625172400506,0.507336116078092,0.7650712752814932,0.8095371913791104,0.09446912189986478,-2.087210054876654,1.7925058347085867,-0.29470422016806735,0.7650712752814932,0.8095371913791104,0.09446912189986478
9237735612968,natural_ugr_v2_final::q9237735612968::i92377356,2.0,0.1540431201089672,3.729262645576347,25,0.007634351641515339,55.95458700994893,0.004598482812312156,11.256657755260756,0.2573062066352752,0.8948549076733655,0.6023409751400193,0.20117488765057423,-2.337385432432794,1.7478356946436884,-0.5895497377891055,0.8948549076733655,0.6023409751400193,0.20117488765057423
9236273710019,natural_ugr_v2_final::q9236273710019::i92362737,2.0,0.1102655529457366,4.070420901872159,31,0.008042327228403182,67.18287718002595,0.006879611573579098,19.079046085196858,0.46219209939404965,0.7398281881163122,0.8554254730250583,0.28398673718709416,-2.1624360815629387,1.8272585990390156,-0.3351774825239232,0.7398281881163122,0.8554254730250583,0.28398673718709416
30092654,natural_ugr_v2_final::q30092654::i90000042,2.0,0.1146639537468197,1.8740340809765292,22,0.005079988519936217,58.59643287492167,0.004054130160214945,14.801663572012831,0.23755756579923046,0.4129241902246069,0.7980589216500528,0.2526034921546855,-2.392102312141364,1.7678711786479377,-0.624231133493426,0.4129241902246069,0.7980589216500528,0.2526034921546855
30112451,natural_ugr_v2_final::q30112451::i92395459,4.0,0.8144195828729544,3.624896441546392,25,0.02035848449956123,69.30095354954177,0.01567918740341868,19.795531777838555,1.0865826379388785,0.7771886076627998,0.7701549397626627,0.28564587879280984,-1.804676449008472,1.84073921034709,0.036062761338618236,0.7771886076627998,0.7701549397626627,0.28564587879280984
923624958850,natural_ugr_v2_final::q923624958850::i92362495,2.0,0.1583989160799637,4.949948851302194,28,0.0038830240153390175,71.1979534034133,0.003560859648087479,12.483448296002885,0.253525919300627,0.6121438419641926,0.9170326101566975,0.1753343698697443,-2.448445143782184,1.8524675099517598,-0.5959776338304242,0.6121438419641926,0.9170326101566975,0.1753343698697443
923540209731,natural_ugr_v2_final::q923540209731::i92354020,4.0,0.2503359158537189,2.7847307146565687,23,0.005334068432979146,59.08932519172074,0.003938770735916091,11.761651466606844,0.23273930487017913,0.915197365846192,0.7384177359937313,0.19904866790143713,-2.4046392974402275,1.7715090303048409,-0.6331302671353866,0.915197365846192,0.7384177359937313,0.19904866790143713
92316752361,natural_ugr_v2_final::q92316752361::i92316752,4.0,0.1926810623756302,1.0072144045072486,23,9.612072848931657e-05,47.000129678193126,5.800733821136795e-05,10.051366788863309,0.002726352418221101,-0.8160500365639568,0.6034841716562233,0.21385827778953745,-4.236517062590276,1.672099056200526,-2.5644180063897504,-0.8160500365639568,0.6034841716562233,0.21385827778953745
9231646918406,natural_ugr_v2_final::q9231646918406::i92316469,4.0,0.2292865960297877,1.004512821773216,24,6.100275196639924e-05,54.29845939131263,3.636671048445558e-05,10.982816088390141,0.001974656352435835,-0.8389366872857942,0.5961486869393471,0.20226754518466714,-4.439295980855084,1.7347875075383226,-2.7045084733167615,-0.8389366872857942,0.5961486869393471,0.20226754518466714
9233243219914,natural_ugr_v2_final::q9233243219914::i92332432,4.0,0.1147170230973092,3.370471434269513,28,0.012218491988704061,58.369969209258294,0.008468575594505704,14.901802550225062,0.4943104966975742,-0.8371759236260222,0.6930949909640947,0.2552991333060602,-2.0721896314010695,1.7661894642155438,-0.3060001671855256,-0.8371759236260222,0.6930949909640947,0.2552991333060602
30117726,natural_ugr_v2_final::q30117726::i92387373,2.0,0.1802836877021684,3.4446915616270015,26,0.007550667148615688,54.0013232058419,0.0066128951931482965,4.1480541255404955,0.35710509065155943,0.1561895736284267,0.875802768548827,0.07681393490542758,-2.1796083603140217,1.7324044015628757,-0.447203958751146,0.1561895736284267,0.875802768548827,0.07681393490542758
92320884357,natural_ugr_v2_final::q92320884357::i92320884,4.0,0.1058787088961459,2.0543234422436942,24,0.010067360225377216,54.30737869623011,0.006651405841065392,9.217769844992063,0.3612204158730552,-0.8861052132295004,0.6606901602963322,0.1697332860890216,-2.1770865525179826,1.7348588408107322,-0.4422277117072505,-0.8861052132295004,0.6606901602963322,0.1697332860890216
30120672,natural_ugr_v2_final::q30120672::i92382826,1.5,0.3662320337795354,8.432120929800162,25,0.0073317067661632825,76.43955255814794,0.00665547488887544,15.868734332850757,0.5087415225676281,0.9783425324958365,0.9077661042843755,0.20759847228016326,-2.1768209508189145,1.8833181362310123,-0.29350281458790245,0.9783425324958365,0.9077661042843755,0.20759847228016326
9238767014942,natural_ugr_v2_final::q9238767014942::i92387670,4.0,0.1003738023671624,1.0111864774759192,23,0.00022815915721182995,52.796624827233984,0.00015674225559799855,5.006923199180383,0.008275462063381945,0.41587017560692807,0.6869864769550943,0.09483415304604227,-3.8048139078123504,1.7226061599247204,-2.08220774788763,0.41587017560692807,0.6869864769550943,0.09483415304604227
30159772,natural_ugr_v2_final::q30159772::i92317286,2.0,0.1290901112068041,3.6888066367027443,22,0.008140981266308174,59.742084571488896,0.007203025718530529,15.75203873509165,0.4303237716470605,0.9081164990290673,0.8847859346318094,0.2636673769935557,-2.142485034564425,1.7762803723039318,-0.3662046622604932,0.9081164990290673,0.8847859346318094,0.2636673769935557
9235373011633,natural_ugr_v2_final::q9235373011633::i92353730,4.0,0.6263218468242224,4.682267954505259,27,0.014935600758926184,72.479904936086,0.00572306705605434,14.082643864426185,0.41480735616566417,0.1554272744364777,0.38318291633726076,0.1942972176473534,-2.2423711655185254,1.8602176150528578,-0.3821535504656676,0.1554272744364777,0.38318291633726076,0.1942972176473534
9238179020077,natural_ugr_v2_final::q9238179020077::i92381790,4.0,0.2103629944953213,1.2095636349403733,23,0.0018441739363181276,49.45902683966651,0.0013594369936696705,5.0188816596805275,0.06723643075674378,-0.054500052426668014,0.7371522647065336,0.10147554410947987,-2.866640916017405,1.6942455668914178,-1.172395349125987,-0.054500052426668014,0.7371522647065336,0.10147554410947987
30144821,natural_ugr_v2_final::q30144821::i92342508,4.0,1.2397250675333822,8.182319437944372,22,0.0052285855890021405,73.01104817411847,0.0047305522927281185,34.96831741042872,0.34538258133455924,0.8386283034996911,0.9047479881898481,0.47894556077369893,-2.325088152352683,1.8633885833807697,-0.46169956897191333,0.8386283034996911,0.9047479881898481,0.47894556077369893
30111263,natural_ugr_v2_final::q30111263::i92397372,1.5,1.1690172318405294,9.292142915376232,23,0.00296597493665536,80.07552214061703,0.0025363673095167225,35.282817632450694,0.20310093664994355,0.8905927409013489,0.8551546670778367,0.44061926403042523,-2.595787852941309,1.9034997792065984,-0.6922880737347109,0.8905927409013489,0.8551546670778367,0.44061926403042523
30115700,natural_ugr_v2_final::q30115700::i92390438,2.0,0.7752296630885641,8.50335816685582,22,0.006451873639027355,57.69829645068765,0.005540953727273052,17.715449859554045,0.31970359077574323,0.8012912783042031,0.8588131196116191,0.30703592565674287,-2.2564154766356,1.7611629907469297,-0.4952524858886704,0.8012912783042031,0.8588131196116191,0.30703592565674287
9235777510269,natural_ugr_v2_final::q9235777510269::i92357775,4.0,0.1376667626650144,5.327717338103506,23,0.010961234671686677,55.98258081179616,0.007317937926757906,14.893860038253186,0.40967705136043253,0.9553237538835406,0.6676198572465967,0.2660445413962566,-2.1356112786675103,1.7480529156822366,-0.38755836298527363,0.9553237538835406,0.6676198572465967,0.2660445413962566
30122300,natural_ugr_v2_final::q30122300::i92380180,2.0,0.1835470849613611,5.625757918985932,24,0.008649777744935363,68.34966195182545,0.007398775565023731,21.558506897081287,0.5057038087267983,0.8115538536195213,0.8553717544194565,0.3154149747262285,-2.1308401463977478,1.834736370947442,-0.29610377545030586,0.8115538536195213,0.8553717544194565,0.3154149747262285
923625814815,natural_ugr_v2_final::q923625814815::i92362581,2.0,0.1512880584119592,5.993257558251785,24,0.006126469659878659,73.36746826677039,0.005247060629205005,11.875742341503008,0.3849635542070185,0.8112478099482999,0.8564574576394668,0.16186659594579159,-2.280083917547983,1.865503532885025,-0.41458038466295793,0.8112478099482999,0.8564574576394668,0.16186659594579159
9231846910201,natural_ugr_v2_final::q9231846910201::i92318469,2.0,0.1511046838143429,3.5454230590680558,31,0.007540643291268875,64.14247423762238,0.00654982539726834,10.958636490236444,0.4201220068052093,0.6699355886476932,0.868603001663296,0.1708483593825684,-2.1837702771095278,1.807145708430295,-0.3766245686792328,0.6699355886476932,0.868603001663296,0.1708483593825684
9238575916999,natural_ugr_v2_final::q9238575916999::i92385759,4.0,0.5562303663075181,4.696821264963539,25,0.006554798503248746,87.56214791533664,0.005113248692251029,44.55667111008316,0.44772703831878624,0.910806624098462,0.7800771739538227,0.5088576761863444,-2.291303084049183,1.9423164063488063,-0.34898667770037667,0.910806624098462,0.7800771739538227,0.5088576761863444
30129067,natural_ugr_v2_final::q30129067::i92369165,4.0,0.7903609637090743,3.848484105803107,24,0.021260816379254248,72.9434656130321,0.019147298160558417,23.628197540638173,1.3966702849571657,0.9168754318074838,0.9005909189471131,0.32392480041991245,-1.717892499854329,1.862986393209479,0.14509389335514994,0.9168754318074838,0.9005909189471131,0.32392480041991245
30152166,natural_ugr_v2_final::q30152166::i92330380,1.5,1.2413825097782858,9.176359937163506,22,0.003357668979167867,77.16197685462932,0.002965089378242837,36.069991127056,0.228792157975881,0.9819026135949355,0.8830797188880951,0.4674581004451286,-2.527962210936269,1.8874033455407853,-0.6405588653954839,0.9819026135949355,0.8830797188880951,0.4674581004451286
92332384575,natural_ugr_v2_final::q92332384575::i92332384,2.0,0.1560063919118919,5.806510730995411,26,0.009778639103107976,76.16202369508069,0.007683017967867873,31.20869848777161,0.5851541965184837,0.9501487759349849,0.7856939894045128,0.4097671907027778,-2.1144681511491794,1.8817384751339046,-0.23272967601527472,0.9501487759349849,0.7856939894045128,0.4097671907027778
9231589519027,natural_ugr_v2_final::q9231589519027::i92315895,4.0,0.1126339474581523,3.491290042332485,25,0.014684639012691339,54.371519553633895,0.009866780929100741,8.667674613902175,0.536471872218023,-0.7695891450093623,0.6719117113177439,0.15941571405507785,-2.005824514276541,1.7353714706610135,-0.2704530436155273,-0.7695891450093623,0.6719117113177439,0.15941571405507785
9236041613020,natural_ugr_v2_final::q9236041613020::i92360416,2.0,0.138468352633321,6.218938700818489,27,0.009830568755150287,64.817696241725,0.008999006820249969,24.75917637640491,0.5832948905521741,0.9787650120446975,0.9154105977373223,0.38198173974080124,-2.045805419036921,1.8116935912243248,-0.23411182781259585,0.9787650120446975,0.9154105977373223,0.38198173974080124
30144108,natural_ugr_v2_final::q30144108::i92343692,2.0,0.1122799637095788,5.023952777985828,22,0.008668950448693875,68.13059412359841,0.0073527786455561,9.010525919561967,0.5009491775810443,0.0932044962904632,0.8481740308786655,0.1322537405620684,-2.133548508210301,1.8333421761619915,-0.30020633204830977,0.0932044962904632,0.8481740308786655,0.1322537405620684
30115919,natural_ugr_v2_final::q30115919::i92390144,2.0,0.1087246622356958,1.8524747471589067,22,0.008624554839385318,58.03441184587998,0.006652703926840452,12.747683115870666,0.3860857595789618,0.13605052198317938,0.7713678039891272,0.21965731555485143,-2.1770018040454024,1.7636855874090762,-0.41331621663632634,0.13605052198317938,0.7713678039891272,0.21965731555485143
900009491678,natural_ugr_v2_final::q900009491678::i90000949,4.0,0.1678426832328106,4.322190136928231,27,0.008095525467316803,71.77901054520456,0.004791965471415528,24.4062682307529,0.3439625401049913,0.8250367085025867,0.591927663097549,0.3400195690268322,-2.319486319923363,1.8559974674031907,-0.4634888525201723,0.8250367085025867,0.591927663097549,0.3400195690268322
30100381,natural_ugr_v2_final::q30100381::i92408006,4.0,0.1361941840564434,1.033305360582312,22,0.00057528099598292,59.779699776773604,0.00034617662961868283,13.545543601085454,0.020694334988340213,-0.8038813761181406,0.601752242879514,0.22659102758405533,-3.460702254687774,1.7765537296122955,-1.6841485250754784,-0.8038813761181406,0.601752242879514,0.22659102758405533
9235037519391,natural_ugr_v2_final::q9235037519391::i92350375,2.0,0.1615843396190277,1.9557620178472392,23,0.003464133859371968,69.33638777658904,0.002872517527398061,18.521674218504643,0.1991699891747207,0.9071668229925661,0.8292166654087771,0.2671277638255964,-2.5417373126730847,1.840961212434912,-0.7007761002381728,0.9071668229925661,0.8292166654087771,0.2671277638255964
9236194713404,natural_ugr_v2_final::q9236194713404::i92361947,2.0,0.1516104985137951,3.009964510970189,25,0.005562010368308834,73.18991037576224,0.004908467280726623,8.862768827136584,0.3592502803587429,-0.5198376908745337,0.8824987649598853,0.12109276786423831,-2.3090540996163753,1.8644512153459718,-0.44460288427040345,-0.5198376908745337,0.8824987649598853,0.12109276786423831
9235678618281,natural_ugr_v2_final::q9235678618281::i92356786,4.0,0.1377278902230062,3.511339097337415,23,0.0031387252992463414,69.2608973555733,0.0016741342858255972,19.296124778837175,0.11595204293001271,0.6404458585878577,0.5333803140490134,0.2786005598479941,-2.7762097092734495,1.8404881140406029,-0.9357215952328466,0.6404458585878577,0.5333803140490134,0.2786005598479941
923693725826,natural_ugr_v2_final::q923693725826::i92369372,2.0,0.1441756186274284,5.080063888852239,24,0.011300339785830749,78.31801793177048,0.009761749062132818,28.341836977968114,0.7645208380935617,0.838664667939069,0.8638456229761218,0.3618814383512503,-2.0104723606143216,1.8938616878325265,-0.11661067278179493,0.838664667939069,0.8638456229761218,0.3618814383512503
30126312,natural_ugr_v2_final::q30126312::i92373742,4.0,0.3076463892374219,4.479306257026153,22,0.005708016599217122,54.909206929123556,0.0037197837972641375,14.756127431614942,0.2042503782555775,0.1773006604729229,0.6516771163164314,0.2687368522853017,-2.4294823016191307,1.7396451711034269,-0.6898371305157038,0.1773006604729229,0.6516771163164314,0.2687368522853017
30111451,natural_ugr_v2_final::q30111451::i92397077,4.0,2.38256400007592,7.648984556070958,23,0.006452852804242779,80.39329475482835,0.005742887681657279,29.08785200267667,0.4616896621353464,0.8595326809241933,0.8899765508181597,0.36181937923286417,-2.2408696774875025,1.9052198276985128,-0.3356498497889896,0.8595326809241933,0.8899765508181597,0.36181937923286417
9240936412630,natural_ugr_v2_final::q9240936412630::i92409364,2.0,0.1120990269198865,5.060560778182065,28,0.0049650264055004474,71.64299410954841,0.004384291664827337,13.759570179575027,0.31410378191776706,0.4001879494025801,0.8830349139674765,0.19205744191170235,-2.3581005621396365,1.8551737276248312,-0.5029268345148054,0.4001879494025801,0.8830349139674765,0.19205744191170235
924100876192,natural_ugr_v2_final::q924100876192::i92410087,4.0,0.1275884529529114,2.190352789363031,27,0.007220217423857936,55.124410767773924,0.004601917141705428,10.971178963398549,0.2536779708386301,-0.5185498994065778,0.6373654519736767,0.19902578205538604,-2.337061205142401,1.7413439602686929,-0.5957172448737081,-0.5185498994065778,0.6373654519736767,0.19902578205538604
9241581014118,natural_ugr_v2_final::q9241581014118::i92415810,4.0,0.1668544040745002,4.722290501530473,24,0.008130930871280561,64.76045048289052,0.0066978164355785035,6.718129377829583,0.43375360961977194,-0.2558831872091867,0.8237453425211138,0.10373815079628713,-2.1740667591711538,1.811309861105936,-0.36275689806521766,-0.2558831872091867,0.8237453425211138,0.10373815079628713
30154958,natural_ugr_v2_final::q30154958::i92325590,4.0,2.135769282394666,7.345154423097146,25,0.004349003645475757,98.58841449292697,0.0025153904610543606,56.03051931221273,0.247988357385982,-0.6916725118625727,0.5783831576391312,0.5683276234879762,-2.599394590361868,1.993825882310206,-0.605568708051662,-0.6916725118625727,0.5783831576391312,0.5683276234879762
30166439,natural_ugr_v2_final::q30166439::i92416838,4.0,0.1050557793268533,1.4213726089794334,22,0.005231093336107167,57.77629341856084,0.003004412958746119,6.569616786566347,0.1735838446550423,-0.6508167110635933,0.5743374789374183,0.11370782717009385,-2.5222403734726195,1.7617496766653165,-0.7604906968073031,-0.6508167110635933,0.5743374789374183,0.11370782717009385
30093981,natural_ugr_v2_final::q30093981::i92414292,4.0,0.1074807904456244,3.5383313539443386,24,0.013255137625054057,59.85416645956342,0.00909965545192428,8.64958803947903,0.5446522921441497,-0.6600589286299137,0.6865002619606652,0.1445110432758689,-2.04097505143285,1.7770943871136446,-0.2638806643192053,-0.6600589286299137,0.6865002619606652,0.1445110432758689
9235225718882,natural_ugr_v2_final::q9235225718882::i92352257,2.0,0.1568610862232785,3.693121354563603,30,0.008828472191356764,76.05259868627375,0.0072143647087894065,13.032110090515792,0.548671183973977,0.2837771358694048,0.8171702365277201,0.17135653896949446,-2.14180190651293,1.881114058307845,-0.2606878482050849,0.2837771358694048,0.8171702365277201,0.17135653896949446
30156723,natural_ugr_v2_final::q30156723::i92322768,4.0,0.1801132100201568,6.193042852115417,22,0.010036292418329717,71.14119442659454,0.0067687568555952655,25.109117366614544,0.48153744749024746,0.8208971652099075,0.6744280231645294,0.3529476496563862,-2.169491086164206,1.8521211525073997,-0.317369933656806,0.8208971652099075,0.6744280231645294,0.3529476496563862
30160450,natural_ugr_v2_final::q30160450::i92316246,2.0,0.1352606514019093,3.1974108911663612,22,0.008471908656841961,74.00222909178083,0.007317926985102798,37.19659882955078,0.5415429092285022,0.9200509755194896,0.8637872859019553,0.5026415999363737,-2.1356119280176467,1.8692448017266472,-0.26636712629099923,0.9200509755194896,0.8637872859019553,0.5026415999363737
30139950,natural_ugr_v2_final::q30139950::i92350629,4.0,2.054351284442516,8.029501311010565,22,0.006851932631062166,80.44860048968592,0.0058324268005568915,28.637541555489435,0.4692105735633384,0.925575611282074,0.8512090113257238,0.3559731478381774,-2.234150703080924,1.9055184933711145,-0.32863220970980933,0.925575611282074,0.8512090113257238,0.3559731478381774
30165488,natural_ugr_v2_final::q30165488::i92415240,4.0,4.259691463030507,5.8416826228701915,24,0.011240585875784963,73.4982361506836,0.006937538380944312,33.030576265219125,0.5098968342270761,-0.8307666375738058,0.617186546823107,0.4494063802769492,-2.158794601190173,1.8662769167819262,-0.2925176844082469,-0.8307666375738058,0.617186546823107,0.4494063802769492
30110746,natural_ugr_v2_final::q30110746::i92398215,4.0,0.1002077092898089,1.8933406298511284,22,0.001838780913586426,59.632986672538635,0.001287633028599407,11.47418774340617,0.076785403233589,-0.41161184922808575,0.7002645171511814,0.19241343396758132,-2.89020789191614,1.7754865611974955,-1.1147213307186445,-0.41161184922808575,0.7002645171511814,0.19241343396758132
9233781916805,natural_ugr_v2_final::q9233781916805::i92337819,4.0,0.1112980259136733,1.0105017303077282,23,0.0001355425584162361,57.2045247254806,9.342617632487717e-05,11.203969917121631,0.005344400013583547,-0.5783121680710154,0.6892755855911749,0.19585810686984081,-4.029531425261179,1.757430381687966,-2.2721010435732127,-0.5783121680710154,0.6892755855911749,0.19585810686984081
923765107612,natural_ugr_v2_final::q923765107612::i92376510,2.0,0.1458192638769522,3.1110799122277992,26,0.0069169233320105035,51.23802592194728,0.005792110598608889,11.941445449713692,0.29677631299430784,0.887904353689073,0.8373825067286568,0.2330582655136738,-2.237163154009293,1.7095923890718605,-0.5275707649374326,0.887904353689073,0.8373825067286568,0.2330582655136738
30101784,natural_ugr_v2_final::q30101784::i92407271,4.0,0.1252612919783123,3.766204043215936,23,0.011809265356139626,54.03850613486563,0.009066041248631147,8.236013363867128,0.4899153256330991,-0.7787764351841846,0.7677057780666874,0.1524100859359851,-2.042582309321878,1.7327033346810063,-0.3098789746408711,-0.7787764351841846,0.7677057780666874,0.1524100859359851
923563698418,natural_ugr_v2_final::q923563698418::i92356369,4.0,0.1513709757090109,3.5319057174767132,25,0.011580948155462649,50.76859647090952,0.007778793904923868,8.602397690490124,0.39491844878945037,0.7996750420555587,0.6716888635111166,0.16944328361370617,-2.109087734763719,1.7055951572323629,-0.40349257753135587,0.7996750420555587,0.6716888635111166,0.16944328361370617
30166567,natural_ugr_v2_final::q30166567::i92417108,2.0,0.1443755018811625,6.100531680550796,24,0.00728041076075539,68.44649346215525,0.006267906742014936,19.232939285543317,0.4290162378387241,0.8772019706610236,0.8609276245513102,0.28099232426241677,-2.2028774738705836,1.8353512039814115,-0.36752626988917186,0.8772019706610236,0.8609276245513102,0.28099232426241677
30124972,natural_ugr_v2_final::q30124972::i92375983,4.0,2.77953656863885,7.7565569937490055,24,0.005861901297317235,78.63948760124384,0.005209617249060818,17.423138986609725,0.40968163106474426,0.8376643684108773,0.8887248325803536,0.2215571275712908,-2.283194183173992,1.8956406750596169,-0.38755350811437517,0.8376643684108773,0.8887248325803536,0.2215571275712908
9232374118630,natural_ugr_v2_final::q9232374118630::i92323741,2.0,0.1158650304173929,4.93974195218826,30,0.0064809294487729995,82.18398970796409,0.005638609546386654,30.56854850188621,0.46340342892746883,0.8928960497816405,0.8700310026448725,0.3719525981947302,-2.2488279777153712,1.9147872207186787,-0.33404075699669267,0.8928960497816405,0.8700310026448725,0.3719525981947302
9241068716492,natural_ugr_v2_final::q9241068716492::i92410687,2.0,0.1489913787530147,4.104870871988647,25,0.005061176858680505,57.80807489734998,0.0044004521621307975,7.002502068749232,0.2543816681706628,-0.01979685498566696,0.869452359599628,0.12113363195684343,-2.3565026959163013,1.7619885069053187,-0.5945141890109827,-0.01979685498566696,0.869452359599628,0.12113363195684343
30109167,natural_ugr_v2_final::q30109167::i92400635,2.0,0.1324789430336848,3.269116020779623,25,0.004902530534643705,74.92064768499294,0.0038182555230380074,17.478222202561383,0.286066176812809,0.754296259351994,0.7788336035964133,0.23328979050006768,-2.418135011371343,1.874601523172001,-0.5435334881993418,0.754296259351994,0.7788336035964133,0.23328979050006768
30145575,natural_ugr_v2_final::q30145575::i92341255,2.0,0.1157421514477218,1.8553861456525298,22,0.0023083916869717546,64.24034577160509,0.0016001045243693144,15.054953276233176,0.10279126791619447,0.6312433098606381,0.6931685525468162,0.23435355297990354,-2.795851646797746,1.8078078698530646,-0.988043776944681,0.6312433098606381,0.6931685525468162,0.23435355297990354
30093999,natural_ugr_v2_final::q30093999::i92414244,2.0,0.1431377577524767,5.676571551710112,23,0.004246282158496338,67.23912886846186,0.00378354598342528,18.869044185148148,0.2544023359592837,0.9324315647347567,0.8910255706523943,0.28062594656842094,-2.4221009834549703,1.8276220782048105,-0.5944789052501598,0.9324315647347567,0.8910255706523943,0.28062594656842094
923348948698,natural_ugr_v2_final::q923348948698::i92334894,2.0,0.1264388528234288,4.348646960452408,31,0.011541941544584636,74.11134351857459,0.008807786097511365,7.0247780121691115,0.6527568611107902,-0.672528610096134,0.7631113070091652,0.09478681236440527,-2.055133241016152,1.8698846863933951,-0.18524855462275694,-0.672528610096134,0.7631113070091652,0.09478681236440527
30124769,natural_ugr_v2_final::q30124769::i92376303,4.0,0.1047831924545224,1.06199453052684,22,0.0010092342785783027,60.085554917989455,0.0007380248218319973,9.876222356019548,0.044344630963025856,-0.5913499827919678,0.7312720519874184,0.16436932919234193,-3.1319290313973043,1.778770076438026,-1.3531589549592782,-0.5913499827919678,0.7312720519874184,0.16436932919234193
30124184,natural_ugr_v2_final::q30124184::i92377193,2.0,0.1428770453055296,2.1203222021004184,24,0.0042198364277488765,59.8616267494061,0.0031886789774627526,11.837678586420177,0.1908795107725532,0.362345715507103,0.7556404216273834,0.1977506998928595,-2.4963892014639324,1.7771485146874495,-0.7192406867764829,0.362345715507103,0.7556404216273834,0.1977506998928595
30163820,natural_ugr_v2_final::q30163820::i92412803,2.0,0.2029037539981939,3.6764120316586197,23,0.011861690500686441,51.71845346756928,0.0101432954715605,8.77651147224711,0.524595554853708,0.3109914056701326,0.8551306806541196,0.1696978715295602,-1.9938209234449364,1.7136455297322777,-0.28017539371265887,0.3109914056701326,0.8551306806541196,0.1696978715295602
923175037282,natural_ugr_v2_final::q923175037282::i92317503,2.0,0.1382158211441348,2.0234782572509418,23,0.0033127839227617183,65.87903434517577,0.0027315134197099344,11.539821279053186,0.1799494663913793,0.6024370300585828,0.8245371516512296,0.17516682498091643,-2.5635966614896306,1.8187472246562595,-0.744849436833371,0.6024370300585828,0.8245371516512296,0.17516682498091643
9232057518529,natural_ugr_v2_final::q9232057518529::i92320575,4.0,9.737285867603124,5.09008907655492,25,0.004454369347982463,82.93154887914224,0.0009124903530946948,35.768202401401176,0.07567423831941844,0.3897984540531469,0.20485287182303216,0.4312978942854049,-3.039771718235748,1.9187197766012165,-1.121051941634532,0.3897984540531469,0.20485287182303216,0.4312978942854049
924132416987,natural_ugr_v2_final::q924132416987::i92413241,4.0,0.1060427323833102,4.533967851137589,23,0.013389869010102223,64.99925306140561,0.009317955902057432,14.015511892601268,0.605660173692849,0.8583896053277034,0.6958959714264071,0.2156257377197956,-2.0306793492149535,1.8129083659786445,-0.21777098323630936,0.8583896053277034,0.6958959714264071,0.2156257377197956
923795711205,natural_ugr_v2_final::q923795711205::i92379571,2.0,0.1319291099793063,2.9671575497622293,24,0.002582285329517428,62.97095199664474,0.0019289268902838897,14.390620523268327,0.12146636261310403,0.7056285216573924,0.7469844126963164,0.22852791750766444,-2.714684232567616,1.799140259028033,-0.9155439735395832,0.7056285216573924,0.7469844126963164,0.22852791750766444
9232862012939,natural_ugr_v2_final::q9232862012939::i92328620,4.0,0.1973790781360999,1.0145942051205386,23,0.00021009432480652293,53.137116439522956,0.00014587710717742708,13.91057871970477,0.007751488829947712,-0.21155399002011038,0.6943410171206011,0.2617864809344113,-3.8360128575692336,1.7253979831118555,-2.110614874457378,-0.21155399002011038,0.6943410171206011,0.2617864809344113
923907309380,natural_ugr_v2_final::q923907309380::i92390730,2.0,0.1239625458060588,2.6354640727255965,23,0.0054943988404823,70.09806069596443,0.004577799732890225,26.137409019871455,0.32089488353010875,0.922609183825188,0.8331757241868492,0.37286921721325444,-2.33934321052629,1.8457060031208434,-0.4936372074054468,0.922609183825188,0.8331757241868492,0.37286921721325444
923177217311,natural_ugr_v2_final::q923177217311::i92317721,2.0,0.1343663601652208,1.8425271028837742,23,0.001841407320770325,70.80701263665009,0.0010863720380075077,5.8149585624323175,0.0769227586233009,-0.31416524624375847,0.5899683496169876,0.08212404881804693,-2.9640214211704623,1.8500762717940356,-1.113945149376427,-0.31416524624375847,0.5899683496169876,0.08212404881804693
30153287,natural_ugr_v2_final::q30153287::i92328377,2.0,0.60593048098166,9.102928806148487,24,0.005614946971135085,93.20045582270637,0.003815520543305773,32.166313143871285,0.3556082538369983,-0.811718309325675,0.6795292213658164,0.34513042731315297,-2.4184462037999195,1.9694180363969214,-0.44902816740299806,-0.811718309325675,0.6795292213658164,0.34513042731315297
30148010,natural_ugr_v2_final::q30148010::i92337272,2.0,0.1729508758069944,3.3906497982590436,24,0.006163255500508856,52.82784887559201,0.005090160448798034,11.119324466824411,0.26890222694161814,0.7371830379401834,0.8258882742047244,0.2104822494856848,-2.293268527893228,1.722862926786115,-0.570405601107113,0.7371830379401834,0.8258882742047244,0.2104822494856848
9233011314070,natural_ugr_v2_final::q9233011314070::i92330113,2.0,0.1206367674135885,5.546618465091709,27,0.0077623852942394055,59.74578326604409,0.006127759611247111,19.869085318668166,0.3661077976399885,0.9469052134074679,0.7894170901043295,0.3325604625550295,-2.212698280182997,1.776307259094451,-0.43639102108854594,0.9469052134074679,0.7894170901043295,0.3325604625550295
924107926676,natural_ugr_v2_final::q924107926676::i92410792,2.0,0.1690468642401461,4.975532011225822,24,0.010893646189501933,69.849137618215,0.00923393454283097,17.395274698648013,0.6449823646397896,0.04683347803544682,0.847644065375429,0.24904065092010153,-2.0346132083844086,1.8441610485323405,-0.19045215985206812,0.04683347803544682,0.847644065375429,0.24904065092010153
9234676314751,natural_ugr_v2_final::q9234676314751::i92346763,2.0,0.2035910989941148,2.729436706529132,32,0.01212687474689762,64.034648707114,0.00941508498287211,13.072209093029894,0.6028916594258401,0.4703654200424452,0.7763818114210129,0.20414274704340843,-2.026175755580843,1.8064150313347525,-0.21976072424609067,0.4703654200424452,0.7763818114210129,0.20414274704340843
9233167920606,natural_ugr_v2_final::q9233167920606::i92331679,2.0,0.1110225595848262,3.5096397700220656,28,0.00743385823943959,68.53536672727957,0.006583616211419281,26.120592129826328,0.45121055144128336,0.8802295993285189,0.8856257409497755,0.3811257366399906,-2.1815354940352933,1.8359147409927281,-0.34562075304256523,0.8802295993285189,0.8856257409497755,0.3811257366399906
30149796,natural_ugr_v2_final::q30149796::i92334292,4.0,5.795521326221872,6.581928650140911,22,0.004773575769608182,70.94629833087133,0.0026723999755431235,30.490523122976093,0.1895968859242957,-0.9154662559479854,0.559831896365285,0.42976904842558294,-2.573098540892849,1.8509297407883505,-0.7221688001044988,-0.9154662559479854,0.559831896365285,0.42976904842558294
923596228458,natural_ugr_v2_final::q923596228458::i92359622,2.0,0.1331953248838454,1.9493179864906311,23,0.002779980553210765,56.85432800162859,0.0023384752844983867,7.978847934304511,0.132952440848573,0.8674026790200063,0.8411840441824466,0.14033844413878144,-2.6310672158186335,1.754763530689196,-0.8763036851294375,0.8674026790200063,0.8411840441824466,0.14033844413878144
9234967845,natural_ugr_v2_final::q9234967845::i92349678,2.0,0.1161584801338605,1.949737609815554,24,0.0010994248431969427,68.64567053716999,0.000725056848745582,7.929787032657727,0.049772013559707916,0.25619613829923726,0.6594874158357551,0.11551765713125253,-3.139627940837836,1.8366131516075996,-1.3030147892302364,0.25619613829923726,0.6594874158357551,0.11551765713125253
30154583,natural_ugr_v2_final::q30154583::i92326171,2.0,0.1085359216762108,5.707472735707159,22,0.01106970955254041,71.76070731278898,0.009152862863668842,23.161451108474143,0.6568159130338354,0.963680902612461,0.8268385742395864,0.32275951528067476,-2.0384430445753345,1.8558867107011325,-0.18255633387420214,0.963680902612461,0.8268385742395864,0.32275951528067476
9240220917251,natural_ugr_v2_final::q9240220917251::i92402209,2.0,0.1396951300592979,3.597694998910331,30,0.006050689664562224,50.33958389876535,0.0041326692799412475,4.092024357506366,0.20803685194345262,0.5907881412407664,0.683007972487092,0.08128840249723894,-2.383769348079885,1.7019096213987368,-0.6818597266811482,0.5907881412407664,0.683007972487092,0.08128840249723894
923673075719,natural_ugr_v2_final::q923673075719::i92367307,1.5,0.1283233505035082,2.9845236594866504,24,0.009559601381023295,64.33018803780593,0.007020315060606644,16.951399945187084,0.4516181879334663,0.862117595677843,0.7343732003870608,0.2635061463713582,-2.1536433969852165,1.8084148208494921,-0.34522857613572416,0.862117595677843,0.7343732003870608,0.2635061463713582
9234049611892,natural_ugr_v2_final::q9234049611892::i92340496,4.0,0.1948752980673765,4.736534526175333,24,0.010194084839137238,66.96557949009762,0.006631440586982531,14.5892730378504,0.44407826176143833,0.6307289640416751,0.6505184812199163,0.21786226818223464,-2.178392116992411,1.825851631377256,-0.352540485615155,0.6307289640416751,0.6505184812199163,0.21786226818223464
9238229615331,natural_ugr_v2_final::q9238229615331::i92382296,2.0,0.1606006083155467,3.6964407176675413,27,0.009065665736884264,68.56121912533779,0.007539634350199676,13.316698806038849,0.5169265228089637,0.5481815408509396,0.8316691315370444,0.19423077617237805,-2.1226497156078366,1.8360785314165946,-0.28657118419124183,0.5481815408509396,0.8316691315370444,0.19423077617237805
9240396311699,natural_ugr_v2_final::q9240396311699::i92403963,2.0,0.143810588211527,4.504734197527157,28,0.00619271702794982,79.3524849597507,0.004721769377905049,34.22423385571409,0.3746841335436218,0.9683686538202091,0.762471360566632,0.43129378838070875,-2.32589522868236,1.8995605314362913,-0.42633469724606915,0.9683686538202091,0.762471360566632,0.43129378838070875
92398773723,natural_ugr_v2_final::q92398773723::i92398773,2.0,0.1437023470445425,3.873350254573936,29,0.01433016289421202,65.96908598572654,0.010479979083895415,18.13627890278367,0.6913546413141123,0.971222825131632,0.7313230952963067,0.2749208759191804,-1.9796395841230812,1.8193404668892257,-0.16029911723385543,0.971222825131632,0.7313230952963067,0.2749208759191804
30102718,natural_ugr_v2_final::q30102718::i92406752,4.0,0.1581342569418459,2.65325218537332,24,0.003253070697854065,61.30727503607086,0.0026413191160163897,5.776241933183851,0.16193207750364835,0.22707470093271545,0.8119464227318435,0.09421788735162882,-2.5781791255054425,1.7875120131897377,-0.7906671123157046,0.22707470093271545,0.8119464227318435,0.09421788735162882
9240713912683,natural_ugr_v2_final::q9240713912683::i92407139,2.0,0.2282294798586349,3.58193666503098,26,0.007491948417149397,58.9588840378075,0.006167349832069953,9.32086419014489,0.3636200635696039,0.1632860811091979,0.8231970495088594,0.15809091949854187,-2.2099014162844934,1.7705492546880215,-0.4393521615964721,0.1632860811091979,0.8231970495088594,0.15809091949854187
9237396715042,natural_ugr_v2_final::q9237396715042::i92373967,2.0,0.1279865784602455,1.984699358750684,27,0.002379184139049834,63.29112091427889,0.0018913977990603346,5.142300045637101,0.1197086867973286,0.734211038013749,0.7949774748480356,0.08124836424688703,-2.7232171206695672,1.8013427872936838,-0.9218743333758835,0.734211038013749,0.7949774748480356,0.08124836424688703
30102476,natural_ugr_v2_final::q30102476::i92406897,4.0,0.1104389997647838,2.7510123980584407,24,0.008368271445848533,52.80805646826176,0.006372542649874178,6.489871882777681,0.33652159210096205,-0.27733144676998345,0.7615124211865248,0.1228954882419914,-2.195687249221892,1.7227001841398584,-0.4729870650820337,-0.27733144676998345,0.7615124211865248,0.1228954882419914
9239762212622,natural_ugr_v2_final::q9239762212622::i92397622,4.0,0.1217169684462202,1.0026964696222522,25,7.177644597114779e-05,60.73316697765731,4.712901393311583e-05,16.155700218825512,0.002862294272692262,-0.7112725690726239,0.6566083524400252,0.2660111603396035,-4.326711646764585,1.7834259283325025,-2.543285718432083,-0.7112725690726239,0.6566083524400252,0.2660111603396035
30127305,natural_ugr_v2_final::q30127305::i92372112,1.5,0.2526589252452321,9.207393610100965,22,0.004921497191481665,86.06512993043637,0.004265347477399794,41.21669942004079,0.3670976848408723,0.9312599587120196,0.8666768081839887,0.47890126295463564,-2.370045583166964,1.9348272287333192,-0.4352183544336445,0.9312599587120196,0.8666768081839887,0.47890126295463564
30096607,natural_ugr_v2_final::q30096607::i92409948,4.0,0.1217610871352186,3.6376789470754805,24,0.01196273239474275,62.2383644717987,0.0075228640063776005,14.84966536293456,0.4682107519007049,-0.41410844380269746,0.628858337555362,0.23859343813032244,-2.1236167890134077,1.7940581715425974,-0.32955861747081044,-0.41410844380269746,0.628858337555362,0.23859343813032244
9240294314801,natural_ugr_v2_final::q9240294314801::i92402943,2.0,0.1442501662681485,2.2280665669193147,25,0.004040074327591089,61.0873657026071,0.0034043176801469336,14.906677438234825,0.20796079909498677,0.6623349618377623,0.8426373883514099,0.2440222665813634,-2.467969919710448,1.7859513972634715,-0.6820185224469766,0.6623349618377623,0.8426373883514099,0.2440222665813634
9241503314891,natural_ugr_v2_final::q9241503314891::i92415033,4.0,0.1343070697068158,1.0290643946707876,24,0.0005339915083322061,63.39128504975637,0.0003221722838322976,10.030491381923095,0.02042291507954419,0.8922356779355037,0.6033284777103013,0.15823139370104386,-3.4919118242409555,1.8020295557530674,-1.6898822684878878,0.8922356779355037,0.6033284777103013,0.15823139370104386
923622219167,natural_ugr_v2_final::q923622219167::i92362221,2.0,0.1455532783376027,3.7710639704324715,28,0.01020031166210053,70.27102992342391,0.007654003637804122,14.602620052568566,0.537854718666129,0.8572650385267643,0.75036958588655,0.20780426967530438,-2.116111335699463,1.8467763187966741,-0.2693350169027887,0.8572650385267643,0.75036958588655,0.20780426967530438
923420367349,natural_ugr_v2_final::q923420367349::i92342036,4.0,0.1093633041031785,2.638127520445125,26,0.0074117774532666695,65.02225304968147,0.005314058076325495,5.167216098022401,0.3455320289595399,0.702214182613955,0.7169748565485294,0.07946842589527454,-2.274573703578382,1.8130620139157434,-0.4615116896626387,0.702214182613955,0.7169748565485294,0.07946842589527454
9241745620446,natural_ugr_v2_final::q9241745620446::i92417456,4.0,0.1357659167266968,2.7907295579982616,25,0.003226135963057656,62.610209778805846,0.0023958107668626354,29.260227774133835,0.15000221470359132,0.7848362088037472,0.7426254796130608,0.46733955815683437,-2.6205474876820896,1.7966451589140922,-0.8239023287679972,0.7848362088037472,0.7426254796130608,0.46733955815683437
911594306339,natural_ugr_v2_final::q911594306339::i91159430,2.0,0.2005312837077183,4.0905344680085935,24,0.0068556640445444,64.46076917905806,0.005611303893265408,15.90657877083588,0.3617089650573313,0.22947029214180617,0.8184916671537851,0.24676371339365882,-2.250936210427826,1.8092954834324044,-0.44164072699542173,0.22947029214180617,0.8184916671537851,0.24676371339365882
923484204923,natural_ugr_v2_final::q923484204923::i92348420,2.0,0.107397669541353,4.606962025248595,25,0.009727183321783704,74.34003180371528,0.008621474027129756,32.52495751681794,0.6409206533717312,0.8871357571861844,0.8863279062318329,0.43751605598845666,-2.0644184758086093,1.8712227425570584,-0.19319573325155084,0.8871357571861844,0.8863279062318329,0.43751605598845666
30092621,natural_ugr_v2_final::q30092621::i90000033,4.0,0.5522421236470072,8.111297172694893,24,0.007397503326569718,72.36044380323123,0.00633826842894313,17.23896763988913,0.4586399164623341,0.8112135602695094,0.8568118389589473,0.23823745037781716,-2.1980293721605184,1.8595012218238087,-0.33852815033670974,0.8112135602695094,0.8568118389589473,0.23823745037781716
924164249665,natural_ugr_v2_final::q924164249665::i92416424,2.0,0.1259976119838002,5.146510156867494,25,0.012204487607643259,103.6046379959238,0.010704554132849058,38.480118040729735,1.1090414558415966,0.8703984957723353,0.8770998404017517,0.37141308328536116,-1.97043141726968,2.0153791975998585,0.04494778033017842,0.8703984957723353,0.8770998404017517,0.37141308328536116
923455456995,natural_ugr_v2_final::q923455456995::i92345545,2.0,0.1487377466038223,2.2357323728410803,30,0.003444465507561888,78.81586383837886,0.0024632025358426036,21.99601280047074,0.19413943567132017,0.922046859755492,0.7151189438346687,0.2790810343153269,-2.6084998770027625,1.896613639876176,-0.7118862371265864,0.922046859755492,0.7151189438346687,0.2790810343153269
30142719,natural_ugr_v2_final::q30142719::i92346112,2.0,0.114017161096396,4.732248741392379,24,0.007212487251422733,62.660208827037984,0.006383969148678767,8.921339159086111,0.40002084000157945,0.654593888440197,0.8851272697112175,0.14237646707676688,-2.1949092204341043,1.7969918379168823,-0.39791738251722186,0.654593888440197,0.8851272697112175,0.14237646707676688
30096900,natural_ugr_v2_final::q30096900::i92409801,4.0,0.4317983029398144,3.8232300075301664,22,0.031894191214457905,65.83580067190445,0.027535189873780327,22.521463522966773,1.8128012719932436,0.7532268632865121,0.8633293030894728,0.3420853592288405,-1.560111924417827,1.8184621216698569,0.25835019725202996,0.7532268632865121,0.8633293030894728,0.3420853592288405
923410476130,natural_ugr_v2_final::q923410476130::i92341047,4.0,0.2033378112625665,1.068463656988484,24,0.0012001377452444978,64.20124279610728,0.0008281558966015344,2.838307570001903,0.053168637790743024,-0.3913129992931304,0.6900507044987727,0.044209542469698083,-3.081887901547474,1.8075434351446695,-1.2743444664028045,-0.3913129992931304,0.6900507044987727,0.044209542469698083
923232455806,natural_ugr_v2_final::q923232455806::i92323245,4.0,0.5817673970048398,8.04430520754688,23,0.004142286180828765,72.4423816981483,0.0018132280635121834,20.72471675878306,0.13135455948274388,-0.173649140439343,0.4377360675619479,0.28608552442599783,-2.741547567942179,1.859992720236165,-0.8815548477060137,-0.173649140439343,0.4377360675619479,0.28608552442599783
30116594,natural_ugr_v2_final::q30116594::i92389115,1.5,0.1586184678649387,7.888818522323744,25,0.008223218683727565,73.2004693313647,0.007292363644749213,28.1828075117839,0.5338044413306237,0.9777306109130715,0.8868016193196508,0.385008563049038,-2.1371316827254803,1.864513865585283,-0.27261781714019717,0.9777306109130715,0.8868016193196508,0.385008563049038
9231763017080,natural_ugr_v2_final::q9231763017080::i92317630,1.5,0.1145218122363595,3.6565230735143643,26,0.011087613709013186,66.82315800558106,0.007821636743623133,19.154741015565133,0.5226664679813872,-0.06812085550477259,0.7054391457798425,0.2866482457169314,-2.1067023576377006,1.8249269961747419,-0.28177536146295884,-0.06812085550477259,0.7054391457798425,0.2866482457169314
9236879016794,natural_ugr_v2_final::q9236879016794::i92368790,4.0,0.2064097840826502,3.929975729632819,28,0.01148695884816691,58.84501381589005,0.008555951929706545,21.47230493936863,0.5034751095116727,0.9453371013993798,0.7448404789116054,0.36489591125850696,-2.0677316641100743,1.7697096691507894,-0.298021994959285,0.9453371013993798,0.7448404789116054,0.36489591125850696
9235697416667,natural_ugr_v2_final::q9235697416667::i92356974,4.0,0.1116379085541432,1.6779235808786144,23,0.003533062592983602,59.875539029203814,0.002128876874035917,6.859332343644805,0.12746765035970697,-0.25090654514202765,0.6025584936603465,0.11455984288173542,-2.671849455740204,1.7772494361738524,-0.8946000195663517,-0.25090654514202765,0.6025584936603465,0.11455984288173542
30161208,natural_ugr_v2_final::q30161208::i92414913,2.0,0.1762699963054901,4.912765945775786,23,0.002493208480011636,88.31490557632888,0.0020678596132089446,6.641621629098309,0.1826228264856519,-0.606412158053214,0.8293969917827705,0.07520385812288598,-2.6844789487880747,1.9460340089369714,-0.738444939851103,-0.606412158053214,0.8293969917827705,0.07520385812288598
30151792,natural_ugr_v2_final::q30151792::i92330996,2.0,0.1530083772976864,4.8832452194918865,23,0.004198040565537135,87.22399189030878,0.003479555115014025,23.26320696793492,0.30350068713386574,0.5258161040205146,0.8288521896569191,0.26670651576220317,-2.458476280032053,1.9406359586990407,-0.5178403213330123,0.5258161040205146,0.8288521896569191,0.26670651576220317
30099526,natural_ugr_v2_final::q30099526::i92408434,4.0,2.0148548338198413,8.003285605129395,27,0.004556297096555116,66.83116272483508,0.003650197452106576,21.712001743083157,0.243946939899513,0.9264168343868974,0.801132449169389,0.32487840788403305,-2.4376836423816184,1.824979017020553,-0.6127046253610653,0.9264168343868974,0.801132449169389,0.32487840788403305
923600037028,natural_ugr_v2_final::q923600037028::i92360003,2.0,0.1471845498280944,4.321839057768007,23,0.008476980382997596,66.33965731272434,0.006988603425433373,31.286318871507966,0.46362155633778146,0.8669903811866991,0.8244213280769787,0.4716080869098349,-2.1556096032566856,1.821773223777114,-0.3338363794795715,0.8669903811866991,0.8244213280769787,0.4716080869098349
30095680,natural_ugr_v2_final::q30095680::i92410479,1.5,0.8438847457976978,9.067981570655073,22,0.0067508240904818485,67.54076880214119,0.005958007475662781,24.624565747123786,0.40240840543516876,0.9522283396543209,0.8825600246439722,0.36458817665017657,-2.2248989562003545,1.8295659998088287,-0.3953329563915259,0.9522283396543209,0.8825600246439722,0.36458817665017657
30113792,natural_ugr_v2_final::q30113792::i92393334,2.0,0.1405647251321164,4.859761256816247,22,0.005087538503875808,74.36435625181232,0.004482152344848516,23.704547343104583,0.333312373747211,0.7748899445275627,0.8810060781719696,0.31876222074506133,-2.3485133862207173,1.8713648227446875,-0.47714856347602946,0.7748899445275627,0.8810060781719696,0.31876222074506133
30128964,natural_ugr_v2_final::q30128964::i92369342,1.5,0.1201386275167757,1.6977173656220206,23,0.008779893541123494,75.61550388292198,0.006837729706053675,30.78500817644634,0.5170383771384727,0.7462064609273025,0.7787941475630585,0.4071256104318474,-2.1650880707651474,1.8786108505339485,-0.28647722023119887,0.7462064609273025,0.7787941475630585,0.4071256104318474
9235412912797,natural_ugr_v2_final::q9235412912797::i92354129,2.0,0.1471602100132137,5.008516106227328,25,0.010723624842704275,77.31067220383304,0.009491675268115488,39.256717594117255,0.7338077953185055,0.8498170602533707,0.8851181766744728,0.5077787642385927,-2.0226571284064456,1.8882394494074994,-0.13441767899894597,0.8498170602533707,0.8851181766744728,0.5077787642385927
30123674,natural_ugr_v2_final::q30123674::i92377963,4.0,2.2755621382997595,7.82413114373547,24,0.005592251396468997,73.46194815094958,0.004989799939812874,19.956025354418188,0.3665604244621447,0.8566472863453145,0.8922703194215272,0.27165118618162093,-2.301916866556384,1.8660624412974407,-0.4358544252589431,0.8566472863453145,0.8922703194215272,0.27165118618162093
923429397790,natural_ugr_v2_final::q923429397790::i92342939,2.0,0.1523526430343011,6.112897314309811,26,0.009478128937222935,72.34547205759917,0.008180371532649085,30.219798614228058,0.5918128401360441,0.8887097325692965,0.863078734930769,0.41771513482098804,-2.0872269712779286,1.859411354778678,-0.22781561649925056,0.8887097325692965,0.863078734930769,0.41771513482098804
923721441006,natural_ugr_v2_final::q923721441006::i92372144,4.0,0.196021330614567,1.010043038082396,26,0.0002063649220180719,54.83491297433612,0.00011702288112896609,11.914091428704335,0.006416939502712936,-0.8544847331860387,0.5670676972839314,0.21727200395631843,-3.931729213668401,1.7390571585600603,-2.192672055108341,-0.8544847331860387,0.5670676972839314,0.21727200395631843
923464679611,natural_ugr_v2_final::q923464679611::i92346467,1.5,0.5606549052093124,8.869129274899134,23,0.010056195535619789,66.31851346682436,0.008538347213506,21.29848805110861,0.5662504946633198,0.9238877950275123,0.8490633642974166,0.3211544851915765,-2.0686261885056436,1.8216347829163004,-0.24699140558934332,0.9238877950275123,0.8490633642974166,0.3211544851915765
30112721,natural_ugr_v2_final::q30112721::i92395067,2.0,0.1403121967845405,4.856478192400066,22,0.0037728418253663645,78.14693162064796,0.003239093057610826,32.78147607182579,0.25312518368602877,0.6749494772106005,0.8585287185466068,0.4194851338624315,-2.4895765747356298,1.8929119304501256,-0.5966646442855041,0.6749494772106005,0.8585287185466068,0.4194851338624315
30133557,natural_ugr_v2_final::q30133557::i92361408,1.5,0.4852895855482159,7.973336918163102,24,0.006425748644972206,78.8490277992849,0.0035489437242041235,26.923875729047996,0.2798307623678686,0.9488652570558235,0.5523004275900173,0.34146109952787745,-2.449900887229299,1.8967963428899206,-0.5531045443393782,0.9488652570558235,0.5523004275900173,0.34146109952787745
30103532,natural_ugr_v2_final::q30103532::i92406369,2.0,0.1887698208054297,3.2255074562608823,22,0.007892155710624005,84.36462554080025,0.0067297685223888576,19.319988620046896,0.5677544013676006,0.7886327678696613,0.8527161360145995,0.22900580066823628,-2.1719998735439416,1.9261603832032224,-0.24583949034071936,0.7886327678696613,0.8527161360145995,0.22900580066823628
9241598811040,natural_ugr_v2_final::q9241598811040::i92415988,2.0,0.1241036791890071,1.9165615362708195,24,0.0012630612114189195,75.52003459131839,0.0009432522514243731,22.36482634883522,0.07123444265590761,0.7009298070578168,0.7467985263871147,0.29614428104891555,-3.025372149519477,1.8780621802150028,-1.1473099693044744,0.7009298070578168,0.7467985263871147,0.29614428104891555
900049711934,natural_ugr_v2_final::q900049711934::i90004971,2.0,0.1033321709002549,2.023079366515992,25,0.002404825318060448,70.10882662371527,0.0017501370745530809,27.832946208388755,0.1227000567275782,0.9237991443002318,0.7277605826125493,0.3969963205599262,-2.756927935090469,1.8457726986036878,-0.9111552364867815,0.9237991443002318,0.7277605826125493,0.3969963205599262
923229671871,natural_ugr_v2_final::q923229671871::i92322967,2.0,0.1974155538714279,4.00286128611062,29,0.0066045389861532884,52.198354078369526,0.004786052208322637,4.382665515968129,0.24982404780758738,0.5348516602696798,0.7246610578507916,0.08396175690497991,-2.3200225682251383,1.7176568090185182,-0.6023657592066202,0.5348516602696798,0.7246610578507916,0.08396175690497991
30128731,natural_ugr_v2_final::q30128731::i92369675,4.0,0.1667523386354621,2.222576679216293,20,0.011380776897067738,52.61697585500191,0.008869508649089204,11.696654739818637,0.46668672243485726,0.5459252000579746,0.7793412285741614,0.222298118615776,-2.052100438443338,1.7211258835211174,-0.3309745549222204,0.5459252000579746,0.7793412285741614,0.222298118615776
30122746,natural_ugr_v2_final::q30122746::i92379493,4.0,0.1520822972833069,2.5780177189389457,22,0.011667989810214004,65.22683192424113,0.008667858916619734,11.885643221675133,0.5653769766973902,0.6396632799011526,0.7428750845352988,0.1822201519074225,-2.0620881661376584,1.8144262852949378,-0.24766188084272053,0.6396632799011526,0.7428750845352988,0.1822201519074225
30162341,natural_ugr_v2_final::q30162341::i92413869,2.0,0.1718025509294172,3.435137563654227,24,0.007473008655862486,66.84516414358347,0.006649657065460361,13.690373720493964,0.4444974180392374,0.5139225786202284,0.889823278907055,0.2048072421676911,-2.1772007514515663,1.8250699940703559,-0.3521307573812105,0.5139225786202284,0.889823278907055,0.2048072421676911
924117188616,natural_ugr_v2_final::q924117188616::i92411718,2.0,0.1155881121962917,4.965786381037284,27,0.010891123594975611,81.47596324027542,0.008680381091377065,39.81468229866049,0.7072424107126195,0.8327917159036625,0.797014285595067,0.4886678317781359,-2.061461207744126,1.9110295035644727,-0.15043170417965332,0.8327917159036625,0.797014285595067,0.4886678317781359
30155160,natural_ugr_v2_final::q30155160::i92325292,2.0,0.1820835869347216,3.034593894957894,22,0.009270677505922842,57.97959471189377,0.00803032108086907,10.133777009377347,0.4655947616751654,0.1018277600964524,0.8662064963147156,0.1747817841730883,-2.095267089732288,1.7632751752307187,-0.3319919145015694,0.1018277600964524,0.8662064963147156,0.1747817841730883
30156751,natural_ugr_v2_final::q30156751::i92322724,2.0,0.1416481418461993,2.98806771149161,25,0.0018792385739992488,53.36487448888972,0.0015517514773448124,11.814177372921254,0.08280902282645511,0.6083780212363642,0.8257341557450558,0.2213848994506846,-2.8091778324723577,1.727255492327897,-1.0819223401444606,0.6083780212363642,0.8257341557450558,0.2213848994506846
9235155113810,natural_ugr_v2_final::q9235155113810::i92351551,4.0,0.1004599926897655,4.766883758551749,23,0.015340134581292695,68.11283839024372,0.011109423417276299,10.48384425921494,0.7566943618297297,0.3032004249584792,0.7242063854396851,0.1539187693096727,-1.9543084805004687,1.8332289785286162,-0.12107950197185244,0.3032004249584792,0.7242063854396851,0.1539187693096727
9240596914933,natural_ugr_v2_final::q9240596914933::i92405969,4.0,0.1122841469915848,4.547438141871312,26,0.012028027021171202,54.920607200756706,0.0064296041552059854,11.787419568178,0.3531177642644211,-0.5317228444479323,0.5345518549209176,0.21462653399097145,-2.191815764012267,1.7397353301393768,-0.45208043387289,-0.5317228444479323,0.5345518549209176,0.21462653399097145
30100324,natural_ugr_v2_final::q30100324::i92408039,2.0,0.1326372103384653,4.795654673791562,22,0.0037630797250319476,66.24024973809215,0.003481130198564902,22.63334074277995,0.23059093372375342,0.7720274090789212,0.9250747932361035,0.3416856191253822,-2.4582797332624344,1.8211219611510823,-0.6371577721113522,0.7720274090789212,0.9250747932361035,0.3416856191253822
30151482,natural_ugr_v2_final::q30151482::i92331487,4.0,0.112911527413975,1.002328903289071,24,3.038733571842663e-05,66.19487553500143,1.4632559515334885e-05,9.182147471410417,0.0009686004558760935,-0.8350778181317773,0.4815347963020602,0.1387138716886813,-4.83467970079458,1.8208243699077702,-3.0138553308868103,-0.8350778181317773,0.4815347963020602,0.1387138716886813
923441878478,natural_ugr_v2_final::q923441878478::i92344187,2.0,0.11476718109467,2.441629200556762,24,0.007134504990661965,55.413503266795075,0.005640304659926082,6.03603480198972,0.31254904069853345,-0.6593014230087242,0.790567063490519,0.1089271467448736,-2.2486974370536643,1.7436156073218487,-0.5050818297318155,-0.6593014230087242,0.790567063490519,0.1089271467448736
9240665014147,natural_ugr_v2_final::q9240665014147::i92406650,1.5,0.244005716406679,7.918293866283852,26,0.008273397854056407,68.15707426927624,0.007380599842872722,14.079145330697674,0.5030400916424846,0.5994592590113255,0.8920881085458799,0.20656909765629794,-2.131908340363516,1.8335109395054137,-0.2983974008581025,0.5994592590113255,0.8920881085458799,0.20656909765629794
923234364151,natural_ugr_v2_final::q923234364151::i92323436,4.0,0.3232618702553117,4.074400257695627,27,0.007110723572980076,77.90440893254227,0.005012575534884559,9.268896241244336,0.3905017342749035,-0.8162069944488604,0.7049318516517453,0.11897781355700048,-2.299939069905649,1.8915620368881054,-0.4083770330175434,-0.8162069944488604,0.7049318516517453,0.11897781355700048
30094111,natural_ugr_v2_final::q30094111::i92414028,4.0,0.2108083246224701,1.0844356332085965,24,0.001514742843727079,65.84722092382512,0.0009490020262736359,9.757738312102802,0.062489146081197794,-0.33374454667469394,0.6265103216718836,0.1481875495306168,-3.0227328602823813,1.8185374503241272,-1.2041954099582541,-0.33374454667469394,0.6265103216718836,0.1481875495306168
923787766074,natural_ugr_v2_final::q923787766074::i92378776,2.0,0.1268988590694295,6.838917515268799,23,0.007237265633368889,75.3644952218509,0.0056650656390573395,20.20977579287139,0.4269448122862086,0.855391498436117,0.7827632597783062,0.26816043461022004,-2.246795053759057,1.8771667946656763,-0.3696282590933805,0.855391498436117,0.7827632597783062,0.26816043461022004
30113837,natural_ugr_v2_final::q30113837::i92393272,1.5,0.1024248695742495,4.299029426988914,22,0.011609453166035287,54.55324882027589,0.007755535341504668,9.476370143207367,0.4230896492195475,-0.8292087209916963,0.6680362313872222,0.17370863052404076,-2.1103882187611465,1.7368206193185778,-0.37356759944256845,-0.8292087209916963,0.6680362313872222,0.17370863052404076
923198122942,natural_ugr_v2_final::q923198122942::i92319812,1.5,0.1185594518824076,1.4324359494344199,25,0.005676641742720776,71.70070552777847,0.004401030831063776,6.504549302653493,0.31555701563677796,-0.6795439273173415,0.7752877547199926,0.09071806553051956,-2.356445589011704,1.8555234291031348,-0.5009221599085691,-0.6795439273173415,0.7752877547199926,0.09071806553051956
30137913,natural_ugr_v2_final::q30137913::i92354108,4.0,0.1191024891135244,1.0716510349096076,24,0.001163081110047374,65.87859980778488,0.0008507565351753453,11.570304750590516,0.05604664931467423,-0.22641703850874537,0.7314679327400414,0.17563070229709485,-3.0701947061408337,1.8187443600451536,-1.2514503460956803,-0.22641703850874537,0.7314679327400414,0.17563070229709485
9235309717401,natural_ugr_v2_final::q9235309717401::i92353097,4.0,0.1046831348559163,1.0694251087120645,25,0.0013704290159857187,54.55396277705234,0.0010075874610550237,12.25087540821756,0.054967888845020435,-0.9328598181840932,0.7352350609201665,0.22456435398256322,-2.996717245727811,1.736826303039824,-1.259890942687987,-0.9328598181840932,0.7352350609201665,0.22456435398256322
30100200,natural_ugr_v2_final::q30100200::i92408098,1.5,0.9996903784866584,9.15798819085213,24,0.005679451193019837,84.61671695654174,0.004751860659034685,26.95109631483084,0.4020868484024638,0.8941610626517367,0.8366760268799949,0.31850794126972143,-2.3231363028542167,1.9274561711333358,-0.3956801317208809,0.8941610626517367,0.8366760268799949,0.31850794126972143
30126849,natural_ugr_v2_final::q30126849::i92372881,4.0,0.4796410325285234,4.606671827376211,23,0.00907619917228147,56.462672536290846,0.0075356913072940224,13.461341927739253,0.42548527061831587,0.0740940940962512,0.8302694954412054,0.2384113490038415,-2.122876900327263,1.7517614306705276,-0.3711154696567358,0.0740940940962512,0.8302694954412054,0.2384113490038415
30151044,natural_ugr_v2_final::q30151044::i92332212,1.5,0.449775682911416,9.068717447662493,22,0.0071091344168705784,70.72615561310722,0.006174046789006668,25.959245948773276,0.4366665939618906,0.9624797882225853,0.8684667396856546,0.3670388376653462,-2.2094300836115504,1.8495800522378374,-0.3598500313737127,0.9624797882225853,0.8684667396856546,0.3670388376653462
9236220811780,natural_ugr_v2_final::q9236220811780::i92362208,4.0,0.10234285438018,2.0782886487427774,25,0.006396666661512023,55.89938580191809,0.004644184732475061,15.191714272372579,0.2596070740960012,-0.017303712198283187,0.7260320067041424,0.2717688943167476,-2.33309051358917,1.7474070360742016,-0.5856834775149685,-0.017303712198283187,0.7260320067041424,0.2717688943167476
30134845,natural_ugr_v2_final::q30134845::i92359261,4.0,4.982115572005326,5.496172304232182,22,0.015143889371366365,57.11323506476227,0.010809357794496514,10.152966389823693,0.6173573926161997,0.4600634400075711,0.7137768593935017,0.17776906488156316,-1.9662001075815128,1.7567367606022297,-0.20946334697928312,0.4600634400075711,0.7137768593935017,0.17776906488156316
30144391,natural_ugr_v2_final::q30144391::i92343236,4.0,0.1975928062208928,3.046703070658244,22,0.005733396336906022,47.2117016108159,0.004730751120086725,10.587611287891395,0.22334681027656758,0.054724665070336985,0.8251219420563614,0.22425820139187358,-2.325069899133028,1.6740496536163842,-0.651020245516644,0.054724665070336985,0.8251219420563614,0.22425820139187358
30122638,natural_ugr_v2_final::q30122638::i92379670,4.0,0.3498375616894199,2.528623494045251,24,0.013297345781326653,61.03151954862461,0.009317542435952878,11.65445190901295,0.5686637733249974,-0.88696013179097,0.7007069372473882,0.1909579180594987,-2.0306986206124162,1.7855541830545314,-0.24514443755788487,-0.88696013179097,0.7007069372473882,0.1909579180594987
9239893310704,natural_ugr_v2_final::q9239893310704::i92398933,4.0,0.1940333235098379,1.190786207545358,23,0.0027790308977927785,50.774671783147,0.0018760778738891699,5.580379585379118,0.09525723828634684,-0.8605055295813298,0.6750834887727332,0.10990478893122739,-2.72674913850577,1.7056471247262026,-1.0211020137795674,-0.8605055295813298,0.6750834887727332,0.10990478893122739
30166425,natural_ugr_v2_final::q30166425::i92416816,2.0,0.1041268418914189,1.9226800728240045,20,0.0026357503844216083,64.92689162444307,0.00197310798875718,18.345804579405574,0.12810776854936026,0.7060215239808475,0.7485944042421758,0.28256095618319904,-2.704849145037757,1.812424611517974,-0.892424533519783,0.7060215239808475,0.7485944042421758,0.28256095618319904
923663567425,natural_ugr_v2_final::q923663567425::i92366356,2.0,0.115199586358168,1.913204627999832,26,0.0023943358318988333,60.16288112260529,0.0019048940643013686,20.63384851714959,0.11460391514171968,0.8933004614690722,0.7955834928931788,0.3429664293353919,-2.7201291714679505,1.779328625882924,-0.9408005455850265,0.8933004614690722,0.7955834928931788,0.3429664293353919
923264253772,natural_ugr_v2_final::q923264253772::i92326425,4.0,0.1031112372561815,2.8925480489928646,29,0.012810376459441645,53.43945250873727,0.007240697768130565,6.2242239459343764,0.3869389245101333,0.4289265310988792,0.5652213103225352,0.11647244973021992,-2.1402195799013577,1.7278620001102234,-0.4123575797911342,0.4289265310988792,0.5652213103225352,0.11647244973021992
923395712691,natural_ugr_v2_final::q923395712691::i92339571,4.0,0.3234262350328052,4.900214599262347,29,0.011369086974243313,59.309867503093145,0.009830254655732548,8.888995518949956,0.5830311011531619,0.2124610212091938,0.8646476782175215,0.14987380503735528,-2.007435231491678,1.7731269538303371,-0.2343082776613409,0.2124610212091938,0.8646476782175215,0.14987380503735528
9238880921175,natural_ugr_v2_final::q9238880921175::i92388809,2.0,0.1027958098422859,4.288595576146156,29,0.007192299462591934,76.84386691730307,0.006144626939558142,23.08025585251852,0.4721768947998811,0.8903105997352407,0.854334134933776,0.30035260819652343,-2.211504479418624,1.8856092111947484,-0.3258952682238755,0.8903105997352407,0.854334134933776,0.30035260819652343
30143633,natural_ugr_v2_final::q30143633::i92344513,2.0,0.1047891046844904,5.006785295400846,24,0.0008688622938440441,72.51917704166792,0.0007523006142585719,16.52604473549102,0.054556221433972894,0.7528182978126806,0.8658456231656954,0.22788516651251461,-3.1236085835762673,1.8604528670135096,-1.2631557165627576,0.7528182978126806,0.8658456231656954,0.22788516651251461
923342784281,natural_ugr_v2_final::q923342784281::i92334278,2.0,1.2046061308774962,8.970968164056153,28,0.004243180050859082,75.2313308568624,0.0035721670186546527,24.42124969476756,0.2687388788563799,0.703394633157624,0.8418608156708848,0.32461541510188396,-2.4470682436288578,1.8763987446409234,-0.5706694989879343,0.703394633157624,0.8418608156708848,0.32461541510188396
923465976769,natural_ugr_v2_final::q923465976769::i92346597,1.5,0.2133419556786349,7.6649714740716455,27,0.007876357464772275,67.28768892253484,0.006395284306633574,27.956294712640776,0.4303239009959288,0.8715292150903755,0.8119596317507254,0.4154741403709904,-2.194140143905021,1.8279356121869128,-0.3662045317181086,0.8715292150903755,0.8119596317507254,0.4154741403709904
30122220,natural_ugr_v2_final::q30122220::i92380307,2.0,0.1100597177925954,2.1244596011824166,24,0.0038616240267033987,53.092361181491455,0.003315060169717947,4.555984288261315,0.1760043718690416,0.6298080672355081,0.8584626951754172,0.08581242549539458,-2.4795085845625766,1.7250320401893346,-0.7544765443732421,0.6298080672355081,0.8584626951754172,0.08581242549539458
923460975844,natural_ugr_v2_final::q923460975844::i92346097,1.5,0.1341687137621449,4.957363600734977,25,0.015606149106147557,77.62819765802044,0.01017903901243682,27.179969584176607,0.7901804524261467,0.6331908175850725,0.6522454029628042,0.35013011256443116,-1.9922932211442512,1.8900195029963047,-0.10227371814794659,0.6331908175850725,0.6522454029628042,0.35013011256443116
923842322188,natural_ugr_v2_final::q923842322188::i92384232,4.0,4.903429126431705,8.100074900431686,27,0.0016702608475051132,93.80153109910363,0.0013548294793965182,45.87623476508093,0.1270850795455949,0.6976420291329563,0.8111484391316732,0.4890776752525666,-2.8681153622193536,1.972209927317924,-0.8959054349014297,0.6976420291329563,0.8111484391316732,0.4890776752525666
9236172510023,natural_ugr_v2_final::q9236172510023::i92361725,2.0,0.1032529629194087,2.048033284990932,26,0.0012164654273240495,60.60574807235992,0.0009945810117328257,6.705779524376954,0.06027732623463248,0.7705738972062698,0.8175990779455856,0.1106459327318363,-3.002359836455467,1.7825138162079026,-1.2198460202475645,0.7705738972062698,0.8175990779455856,0.1106459327318363
30145504,natural_ugr_v2_final::q30145504::i92341354,1.5,0.2403991862970649,6.484204207839448,22,0.007954247794642216,71.4374149362596,0.006725780857175962,28.895293674606023,0.48047239786443097,0.7010248645791888,0.8455583772115173,0.4044840326373511,-2.172257287195289,1.8539257306057078,-0.31833155658958134,0.7010248645791888,0.8455583772115173,0.4044840326373511
30113965,natural_ugr_v2_final::q30113965::i92393055,1.5,0.2798025066056961,8.126754370186202,26,0.008971839557690469,82.45612350648788,0.007923760003301052,30.349337696031817,0.6533625334679605,0.9407757384211285,0.8831811973843173,0.3680665110777836,-2.1010686869472806,1.916222913544229,-0.1848457734030515,0.9407757384211285,0.8831811973843173,0.3680665110777836
9235463111943,natural_ugr_v2_final::q9235463111943::i92354631,4.0,0.1661944267073089,1.0443301288221645,23,0.0007345545972044239,65.32810586954594,0.0004911543707610449,9.68991418014032,0.032086184731367755,0.26165027023640014,0.668642429889195,0.14832688092151583,-3.3087819868326074,1.815100066389269,-1.4936819204433385,0.26165027023640014,0.668642429889195,0.14832688092151583
923209464846,natural_ugr_v2_final::q923209464846::i92320946,2.0,0.1098454126091482,7.988033911680852,24,0.006269560711700269,75.12216230868717,0.005512620740312196,30.76647106362992,0.414119989999968,0.9426906819871514,0.8792674628741581,0.4095525224261558,-2.258641885274295,1.8757680801262082,-0.3828738051480871,0.9426906819871514,0.8792674628741581,0.4095525224261558
30133853,natural_ugr_v2_final::q30133853::i92360931,1.5,0.2133698225401964,8.210750098523796,24,0.008233159447118235,81.41619339688091,0.0069311541548539345,22.438039096915496,0.5643081871351826,0.9209437025430297,0.8418583654759623,0.2755967598182391,-2.1591944419611706,1.9107107931382459,-0.2484836488229247,0.9209437025430297,0.8418583654759623,0.2755967598182391
30151199,natural_ugr_v2_final::q30151199::i92331959,4.0,4.384336185236612,7.93482632719231,20,0.0038410951292125227,69.19649131278676,0.0033680947493091836,29.22614792328513,0.23306033906121562,0.7297960652829938,0.876857936606139,0.4223645934759188,-2.472615699677333,1.8400840736167596,-0.6325316260605734,0.7297960652829938,0.876857936606139,0.4223645934759188
923658619482,natural_ugr_v2_final::q923658619482::i92365861,2.0,0.1659675556880807,3.658256205493383,26,0.008398896960927615,84.60885064497894,0.007121607513347741,30.37364447162466,0.6025510264489989,0.8250937305727365,0.8479217624026187,0.35898897384947714,-2.1474219648774726,1.9274157954885023,-0.22000616938897047,0.8250937305727365,0.8479217624026187,0.35898897384947714
923782685919,natural_ugr_v2_final::q923782685919::i92378268,4.0,0.1481311203594598,1.0208281363021239,24,0.0002984009018321248,55.99404019994063,0.00016192098508766294,10.088275311358792,0.009066610148212586,-0.913494414927106,0.5426290071293313,0.18016694768471966,-3.7906968626908704,1.7481418047558583,-2.042555057935012,-0.913494414927106,0.5426290071293313,0.18016694768471966
9240591619321,natural_ugr_v2_final::q9240591619321::i92405916,4.0,0.1003242407511029,3.057185140703387,24,0.012766025920699309,62.21021809090116,0.00846022812017489,10.329578625904725,0.5263126364548546,-0.6118278879409056,0.6627143147545362,0.16604311868528115,-2.0726179265593827,1.7938617238552705,-0.27875620270411233,-0.6118278879409056,0.6627143147545362,0.16604311868528115
9000147510789,natural_ugr_v2_final::q9000147510789::i90001475,2.0,0.1693421259602571,3.9663302997600742,31,0.009115253009546857,79.83373013908513,0.0076538645008875795,14.485452107415608,0.6110365530849825,0.8916465608518499,0.8396765830713977,0.18144526232432417,-2.11611923051467,1.9021864216545536,-0.21393280886011648,0.8916465608518499,0.8396765830713977,0.18144526232432417
923201476799,natural_ugr_v2_final::q923201476799::i92320147,2.0,0.15386796786424,3.248095788803303,30,0.0054889273469491875,65.76049310571608,0.004510836388038359,24.409476494440213,0.2966348251966097,0.9555725757420341,0.8218065394043769,0.3711875526115615,-2.345742924855454,1.8179650611057252,-0.5277778637497289,0.9555725757420341,0.8218065394043769,0.3711875526115615
9238263915771,natural_ugr_v2_final::q9238263915771::i92382639,4.0,0.1472769110742415,5.426017513670683,28,0.008949450334657253,65.12332153152938,0.006775243119537856,23.265660538407506,0.441226336127946,0.9145768096501139,0.7570568991595321,0.3572554346317158,-2.1690751161614057,1.8137365430793488,-0.355338573082057,0.9145768096501139,0.7570568991595321,0.3572554346317158
900032533559,natural_ugr_v2_final::q900032533559::i90003253,4.0,0.391194787026695,2.895366479864739,25,0.0021953146109832617,63.716749094968634,0.0017693041562452567,11.690637649107652,0.1127343089961642,0.9725906432676098,0.8059456022354815,0.18347825046257418,-2.752197502294124,1.804253609468503,-0.9479438928256207,0.9725906432676098,0.8059456022354815,0.18347825046257418
924049393064,natural_ugr_v2_final::q924049393064::i92404939,2.0,0.1229256041536828,5.742651418097303,25,0.01039405437417349,57.229830257338975,0.008149348719960144,16.591733138986875,0.4663858439511817,0.6916986021272844,0.7840394543450866,0.28991407216098114,-2.0888770978403284,1.7576224578005724,-0.33125464003975597,0.6916986021272844,0.7840394543450866,0.28991407216098114
9239226014334,natural_ugr_v2_final::q9239226014334::i92392260,2.0,0.1354362129290599,3.87399017536268,35,0.014524830725795078,53.54514372224222,0.012476416639872877,9.483252527476361,0.6680515221205676,-0.5643567392383146,0.8589715691292457,0.1771076117877165,-1.9039101307587178,1.7287200886082055,-0.1751900421505124,-0.5643567392383146,0.8589715691292457,0.1771076117877165
30162384,natural_ugr_v2_final::q30162384::i92413835,4.0,0.1878363377663924,5.397796077244027,22,0.00837270361736444,55.550045206099966,0.007137915561815734,18.605084306946434,0.39651153213618845,0.8575860895543039,0.8525221825614565,0.3349247374672416,-2.1464285938494516,1.7446844167017608,-0.4017441771476909,0.8575860895543039,0.8525221825614565,0.3349247374672416
30104945,natural_ugr_v2_final::q30104945::i92405666,2.0,0.1003490663701474,4.783608338834103,22,0.006020269687980664,66.73103377139039,0.005287020101974457,14.427017993840701,0.3528083169748773,0.9893985650844194,0.8782031995227516,0.21619653073658812,-2.276789038344655,1.8243278528251876,-0.45246118551946723,0.9893985650844194,0.8782031995227516,0.21619653073658812
924026991976,natural_ugr_v2_final::q924026991976::i92402699,4.0,0.1870960541742676,1.1092767563120995,28,0.0019878006187582353,63.64941130876484,0.0013815125298764254,13.48269025651082,0.08793245924231688,-0.9397497297897475,0.6949955226090262,0.2118274148853626,-2.859645171817674,1.8037943912333931,-1.0558507805842805,-0.9397497297897475,0.6949955226090262,0.2118274148853626
9237041610541,natural_ugr_v2_final::q9237041610541::i92370416,4.0,3.4380179688924724,6.994179585613786,26,0.0027449105624452077,75.00936530987777,0.0017626364035602411,28.981093718962633,0.13221423790313927,0.5631203741850351,0.642147116804439,0.3863663370465314,-2.7538372646790794,1.8751154907047496,-0.8787217739743299,0.5631203741850351,0.642147116804439,0.3863663370465314
9231743914611,natural_ugr_v2_final::q9231743914611::i92317439,4.0,0.1077647523403279,1.0901111244937751,23,0.0014292470309545712,60.805117906543316,0.0007207195415162308,10.944387694952548,0.04382343669944425,-0.958602823024459,0.5042652011212322,0.17999122560331074,-3.142233702364574,1.7839401349475328,-1.3582935674170415,-0.958602823024459,0.5042652011212322,0.17999122560331074
9236412220017,natural_ugr_v2_final::q9236412220017::i92364122,4.0,0.1938559326318148,1.0033091055344199,23,4.450561742212107e-05,58.43545515702675,2.7454173340174464e-05,14.577448741326341,0.0016042971150930043,-0.846801595284228,0.6168698454350314,0.2494623974803323,-4.561391628596587,1.7666764311332552,-2.794715197463332,-0.846801595284228,0.6168698454350314,0.2494623974803323
9239870314752,natural_ugr_v2_final::q9239870314752::i92398703,4.0,0.5349289130730295,4.848111819011039,23,0.010977081615333744,79.65947449223954,0.008765479369462186,16.706986610038104,0.698253480243925,0.8576979992581321,0.7985254803260096,0.20973006307825576,-2.0572243280790965,1.9012374370736436,-0.15598689100545274,0.8576979992581321,0.7985254803260096,0.20973006307825576
9238950410738,natural_ugr_v2_final::q9238950410738::i92389504,4.0,0.1243291767040649,1.0581823012953069,23,0.0011903148457450424,54.522935346183004,0.0008120967184580047,9.516884153150665,0.04427789687533317,-0.6742104262808578,0.6822537090593849,0.1745482720753206,-3.090392244414966,1.7365792288635415,-1.3538130155514247,-0.6742104262808578,0.6822537090593849,0.1745482720753206
924174647663,natural_ugr_v2_final::q924174647663::i92417464,4.0,0.1697491739400612,1.3943851806031065,24,0.0030773649798732767,77.37122826276268,0.0023575816157916,9.947005742121956,0.18240898534350478,-0.1395461079820512,0.7661039984567197,0.1285620761808335,-2.6275332637340525,1.888579491306431,-0.7389537724276214,-0.1395461079820512,0.7661039984567197,0.1285620761808335
9239998919083,natural_ugr_v2_final::q9239998919083::i92399989,4.0,0.1169978713280692,1.2272565595033478,23,0.003303945023246651,65.5556724497361,0.001362882526653616,11.683394323669503,0.08934468050477318,-0.44917126434569726,0.41250157525755904,0.17822095155270637,-2.8655415764652425,1.8166102766063292,-1.0489312998589133,-0.44917126434569726,0.41250157525755904,0.17822095155270637
924119167916,natural_ugr_v2_final::q924119167916::i92411916,2.0,0.1267610462235622,2.901621845307841,25,0.011501654695755438,63.283539894481606,0.008819074448804897,11.444069342935506,0.5581022497133481,-0.6159456424253793,0.7667657117248948,0.18083800877791037,-2.05457699115715,1.8012907643208698,-0.2532862268362804,-0.6159456424253793,0.7667657117248948,0.18083800877791037
9236941120386,natural_ugr_v2_final::q9236941120386::i92369411,4.0,0.129237111128082,1.0299711447673234,24,0.0005661022260157267,53.564387672928014,0.00032444705607662,7.68015061561277,0.01737880789102829,-0.9684167331974188,0.5731245014881935,0.14338165615761153,-3.4888561621292973,1.7288761445926528,-1.7599800175366445,-0.9684167331974188,0.5731245014881935,0.14338165615761153
924067254075,natural_ugr_v2_final::q924067254075::i92406725,4.0,0.3267194003828801,3.4657577327974867,27,0.007358054957378387,58.89608117607022,0.005589070766515133,6.405392487988018,0.3291743655634763,-0.17337476029333193,0.7595853522282568,0.10875753293057064,-2.252660391491188,1.77008639868815,-0.48257399280303775,-0.17337476029333193,0.7595853522282568,0.10875753293057064
923648201494,natural_ugr_v2_final::q923648201494::i92364820,4.0,0.2495950376181837,1.2069790383865207,24,0.0036945897671495946,64.16077199238677,0.002827737472209621,9.537093849527801,0.18142981920876963,-0.8821912324125313,0.765372517769745,0.1486436891791056,-2.54856091300212,1.8072695808062913,-0.7412913321958285,-0.8821912324125313,0.765372517769745,0.1486436891791056
923474479911,natural_ugr_v2_final::q923474479911::i92347447,2.0,0.1478823858440714,3.296218422629213,27,0.006669177746777326,78.15597207811382,0.005855623270190884,35.52294227765594,0.4576519288049923,0.9310841678242858,0.8780127764656496,0.4545134726512282,-2.2324268720009366,1.8929621690663352,-0.33946470293460135,0.9310841678242858,0.8780127764656496,0.4545134726512282
9239942412653,natural_ugr_v2_final::q9239942412653::i92399424,4.0,0.1376311267310676,1.0183248729625851,23,0.0002770714596628691,63.75436937492092,0.00018591136277286131,10.630301669446627,0.011852661693215923,-0.4334408164858754,0.6709870551051046,0.16673840198987636,-3.730694065640989,1.8045099542885912,-1.9261841113523974,-0.4334408164858754,0.6709870551051046,0.16673840198987636
30158460,natural_ugr_v2_final::q30158460::i92319548,2.0,0.1094711290941959,1.986546439235641,22,0.0020244135672162177,64.50835665910019,0.0015835294157076157,12.037999507723626,0.10215088032864339,0.6079490332121219,0.7822163619882946,0.1866114737868683,-2.8003738647449627,1.8096159784469064,-0.9907578862980566,0.6079490332121219,0.7822163619882946,0.1866114737868683
30120408,natural_ugr_v2_final::q30120408::i92383223,2.0,0.1456346083443712,5.803244773365414,23,0.006485932312574756,77.12075122772639,0.005720218726730429,25.837259892515558,0.4411475653923592,0.9311413825962042,0.8819424025810783,0.3350234467532854,-2.242587364564332,1.8871712513468906,-0.3554161132174412,0.9311413825962042,0.8819424025810783,0.3350234467532854
9235952520696,natural_ugr_v2_final::q9235952520696::i92359525,4.0,0.2566297948341082,2.952942309397052,23,0.0008376375897216825,73.35370857615324,0.0005941927728691469,21.421011544571662,0.043586243499099814,0.9753029848863708,0.7093673686093485,0.29202356582057637,-3.2260726347978164,1.865422075554136,-1.3606505592436804,0.9753029848863708,0.7093673686093485,0.29202356582057637
923652412948,natural_ugr_v2_final::q923652412948::i92365241,2.0,0.1059276918866283,2.625743500862284,24,0.005299142821837653,60.12364956717087,0.004229850464036315,17.40253566842442,0.2543140470212545,0.7307318151014858,0.7982140897590441,0.2894457637502876,-2.373674985767228,1.7790453348353215,-0.5946296509319069,0.7307318151014858,0.7982140897590441,0.2894457637502876
30134924,natural_ugr_v2_final::q30134924::i92359123,2.0,0.1046746210384466,1.9785928516746678,23,0.0019033539851146025,69.5762578173908,0.0014434237424627305,15.637075871389625,0.10042802244533003,0.6481607697474802,0.7583580110432379,0.22474729687863565,-2.840606155394247,1.842461066363814,-0.9981450890304334,0.6481607697474802,0.7583580110432379,0.22474729687863565
923588127058,natural_ugr_v2_final::q923588127058::i92358812,2.0,0.1461684107922009,4.731045988474557,28,0.01190923347930365,72.80269168853864,0.010796347921717906,15.862155294652077,0.7860031891070237,0.7220428746543479,0.9065527131095581,0.21787869276197738,-1.9667231283719564,1.8621474365090398,-0.10457569186291674,0.7220428746543479,0.9065527131095581,0.21787869276197738
30144420,natural_ugr_v2_final::q30144420::i92343184,1.5,0.1050894692950491,1.4711295806955955,22,0.006338473227548494,99.74653395270919,0.004959036362342412,20.075745481070886,0.49464668888910684,0.9271927262236105,0.7823707988209645,0.20126759984050166,-2.3046027072146855,1.9988978135180304,-0.305704893696655,0.9271927262236105,0.7823707988209645,0.20126759984050166
923551657635,natural_ugr_v2_final::q923551657635::i92355165,4.0,6.914760170557405,6.881989147694939,25,0.00444318162066352,76.97448838911043,0.002047247281566976,32.62252205100831,0.15758581210461511,-0.4605750397185619,0.4607615569991604,0.4238095339601297,-2.6888296968910392,1.8863468110468224,-0.8024828858442166,-0.4605750397185619,0.4607615569991604,0.4238095339601297
30144546,natural_ugr_v2_final::q30144546::i92342985,4.0,0.4086964264570168,4.793653840728023,21,0.01113085942244434,77.74694034446787,0.008971029943249253,13.34145510950243,0.6974701298262347,0.591340146836762,0.8059602230857402,0.17160103086232575,-2.047157693746078,1.89068330679649,-0.1564743869495876,0.591340146836762,0.8059602230857402,0.17160103086232575
9239130312512,natural_ugr_v2_final::q9239130312512::i92391303,2.0,0.1504181939357323,6.4721607584985,25,0.007613960619859497,90.19422871803023,0.0059208425593206505,53.832837950066846,0.5340258279988143,0.9341467809870335,0.7776297849344418,0.5968545739036341,-2.2276164870563795,1.9551787491150985,-0.2724377379412809,0.9341467809870335,0.7776297849344418,0.5968545739036341
9238668719502,natural_ugr_v2_final::q9238668719502::i92386687,4.0,0.1114444270567795,1.876795396548421,23,0.006774452366282791,58.15423494765943,0.004059060801567407,7.80394589362138,0.2360515755211858,-0.6353808179946155,0.5991717975271046,0.1341939396270137,-2.3915744432411166,1.764581346707283,-0.6269930965338335,-0.6353808179946155,0.5991717975271046,0.1341939396270137
30104243,natural_ugr_v2_final::q30104243::i92406056,2.0,0.1743060636195775,4.808384048905733,20,0.0024746489887801414,61.4808009864324,0.0020689407601586452,16.730055007327195,0.12720013512803183,0.8227877600667577,0.8360542321513296,0.27211836441459486,-2.684251944280874,1.788739516955906,-0.8955124273249682,0.8227877600667577,0.8360542321513296,0.27211836441459486
923214911760,natural_ugr_v2_final::q923214911760::i92321491,2.0,0.1423755468845095,3.0441127706912394,27,0.004684606847533709,61.41201044964557,0.00410789605730845,11.049208144412109,0.2522741555974844,0.5873878952406848,0.8768923820087745,0.1799193360307239,-2.38638055395219,1.7882533151462985,-0.5981272388058911,0.5873878952406848,0.8768923820087745,0.1799193360307239
923413497410,natural_ugr_v2_final::q923413497410::i92341349,4.0,0.1590212849393635,3.4932899239681965,25,0.013154313349260665,55.253928076510675,0.005940322319744426,10.37240578550246,0.3282261422064496,-0.4764142197692341,0.4515874118262737,0.18772250492561696,-2.226189989717684,1.7423631580370176,-0.48382683168066654,-0.4764142197692341,0.4515874118262737,0.18772250492561696
923577376578,natural_ugr_v2_final::q923577376578::i92357737,4.0,0.4039029076335363,1.3659027738598362,24,0.005935606219137516,63.013535204033495,0.002862269453332068,9.857188733867345,0.18036171696096998,-0.16621885241228265,0.48222023962835847,0.1564297051728719,-2.5432894842775493,1.7994338452163943,-0.7438556390611551,-0.16621885241228265,0.48222023962835847,0.1564297051728719
9238462315579,natural_ugr_v2_final::q9238462315579::i92384623,4.0,0.1349436031659488,1.040251481868908,25,0.0005703674111891004,63.374198763003136,0.00035611437554407835,14.114522146590033,0.022568463218093165,-0.357510854046326,0.6243596119940515,0.22271716916490422,-3.448410494471061,1.8019124816115126,-1.6464980128595483,-0.357510854046326,0.6243596119940515,0.22271716916490422
9240786410020,natural_ugr_v2_final::q9240786410020::i92407864,1.5,0.1035598537754549,7.081799789590491,27,0.005624431722482925,80.63241343519147,0.004845511483389917,37.20597053800329,0.39070528523366366,0.9750051154751932,0.8615112997141778,0.4614269740035463,-2.3146603728568977,1.9065096590043609,-0.4081507138525369,0.9750051154751932,0.8615112997141778,0.4614269740035463
9115926517789,natural_ugr_v2_final::q9115926517789::i91159265,4.0,0.2240019036990054,1.0917730957470153,24,0.0017034292990280213,57.39837419282317,0.0012088677662649657,7.488812610795496,0.0693870443977188,-0.14774239183370966,0.7096671208806535,0.13047081413208153,-2.9176212024661723,1.7588995911943972,-1.1587216112717749,-0.14774239183370966,0.7096671208806535,0.13047081413208153
923326739514,natural_ugr_v2_final::q923326739514::i92332673,4.0,0.1209139618275095,3.023614921856174,25,0.011462705646307437,50.80362836788259,0.007045762209029191,9.670386775540472,0.3579502848359905,-0.2644761939553237,0.6146683362927402,0.19034834885246046,-2.1520720181302413,1.7058947304704881,-0.4461772876597533,-0.2644761939553237,0.6146683362927402,0.19034834885246046
30156448,natural_ugr_v2_final::q30156448::i92323220,2.0,0.1001750398744687,8.007569299380283,24,0.009362443346566041,71.97711338359699,0.007992368469508286,16.887186000845986,0.5752676115332834,0.9167864819680872,0.8536626790312946,0.23461882822178365,-2.097324502186307,1.8571944254411867,-0.24013007674512044,0.9167864819680872,0.8536626790312946,0.23461882822178365
30130218,natural_ugr_v2_final::q30130218::i92367162,4.0,3.373194462462373,8.073911287438714,22,0.007507639372309462,79.96304833835066,0.006651500848239951,28.816632126411772,0.5318742838503916,0.9518506662637494,0.885964351560729,0.360374356971471,-2.1770803491982695,1.9028893418654145,-0.2741910073328552,0.9518506662637494,0.885964351560729,0.360374356971471
30112595,natural_ugr_v2_final::q30112595::i92395247,2.0,0.1270428627249152,3.329071598896366,24,0.008568118679486977,57.89647730545322,0.006900839867310956,9.774838647165284,0.39953431876633555,-0.040424228579273,0.8054089964734417,0.1688330465357104,-2.1610980501987114,1.7626521400081803,-0.39844591019053116,-0.040424228579273,0.8054089964734417,0.1688330465357104
30127549,natural_ugr_v2_final::q30127549::i92371679,4.0,6.627826041387096,7.931535294068357,28,0.013361965125856884,69.75344256176007,0.007883912799079714,6.745488503602076,0.5499300585925319,-0.8935716450622515,0.5900264463213923,0.09670473966398985,-2.103258187929877,1.8435656463353371,-0.2596925415945397,-0.8935716450622515,0.5900264463213923,0.09670473966398985
923815005650,natural_ugr_v2_final::q923815005650::i92381500,4.0,0.1452794851425658,1.0158270754029217,25,0.00029222210781007583,77.64188858927629,0.00020777619160676193,8.159889638257855,0.016132135920236334,-0.39008209767871066,0.7110214663902229,0.10509648575685057,-3.682404218310067,1.8900960907802835,-1.7923081275297832,-0.39008209767871066,0.7110214663902229,0.10509648575685057
923805878409,natural_ugr_v2_final::q923805878409::i92380587,2.0,0.120909954348238,2.581914445726639,26,0.008281582307650866,69.30652144515406,0.006493259507639734,7.750968734893352,0.45002522931518374,-0.18421349855259805,0.7840602515827193,0.11183606640865833,-2.1875372398988757,1.8407741017747223,-0.34676313812415316,-0.18421349855259805,0.7840602515827193,0.11183606640865833
923175488831,natural_ugr_v2_final::q923175488831::i92317548,2.0,0.1218990144295334,2.4413619233014936,28,0.006186185803705375,66.82498607057697,0.004988062084833499,7.566791421355537,0.3333271793381717,0.9702434724224172,0.8063227072561854,0.11323296668350814,-2.302068149633592,1.8249388769014938,-0.477129272732098,0.9702434724224172,0.8063227072561854,0.11323296668350814
924038519043,natural_ugr_v2_final::q924038519043::i92403851,4.0,0.4456928446172684,3.6670096660795903,23,0.004288978194535711,62.0980595496675,0.003018988231793685,21.57149674931322,0.18747331099766965,0.8987064536516568,0.7038945163302458,0.34737795199638766,-2.5201385798808524,1.7930780294835285,-0.727060550397324,0.8987064536516568,0.7038945163302458,0.34737795199638766
9240865310423,natural_ugr_v2_final::q9240865310423::i92408653,4.0,0.1709647246618045,4.250831253628927,23,0.00792261747804526,76.46294713554488,0.0057434146453448146,39.106421030753246,0.4391584104045148,0.9546802677071389,0.7249390319879336,0.5114427640544615,-2.2408298287328194,1.883451033155125,-0.35737879557769436,0.9546802677071389,0.7249390319879336,0.5114427640544615
9235156217932,natural_ugr_v2_final::q9235156217932::i92351562,4.0,0.2180269473935445,1.0506515314225433,23,0.0005345812845893915,60.68243330170808,0.00030174842876583784,12.637844058520288,0.018310828902478166,-0.8070180486552212,0.5644575249161761,0.20826198573293797,-3.520354982639405,1.783062987215495,-1.7372919954239103,-0.8070180486552212,0.5644575249161761,0.20826198573293797
9235358820159,natural_ugr_v2_final::q9235358820159::i92353588,4.0,0.1154973782137871,2.8973993948070693,24,0.00963572752020297,56.896826048934024,0.007116354389664156,9.32487431900258,0.40489797781128956,0.3361682461148113,0.7385383589089135,0.16389094026058215,-2.1477424324763605,1.7550880402460298,-0.39265439223033044,0.3361682461148113,0.7385383589089135,0.16389094026058215
9233501110161,natural_ugr_v2_final::q9233501110161::i92335011,4.0,0.1322745074846004,1.1163463680679107,24,0.0017559002095424675,59.714100529373184,0.0012555443703168125,13.027472037499919,0.0749737027481867,-0.0183439026442831,0.7150431234608532,0.21816408389324637,-2.9011679349277566,1.7760768949321362,-1.1250910399956207,-0.0183439026442831,0.7150431234608532,0.21816408389324637
924126545666,natural_ugr_v2_final::q924126545666::i92412654,1.5,0.2183523491792955,7.407483312547577,25,0.008162774952488908,66.92929253218307,0.007000586506378886,6.6904444560492635,0.468544302182286,0.1089497520531738,0.8576233630261165,0.09996287429502039,-2.1548655734409388,1.825616234371603,-0.3292493390693359,0.1089497520531738,0.8576233630261165,0.09996287429502039
9236014720536,natural_ugr_v2_final::q9236014720536::i92360147,4.0,0.1291282013841605,1.0464840326063014,24,0.0006639233466311707,57.40131403500859,0.0003655388439518097,10.606344212982858,0.020982409973671828,-0.7680043885401242,0.5505738664058119,0.1847752859196592,-3.437066465990484,1.7589218344122803,-1.6781446315782038,-0.7680043885401242,0.5505738664058119,0.1847752859196592
924117779634,natural_ugr_v2_final::q924117779634::i92411777,4.0,0.2271937464874615,1.033093412718083,23,0.0005511205754543481,55.012610961284096,0.00038862093462366324,10.013911091334805,0.021379052287862205,-0.0964444457252999,0.705146844324005,0.18202937319921494,-3.410473808093801,1.7404622575505477,-1.6700115505432531,-0.0964444457252999,0.705146844324005,0.18202937319921494
900030982225,natural_ugr_v2_final::q900030982225::i90003098,4.0,0.1135501550744063,2.4905562565231296,27,0.009059135763662522,66.71987344887621,0.006037355766770316,10.73860054162716,0.4028116127247585,0.8736886663288813,0.6664383804674842,0.160950553208941,-2.2191532314692495,1.8242552138810781,-0.3948980175881711,0.8736886663288813,0.6664383804674842,0.160950553208941
9241532211752,natural_ugr_v2_final::q9241532211752::i92415322,4.0,0.8413216052645496,5.857675029304591,26,0.006548672375183271,64.69628410926602,0.004856699658966877,8.862224136740064,0.31421042096989643,-0.10750319691697811,0.7416311857914494,0.13698196517395944,-2.313658752711115,1.8108793372809875,-0.5027794154301276,-0.10750319691697811,0.7416311857914494,0.13698196517395944
9239204319861,natural_ugr_v2_final::q9239204319861::i92392043,2.0,0.1258773625801721,2.776670864998707,26,0.008496238253977415,58.72534746816174,0.006082723902253553,14.06233588398156,0.35721007471273264,0.6723251488579889,0.7159314181668571,0.2394593900292464,-2.215901895923899,1.7688255951058178,-0.44707630081808125,0.6723251488579889,0.7159314181668571,0.2394593900292464
9236620520282,natural_ugr_v2_final::q9236620520282::i92366205,4.0,0.1004236826609751,1.1984294975954342,27,0.003051210174211003,55.853801034167496,0.0018373319636877997,10.685623356813293,0.10262197393353462,-0.9030688113339671,0.6021649964388002,0.19131416589314248,-2.735812369566312,1.7470527336198123,-0.9887596359464994,-0.9030688113339671,0.6021649964388002,0.19131416589314248
923262629111,natural_ugr_v2_final::q923262629111::i92326262,2.0,0.1784212253056479,3.6835674218790295,24,0.009820880109530193,68.6035925325901,0.00873105528027074,24.333528140454305,0.5989817588272132,0.7871307991043374,0.8890298204331112,0.3546975783942317,-2.0589332620560645,1.836346858800449,-0.22258640325561518,0.7871307991043374,0.8890298204331112,0.3546975783942317
9233431419218,natural_ugr_v2_final::q9233431419218::i92334314,4.0,0.1501620127891704,1.0266043353982088,27,0.00036007953674576705,59.95260527569127,0.00020657171744305352,12.9384293856439,0.012384512636985017,-0.916182789069871,0.5736835792168407,0.215810961444406,-3.6849291397342685,1.7778080603668465,-1.907121079367422,-0.916182789069871,0.5736835792168407,0.215810961444406
900010161617,natural_ugr_v2_final::q900010161617::i90001016,4.0,0.1373606872859341,3.1812777386209268,30,0.008942925103808771,59.53507318033861,0.005796155179921607,10.728836381942834,0.3450745228012316,0.13779700288765917,0.648127442938445,0.1802103501148634,-2.2368599957195854,1.7747728917966854,-0.46208710392290014,0.13779700288765917,0.648127442938445,0.1802103501148634
9239448715078,natural_ugr_v2_final::q9239448715078::i92394487,4.0,0.156713628860247,1.0116588895397165,23,0.00014158711308146808,57.136565741334316,9.589425025703836e-05,16.74540178324807,0.005479068134027237,-0.7401816610710306,0.6772809203466249,0.29307679882366366,-4.018207432000354,1.7569141330643898,-2.261293298935964,-0.7401816610710306,0.6772809203466249,0.29307679882366366
9234674917095,natural_ugr_v2_final::q9234674917095::i92346749,2.0,0.1030539995150336,2.017287140038687,24,0.0019005493368997475,58.634493829250616,0.001636887257023512,9.825251386153823,0.09597805577112407,0.6966815781475288,0.8612705943712402,0.16756777017238209,-2.785981232218324,1.7681531803941755,-1.0178280518241485,0.6966815781475288,0.8612705943712402,0.16756777017238209
923669806169,natural_ugr_v2_final::q923669806169::i92366980,2.0,0.1317543359393764,5.266822273266481,24,0.008331853153873957,63.432622848004556,0.005941902298586576,18.608879658824108,0.37691044750593367,0.863251725002196,0.7131549475069474,0.2933644995795645,-2.226074493483813,1.8023126692228633,-0.4237618242609499,0.863251725002196,0.7131549475069474,0.2933644995795645
9236657015328,natural_ugr_v2_final::q9236657015328::i92366570,4.0,0.2037805202849406,1.1694771969068631,23,0.00196719147581243,58.42382836841532,0.0015121088405000741,13.9867599296753,0.08834318737173982,0.16040080430525983,0.7686637823985023,0.23940163320821892,-2.8204169475071925,1.7665900118090812,-1.0538269356981114,0.16040080430525983,0.7686637823985023,0.23940163320821892
9235430116266,natural_ugr_v2_final::q9235430116266::i92354301,4.0,0.104667517295712,4.499589804344971,25,0.010097060925956877,50.127747897672556,0.006762495610297717,8.433148413263675,0.3389886751121213,0.4962554475721599,0.6697489160348757,0.16823313966704712,-2.169893003796516,1.7000781933905464,-0.4698148104059696,0.4962554475721599,0.6697489160348757,0.16823313966704712
923213626544,natural_ugr_v2_final::q923213626544::i92321362,2.0,0.1894551017084276,6.133706141552137,25,0.006520999877994452,88.11960746168538,0.00534610313577817,26.398156857478885,0.4710965097744576,0.9884745733270405,0.8198287434138667,0.2995718843726905,-2.271962667190538,1.9450725538713347,-0.32689011331920353,0.9884745733270405,0.8198287434138667,0.2995718843726905
9241245910099,natural_ugr_v2_final::q9241245910099::i92412459,4.0,0.1484988292182365,6.188945156443344,23,0.0038491866244515665,60.425616017228066,0.0028071595025915505,18.81256519142803,0.16962434220270997,0.9149665658326046,0.7292864120329617,0.31133427230703514,-2.5517329100847155,1.7812210865769027,-0.7705118235078127,0.9149665658326046,0.7292864120329617,0.31133427230703514
9240971719390,natural_ugr_v2_final::q9240971719390::i92409717,2.0,0.1510975755765012,3.0415436650750065,25,0.003608295078701273,69.59335617104692,0.003186170292768538,18.148409570711014,0.2217362840062497,0.9397022916117517,0.8830126758688844,0.26077790423134295,-2.4967310159695275,1.842567781047674,-0.6541632349218539,0.9397022916117517,0.8830126758688844,0.26077790423134295
9159290020240,natural_ugr_v2_final::q9159290020240::i91592900,2.0,0.1178968871530273,4.126761525216357,23,0.011257948765108706,79.57634644078192,0.008838709716280178,36.49865735541379,0.7033522264722166,0.8945034524798401,0.785108362162175,0.4586621400440253,-2.0536111291044383,1.9007839956669614,-0.15282713343747717,0.8945034524798401,0.785108362162175,0.4586621400440253
9239869918079,natural_ugr_v2_final::q9239869918079::i92398699,2.0,0.1176717367135346,2.163806479974487,25,0.0026354613749039633,55.741082069668074,0.0021947838547436184,8.911343815684843,0.12233962697244649,0.19292758951991903,0.8327892321410314,0.15987030543373712,-2.6586082432187803,1.746175395168899,-0.9124328480498811,0.19292758951991903,0.8327892321410314,0.15987030543373712
923583993900,natural_ugr_v2_final::q923583993900::i92358399,2.0,0.1354560417093195,5.051929877684749,25,0.009141689138589492,64.8686544031945,0.007880336253795575,23.696612950216455,0.5111868090284295,0.8343464282457674,0.8620219014591721,0.3653014413237081,-2.1034552507779223,1.812034889277097,-0.29142036150082534,0.8343464282457674,0.8620219014591721,0.3653014413237081
923374983582,natural_ugr_v2_final::q923374983582::i92337498,4.0,0.4630326986569077,3.0586044282258884,25,0.007231484627081818,55.02253152626873,0.005681865457923958,11.639233081674202,0.31263062128663827,0.09333544733669605,0.7857121671316902,0.21153576105667596,-2.245509054240855,1.74054056792566,-0.5049684863151952,0.09333544733669605,0.7857121671316902,0.21153576105667596
9236381218696,natural_ugr_v2_final::q9236381218696::i92363812,4.0,2.0752483404476343,5.812114847136996,29,0.019167352762632907,86.35918075877336,0.01420536383297622,16.984330953565937,1.226763582996135,0.6822121223516444,0.7411228879070785,0.19667082068562206,-1.8475476384894174,1.936308513772989,0.08876087528357171,0.6822121223516444,0.7411228879070785,0.19667082068562206
9234193816947,natural_ugr_v2_final::q9234193816947::i92341938,2.0,0.1883966287146152,2.3333756693672516,26,0.004973692867618549,50.977835551355064,0.003641777673365828,13.163064268250881,0.18564994334743964,0.9735780642737428,0.7322079931947115,0.2582115173365965,-2.438686570945722,1.7073813919794962,-0.7313051789662257,0.9735780642737428,0.7322079931947115,0.2582115173365965
923496202196,natural_ugr_v2_final::q923496202196::i92349620,4.0,0.3004761202865655,6.299052385772036,27,0.009914068235223297,65.31186041387298,0.006924211253981935,20.52906532586931,0.4522331188962365,0.6869841687198369,0.6984227957379979,0.31432369550919587,-2.159629690502153,1.8149920548520364,-0.3446376356501168,0.6869841687198369,0.6984227957379979,0.31432369550919587
9233369013894,natural_ugr_v2_final::q9233369013894::i92333690,4.0,0.161736476190606,1.0002810908119826,25,2.910493255029147e-06,62.321244306961226,1.232600205739173e-06,7.374158888258122,7.681717855468167e-05,-0.9206759387473081,0.4235021687850739,0.11832496238260176,-5.909177764115176,1.7946361158816493,-4.114541648233527,-0.9206759387473081,0.4235021687850739,0.11832496238260176
923993622861,natural_ugr_v2_final::q923993622861::i92399362,4.0,0.3026637283415556,5.132560938582033,27,0.00786790118136567,58.411892707471544,0.006093755865683914,16.053027493272054,0.35594781381185414,0.7830836355102127,0.774508439444608,0.27482464185274874,-2.2151149489171122,1.766501278814479,-0.4486136701026332,0.7830836355102127,0.774508439444608,0.27482464185274874
923455595621,natural_ugr_v2_final::q923455595621::i92345559,4.0,0.1569346694792175,1.0051589815525899,23,8.662175506652991e-05,57.420031250861186,5.44974275695221e-05,14.23444216133094,0.0031292439941335033,-0.679894940762429,0.6291425003760927,0.2479002858626527,-4.263623997149569,1.7590634245253927,-2.504560572624176,-0.679894940762429,0.6291425003760927,0.2479002858626527
9235591512759,natural_ugr_v2_final::q9235591512759::i92355915,4.0,0.1501302341169176,2.063245505226673,26,0.0059899471047748535,60.20444289739235,0.004980961629946245,3.0067737186441525,0.29987602002420105,0.19882778294144865,0.8315535250679758,0.049942721399625904,-2.3026868037739003,1.7796285419990696,-0.5230582617748307,0.19882778294144865,0.8315535250679758,0.049942721399625904
9239678613358,natural_ugr_v2_final::q9239678613358::i92396786,4.0,0.1500203303220874,1.0287345335857179,24,0.0005237343836388055,62.25693957149597,0.0003132156184793002,12.644236003151658,0.019499845832514528,-0.8641608633632343,0.5980428787263087,0.20309761594739165,-3.504156590004083,1.794187767810042,-1.709968822194041,-0.8641608633632343,0.5980428787263087,0.20309761594739165
9234755510841,natural_ugr_v2_final::q9234755510841::i92347555,2.0,0.1534429149710197,4.655792292600212,23,0.0023396742118092597,74.86075661327767,0.0016478455765285198,10.01211695718804,0.12335896664076774,-0.7402887393735308,0.7043055687886768,0.13374319750613156,-2.7830834894859073,1.8742542121894488,-0.9088292772964587,-0.7402887393735308,0.7043055687886768,0.13374319750613156
9236273019764,natural_ugr_v2_final::q9236273019764::i92362730,4.0,0.1092010963975851,1.7365801601761062,23,0.0024705822268565204,71.61108468101237,0.0013549529927851353,6.185378168779432,0.09702965350512747,-0.39482397085338683,0.5484346880083925,0.08637459125681252,-2.8680757714524154,1.8549802519614493,-1.0130955194909663,-0.39482397085338683,0.5484346880083925,0.08637459125681252
923697998508,natural_ugr_v2_final::q923697998508::i92369799,4.0,0.2974510154234598,4.497605646323146,26,0.007701637269102811,77.45375462073794,0.0059156236101954454,23.41530198264911,0.45818725953272194,0.847293629837719,0.7680994837198527,0.3023133235735967,-2.2279994663883578,1.8890424753107835,-0.33895699107757415,0.847293629837719,0.7680994837198527,0.3023133235735967
923438628427,natural_ugr_v2_final::q923438628427::i92343862,2.0,0.1000182288553119,2.390354142082781,23,0.004868882690684261,66.60084629459317,0.0040827756819453685,18.18705785665384,0.2719163156485463,0.8381763839646807,0.8385446808478323,0.2730754767921067,-2.38904448066224,1.8234797477699511,-0.5655647328922885,0.8381763839646807,0.8385446808478323,0.2730754767921067
900041383190,natural_ugr_v2_final::q900041383190::i90004138,2.0,0.1154653259043366,3.234190585044043,29,0.007880012422754958,67.11852699077534,0.006934264164728639,8.179244785368022,0.4654175965015053,0.050087546056239746,0.879981374738027,0.12186269800724567,-2.1589996176697186,1.826842416730093,-0.3321572009396257,0.050087546056239746,0.879981374738027,0.12186269800724567
9240528615873,natural_ugr_v2_final::q9240528615873::i92405286,2.0,0.1126787266951875,2.0350882802826327,23,0.007515331430453157,69.51857500500971,0.005737132917889451,14.318049498717855,0.398837305066008,0.5106759180175645,0.7633905398558737,0.205960054527672,-2.241305088266899,1.8421008613433176,-0.39920422692358115,0.5106759180175645,0.7633905398558737,0.205960054527672
9235225515741,natural_ugr_v2_final::q9235225515741::i92352255,1.5,0.4510476448506856,6.858336559202673,25,0.004677904825248628,68.42893078859063,0.0037064353744984306,19.890049347643746,0.2536274097139371,0.9362568261967057,0.79232808553377,0.29066725314024744,-2.4310435678458693,1.8352397541386047,-0.5958038137072647,0.9362568261967057,0.79232808553377,0.29066725314024744
923448476371,natural_ugr_v2_final::q923448476371::i92344847,4.0,1.4142711013134026,4.895769788781488,24,0.01420312268885106,73.376618517463,0.01013504742150648,25.74201809209763,0.7436755083042781,0.8005982964850515,0.7135788124580609,0.3508204467881176,-1.9941742149186383,1.865557693887026,-0.12861652103161242,0.8005982964850515,0.7135788124580609,0.3508204467881176
92333105626,natural_ugr_v2_final::q92333105626::i92333105,2.0,0.1201346053539546,3.133994555270388,27,0.01164043301089141,54.183960147497125,0.006590052180108995,4.5635565526365545,0.35707512469695235,0.3996918854277259,0.5661346252276862,0.0842233853009977,-2.181111146643671,1.7338707431732263,-0.44724040347044447,0.3996918854277259,0.5661346252276862,0.0842233853009977
9233846868,natural_ugr_v2_final::q9233846868::i92338468,2.0,0.1300838715812804,2.823642733035004,24,0.010814123950933452,61.253463682008565,0.008325659776287452,11.864838700569843,0.509975498735583,0.25198253834953155,0.769887585352561,0.19370069849706795,-2.0795813403024654,1.7871306516561973,-0.29245068864626816,0.25198253834953155,0.769887585352561,0.19370069849706795
9239547417220,natural_ugr_v2_final::q9239547417220::i92395474,2.0,0.1155143689146675,2.088393625670328,27,0.0028573936820214716,64.71076679929088,0.002309678649368026,6.692225182181012,0.14946107646055545,-0.6768900602968669,0.8083165662121983,0.1034174916044164,-2.6364484402439907,1.810976546085964,-0.8254718941580268,-0.6768900602968669,0.8083165662121983,0.1034174916044164
9238794813953,natural_ugr_v2_final::q9238794813953::i92387948,4.0,0.1227491774515673,1.1012466162554637,24,0.001280051295527389,60.41183128692455,0.0008290962348771725,10.705303069150304,0.05008722186202411,0.41062398272219625,0.6477054769399533,0.1772054056482036,-3.0813950570848823,1.7811220008635769,-1.3002730562213056,0.41062398272219625,0.6477054769399533,0.1772054056482036
923260462361,natural_ugr_v2_final::q923260462361::i92326046,2.0,0.1470271224830721,8.105425150633653,27,0.007227380382382638,87.68617907664296,0.006369282864816159,37.43251765064506,0.5584980778740632,0.7916302558014142,0.8812712944155858,0.4268918778856449,-2.195909463329618,1.9429311461167442,-0.25297831721287406,0.7916302558014142,0.8812712944155858,0.4268918778856449
9235962912266,natural_ugr_v2_final::q9235962912266::i92359629,2.0,0.1102231398196365,4.773651883200731,27,0.006171614240710068,66.02643362055595,0.005249997166921712,23.12166188603182,0.3466385894498632,0.8482880166638194,0.8506683927668297,0.35018795682511883,-2.2798409309541574,1.8197178397424556,-0.4601230912117016,0.8482880166638194,0.8506683927668297,0.35018795682511883
9236616613658,natural_ugr_v2_final::q9236616613658::i92366166,4.0,0.1149081893529627,1.0235310185337927,24,0.00035432352075029144,64.01881542958859,0.00020392263303736847,13.019562973621353,0.013054885406335016,-0.9122262052250631,0.5755266616383686,0.2033708822360355,-3.690534569917088,1.8063076339263164,-1.8842269359907715,-0.9122262052250631,0.5755266616383686,0.2033708822360355
9235763812282,natural_ugr_v2_final::q9235763812282::i92357638,2.0,0.154916762540316,2.439695523649269,27,0.004587801147133062,63.7879526441454,0.0036337233266486913,8.478725525476722,0.2317877714821932,-0.156850142020364,0.792040284683965,0.13292048379067892,-2.4396481431490846,1.8047386631377738,-0.634909480011311,-0.156850142020364,0.792040284683965,0.13292048379067892
9238527814053,natural_ugr_v2_final::q9238527814053::i92385278,4.0,0.1485277650345257,1.112044967275775,23,0.0017489411234360317,67.47167461891836,0.0011145797158295203,6.654313363005957,0.07520255992329589,-0.673471264154137,0.6372883002715252,0.09862380622075381,-2.9528888649075493,1.8291214892975816,-1.123767375609968,-0.673471264154137,0.6372883002715252,0.09862380622075381
9238540221355,natural_ugr_v2_final::q9238540221355::i92385402,2.0,0.1520039120591815,2.5448104914861585,26,0.00523942575490443,85.52742885327088,0.0039048133733883875,22.825271901029467,0.333968647977776,0.9496136082413377,0.7452750656373437,0.2668766290190722,-2.4083997179568324,1.9321054163571858,-0.47629430159964653,0.9496136082413377,0.7452750656373437,0.2668766290190722
923964566620,natural_ugr_v2_final::q923964566620::i92396456,4.0,0.1252251744216056,1.1447817686239903,27,0.0014415064627137542,55.068634391240224,0.0010197591274615082,9.091435619109756,0.05615674255730793,-0.1267826643588823,0.7074259837460097,0.16509281044666566,-2.9915023987949554,1.740904306848045,-1.2505980919469104,-0.1267826643588823,0.7074259837460097,0.16509281044666566
9235843037,natural_ugr_v2_final::q9235843037::i92358430,4.0,1.3152767984832543,5.390135489319158,25,0.010108998182130275,58.909816941073665,0.006520729589745414,6.202683045597031,0.38413498645414473,-0.8866590716886606,0.6450421171577753,0.10529116143411978,-2.1857038093181367,1.7701876731925357,-0.4155161361256012,-0.8866590716886606,0.6450421171577753,0.10529116143411978
9232550319620,natural_ugr_v2_final::q9232550319620::i92325503,4.0,0.6299315548456317,5.979022156350739,23,0.0003858978927104026,67.52285860508435,0.00027037721517913664,12.328459733808968,0.01825664247057731,0.830211556288333,0.7006444458146898,0.1825820172382432,-3.5680299093979393,1.8294508200236195,-1.73857908937432,0.830211556288333,0.7006444458146898,0.1825820172382432
923581137129,natural_ugr_v2_final::q923581137129::i92358113,4.0,0.1127919515691025,4.159378340200092,23,0.014432673485250519,75.73163355219768,0.008529942586980635,20.537862993935086,0.6459864862185025,0.8429316798986254,0.5910161132445638,0.2711926579502535,-2.0690538919557375,1.8792773247772585,-0.189776567178479,0.8429316798986254,0.5910161132445638,0.2711926579502535
9238683217744,natural_ugr_v2_final::q9238683217744::i92386832,4.0,4.390678141821992,3.558291811300336,26,0.0063066718335846915,52.465683883930076,0.0028054819517617175,11.748003770432081,0.14719152922320144,0.002849125992526382,0.44484349682217267,0.22391786212912446,-2.5519925208566234,1.7198753382122092,-0.8321171826444141,0.002849125992526382,0.44484349682217267,0.22391786212912446
924116591694,natural_ugr_v2_final::q924116591694::i92411659,4.0,0.1892282271337156,1.0389663733556822,25,0.0008711882760689245,56.395740996689156,0.0006099351763499592,12.669424957658952,0.034397746230202225,-0.8330929120212175,0.7001186690690772,0.22465215872245992,-3.214716319168704,1.751246307325936,-1.463470011842768,-0.8330929120212175,0.7001186690690772,0.22465215872245992
923599386672,natural_ugr_v2_final::q923599386672::i92359938,4.0,0.2684668922906789,4.309837321140814,25,0.006822849563833516,63.800631021363934,0.005129786387978177,31.917301812404354,0.32728360855781097,0.9169168847738195,0.751853948996632,0.5002662403404239,-2.289900719187184,1.8048249741403013,-0.4850757450468825,0.9169168847738195,0.751853948996632,0.5002662403404239
9235054513708,natural_ugr_v2_final::q9235054513708::i92350545,2.0,0.1236437141957352,4.005381769720046,25,0.006763297571686883,54.912154183510324,0.004813947537790823,15.260773089956405,0.26434422942649954,0.8671027633610602,0.7117752082864722,0.2779124825253913,-2.317498646959224,1.7396684812555554,-0.5778301657036686,0.8671027633610602,0.7117752082864722,0.2779124825253913
923205042917,natural_ugr_v2_final::q923205042917::i92320504,4.0,0.2204016607203862,1.010727947156393,24,0.00022522658380976632,56.13254677454237,0.00013557149211884765,11.496136612355711,0.007609973122655718,-0.7797760769036127,0.6019337940735972,0.20480340324714288,-3.867831624016881,1.749214746923732,-2.118616877093149,-0.7797760769036127,0.6019337940735972,0.20480340324714288
9235187320840,natural_ugr_v2_final::q9235187320840::i92351873,4.0,0.1753132541492615,3.0621712862519,25,0.005683036784467408,55.063659796460726,0.0047502299227690165,12.414885402620307,0.26156504442232104,0.6943644288302733,0.8358611958578391,0.2254642253804257,-2.3232853689491932,1.7408650733229496,-0.5824202956262438,0.6943644288302733,0.8358611958578391,0.2254642253804257
923461876623,natural_ugr_v2_final::q923461876623::i92346187,4.0,0.1819547394898589,1.0241152654485792,26,0.0003487418610193819,64.6977615389067,0.00021399292427602942,12.549890527553227,0.01384486318582387,-0.2017467598230032,0.6136141031378405,0.19397719842295028,-3.6696005864577215,1.8108892548863482,-1.858711331571373,-0.2017467598230032,0.6136141031378405,0.19397719842295028
9237279519947,natural_ugr_v2_final::q9237279519947::i92372795,4.0,0.2199745340374126,1.0095773523936842,26,0.00016342773294598996,58.554114262416995,0.00010106719446433541,11.810432909086398,0.005917900052846614,-0.7250583102195144,0.6184213208032223,0.20170116238385205,-3.9953897897614614,1.7675574158676335,-2.227832373893828,-0.7250583102195144,0.6184213208032223,0.20170116238385205
9240824714579,natural_ugr_v2_final::q9240824714579::i92408247,4.0,0.1956838189039109,1.0492102938436758,25,0.0005322952446439516,54.90584564047299,0.00029565700149806795,6.85915429758825,0.01623329768677801,-0.6496581586932659,0.5554379913647938,0.12492575640310567,-3.5292118319499357,1.7396185847825296,-1.7895932471674063,-0.6496581586932659,0.5554379913647938,0.12492575640310567
9240813611808,natural_ugr_v2_final::q9240813611808::i92408136,2.0,0.1587857955428905,3.7474600950975927,23,0.011353865318258318,74.55370138063697,0.007426408479542615,21.001184042099236,0.5536662401144503,0.8172528073982408,0.6540863636633154,0.28169203746004284,-2.129221166672962,1.872469209818279,-0.25675195685468305,0.8172528073982408,0.6540863636633154,0.28169203746004284
9236426712454,natural_ugr_v2_final::q9236426712454::i92364267,4.0,0.4797472470926301,4.420676857079372,26,0.006830953633188518,79.97788478509308,0.00421791402209125,35.245423394342815,0.33733984169224257,0.9148785045678011,0.6174707439966085,0.4406896167490558,-2.3749022771598085,1.9029699139471692,-0.47193236321263954,0.9148785045678011,0.6174707439966085,0.4406896167490558
9238138114517,natural_ugr_v2_final::q9238138114517::i92381381,4.0,0.1236986462016309,1.0047156482501876,25,6.856185424986565e-05,60.403640598714794,3.625333649415606e-05,13.336204568705122,0.0021898335080972734,-0.8797354819015103,0.528768320092905,0.2207847811244158,-4.440652017939328,1.7810631148510088,-2.65958890308832,-0.8797354819015103,0.528768320092905,0.2207847811244158
9233511417962,natural_ugr_v2_final::q9233511417962::i92335114,4.0,0.479317415171924,5.16983384478133,25,0.009907093808425027,61.811564081363706,0.008002567457046254,16.129570311446834,0.4946512111866503,0.5002340804288623,0.8077613487661581,0.2609474545930464,-2.0967706563154165,1.7910697331292995,-0.3057009231861172,0.5002340804288623,0.8077613487661581,0.2609474545930464
9240066412642,natural_ugr_v2_final::q9240066412642::i92400664,4.0,0.1749509723440037,1.0236519482455742,24,0.00040171567507944804,58.036113709804916,0.000254590073384566,9.699600929203623,0.014775418448334252,-0.9306513233365564,0.633756881242474,0.16713043498577546,-3.594158533747373,1.7636983229439256,-1.8304602108034478,-0.9306513233365564,0.633756881242474,0.16713043498577546
924093613269,natural_ugr_v2_final::q924093613269::i92409361,4.0,3.1400493620614327,3.7178374648338814,26,0.015084376226291838,61.29547215834817,0.008518159009288524,14.138133177325548,0.5221245783942273,-0.6750965672042551,0.5647007792368307,0.23065542493582045,-2.0696542571699914,1.7874283947586882,-0.28222586241130326,-0.6750965672042551,0.5647007792368307,0.23065542493582045
924034687856,natural_ugr_v2_final::q924034687856::i92403468,4.0,0.1036479657006307,1.0612697035506564,25,0.001044361739650175,63.698297076476635,0.0007078875106050236,8.380236000783407,0.0450912289472463,-0.7988983454724369,0.6778183111554252,0.1315613820997763,-3.150035749944309,1.8041278219715338,-1.3459079279727753,-0.7988983454724369,0.6778183111554252,0.1315613820997763
923186735350,natural_ugr_v2_final::q923186735350::i92318673,2.0,0.1088435446542128,3.5939430451475696,26,0.007352378883380821,66.11532470749094,0.006501850641744917,12.276765201540979,0.42987196637857356,0.9144306768129962,0.8843193128201782,0.18568713465230863,-2.1869630111873293,1.820302135196941,-0.36666087599038827,0.9144306768129962,0.8843193128201782,0.18568713465230863
923976954157,natural_ugr_v2_final::q923976954157::i92397695,4.0,0.1334774386917492,3.3496025775756944,28,0.007207713519841282,61.96969499519207,0.005243611546915079,12.597672904562831,0.3249450082355947,0.7712306140149423,0.7274999946211161,0.20328763770001165,-2.2803694888507495,1.792179358627797,-0.4881901302229526,0.7712306140149423,0.7274999946211161,0.20328763770001165
9236093610577,natural_ugr_v2_final::q9236093610577::i92360936,4.0,0.1064733061844584,2.310342673859564,23,0.008109911740726748,70.54964949776142,0.0057167650908377474,9.892048612482624,0.4033157734196413,0.734487491251773,0.7049108885031411,0.14021400081933083,-2.2428496531327533,1.848494860449456,-0.3943547926832972,0.734487491251773,0.7049108885031411,0.14021400081933083
923821714171,natural_ugr_v2_final::q923821714171::i92382171,2.0,0.1210114105190566,2.0047669691026027,23,0.002799104389796882,73.42577728331342,0.001983393081919312,23.4450782556701,0.14563217869827202,0.7970595432746305,0.7085813194924244,0.31930309930812506,-2.70259120592035,1.8658485526489357,-0.8367426532714142,0.7970595432746305,0.7085813194924244,0.31930309930812506
923753399958,natural_ugr_v2_final::q923753399958::i92375339,4.0,1.4440885983338774,4.31441857917993,27,0.01022664302452705,77.08050350170775,0.007777090471106116,24.446587933348805,0.599462049291193,0.9684354849290387,0.7604734469027565,0.3171565677799079,-2.1091828488559057,1.8869445428710532,-0.22223830598485245,0.9684354849290387,0.7604734469027565,0.3171565677799079
9240903613749,natural_ugr_v2_final::q9240903613749::i92409036,2.0,0.1153553109211919,2.0765084532261757,23,0.002949796808454853,77.44212093249027,0.002516098485680786,31.4112723649258,0.19485200320614707,0.6563847916349911,0.8529734924348078,0.4056096603075786,-2.5992723636438555,1.8889772386270876,-0.7102951250167681,0.6563847916349911,0.8529734924348078,0.4056096603075786
9238745818990,natural_ugr_v2_final::q9238745818990::i92387458,1.5,0.152866065950558,8.186432078176331,26,0.008238319432463464,81.69525566769249,0.007194591424833776,29.564486121876335,0.5877639858763833,0.9399674803051348,0.8733081405514781,0.3618874300624536,-2.1429938642678112,1.9121968362488322,-0.23079702801897906,0.9399674803051348,0.8733081405514781,0.3618874300624536
9238569120422,natural_ugr_v2_final::q9238569120422::i92385691,2.0,0.1192808920137597,3.229890812559161,23,0.011261566388492078,60.64627913394957,0.008154103269300052,12.09381914099829,0.49451602295702174,0.177212127829767,0.7240647515635599,0.199415682440907,-2.088623792638196,1.7828041605007816,-0.3058196321374146,0.177212127829767,0.7240647515635599,0.199415682440907
9239095215418,natural_ugr_v2_final::q9239095215418::i92390952,4.0,0.1447223042029475,3.037138760728449,25,0.005287851841043034,83.1512665526014,0.003914756237961874,27.91252999529466,0.3255169394312269,0.8831844621055822,0.7403301672668811,0.33568376228685853,-2.407295275190698,1.9198688687403438,-0.4874264064503544,0.8831844621055822,0.7403301672668811,0.33568376228685853
923902223937,natural_ugr_v2_final::q923902223937::i92390222,2.0,0.1304965897198821,5.581463519054168,25,0.004860061217525841,70.31793603631594,0.004364822466118665,28.403668793018376,0.3069253069824071,0.8194569989021153,0.8981003058930004,0.40393206049661645,-2.360033416002629,1.8470661148928806,-0.5129673011097482,0.8194569989021153,0.8981003058930004,0.40393206049661645
9232270810403,natural_ugr_v2_final::q9232270810403::i92322708,4.0,0.1234667344715966,3.100334939469826,23,0.009634191477614792,71.658493044936,0.006417512888015447,21.53447421762929,0.459869302651642,0.9121753206359388,0.6661184701307471,0.30051530952688793,-2.192633250480692,1.855267670852834,-0.33736557962785785,0.9121753206359388,0.6661184701307471,0.30051530952688793
923719333784,natural_ugr_v2_final::q923719333784::i92371933,4.0,0.1153493380013747,4.605867897140928,26,0.009279917965380828,58.69490177692288,0.005782803822640435,5.180375048725383,0.33942110236509454,0.5161023411588554,0.6231524722754509,0.08825936992643804,-2.237861540566865,1.7686003801861752,-0.46926116038069005,0.5161023411588554,0.6231524722754509,0.08825936992643804
923496581547,natural_ugr_v2_final::q923496581547::i92349658,4.0,0.1133445599255694,1.0008203499590411,24,9.541721060727718e-06,57.36031388689092,4.370573596769585e-06,11.270728444282875,0.0002506974733764612,-0.9718326498995238,0.4580487701278761,0.19649000642687695,-5.359461562213907,1.758611519210854,-3.600850043003053,-0.9718326498995238,0.4580487701278761,0.19649000642687695
9236880216808,natural_ugr_v2_final::q9236880216808::i92368802,2.0,0.1906037651696289,4.6016853984453245,28,0.009443062835840099,73.7145804146725,0.007524314386262156,8.40617960100154,0.5546516778913988,0.3951574873314518,0.7968086750100247,0.11403686426367197,-2.1235330667412264,1.8675533978638688,-0.25597966887735757,0.3951574873314518,0.7968086750100247,0.11403686426367197
9240413418959,natural_ugr_v2_final::q9240413418959::i92404134,2.0,0.1192058868704833,3.014858014637861,30,0.0027259126817777537,62.57610458407947,0.002178740499270581,22.543070722829427,0.13633709334392538,0.7880356765642121,0.799270099088308,0.3602504641774203,-2.661794493684983,1.7964085244494428,-0.8653859692355401,0.7880356765642121,0.799270099088308,0.3602504641774203
92350424742,natural_ugr_v2_final::q92350424742::i92350424,4.0,0.1032252300203065,1.5572840794189813,27,0.005168501104043982,59.26401945181728,0.003429068168724709,15.398776060147023,0.20322036265290863,-0.38165143674278407,0.6634550519959663,0.25983347404687096,-2.4648238811706475,1.7727911032113048,-0.6920327779593428,-0.38165143674278407,0.6634550519959663,0.25983347404687096
9234116418768,natural_ugr_v2_final::q9234116418768::i92341164,2.0,0.1295405232162157,3.437441018711956,32,0.006732301223238394,59.27021062031097,0.00532162657646961,10.345266709083973,0.3154139280299982,0.6657039837182934,0.7904617455470573,0.17454411922637597,-2.2739556035667685,1.7728364705337087,-0.5011191330330599,0.6657039837182934,0.7904617455470573,0.17454411922637597
900045273235,natural_ugr_v2_final::q900045273235::i90004527,2.0,0.1054677545917362,1.985624029225477,29,0.002155759262118003,73.6875773183435,0.0017790517221966883,9.327162508457903,0.13109401133270063,0.6567335156139508,0.8252552840472527,0.12657713617266714,-2.7498114255315427,1.867394278132631,-0.8824171473989117,0.6567335156139508,0.8252552840472527,0.12657713617266714
923493938747,natural_ugr_v2_final::q923493938747::i92349393,1.5,0.1543497102365089,3.8243115414312143,23,0.013007596050393566,51.8138724352972,0.009660239827687137,12.661973834575116,0.5005344341261587,0.7073226181328002,0.7426614256978599,0.24437420403940685,-2.0150120915401772,1.714446051550462,-0.30056603998971543,0.7073226181328002,0.7426614256978599,0.24437420403940685
923304731371,natural_ugr_v2_final::q923304731371::i92330473,2.0,0.1027260710014085,3.423888355510558,27,0.007037985647714024,89.06653381897428,0.006152594894862398,32.85708876671377,0.5479903012777102,0.8862083408725363,0.8741982724646212,0.36890498998754195,-2.210941679210324,1.9497145513099374,-0.26122712790038655,0.8862083408725363,0.8741982724646212,0.36890498998754195
923607728637,natural_ugr_v2_final::q923607728637::i92360772,2.0,0.1389694697139554,4.108332306103351,25,0.008538440087375917,65.37878300101772,0.0066979180806807925,24.300708388868223,0.43790173275542266,0.8516268697233,0.7844428270432751,0.37169104827922456,-2.1740601684303495,1.8154368321075853,-0.35862333632276444,0.8516268697233,0.7844428270432751,0.37169104827922456
9233143020930,natural_ugr_v2_final::q9233143020930::i92331430,2.0,0.1739150801047061,3.393651170408747,26,0.006946720517969727,66.2998878323228,0.005864301222647447,10.018854054274694,0.3888025132764792,0.9806484126370246,0.8441826913113483,0.1511141931282463,-2.2317837300494396,1.8215127936559878,-0.41027093639345186,0.9806484126370246,0.8441826913113483,0.1511141931282463
9236453515645,natural_ugr_v2_final::q9236453515645::i92364535,2.0,0.1460573651396327,3.1304378552716976,31,0.005055145859019941,59.703657301472376,0.004357969811620677,10.69872362087021,0.260186736163163,0.644291813603341,0.8620858691633424,0.17919712299779605,-2.360715782509214,1.7760009357725517,-0.5847148467366624,0.644291813603341,0.8620858691633424,0.17919712299779605
923903102259,natural_ugr_v2_final::q923903102259::i92390310,4.0,2.7741437977189864,7.689835287514204,25,0.0038627040775361813,79.59221267015583,0.003446686289832531,41.105565210926876,0.27432938818766117,0.7997301496360456,0.8922988198544564,0.5164520979115832,-2.462598243367428,1.9008705782926636,-0.5617276650747641,0.7997301496360456,0.8922988198544564,0.5164520979115832
9236083118554,natural_ugr_v2_final::q9236083118554::i92360831,4.0,0.1606932331924199,1.0114763490829446,23,0.0001650189050854933,61.90845215741911,0.00011098648591225973,14.964426304998614,0.006871001553219202,-0.6879891377814822,0.6725683087932237,0.24171863103518534,-3.954729899150634,1.7917499458656732,-2.1629799532849607,-0.6879891377814822,0.6725683087932237,0.24171863103518534
9234386910754,natural_ugr_v2_final::q9234386910754::i92343869,2.0,0.1133029011273138,2.22111948296919,23,0.004545745213605359,57.39667660526342,0.0038944859010081206,13.554392532645686,0.22353054780392104,0.8791110138063235,0.8567321127792145,0.23615291571433447,-2.4095498640739046,1.7588867465132951,-0.6506631175606093,0.8791110138063235,0.8567321127792145,0.23615291571433447
923609137004,natural_ugr_v2_final::q923609137004::i92360913,2.0,0.1114707868890054,2.09843443572297,28,0.007971699273573928,49.2224520247375,0.005739769189740054,6.06879308565038,0.28252551357504624,-0.2847004192359705,0.7200182787586217,0.12329318910403761,-2.24110557130197,1.692163244358422,-0.5489423269435478,-0.2847004192359705,0.7200182787586217,0.12329318910403761
923792565369,natural_ugr_v2_final::q923792565369::i92379256,4.0,0.1732080154390596,3.2930448787921014,26,0.011178046965938618,63.77541759192892,0.00904549532718297,16.09704234887773,0.5768802418169356,0.9519205018481055,0.8092196565952988,0.2524019905581126,-2.043567646386001,1.8046533109866754,-0.23891433539932566,0.9519205018481055,0.8092196565952988,0.2524019905581126
923698578531,natural_ugr_v2_final::q923698578531::i92369857,4.0,0.1264707749145642,5.515448707029858,26,0.00773132972429357,60.86431322361607,0.006902630381857441,3.3281463000532665,0.4201238576282199,0.017080536423677087,0.8928128314289624,0.05468140727762137,-2.1609853813440494,1.7843627259196257,-0.37662265542442364,0.017080536423677087,0.8928128314289624,0.05468140727762137
9236422517884,natural_ugr_v2_final::q9236422517884::i92364225,1.5,0.1049142031303767,2.5307465425596076,25,0.014469785612254987,53.02693505456961,0.011184895451016816,13.118001973191173,0.5931007246732198,-0.24116218451353702,0.7729828036666917,0.24738374864946538,-1.951368071045107,1.7244965257164255,-0.2268715453286813,-0.24116218451353702,0.7729828036666917,0.24738374864946538
9236653412587,natural_ugr_v2_final::q9236653412587::i92366534,1.5,0.114901358512994,5.714792332810795,25,0.00789361383511258,63.629481759673574,0.006645455085817524,12.462174257505195,0.4228468631677561,0.48731953620747837,0.841877399203016,0.1958553474405844,-2.1774752728865048,1.8036583860708837,-0.37381688681562103,0.48731953620747837,0.841877399203016,0.1958553474405844
9239018419566,natural_ugr_v2_final::q9239018419566::i92390184,4.0,0.1158503993749608,2.5475818445915244,28,0.01255320741269148,62.04010763282331,0.008746925374127166,11.537933388035075,0.5426601916671226,-0.5890377206943072,0.6967880866274777,0.18597539282686137,-2.058144578715627,1.7926725425958014,-0.26547203611982567,-0.5890377206943072,0.6967880866274777,0.18597539282686137
9236742819622,natural_ugr_v2_final::q9236742819622::i92367428,4.0,0.1070122163352687,3.870574139185136,25,0.00914990829668961,64.6481626795301,0.005995403407799774,9.393371338855275,0.38759181483684896,-0.6202453522917737,0.6552419120931386,0.14529989638560215,-2.222181589564787,1.810556186610376,-0.4116254029544109,-0.6202453522917737,0.6552419120931386,0.14529989638560215
9241371316910,natural_ugr_v2_final::q9241371316910::i92413713,2.0,0.1258141768855163,4.788288108290328,32,0.005821589254939433,61.19182027661153,0.004580008838368003,16.927550979955246,0.28025907770270714,0.8214915972603783,0.7867282691718608,0.2766309435384654,-2.339133683906448,1.7866933723718366,-0.552440311534611,0.8214915972603783,0.7867282691718608,0.2766309435384654
9238552015782,natural_ugr_v2_final::q9238552015782::i92385520,2.0,0.1042896862894713,4.318740169943551,25,0.00564687788284144,53.39076836875213,0.005018348432300687,12.689807490209377,0.26793347874265633,0.7822525187809655,0.8886943433909563,0.23767793343158378,-2.2994391881844,1.7274661710153898,-0.5719730171690104,0.7822525187809655,0.8886943433909563,0.23767793343158378
9235820911128,natural_ugr_v2_final::q9235820911128::i92358209,1.5,0.1090711135921692,7.667836198353832,25,0.010345667446082436,80.28657760954574,0.00884658456817963,31.168883082713506,0.7102619985125636,0.9841441573649603,0.85510041901932,0.3882203477933235,-2.0532243665324668,1.9046429455607148,-0.1485814209717521,0.9841441573649603,0.85510041901932,0.3882203477933235
923510532476,natural_ugr_v2_final::q923510532476::i92351053,4.0,0.1514986452632124,1.0906694666165706,25,0.0013164523360973508,60.75778698146669,0.0007538179148257462,9.362765006813248,0.04580030829179609,-0.6470190362147117,0.5726131468310159,0.15409983595467736,-3.122733545557794,1.7836019469017337,-1.3391315986560601,-0.6470190362147117,0.5726131468310159,0.15409983595467736
924050823066,natural_ugr_v2_final::q924050823066::i92405082,2.0,0.1790988759135887,3.226501918939647,29,0.007112194616269069,75.76711879837963,0.005526137021956677,19.27945866264725,0.4186994802387154,0.33368676794301777,0.7769946296626499,0.2544568008973777,-2.257578350845146,1.8794807726162475,-0.3780975782288983,0.33368676794301777,0.7769946296626499,0.2544568008973777
924034912532,natural_ugr_v2_final::q924034912532::i92403491,4.0,0.2290677111524312,4.214417909576858,25,0.013261664715071278,57.246078767849255,0.00827855134735521,13.44318185797585,0.4739146025143809,-0.6514205160021546,0.6242467688047499,0.23483148797827977,-2.0820456531780382,1.7577457438012907,-0.32429990937674746,-0.6514205160021546,0.6242467688047499,0.23483148797827977
9241439318444,natural_ugr_v2_final::q9241439318444::i92414393,4.0,0.217854241394988,1.1509843375068232,23,0.0021191501159136855,57.055850828201116,0.0014930667943443927,6.8653127986133295,0.0851881962946541,-0.16635413988686792,0.7045592396368047,0.12032618388752511,-2.825920763094588,1.7563001860393261,-1.0696205770552618,-0.16635413988686792,0.7045592396368047,0.12032618388752511
9240882414920,natural_ugr_v2_final::q9240882414920::i92408824,4.0,0.1166059975696737,5.293588959658374,23,0.012463976472859697,84.41818908194277,0.006726491728726327,27.71436504003249,0.5678382506137432,0.7556710470331628,0.539674616954971,0.32829850227100704,-2.172211387502136,1.9264360315407896,-0.24577535596134642,0.7556710470331628,0.539674616954971,0.32829850227100704
924019132437,natural_ugr_v2_final::q924019132437::i92401913,2.0,0.151365556413672,2.9776720153548206,26,0.004719859785936675,65.4710365285759,0.00385957577864761,21.427454693329203,0.2526904267886444,0.8131146744431285,0.8177310245841682,0.32728143358440404,-2.4134604277420246,1.8160492166677946,-0.5974112110742298,0.8131146744431285,0.8177310245841682,0.32728143358440404
9234643011992,natural_ugr_v2_final::q9234643011992::i92346430,2.0,0.1546894817917246,3.4036926539564174,29,0.005800992162041763,63.03293313320361,0.0046247362113061,18.987978499916444,0.29151068836596283,0.9515857712283,0.797231935869112,0.30123901199061004,-2.3349130337879362,1.7995675167706484,-0.5353455170172876,0.9515857712283,0.797231935869112,0.30123901199061004
9239371917069,natural_ugr_v2_final::q9239371917069::i92393719,2.0,0.1307692540347456,4.678464304871623,33,0.007240111912017251,78.46974172872068,0.006135838186461278,21.621922401223475,0.48147763778083835,0.7142092764267737,0.8474783623547196,0.2755447122022277,-2.212126102066506,1.8947022231970212,-0.317423878869485,0.7142092764267737,0.8474783623547196,0.2755447122022277
923391967016,natural_ugr_v2_final::q923391967016::i92339196,2.0,0.1508905947387153,3.2095922835715607,31,0.00848478008607781,55.00466978355678,0.007368617887927906,11.052148697287334,0.40530839368668403,-0.6692371811792948,0.8684512519091271,0.20093109804635695,-2.13261396396399,1.7403995617694954,-0.3922144021944946,-0.6692371811792948,0.8684512519091271,0.20093109804635695
9234682420387,natural_ugr_v2_final::q9234682420387::i92346824,4.0,0.1040824934098338,1.0011149636596912,27,1.6441762524070396e-05,62.52371111466242,9.004176140404505e-06,16.5451631081663,0.0005629745078281873,-0.5707872319990859,0.5476405663457662,0.2646222179266371,-5.045556017885478,1.7960447477986317,-3.249511270086847,-0.5707872319990859,0.5476405663457662,0.2646222179266371
924107533935,natural_ugr_v2_final::q924107533935::i92410753,2.0,0.1308453940762227,2.1158713564115708,25,0.00357368579649507,65.02642281460328,0.002935285795208375,12.239880611268864,0.1908711352009188,0.22292398105713587,0.8213609036606373,0.1882293394204686,-2.5323496071116667,1.8130898635787247,-0.7192597435329418,0.22292398105713587,0.8213609036606373,0.1882293394204686
9233384713386,natural_ugr_v2_final::q9233384713386::i92333847,2.0,0.169327021649791,2.171395530694515,25,0.0029100165134891554,56.64465080677219,0.0023125202144920047,6.421853826808374,0.13099190003350153,-0.32277998043546324,0.7946759765013349,0.11337087854446805,-2.635914462262892,1.7531589038765694,-0.882755558386323,-0.32277998043546324,0.7946759765013349,0.11337087854446805
923520066771,natural_ugr_v2_final::q923520066771::i92352006,1.5,0.431464713065627,8.478388419650218,29,0.006705428191488201,88.08747453726039,0.00537584003982902,25.71875474642843,0.4735441726248237,0.8005023488935551,0.8017146536075136,0.29196835170418667,-2.2695536623599457,1.944914158967321,-0.3246395033926247,0.8005023488935551,0.8017146536075136,0.29196835170418667
9232936712166,natural_ugr_v2_final::q9232936712166::i92329367,2.0,0.1693402663153927,2.2102018490067814,31,0.004726733057217598,57.37841586289771,0.0037485851934467543,15.483825782318677,0.21508788012708874,0.8385559887826379,0.7930604813239374,0.2698545358818611,-2.4261326145702014,1.7587485538176282,-0.6673840607525732,0.8385559887826379,0.7930604813239374,0.2698545358818611
923264522520,natural_ugr_v2_final::q923264522520::i92326452,2.0,0.1452121343256361,2.2587772777522175,24,0.002526493899696981,49.4967473624477,0.002063398968652381,10.892559086945717,0.10213153745932205,-0.2336244655403915,0.8167045124865958,0.22006615924038894,-2.6854167908674706,1.69457666057087,-0.9908401302966005,-0.2336244655403915,0.8167045124865958,0.22006615924038894
923690828193,natural_ugr_v2_final::q923690828193::i92369082,4.0,0.1881800433477123,3.0647208165296473,28,0.00554364214537676,64.2226621560493,0.004129370190684905,11.502884340181678,0.2651991466736175,0.015133733427442038,0.7448839738201143,0.17910942888402506,-2.384116181653019,1.807688303966692,-0.5764278776863271,0.015133733427442038,0.7448839738201143,0.17910942888402506
9235963310380,natural_ugr_v2_final::q9235963310380::i92359633,1.5,0.1983381288758309,7.595984239321419,25,0.008781433286770314,79.12416047075894,0.00731856386499283,27.66867018082288,0.5790752216691905,0.9655434108123974,0.8334133649934604,0.3496867456944215,-2.135574132971705,1.8983091150652087,-0.23726501790649632,0.9655434108123974,0.8334133649934604,0.3496867456944215
9231874520098,natural_ugr_v2_final::q9231874520098::i92318745,4.0,0.1481326289471498,1.1319300388457767,23,0.0018613582695735792,64.27259940291357,0.0012193753912719777,15.477711421457027,0.07837242604499481,-0.4382269994674212,0.6550997791259852,0.24081352808573975,-2.913862573905398,1.8080258646141947,-1.105836709291203,-0.4382269994674212,0.6550997791259852,0.24081352808573975
9240572717958,natural_ugr_v2_final::q9240572717958::i92405727,4.0,0.1575429484893441,3.358878120571969,23,0.008526202749755685,78.23774233553488,0.006892733888074424,35.39654747056404,0.5392719379225762,0.7032376114597065,0.8084177787435248,0.45242291525694045,-2.1616084882505944,1.8934163097579984,-0.268192178492596,0.7032376114597065,0.8084177787435248,0.45242291525694045
92400032554,natural_ugr_v2_final::q92400032554::i92400032,4.0,0.1413612807521683,3.9983535165116524,26,0.01097118571777373,81.51563739923411,0.007767558660115657,24.972033913926506,0.6331774952152687,0.9379622968097272,0.7079962786093322,0.3063465454072636,-2.1097154582959243,1.911240928798443,-0.19847452949748126,0.9379622968097272,0.7079962786093322,0.3063465454072636
915926423329,natural_ugr_v2_final::q915926423329::i91592642,2.0,0.1298787029394963,4.481398457581509,25,0.010095962191867291,57.3383014453515,0.006614243549458876,20.70591130157122,0.37924949047184464,0.6924699904095625,0.6551375117853471,0.3611183236968712,-2.1795198175507307,1.758444823527851,-0.4210749940228796,0.6924699904095625,0.6551375117853471,0.3611183236968712
9236814610615,natural_ugr_v2_final::q9236814610615::i92368146,2.0,0.1688702717344491,4.179834154536094,26,0.010049550322190782,48.1756872312399,0.008723384428575925,7.958462445106472,0.4202550398289422,0.3590178000224555,0.868037290117698,0.16519665629068067,-2.059314988291063,1.6828279186280921,-0.3764870696629707,0.3590178000224555,0.868037290117698,0.16519665629068067
923421347036,natural_ugr_v2_final::q923421347036::i92342134,2.0,0.5217514603347584,7.784089117143976,29,0.005485512116061409,63.717094504869124,0.0036804834395310574,17.59708600276745,0.23450971114020616,0.8151769235472607,0.670946187276611,0.27617527351977295,-2.434095132051744,1.8042559637820754,-0.6298391682696687,0.8151769235472607,0.670946187276611,0.27617527351977295
9240281717234,natural_ugr_v2_final::q9240281717234::i92402817,4.0,0.1169890985717906,3.318265098766873,24,0.010001984292443342,61.34863143007692,0.007311301174778351,16.391823786900407,0.44853832104576546,0.9377057532285908,0.7309850686630407,0.26719135219150325,-2.1360053258138056,1.7878048788968424,-0.34820044691696345,0.9377057532285908,0.7309850686630407,0.26719135219150325
923561196671,natural_ugr_v2_final::q923561196671::i92356119,2.0,0.1057215533678512,2.8708520543368143,29,0.00973263879522629,66.8914771704631,0.007069274710246197,5.31357926267751,0.4728742278921657,-0.2579806836996481,0.7263471766478756,0.07943581884335778,-2.1506251414358957,1.8253707866223516,-0.325254354813544,-0.2579806836996481,0.7263471766478756,0.07943581884335778
924104689245,natural_ugr_v2_final::q924104689245::i92410468,4.0,0.1277538051597829,3.86713528876596,26,0.011552133834078188,58.19923531215893,0.007390630407344355,11.693880953960997,0.43012903818223114,0.1963931040397275,0.6397632258676215,0.20092842957883197,-2.131318515495012,1.7649172784318214,-0.3664012370631903,0.1963931040397275,0.6397632258676215,0.20092842957883197
923831172390,natural_ugr_v2_final::q923831172390::i92383117,2.0,0.1255639039220604,2.040568288774369,31,0.002903795412378076,80.46915339866776,0.002437234470270809,15.06672732044404,0.1961221944567425,0.7883393720250942,0.8393271991138058,0.1872360610754665,-2.613102688194648,1.905629432217708,-0.7074732559769397,0.7883393720250942,0.8393271991138058,0.1872360610754665
90002195913,natural_ugr_v2_final::q90002195913::i90002195,2.0,0.1009703772041044,5.015304596970002,28,0.00047534041210190234,85.50662151329166,0.00039604225871285007,28.644739953449196,0.033864235519028806,0.7400756054243641,0.8331760747242073,0.33500025432529207,-3.402258471279975,1.9319997471882542,-1.4702587240917206,0.7400756054243641,0.8331760747242073,0.33500025432529207
90002647446,natural_ugr_v2_final::q90002647446::i90002647,4.0,0.1827639261917362,1.1062384848341495,25,0.0016701512948208814,54.67735513714606,0.0009065070723172758,10.272996120603334,0.049565409127426234,-0.5682906134637951,0.5427694336006224,0.18788392552704486,-3.042628803309911,1.7378074986330974,-1.304821304676814,-0.5682906134637951,0.5427694336006224,0.18788392552704486
923740101742,natural_ugr_v2_final::q923740101742::i92374010,2.0,0.1622309942356155,5.7884077222439085,37,0.008313065421080316,70.59073179613023,0.006914119935590388,15.755572942772659,0.4880727859795383,0.981519755572907,0.8317172529470929,0.2231960562227289,-2.160263091251043,1.8487476841392576,-0.31151540711178566,0.981519755572907,0.8317172529470929,0.2231960562227289
9231959813742,natural_ugr_v2_final::q9231959813742::i92319598,2.0,0.1189030861003763,5.6817245384810775,30,0.010105306911342411,58.8729638918934,0.008429907979945977,16.404310835167372,0.49629366811534353,0.8245098445348044,0.8342060319300217,0.2786391197373739,-2.0741771660656263,1.7699159004204987,-0.3042612656451275,0.8245098445348044,0.8342060319300217,0.2786391197373739
923803499570,natural_ugr_v2_final::q923803499570::i92380349,4.0,0.2370601170998812,2.1075790958949168,26,0.008021547254487558,60.386215479371174,0.006575383512205156,4.964542826607455,0.397062525627525,-0.33277717758615755,0.819715112757908,0.08221318039550626,-2.182078911678192,1.780937812388109,-0.40114109929008257,-0.33277717758615755,0.819715112757908,0.08221318039550626
9231605815003,natural_ugr_v2_final::q9231605815003::i92316058,4.0,0.1405260919139666,3.0570362711451664,23,0.013908131781541483,53.5605346559389,0.0068799060772370794,12.102770607834653,0.36849144787946125,-0.5558612182235168,0.4946678810138911,0.2259643352251838,-2.1624174906040365,1.728844903608176,-0.4335725869958604,-0.5558612182235168,0.4946678810138911,0.2259643352251838
923626638205,natural_ugr_v2_final::q923626638205::i92362663,4.0,0.1139487269419937,2.3398915064548986,25,0.009745632262595614,55.51118616561556,0.006902072197299132,9.66696168220616,0.3831422146727914,0.07397039612316468,0.7082221051772849,0.17414439052635516,-2.161020502198309,1.744380507455759,-0.4166399947425499,0.07397039612316468,0.7082221051772849,0.17414439052635516
923663089200,natural_ugr_v2_final::q923663089200::i92366308,2.0,0.1319687459223408,3.5304095360249597,25,0.008478926455884129,61.595876910938394,0.007468971955733811,27.30666626836354,0.4600578772366306,0.9350185748339593,0.8808865125313785,0.4433197096592407,-2.1267391712337758,1.7895516424443436,-0.3371875287894321,0.9350185748339593,0.8808865125313785,0.4433197096592407
9232787419342,natural_ugr_v2_final::q9232787419342::i92327874,4.0,0.1545773972492767,1.055340594849898,23,0.0010595128089407196,52.739597249660754,0.000681525518848506,4.214404820181727,0.035943381379436284,-0.5127225436060637,0.643244246881623,0.07990968911331298,-3.166517877925273,1.7221368089439952,-1.444381068981278,-0.5127225436060637,0.643244246881623,0.07990968911331298
9237892211896,natural_ugr_v2_final::q9237892211896::i92378922,2.0,0.1158950052412361,5.019087745550686,24,0.007299211964437635,83.01464080730507,0.006477420265950572,32.521506802915205,0.5377207167358452,0.8698109000333668,0.8874136410216746,0.39175627921350226,-2.1885979242735636,1.9191546931121146,-0.2694432311614492,0.8698109000333668,0.8874136410216746,0.39175627921350226
9235782920194,natural_ugr_v2_final::q9235782920194::i92357829,4.0,0.1043811802516159,3.578558259327883,23,0.012285343748974845,63.77753323600005,0.00764538717488302,13.11417332241822,0.4876039346481904,0.6495783815720377,0.6223177251772863,0.20562371507676555,-2.1166005163134645,1.8046677177493553,-0.3119327985641092,0.6495783815720377,0.6223177251772863,0.20562371507676555
9236151217373,natural_ugr_v2_final::q9236151217373::i92361512,4.0,0.1947961954116054,1.0004640809061327,25,6.090854204161466e-06,59.036279912670835,3.0665484111957003e-06,15.855172220803787,0.00018103761036910538,-0.6750901610402812,0.5034677088643061,0.26856658726223065,-5.513350174772609,1.7711189832272314,-3.742231191545377,-0.6750901610402812,0.5034677088643061,0.26856658726223065
9236342911746,natural_ugr_v2_final::q9236342911746::i92363429,4.0,0.1169675042755904,1.1281691998696277,23,0.0018382892479897495,55.58567307105231,0.00128342255878617,6.16107780567503,0.07133990676470146,-0.7782155713168306,0.6981613803103344,0.11083931281716497,-2.8916303313606697,1.7449628687767682,-1.1466674625839015,-0.7782155713168306,0.6981613803103344,0.11083931281716497
9241074618222,natural_ugr_v2_final::q9241074618222::i92410746,2.0,0.1610101287525031,3.389547314672468,28,0.003790172633595181,61.89005254680034,0.0025844254054803186,4.681503320473216,0.1599502241484627,-0.6690375041947633,0.68187538017994,0.07564225796921295,-2.587635998398901,1.7916208514240426,-0.7960151469748584,-0.6690375041947633,0.68187538017994,0.07564225796921295
9233949617618,natural_ugr_v2_final::q9233949617618::i92339496,4.0,0.1281811569060857,1.2250789876001094,24,0.00302124942661478,68.13577573116069,0.0022639317364067193,10.259610997003382,0.15425474506246542,-0.8710522972408198,0.7493362568688634,0.15057597696523076,-2.64513667242583,1.8333752047599525,-0.8117614676658776,-0.8710522972408198,0.7493362568688634,0.15057597696523076
9236324419598,natural_ugr_v2_final::q9236324419598::i92363244,4.0,0.1315600161093071,1.0020342914792393,23,2.1348418754800966e-05,54.29568666635881,1.0673043953629555e-05,9.960211024112297,0.0005795002502825458,-0.3725285836531132,0.49994540936336723,0.18344387253662944,-4.971711702062576,1.7347653299313106,-3.236946372131265,-0.3725285836531132,0.49994540936336723,0.18344387253662944
923555778865,natural_ugr_v2_final::q923555778865::i92355577,2.0,0.1273671184663981,4.689325598827324,33,0.007721191169817214,63.024993505412695,0.006440178697642943,15.377707359055089,0.4058922205926437,0.27592425416115324,0.8340913410897199,0.24399379521926368,-2.191102081968829,1.7995128095953923,-0.3915892723734367,0.27592425416115324,0.8340913410897199,0.24399379521926368
923207789085,natural_ugr_v2_final::q923207789085::i92320778,2.0,0.1589041374862292,3.0428062548082675,23,0.0031501136683860786,64.68286026057632,0.0027709155547993723,16.589178007107545,0.1792307436249451,0.799547487885775,0.8796239902730292,0.2564694563641385,-2.5573767093832256,1.8107892160568728,-0.7465874933263525,0.799547487885775,0.8796239902730292,0.2564694563641385
9236009420113,natural_ugr_v2_final::q9236009420113::i92360094,2.0,0.1204474257014956,1.9079420821197361,23,0.004046821001496214,58.281199956703624,0.003023616187765595,6.902935647341194,0.17621997963149258,0.6333371793901819,0.7471583711381566,0.11844189296838945,-2.5194733382087096,1.7655284849169304,-0.7539448532917793,0.6333371793901819,0.7471583711381566,0.11844189296838945
915925443948,natural_ugr_v2_final::q915925443948::i91592544,1.5,0.1763434740117046,8.017835931864008,27,0.008239429321570249,80.31990641160257,0.0067133311837510755,42.403520798470964,0.5392141323889795,0.9315683031423989,0.8147810875901373,0.5279328960018009,-2.173061927561427,1.9048231937632418,-0.26823873379818525,0.9315683031423989,0.8147810875901373,0.5279328960018009
9232829519768,natural_ugr_v2_final::q9232829519768::i92328295,4.0,0.1487125156190144,1.0159220567818228,23,0.00017654165429792308,57.936070566162066,0.00010589398576278073,9.224654339187875,0.006135081431684625,-0.3162878739494713,0.5998243654388737,0.1592212631792739,-3.975128704899205,1.7629490364441482,-2.212179668455057,-0.3162878739494713,0.5998243654388737,0.1592212631792739
923156327269,natural_ugr_v2_final::q923156327269::i92315632,4.0,0.1491643653074361,1.005762146068757,25,0.00013000511437175847,57.895473964198395,8.463581012831435e-05,7.8225498352746365,0.004900030341722662,0.05681979701288741,0.6510190813439269,0.13511504958249365,-4.072445844401429,1.7626446136548255,-2.3098012307466034,0.05681979701288741,0.6510190813439269,0.13511504958249365
924128539795,natural_ugr_v2_final::q924128539795::i92412853,4.0,0.1292861414705885,1.9040975546128203,25,0.006347459828567356,55.23811763506066,0.0052205957186431595,12.78846773243122,0.2883758804315049,0.9514459738636426,0.822470068285799,0.23151527025088456,-2.2822799371207454,1.7422388705830052,-0.5400410665377402,0.9514459738636426,0.822470068285799,0.23151527025088456
923341681747,natural_ugr_v2_final::q923341681747::i92334168,4.0,0.1248425764339734,1.0452772058453272,24,0.0007029361779154346,49.28895127173774,0.000443750422117375,4.8727772294188005,0.021871992932556348,-0.48459586304402474,0.6312812401167373,0.09886145076519104,-3.3528612208142365,1.6927495777054913,-1.6601116431087455,-0.48459586304402474,0.6312812401167373,0.09886145076519104
923423865979,natural_ugr_v2_final::q923423865979::i92342386,4.0,0.1040209598423671,2.439917126027285,23,0.01462155363444234,61.4461606145122,0.009109932245596877,13.157777030884162,0.5597703599502696,-0.17474737212890726,0.623048170759203,0.21413505578372283,-2.0404848530459727,1.7884947517298186,-0.25199010131615396,-0.17474737212890726,0.623048170759203,0.21413505578372283
923319936656,natural_ugr_v2_final::q923319936656::i92331993,2.0,0.1622450601176152,5.3038919446123876,26,0.010100149395638162,58.877429082077505,0.008950412818714807,19.517562636563575,0.5269772959891985,0.8295701059170779,0.8861663791408988,0.3314948179777909,-2.0481569333147878,1.7699488380168762,-0.27820809529791163,0.8295701059170779,0.8861663791408988,0.3314948179777909
9240753520354,natural_ugr_v2_final::q9240753520354::i92407535,4.0,0.1547197653857036,1.003379734208673,28,5.360233597696166e-05,57.19547031960698,2.784229757118098e-05,6.2343452299038224,0.0015924533043621472,-0.6939576193892412,0.5194232128828794,0.10900068126140836,-4.555294929215429,1.7573616355570856,-2.797933293658343,-0.6939576193892412,0.5194232128828794,0.10900068126140836
92332820296,natural_ugr_v2_final::q92332820296::i92332820,2.0,0.1520498007718895,2.1624093648855958,28,0.004639648065277187,51.70160963928461,0.003813888807486516,14.394870686692899,0.19718419033230455,-0.5919376255467534,0.8220211433771027,0.27842209917880767,-2.418631972799969,1.7135040643043309,-0.7051279084956379,-0.5919376255467534,0.8220211433771027,0.27842209917880767
90001692912,natural_ugr_v2_final::q90001692912::i90001692,2.0,0.1321007843722042,4.401275921629592,25,0.0083750738421849,62.362829619924355,0.007327007828879649,8.856945219100915,0.4569329408562734,0.6485080971629046,0.8748588928223908,0.14202282470311772,-2.1350733444187653,1.7949258124250647,-0.3401475319937005,0.6485080971629046,0.8748588928223908,0.14202282470311772
9240998510550,natural_ugr_v2_final::q9240998510550::i92409985,4.0,0.4086748567363557,3.5091101410090597,31,0.007078927678546876,61.73935926435069,0.005522149892642348,7.403458762812343,0.3409339961334415,-0.2481763390135761,0.7800828237555755,0.11991473269284834,-2.2578918090940863,1.7905621180291218,-0.46732969106496436,-0.2481763390135761,0.7800828237555755,0.11991473269284834
923444202883,natural_ugr_v2_final::q923444202883::i92344420,2.0,0.1004407090856348,2.093123243748469,28,0.0027863996377251177,54.73653743236051,0.0023899242194816107,9.65935799841014,0.13081617650016014,-0.13468127337720828,0.8577104974908772,0.17647002261234523,-2.621615869588575,1.738277320995524,-0.8833385485930514,-0.13468127337720828,0.8577104974908772,0.17647002261234523
