sample_id,ground_truth,condition,replicate,layer,head,head_name,alpha,baseline_best_numeral,modulated_best_numeral,baseline_correct,modulated_correct,baseline_gt_logp,modulated_gt_logp,delta_gt_logp,baseline_margin,modulated_margin,delta_margin,baseline_entropy,modulated_entropy,delta_entropy,baseline_entropy_norm,modulated_entropy_norm,delta_entropy_norm,baseline_expected_numeral,modulated_expected_numeral,response_expected_numeral_shift,baseline_top1_prob,modulated_top1_prob,baseline_conditional_margin,modulated_conditional_margin,baseline_vocab_numeral_mass,modulated_vocab_numeral_mass,delta_vocab_numeral_mass,response_l1,response_l2,response_tv,response_js,numeral_changed,hook_calls,baseline_numprob_1,modulated_numprob_1,delta_numprob_1,baseline_numprob_2,modulated_numprob_2,delta_numprob_2,baseline_numprob_3,modulated_numprob_3,delta_numprob_3,baseline_numprob_4,modulated_numprob_4,delta_numprob_4,baseline_numprob_5,modulated_numprob_5,delta_numprob_5,baseline_numprob_6,modulated_numprob_6,delta_numprob_6,baseline_numprob_7,modulated_numprob_7,delta_numprob_7,baseline_numprob_8,modulated_numprob_8,delta_numprob_8,baseline_numprob_9,modulated_numprob_9,delta_numprob_9,baseline_numprob_10,modulated_numprob_10,delta_numprob_10
pccv1_n01_dense_r00,1,dense,0,18,13,L18H13,1.0,1,1,True,True,-0.0026291587855666876,-0.0026291587855666876,0.0,13.0,13.0,0.0,6.971660439026476e-05,6.971660439026476e-05,0.0,3.0277536583724002e-05,3.0277536583724002e-05,0.0,1.0000117660258137,1.0000117660258137,0.0,0.9999953151282556,0.9999953151282556,0.9999930548094379,0.9999930548094379,0.9973789687809607,0.9973789687809607,0.0,0.0,0.0,0.0,0.0,False,0,0.9999953151282556,0.9999953151282556,0.0,2.2603188176276825e-06,2.2603188176276825e-06,0.0,7.81145281247848e-07,7.81145281247848e-07,0.0,3.927845143944099e-07,3.927845143944099e-07,0.0,3.6898690369295634e-07,3.6898690369295634e-07,0.0,4.737885627666678e-07,4.737885627666678e-07,0.0,1.975044571754909e-07,1.975044571754909e-07,0.0,4.6911420443326434e-08,4.6911420443326434e-08,0.0,6.412030933629465e-08,6.412030933629465e-08,0.0,9.931147785784623e-08,9.931147785784623e-08,0.0
pccv1_n01_dense_r00,1,dense,0,18,13,L18H13,0.5,1,1,True,True,-0.0026291587855666876,-0.003161315806210041,-0.0005321570206433535,13.0,12.9375,-0.0625,6.971660439026476e-05,7.535679469359128e-05,5.640190303326517e-06,3.0277536583724002e-05,3.272704010934294e-05,2.4495035256189354e-06,1.0000117660258137,1.0000129138836378,1.1478578241241877e-06,0.9999953151282556,0.9999949123849141,0.9999930548094379,0.9999925062890264,0.9973789687809607,0.9968487672231241,-0.0005302015578365626,8.054866828354478e-07,4.4711010132521833e-07,4.027433414177239e-07,4.66839397978171e-09,False,1,0.9999953151282556,0.9999949123849141,-4.027433414544035e-07,2.2603188176276825e-06,2.4060958877084077e-06,1.457770700807252e-07,7.81145281247848e-07,8.851532105750745e-07,1.0400792932722645e-07,3.927845143944099e-07,4.181167707269894e-07,2.53322563325795e-08,3.6898690369295634e-07,3.92784356202321e-07,2.379745250936465e-08,4.737885627666678e-07,5.368725607568555e-07,6.308399799018766e-08,1.975044571754909e-07,2.102423156007662e-07,1.2737858425275317e-08,4.6911420443326434e-08,5.315758209755168e-08,6.246161654225243e-09,6.412030933629465e-08,7.265780007199459e-08,8.537490735699939e-09,9.931147785784623e-08,1.1253460218360652e-07,1.3223124325760294e-08
pccv1_n01_dense_r00,1,dense,0,18,13,L18H13,1.5,1,1,True,True,-0.0026291587855666876,-0.002837443258613348,-0.00020828447304666042,13.0,13.125,0.125,6.971660439026476e-05,6.390874068296296e-05,-5.807863707301799e-06,3.0277536583724002e-05,2.7755213423996667e-05,-2.5223231597273347e-06,1.0000117660258137,1.0000108570671071,-9.089587065247429e-07,0.9999953151282556,0.9999957388583433,0.9999930548094379,0.9999937441331426,0.9973789687809607,0.9971708230876395,-0.00020814569332117117,8.474601755390159e-07,5.04792062512199e-07,4.2373008776950793e-07,5.563541464370969e-09,False,1,0.9999953151282556,0.9999957388583433,4.2373008768414877e-07,2.2603188176276825e-06,1.994725200638791e-06,-2.6559361698889167e-07,7.81145281247848e-07,7.338183921015914e-07,-4.732688914625663e-08,3.927845143944099e-07,3.6898706004454186e-07,-2.3797454349868035e-08,3.6898690369295634e-07,3.46631264214983e-07,-2.235563947797334e-08,4.737885627666678e-07,4.4508335347064216e-07,-2.8705209296025662e-08,1.975044571754909e-07,1.7429714555928205e-07,-2.320731161620884e-08,4.6911420443326434e-08,4.4069219833129936e-08,-2.8422006101964976e-09,6.412030933629465e-08,6.023548170585076e-08,-3.884827630443889e-09,9.931147785784623e-08,9.32945391188437e-08,-6.016938739002531e-09
pccv1_n01_dense_r01,1,dense,1,18,13,L18H13,1.0,1,1,True,True,-0.0014618673594668508,-0.0014618673594668508,0.0,13.625,13.625,0.0,3.2337700641907385e-05,3.2337700641907385e-05,0.0,1.404408494621962e-05,1.404408494621962e-05,0.0,1.000004649673229,1.000004649673229,0.0,0.999997914094416,0.999997914094416,0.9999967042297924,0.9999967042297924,0.9985412922286798,0.9985412922286798,0.0,0.0,0.0,0.0,0.0,False,0,0.999997914094416,0.999997914094416,0.0,1.2098646236355228e-06,1.2098646236355228e-06,0.0,3.059016824184673e-07,3.059016824184673e-07,0.0,1.2751879315601593e-07,1.2751879315601593e-07,0.0,1.2751879315601593e-07,1.2751879315601593e-07,0.0,1.5381702567444354e-07,1.5381702567444354e-07,0.0,7.734405773867719e-08,7.734405773867719e-08,0.0,1.6212195230498727e-08,1.6212195230498727e-08,0.0,2.0816870736264145e-08,2.0816870736264145e-08,0.0,4.691154236509189e-08,4.691154236509189e-08,0.0
pccv1_n01_dense_r01,1,dense,1,18,13,L18H13,0.5,1,1,True,True,-0.0014618673594668508,-0.0016800350276753306,-0.00021816766820847988,13.625,13.5625,-0.0625,3.2337700641907385e-05,3.415422205427301e-05,1.8165214123656265e-06,1.404408494621962e-05,1.4832990171869114e-05,7.88905225649493e-07,1.000004649673229,1.0000049166537446,2.669805154731364e-07,0.999997914094416,0.9999977877895987,0.9999967042297924,0.9999964998955735,0.9985412922286798,0.998323562891084,-0.0002177293375957845,2.526096665053351e-07,1.5044503300245632e-07,1.2630483325266754e-07,9.865959361648706e-10,False,1,0.999997914094416,0.9999977877895987,-1.2630481727171627e-07,1.2098646236355228e-06,1.287894025233176e-06,7.802940159765307e-08,3.059016824184673e-07,3.256306047793042e-07,1.972892236083692e-08,1.2751879315601593e-07,1.3574303157743491e-07,8.22423842141898e-09,1.2751879315601593e-07,1.2751877704974445e-07,-1.6106271485050164e-14,1.5381702567444354e-07,1.6373735083680934e-07,9.9203251623658e-09,7.734405773867719e-08,8.233231049405442e-08,4.988252755377238e-09,1.6212195230498727e-08,1.7257789810013634e-08,1.0455945795149066e-09,2.0816870736264145e-08,2.2159440751912214e-08,1.3425700156480696e-09,4.691154236509189e-08,4.99370705996242e-08,3.025528234532311e-09
pccv1_n01_dense_r01,1,dense,1,18,13,L18H13,1.5,1,1,True,True,-0.0014618673594668508,-0.001257344032637775,0.0002045233268290758,13.625,13.6875,0.0625,3.2337700641907385e-05,3.0274834411264308e-05,-2.0628662306430775e-06,1.404408494621962e-05,1.3148193525346771e-05,-8.958914208728496e-07,1.000004649673229,1.0000042965824085,-3.5309082058176955e-07,0.999997914094416,0.9999980542403332,0.9999967042297924,0.9999969176775422,0.9985412922286798,0.9987454178020476,0.00020412557336779713,2.802918342134775e-07,1.6071363049264334e-07,1.4014591710673876e-07,1.3165139860768977e-09,False,1,0.999997914094416,0.9999980542403332,1.4014591720457048e-07,1.2098646236355228e-06,1.1365627909640643e-06,-7.330183267145856e-08,3.059016824184673e-07,2.873680766740686e-07,-1.8533605744398702e-08,1.2751879315601593e-07,1.197928368334807e-07,-7.725956322535242e-09,1.2751879315601593e-07,1.1253495575285505e-07,-1.4983837403160884e-08,1.5381702567444354e-07,1.4449774345249625e-07,-9.319282221947298e-09,7.734405773867719e-08,6.825590095351119e-08,-9.088156785165997e-09,1.6212195230498727e-08,1.4307214080113419e-08,-1.9049811503853083e-09,2.0816870736264145e-08,1.8370826520858357e-08,-2.4460442154057873e-09,4.691154236509189e-08,4.406932187064265e-08,-2.84222049444924e-09
pccv1_n01_dense_r02,1,dense,2,18,13,L18H13,1.0,1,1,True,True,-0.0024434253573417664,-0.0024434253573417664,0.0,13.625,13.625,0.0,3.8416009811206494e-05,3.8416009811206494e-05,0.0,1.6683861077748163e-05,1.6683861077748163e-05,0.0,1.000006409864967,1.000006409864967,0.0,0.9999975259390227,0.9999975259390227,0.9999963160748687,0.9999963160748687,0.9975620154536298,0.9975620154536298,0.0,0.0,0.0,0.0,0.0,False,0,0.9999975259390227,0.9999975259390227,0.0,1.2098641540190644e-06,1.2098641540190644e-06,0.0,3.927853827707117e-07,3.927853827707117e-07,0.0,1.6373730796199486e-07,1.6373730796199486e-07,0.0,1.97504893822517e-07,1.97504893822517e-07,0.0,2.5360130358832554e-07,2.5360130358832554e-07,0.0,1.1979277354664485e-07,1.1979277354664485e-07,0.0,2.5109929433789566e-08,2.5109929433789566e-08,0.0,3.432120425030024e-08,3.432120425030024e-08,0.0,7.734402771710141e-08,7.734402771710141e-08,0.0
pccv1_n01_dense_r02,1,dense,2,18,13,L18H13,0.5,1,1,True,True,-0.0024434253573417664,-0.0034899539314210415,-0.0010465285740792751,13.625,13.4375,-0.1875,3.8416009811206494e-05,4.473017677855387e-05,6.314166967347379e-06,1.6683861077748163e-05,1.9426068949482917e-05,2.7422078717347537e-06,1.000006409864967,1.0000074620084027,1.0521434357091408e-06,0.9999975259390227,0.9999970849151875,0.9999963160748687,0.9999956255410908,0.9975620154536298,0.996519013450337,-0.00104300200329277,8.820476707294187e-07,5.133374475529694e-07,4.4102383536470936e-07,9.339438948923253e-09,False,1,0.9999975259390227,0.9999970849151875,-4.410238352292595e-07,1.2098641540190644e-06,1.4593740966472825e-06,2.4950994262821804e-07,3.927853827707117e-07,4.450839525806892e-07,5.229856980997749e-08,1.6373730796199486e-07,1.855385953992796e-07,2.1801287437284736e-08,1.97504893822517e-07,2.3823627226921825e-07,4.073137844670124e-08,2.5360130358832554e-07,2.8736779812042375e-07,3.3766494532098214e-08,1.1979277354664485e-07,1.444976033869275e-07,2.4704829840282648e-08,2.5109929433789566e-08,2.8453265145911118e-08,3.3433357121215527e-09,3.432120425030024e-08,3.889100235170929e-08,4.56979810140905e-09,7.734402771710141e-08,8.764222670916759e-08,1.0298198992066171e-08
pccv1_n01_dense_r02,1,dense,2,18,13,L18H13,1.5,1,1,True,True,-0.0024434253573417664,-0.0024590035900473595,-1.557823270559311e-05,13.625,13.6875,0.0625,3.8416009811206494e-05,3.692390245673186e-05,-1.492107354474633e-06,1.6683861077748163e-05,1.6035847087292568e-05,-6.48013990455595e-07,1.000006409864967,1.0000062195093233,-1.9035564369218605e-07,0.9999975259390227,0.9999976313251879,0.9999963160748687,0.9999964947628777,0.9975620154536298,0.9975463534751121,-1.566197851765594e-05,2.1077248538414105e-07,1.3066877336194304e-07,1.0538624269207053e-07,8.231960425502491e-10,False,1,0.9999975259390227,0.9999976313251879,1.0538616523891875e-07,1.2098641540190644e-06,1.1365623102935112e-06,-7.330184372555319e-08,3.927853827707117e-07,3.6898775834329466e-07,-2.379762442741706e-08,1.6373730796199486e-07,1.6373732521768455e-07,1.7255689688760092e-14,1.97504893822517e-07,1.9750491463685189e-07,2.081433487459242e-14,2.5360130358832554e-07,2.536013303144605e-07,2.6726134970216347e-14,1.1979277354664485e-07,1.197927861711771e-07,1.2624532258617097e-14,2.5109929433789566e-08,2.3588598202344297e-08,-1.5213312314452682e-09,3.432120425030024e-08,3.22417910020682e-08,-2.0794132482320422e-09,7.734402771710141e-08,7.265799762521849e-08,-4.686030091882927e-09
pccv1_n01_dense_r03,1,dense,3,18,13,L18H13,1.0,1,1,True,True,-0.0019714459776878357,-0.0019714459776878357,0.0,13.5625,13.5625,0.0,3.669368046259966e-05,3.669368046259966e-05,0.0,1.5935862945628193e-05,1.5935862945628193e-05,0.0,1.0000057233339352,1.0000057233339352,0.0,0.9999976282995325,0.9999976282995325,0.9999963404057127,0.9999963404057127,0.9980328507578093,0.9980328507578093,0.0,0.0,0.0,0.0,0.0,False,0,0.9999976282995325,0.9999976282995325,0.0,1.2878938198264184e-06,1.2878938198264184e-06,0.0,3.4663191915716193e-07,3.4663191915716193e-07,0.0,1.5381698171423294e-07,1.5381698171423294e-07,0.0,1.6373732472227065e-07,1.6373732472227065e-07,0.0,1.8553869621834163e-07,1.8553869621834163e-07,0.0,1.1253490781953263e-07,1.1253490781953263e-07,0.0,2.2159437217693725e-08,2.2159437217693725e-08,0.0,2.6729383482127266e-08,2.6729383482127266e-08,0.0,7.26579974053799e-08,7.26579974053799e-08,0.0
pccv1_n01_dense_r03,1,dense,3,18,13,L18H13,0.5,1,1,True,True,-0.0019714459776878357,-0.0021773697808384895,-0.00020592380315065384,13.5625,13.4375,-0.125,3.669368046259966e-05,4.0151781707750216e-05,3.458101245150555e-06,1.5935862945628193e-05,1.7437697234259842e-05,1.5018342886316499e-06,1.0000057233339352,1.0000062062047648,4.828708295434581e-07,0.9999976282995325,0.9999973835631667,0.9999963404057127,0.9999959241886343,0.9980328507578093,0.9978276372650807,-0.00020521349272861755,4.89472731452702e-07,3.0041708892082403e-07,2.44736365726351e-07,3.3006569631452965e-09,False,1,0.9999976282995325,0.9999973835631667,-2.4473636583977054e-07,1.2878938198264184e-06,1.4593745324876778e-06,1.7148071266125944e-07,3.4663191915716193e-07,3.689876669219253e-07,2.2355747764763364e-08,1.5381698171423294e-07,1.637372846496978e-07,9.920302935464864e-09,1.6373732472227065e-07,1.7429743222785959e-07,1.0560107505588938e-08,1.8553869621834163e-07,1.975048657025191e-07,1.1966169484177473e-08,1.1253490781953263e-07,1.19792756491004e-07,7.2578486714713556e-09,2.2159437217693725e-08,2.5109925858733024e-08,2.950488641039299e-09,2.6729383482127266e-08,3.028835213152187e-08,3.558968649394603e-09,7.26579974053799e-08,7.734401670515203e-08,4.686019299772129e-09
pccv1_n01_dense_r03,1,dense,3,18,13,L18H13,1.5,1,1,True,True,-0.0019714459776878357,-0.0017838055500760674,0.00018764042761176825,13.5625,13.5,-0.0625,3.669368046259966e-05,3.8113017060171925e-05,1.4193365975722646e-06,1.5935862945628193e-05,1.6552272997917163e-05,6.164100522889706e-07,1.0000057233339352,1.0000057863745482,6.304061295203667e-08,0.9999976282995325,0.9999975248629341,0.9999963404057127,0.9999961539072411,0.9980328507578093,0.9982202322485243,0.00018738149071495513,2.5179626308238207e-07,1.3601598146518406e-07,1.2589813154119103e-07,1.158871173737809e-09,False,1,0.9999976282995325,0.9999975248629341,-1.0343659839762154e-07,1.2878938198264184e-06,1.3709556930724338e-06,8.30618732460154e-08,3.4663191915716193e-07,3.6898771905993325e-07,2.235579990277132e-08,1.5381698171423294e-07,1.637373077857986e-07,9.920326071565645e-09,1.6373732472227065e-07,1.7429745685611068e-07,1.0560132133840032e-08,1.8553869621834163e-07,1.7429745685611068e-07,-1.1241239362230948e-08,1.1253490781953263e-07,1.0571675149317108e-07,-6.818156326361555e-09,2.2159437217693725e-08,2.215943492559148e-08,-2.292102244026279e-15,2.6729383482127266e-08,2.6729380717324204e-08,-2.7648030621642893e-15,7.26579974053799e-08,6.825586482030956e-08,-4.402132585070344e-09
pccv1_n01_dense_r04,1,dense,4,18,13,L18H13,1.0,1,1,True,True,-0.0024556738790124655,-0.0024556738790124655,0.0,13.3125,13.3125,0.0,4.116766102088035e-05,4.116766102088035e-05,0.0,1.7878888014231925e-05,1.7878888014231925e-05,0.0,1.0000058374119014,1.0000058374119014,0.0,0.9999972882997766,0.9999972882997766,0.9999956346119402,0.9999956346119402,0.9975500335289471,0.9975500335289471,0.0,0.0,0.0,0.0,0.0,False,0,0.9999972882997766,0.9999972882997766,0.0,1.6536878363971984e-06,1.6536878363971984e-06,0.0,3.689876317708173e-07,3.689876317708173e-07,0.0,1.5381692941637266e-07,1.5381692941637266e-07,0.0,1.5381692941637266e-07,1.5381692941637266e-07,0.0,1.7429741562365187e-07,1.7429741562365187e-07,0.0,9.931167381734409e-08,9.931167381734409e-08,0.0,2.0816857709150857e-08,2.0816857709150857e-08,0.0,2.6729374394121854e-08,2.6729374394121854e-08,0.0,6.023557503759957e-08,6.023557503759957e-08,0.0
pccv1_n01_dense_r04,1,dense,4,18,13,L18H13,0.5,1,1,True,True,-0.0024556738790124655,-0.002667442662641406,-0.00021176878362894058,13.3125,13.25,-0.0625,4.116766102088035e-05,4.403691570485008e-05,2.8692546839697306e-06,1.7878888014231925e-05,1.9124989490655036e-05,1.2461014764231112e-06,1.0000058374119014,1.0000063665306214,5.291187199496505e-07,0.9999972882997766,0.9999970886558708,0.9999956346119402,0.9999953283146836,0.9975500335289471,0.997338993208162,-0.00021104032078511636,3.9928781124021936e-07,2.2975640317344653e-07,1.9964390562010968e-07,1.934113755134798e-09,False,1,0.9999972882997766,0.9999970886558708,-1.9964390585158753e-07,1.6536878363971984e-06,1.760341187182268e-06,1.0665335078506968e-07,3.689876317708173e-07,3.9278521101185656e-07,2.379757924103926e-08,1.5381692941637266e-07,1.6373723636225163e-07,9.920306945878963e-09,1.5381692941637266e-07,1.6373723636225163e-07,9.920306945878963e-09,1.7429741562365187e-07,1.9750480745674085e-07,2.3207391833088978e-08,9.931167381734409e-08,1.1253484709063886e-07,1.3223173273294774e-08,2.0816857709150857e-08,2.215942525946552e-08,1.342567550314664e-09,2.6729374394121854e-08,3.028834319924247e-08,3.5589688051206175e-09,6.023557503759957e-08,6.825583504654552e-08,8.020260008945944e-09
pccv1_n01_dense_r04,1,dense,4,18,13,L18H13,1.5,1,1,True,True,-0.0024556738790124655,-0.0020016650669276714,0.00045400881208479404,13.3125,13.375,0.0625,4.116766102088035e-05,3.8811589929629796e-05,-2.356071091250551e-06,1.7878888014231925e-05,1.6855659340330035e-05,-1.0232286739018901e-06,1.0000058374119014,1.0000054754481897,-3.6196371167029895e-07,0.9999972882997766,0.9999974537777816,0.9999956346119402,0.9999959002815692,0.9975500335289471,0.9980028649096564,0.0004528313807092843,3.309560103442325e-07,1.9561302223195224e-07,1.6547800517211626e-07,1.3116746060990437e-09,False,1,0.9999972882997766,0.9999974537777816,1.6547800496535814e-07,1.6536878363971984e-06,1.5534962123973909e-06,-1.0019162399980753e-07,3.689876317708173e-07,3.4663185866220897e-07,-2.2355773108608327e-08,1.5381692941637266e-07,1.444976566868437e-07,-9.319272729528976e-09,1.5381692941637266e-07,1.444976566868437e-07,-9.319272729528976e-09,1.7429741562365187e-07,1.6373729614647828e-07,-1.0560119477173594e-08,9.931167381734409e-08,9.329469911214407e-08,-6.016974705200012e-09,2.0816857709150857e-08,1.8370815489843524e-08,-2.446042219307333e-09,2.6729374394121854e-08,2.5109927621821413e-08,-1.6194467723004407e-09,6.023557503759957e-08,5.658609540018038e-08,-3.6494796374191917e-09
pccv1_n01_dense_r05,1,dense,5,18,13,L18H13,1.0,1,1,True,True,-0.0032500799279659986,-0.0032500799279659986,0.0,12.9375,12.9375,0.0,6.273154813309067e-05,6.273154813309067e-05,0.0,2.724396519544951e-05,2.724396519544951e-05,0.0,1.0000093841991853,1.0000093841991853,0.0,0.9999957643191623,0.9999957643191623,0.9999933582212247,0.9999933582212247,0.9967594046977446,0.9967594046977446,0.0,0.0,0.0,0.0,0.0,False,0,0.9999957643191623,0.9999957643191623,0.0,2.4060979375543278e-06,2.4060979375543278e-06,0.0,6.475924745775672e-07,6.475924745775672e-07,0.0,3.0590102479722864e-07,3.0590102479722864e-07,0.0,2.6995670688100774e-07,2.6995670688100774e-07,0.0,3.0590102479722864e-07,3.0590102479722864e-07,0.0,1.4449741256341054e-07,1.4449741256341054e-07,0.0,3.432114378923561e-08,3.432114378923561e-08,0.0,4.406922095517315e-08,4.406922095517315e-08,0.0,7.734389146598902e-08,7.734389146598902e-08,0.0
pccv1_n01_dense_r05,1,dense,5,18,13,L18H13,0.5,1,1,True,True,-0.0032500799279659986,-0.0032133632339537144,3.671669401228428e-05,12.9375,12.9375,0.0,6.273154813309067e-05,6.334864501386986e-05,6.170968807791942e-07,2.724396519544951e-05,2.7511966965571627e-05,2.68001770122116e-07,1.0000093841991853,1.0000096093780375,2.2517885223116707e-07,0.9999957643191623,0.9999957251890554,0.9999933582212247,0.999993319091212,0.9967594046977446,0.9967960411094872,3.663641174256327e-05,7.82605007843561e-08,4.4440866621293873e-08,3.913025039217805e-08,3.4131630173343026e-10,False,1,0.9999957643191623,0.9999957251890554,-3.9130106821438915e-08,2.4060979375543278e-06,2.4060978434030594e-06,-9.415126835514453e-14,6.475924745775672e-07,6.475924492370971e-07,-2.5340470066033893e-14,3.0590102479722864e-07,3.0590101282723813e-07,-1.1969990513241652e-14,2.6995670688100774e-07,2.873674073777801e-07,1.7410700496772376e-08,3.0590102479722864e-07,3.0590101282723813e-07,-1.1969990513241652e-14,1.4449741256341054e-07,1.538166889828292e-07,9.319276419418661e-09,3.432114378923561e-08,3.889094947044294e-08,4.56980568120733e-09,4.406922095517315e-08,4.6911439679951146e-08,2.8422187247779985e-09,7.734389146598902e-08,8.233214067501039e-08,4.9882492090213755e-09
pccv1_n01_dense_r05,1,dense,5,18,13,L18H13,1.5,1,1,True,True,-0.0032500799279659986,-0.002668274799361825,0.0005818051286041737,12.9375,13.0,0.0625,6.273154813309067e-05,5.736374005499882e-05,-5.367808078091845e-06,2.724396519544951e-05,2.4912755767218527e-05,-2.3312094282309847e-06,1.0000093841991853,1.0000082736583689,-1.1105408164180375e-06,0.9999957643191623,0.9999961400753351,0.9999933582212247,0.9999938797546528,0.9967594046977446,0.997339104799952,0.0005797001022074255,7.515123452011425e-07,4.1616747996601695e-07,3.7575617260057125e-07,5.392272077690455e-09,False,1,0.9999957643191623,0.9999961400753351,3.7575617284346663e-07,2.4060979375543278e-06,2.2603206822798254e-06,-1.4577725527450233e-07,6.475924745775672e-07,5.714985676967399e-07,-7.609390688082726e-08,3.0590102479722864e-07,2.873675266030843e-07,-1.8533498194144324e-08,2.6995670688100774e-07,2.3823604717343775e-07,-3.172065970756998e-08,3.0590102479722864e-07,2.536009521306182e-07,-5.230007266661044e-08,1.4449741256341054e-07,1.1979260752977922e-07,-2.4704805033631327e-08,3.432114378923561e-08,2.8453238262053908e-08,-5.867905527181702e-09,4.406922095517315e-08,3.653468111554936e-08,-7.534539839623788e-09,7.734389146598902e-08,6.412036223240438e-08,-1.3223529233584633e-08
pccv1_n01_distractors_r00,1,distractors,0,18,13,L18H13,1.0,1,1,True,True,-0.04321913421154022,-0.04321913421154022,0.0,11.875,11.875,0.0,0.00020052157885781072,0.00020052157885781072,0.0,8.708541520047495e-05,8.708541520047495e-05,0.0,1.0000636671688148,1.0000636671688148,0.0,0.9999854201764364,0.9999854201764364,0.9999784579732222,0.9999784579732222,0.9577154675530792,0.9577154675530792,0.0,0.0,0.0,0.0,0.0,False,0,0.9999854201764364,0.9999854201764364,0.0,1.4593570733800808e-06,1.4593570733800808e-06,0.0,1.4593570733800808e-06,1.4593570733800808e-06,0.0,8.315165955615553e-07,8.315165955615553e-07,0.0,1.0676884430986983e-06,1.0676884430986983e-06,0.0,6.962203214313482e-06,6.962203214313482e-06,0.0,2.260296451777105e-06,2.260296451777105e-06,0.0,2.699539143984739e-07,2.699539143984739e-07,0.0,1.6373532579211415e-07,1.6373532579211415e-07,0.0,1.0571547182186934e-07,1.0571547182186934e-07,0.0
pccv1_n01_distractors_r00,1,distractors,0,18,13,L18H13,0.5,1,1,True,True,-0.04321913421154022,-0.043429408222436905,-0.00021027401089668274,11.875,11.8125,-0.0625,0.00020052157885781072,0.00020671444353392003,6.192864676109303e-06,8.708541520047495e-05,8.977494215648279e-05,2.689526956007842e-06,1.0000636671688148,1.0000664433956503,2.7762268355324693e-06,0.9999854201764364,0.9999849128617414,0.9999784579732222,0.9999775016387578,0.9577154675530792,0.9575146058956463,-0.00020086165743293805,1.191470671921274e-06,6.890369923011611e-07,5.95735335960637e-07,5.3440835276110174e-09,False,1,0.9999854201764364,0.9999849128617414,-5.073146950307361e-07,1.4593570733800808e-06,1.3709384025348012e-06,-8.841867084527963e-08,1.4593570733800808e-06,1.4593563330159978e-06,-7.403640830678219e-13,8.315165955615553e-07,8.851443594200027e-07,5.362776385844748e-08,1.0676884430986983e-06,1.1365478549330729e-06,6.88594118343746e-08,6.962203214313482e-06,7.4112229836177576e-06,4.490197693042757e-07,2.260296451777105e-06,2.2602953050787813e-06,-1.146698323741571e-12,2.699539143984739e-07,2.873643002540298e-07,1.7410385855555914e-08,1.6373532579211415e-07,1.6373524272556618e-07,-8.30665479739786e-14,1.0571547182186934e-07,1.1253347688551917e-07,6.818005063649834e-09
pccv1_n01_distractors_r00,1,distractors,0,18,13,L18H13,1.5,1,1,True,True,-0.04321913421154022,-0.038218241184949875,0.005000893026590347,11.875,11.9375,0.0625,0.00020052157885781072,0.0001863140351528575,-1.4207543704953233e-05,8.708541520047495e-05,8.091515736801449e-05,-6.170257832460464e-06,1.0000636671688148,1.0000594186720289,-4.2484967859302e-06,0.9999854201764364,0.9999865169572367,0.9999784579732222,0.9999799765654178,0.9577154675530792,0.9625158148229929,0.00480034726991363,2.193561600408755e-06,1.213487869839045e-06,1.0967808002043775e-06,1.2005943860382273e-08,False,1,0.9999854201764364,0.9999865169572367,1.0967808002915191e-06,1.4593570733800808e-06,1.287879509563406e-06,-1.7147756381667486e-07,1.4593570733800808e-06,1.287879509563406e-06,-1.7147756381667486e-07,8.315165955615553e-07,7.338116248721132e-07,-9.770497068944211e-08,1.0676884430986983e-06,1.0030015705495973e-06,-6.468687254910098e-08,6.962203214313482e-06,6.540391818960948e-06,-4.2181139535253413e-07,2.260296451777105e-06,2.1233543415160363e-06,-1.3694211026106867e-07,2.699539143984739e-07,2.535985116892861e-07,-1.635540270918783e-08,1.6373532579211415e-07,1.5381527259704468e-07,-9.92005319506947e-09,1.0571547182186934e-07,9.931060409438643e-08,-6.404867727482906e-09
pccv1_n01_distractors_r01,1,distractors,1,18,13,L18H13,1.0,1,1,True,True,-0.029984712600708008,-0.029984712600708008,0.0,12.125,12.125,0.0,0.000174229423155994,0.000174229423155994,0.0,7.566687706183484e-05,7.566687706183484e-05,0.0,1.00005484454286,1.00005484454286,0.0,0.9999875570916468,0.9999875570916468,0.9999821349107447,0.9999821349107447,0.9704724307814558,0.9704724307814558,0.0,0.0,0.0,0.0,0.0,False,0,0.9999875570916468,0.9999875570916468,0.0,1.2878808491492615e-06,1.2878808491492615e-06,0.0,1.3709420276658163e-06,1.3709420276658163e-06,0.0,6.893529430778838e-07,6.893529430778838e-07,0.0,8.31518372467923e-07,8.31518372467923e-07,0.0,5.422180902094608e-06,5.422180902094608e-06,0.0,2.1233565501197307e-06,2.1233565501197307e-06,0.0,3.2562727334357297e-07,3.2562727334357297e-07,0.0,2.3823400238943816e-07,2.3823400238943816e-07,0.0,1.5381543258775967e-07,1.5381543258775967e-07,0.0
pccv1_n01_distractors_r01,1,distractors,1,18,13,L18H13,0.5,1,1,True,True,-0.029984712600708008,-0.03011508472263813,-0.00013037212193012238,12.125,12.0625,-0.0625,0.000174229423155994,0.00017501771373271794,7.882905767239441e-07,7.566687706183484e-05,7.600922730944237e-05,3.423502476075326e-07,1.00005484454286,1.0000558861466213,1.0416037612426265e-06,0.9999875570916468,0.9999874537298717,0.9999821349107447,0.9999816818489428,0.9704724307814558,0.9703460484490165,-0.00012638233243933428,6.994000538221322e-07,3.8521455014613106e-07,3.497000269110661e-07,4.655788969622241e-09,False,1,0.9999875570916468,0.9999874537298717,-1.0336177502789923e-07,1.2878808491492615e-06,1.2098519679841119e-06,-7.80288811651496e-08,1.3709420276658163e-06,1.2878807160299546e-06,-8.306131163586175e-08,6.893529430778838e-07,6.475870926796873e-07,-4.1765850398196505e-08,8.31518372467923e-07,8.315182865196386e-07,-8.59482843977325e-14,5.422180902094608e-06,5.771880928930608e-06,3.497000268359996e-07,2.1233565501197307e-06,2.1233563306430975e-06,-2.1947663311598382e-13,3.2562727334357297e-07,3.0589848256867993e-07,-1.972879077489304e-08,2.3823400238943816e-07,2.238001107183081e-07,-1.4433891671130075e-08,1.5381543258775967e-07,1.444962116996747e-07,-9.319220888084964e-09
pccv1_n01_distractors_r01,1,distractors,1,18,13,L18H13,1.5,1,1,True,True,-0.029984712600708008,-0.027406757697463036,0.0025779549032449722,12.125,12.25,0.125,0.000174229423155994,0.00016137371802556606,-1.2855705130427936e-05,7.566687706183484e-05,7.008371526271466e-05,-5.583161799120181e-06,1.00005484454286,1.0000501878523662,-4.65669049387607e-06,0.9999875570916468,0.9999885684825197,0.9999821349107447,0.9999837834198287,0.9704724307814558,0.9729765418908727,0.00250411110941684,2.022783451036601e-06,1.208926621665355e-06,1.0113917255183004e-06,1.2872032251167243e-08,False,1,0.9999875570916468,0.9999885684825197,1.011390872940332e-06,1.2878808491492615e-06,1.209853316686718e-06,-7.802753246254337e-08,1.3709420276658163e-06,1.2878821517164056e-06,-8.305987594941078e-08,6.893529430778838e-07,6.893536402918341e-07,6.972139502394662e-13,8.31518372467923e-07,7.811400111126773e-07,-5.037836135524566e-08,5.422180902094608e-06,4.7850626909758956e-06,-6.371182111187128e-07,2.1233565501197307e-06,1.9947108976484903e-06,-1.2864565247124036e-07,3.2562727334357297e-07,3.058988235741017e-07,-1.972844976947127e-08,2.3823400238943816e-07,2.2380036020320422e-07,-1.4433642186233938e-08,1.5381543258775967e-07,1.5381558815722006e-07,1.5556946038918412e-13
pccv1_n01_distractors_r02,1,distractors,2,18,13,L18H13,1.0,1,1,True,True,-0.01862267591059208,-0.01862267591059208,0.0,12.5625,12.5625,0.0,0.00013577285154474814,0.00013577285154474814,0.0,5.8965400218153515e-05,5.8965400218153515e-05,0.0,1.0000366233822608,1.0000366233822608,0.0,0.9999905364624811,0.9999905364624811,0.9999870356289413,0.9999870356289413,0.981558969253129,0.981558969253129,0.0,0.0,0.0,0.0,0.0,False,0,0.9999905364624811,0.9999905364624811,0.0,1.5534854663469098e-06,1.5534854663469098e-06,0.0,1.3709461122613334e-06,1.3709461122613334e-06,0.0,7.811415483981398e-07,7.811415483981398e-07,0.0,8.851493371935775e-07,8.851493371935775e-07,0.0,3.5008335398428954e-06,3.5008335398428954e-06,0.0,1.0030056021740288e-06,1.0030056021740288e-06,0.0,1.357420472581315e-07,1.357420472581315e-07,0.0,1.2751785236733284e-07,1.2751785236733284e-07,0.0,1.0571601270034844e-07,1.0571601270034844e-07,0.0
pccv1_n01_distractors_r02,1,distractors,2,18,13,L18H13,0.5,1,1,True,True,-0.01862267591059208,-0.021138962358236313,-0.0025162864476442337,12.5625,12.375,-0.1875,0.00013577285154474814,0.00015931555002455885,2.3542698479810705e-05,5.8965400218153515e-05,6.918986425704738e-05,1.022446403889386e-05,1.0000366233822608,1.0000432640632744,6.640681013525551e-06,0.9999905364624811,0.9999887497700569,0.9999870356289413,0.9999845269662879,0.981558969253129,0.9790938974361083,-0.002465071817020714,3.5733848489116633e-06,1.988610735347759e-06,1.7866924244558317e-06,3.947373456192365e-08,False,1,0.9999905364624811,0.9999887497700569,-1.7866924242326832e-06,1.5534854663469098e-06,1.8738578134982757e-06,3.2037234715136595e-07,1.3709461122613334e-06,1.6536737162961707e-06,2.8272760403483723e-07,7.811415483981398e-07,9.422348812545151e-07,1.610933328563754e-07,8.851493371935775e-07,1.0030038100945585e-06,1.178544729009811e-07,3.5008335398428954e-06,4.222803769009644e-06,7.21970229166749e-07,1.0030056021740288e-06,1.136552215828782e-06,1.3354661365475316e-07,1.357420472581315e-07,1.5381561604238798e-07,1.8073568784256478e-08,1.2751785236733284e-07,1.4449639897492128e-07,1.6978546607588436e-08,1.0571601270034844e-07,1.197917222224223e-07,1.4075709522073855e-08
pccv1_n01_distractors_r02,1,distractors,2,18,13,L18H13,1.5,1,1,True,True,-0.01862267591059208,-0.016649113968014717,0.001973561942577362,12.5625,12.75,0.1875,0.00013577285154474814,0.0001235162593116704,-1.225659223307775e-05,5.8965400218153515e-05,5.3642429844389594e-05,-5.322970373763921e-06,1.0000366233822608,1.0000322527943466,-4.370587914248603e-06,0.9999905364624811,0.9999914674992239,0.9999870356289413,0.9999885652035793,0.981558969253129,0.9834971302271143,0.001938160973985248,1.8620763778850174e-06,1.1176967300541666e-06,9.310381889425087e-07,1.765797923970128e-08,False,1,0.9999905364624811,0.9999914674992239,9.310367427017852e-07,1.5534854663469098e-06,1.5534869127126459e-06,1.4463657360725302e-12,1.3709461122613334e-06,1.2878858853509574e-06,-8.3060226910376e-08,7.811415483981398e-07,7.338152576863541e-07,-4.732629071178564e-08,8.851493371935775e-07,7.811422756765052e-07,-1.0400706151707229e-07,3.5008335398428954e-06,2.902295644599265e-06,-5.985378952436306e-07,1.0030056021740288e-06,9.422374420225433e-07,-6.076816015148552e-08,1.357420472581315e-07,1.197920477875424e-07,-1.594999947058909e-08,1.2751785236733284e-07,1.1253421451279348e-07,-1.4983637854539357e-08,1.0571601270034844e-07,9.931109574233067e-08,-6.404916958017765e-09
pccv1_n01_distractors_r03,1,distractors,3,18,13,L18H13,1.0,1,1,True,True,-0.029572894796729088,-0.029572894796729088,0.0,10.625,10.625,0.0,0.0004911092966609592,0.0004911092966609592,0.0,0.0002132860575512417,0.0002132860575512417,0.0,1.0001852238021174,1.0001852238021174,0.0,0.9999606665057645,0.9999606665057645,0.9999363666303418,0.9999363666303418,0.970898312456228,0.970898312456228,0.0,0.0,0.0,0.0,0.0,False,0,0.9999606665057645,0.9999606665057645,0.0,2.2602405003273544e-06,2.2602405003273544e-06,0.0,2.2602405003273544e-06,2.2602405003273544e-06,0.0,1.4593209484089978e-06,1.4593209484089978e-06,0.0,2.1232994511075832e-06,2.1232994511075832e-06,0.0,2.429987542272321e-05,2.429987542272321e-05,0.0,5.422035094659123e-06,5.422035094659123e-06,0.0,7.811182155130879e-07,7.811182155130879e-07,0.0,4.737721465687082e-07,4.737721465687082e-07,0.0,2.535919559648751e-07,2.535919559648751e-07,0.0
pccv1_n01_distractors_r03,1,distractors,3,18,13,L18H13,0.5,1,1,True,True,-0.029572894796729088,-0.03302141651511192,-0.0034485217183828354,10.625,10.375,-0.25,0.0004911092966609592,0.0005653279154588262,7.421861879786692e-05,0.0002132860575512417,0.00024551879414963626,3.223273659839457e-05,1.0001852238021174,1.0002216973129698,3.647351085245276e-05,0.9999606665057645,0.9999536026882259,0.9999363666303418,0.9999224012509722,0.970898312456228,0.9675627450938009,-0.0033355673624271276,1.4635875141455718e-05,9.883396899412086e-06,7.317937570727859e-06,2.2035110733593076e-07,False,1,0.9999606665057645,0.9999536026882259,-7.063817538677242e-06,2.2602405003273544e-06,2.12328445191771e-06,-1.3695604840964455e-07,2.2602405003273544e-06,2.2602245337728463e-06,-1.5966554508107904e-11,1.4593209484089978e-06,1.3708954775679236e-06,-8.842547084107421e-08,2.1232994511075832e-06,2.12328445191771e-06,-1.4999189873327588e-11,2.429987542272321e-05,3.1201437253636166e-05,6.901561830912957e-06,5.422035094659123e-06,5.771685542297534e-06,3.49650447638411e-07,7.811182155130879e-07,8.314901384063384e-07,5.0371922893250537e-08,4.737721465687082e-07,4.4506459928282964e-07,-2.8707547285878536e-08,2.535919559648751e-07,2.699453250177535e-07,1.6353369052878364e-08
pccv1_n01_distractors_r03,1,distractors,3,18,13,L18H13,1.5,1,1,True,True,-0.029572894796729088,-0.026745880022644997,0.002827014774084091,10.625,10.8125,0.1875,0.0004911092966609592,0.00041290895785807516,-7.820033880288408e-05,0.0002132860575512417,0.0001793240819261844,-3.39619756250573e-05,1.0001852238021174,1.0001533665860678,-3.185721604959113e-05,0.9999606665057645,0.999967414964839,0.9999363666303418,0.9999472695245902,0.970898312456228,0.9736403391194131,0.0027420266631850154,1.3496918149154007e-05,8.011472229677738e-06,6.748459074577003e-06,1.5874955638345207e-07,False,1,0.9999606665057645,0.999967414964839,6.748459074445989e-06,2.2602405003273544e-06,1.8738178346570475e-06,-3.864226656703069e-07,2.2602405003273544e-06,1.8738178346570475e-06,-3.864226656703069e-07,1.4593209484089978e-06,1.2098277237406263e-06,-2.4949322466837156e-07,2.1232994511075832e-06,1.7602889512096923e-06,-3.6301049989789095e-07,2.429987542272321e-05,2.0145440248702963e-05,-4.154435174020247e-06,5.422035094659123e-06,4.495055308953716e-06,-9.269797857054069e-07,7.811182155130879e-07,6.475741156712859e-07,-1.3354409984180205e-07,4.737721465687082e-07,3.689766088498147e-07,-1.0479553771889348e-07,2.535919559648751e-07,2.102365344500843e-07,-4.335542151479081e-08
pccv1_n01_distractors_r04,1,distractors,4,18,13,L18H13,1.0,1,1,True,True,-0.026936670765280724,-0.026936670765280724,0.0,12.6875,12.6875,0.0,0.0001531421627448986,0.0001531421627448986,0.0,6.65087962268392e-05,6.65087962268392e-05,0.0,1.0000382367035339,1.0000382367035339,0.0,0.9999892366349654,0.9999892366349654,0.9999861471642258,0.9999861471642258,0.9734333623599696,0.9734333623599696,0.0,0.0,0.0,0.0,0.0,False,0,0.9999892366349654,0.9999892366349654,0.0,2.9022891699163983e-06,2.9022891699163983e-06,0.0,1.5534834470646458e-06,1.5534834470646458e-06,0.0,6.475882472804994e-07,6.475882472804994e-07,0.0,7.338136206301553e-07,7.338136206301553e-07,0.0,3.0894707395533197e-06,3.0894707395533197e-06,0.0,1.37094433025099e-06,1.37094433025099e-06,0.0,1.8553713923614604e-07,1.8553713923614604e-07,0.0,1.4449646932593881e-07,1.4449646932593881e-07,0.0,1.3574187081521366e-07,1.3574187081521366e-07,0.0
pccv1_n01_distractors_r04,1,distractors,4,18,13,L18H13,0.5,1,1,True,True,-0.026936670765280724,-0.030176272615790367,-0.0032396018505096436,12.6875,12.5625,-0.125,0.0001531421627448986,0.00016157737026654536,8.435207521646754e-06,6.65087962268392e-05,7.01721603071992e-05,3.663364080359999e-06,1.0000382367035339,1.0000417871477085,3.5504441746603277e-06,0.9999892366349654,0.9999885907099804,0.9999861471642258,0.9999850898832523,0.9734333623599696,0.9702855782691842,-0.0031477840907854215,1.3703274648358681e-06,7.902611387829757e-07,6.851637324179341e-07,1.0635882003035649e-08,False,1,0.9999892366349654,0.9999885907099804,-6.459249850543358e-07,2.9022891699163983e-06,2.902287295235132e-06,-1.8746812662917957e-12,1.5534834470646458e-06,1.553482443620073e-06,-1.00344457279827e-12,6.475882472804994e-07,6.083524658652437e-07,-3.923578141525565e-08,7.338136206301553e-07,7.811400284756346e-07,4.732640784547931e-08,3.0894707395533197e-06,3.5008267280228165e-06,4.113559884694968e-07,1.37094433025099e-06,1.553482443620073e-06,1.82538113369083e-07,1.8553713923614604e-07,2.1024098651042778e-07,2.4703847274281744e-08,1.4449646932593881e-07,1.637358449280258e-07,1.9239375602086995e-08,1.3574187081521366e-07,1.3574178313520404e-07,-8.768000961530404e-14
pccv1_n01_distractors_r04,1,distractors,4,18,13,L18H13,1.5,1,1,True,True,-0.026936670765280724,-0.027022305876016617,-8.563511073589325e-05,12.6875,12.75,0.0625,0.0001531421627448986,0.00014291797100075815,-1.0224191744140452e-05,6.65087962268392e-05,6.206848617043822e-05,-4.4403100564009826e-06,1.0000382367035339,1.000036044905497,-2.191798036843551e-06,0.9999892366349654,0.9999900181124489,0.9999861471642258,0.9999871158210109,0.9734333623599696,0.9733492735106779,-8.40888492916747e-05,1.56295684138143e-06,8.852059395860461e-07,7.81478420690715e-07,9.359340507522095e-09,False,1,0.9999892366349654,0.9999900181124489,7.814774835024352e-07,2.9022891699163983e-06,2.5612632044455413e-06,-3.41025965470857e-07,1.5534834470646458e-06,1.4593637835083561e-06,-9.411966355628968e-08,6.475882472804994e-07,5.714950689902142e-07,-7.609317829028521e-08,7.338136206301553e-07,7.338141940951493e-07,5.73464994049839e-13,3.0894707395533197e-06,2.9022914380144476e-06,-1.8717930153887206e-07,1.37094433025099e-06,1.2878840186902603e-06,-8.306031156072969e-08,1.8553713923614604e-07,1.8553728423080335e-07,1.449946573098064e-13,1.4449646932593881e-07,1.4449658224789146e-07,1.1292195265009463e-13,1.3574187081521366e-07,1.3574197689557105e-07,1.0608035739436873e-13
pccv1_n01_distractors_r05,1,distractors,5,18,13,L18H13,1.0,1,1,True,True,-0.006405418273061514,-0.006405418273061514,0.0,13.6875,13.6875,0.0,6.476948721151457e-05,6.476948721151457e-05,0.0,2.8129030891664014e-05,2.8129030891664014e-05,0.0,1.0000153488052812,1.0000153488052812,0.0,0.9999957520800058,0.9999957520800058,0.9999946155198314,0.9999946155198314,0.9936192520575631,0.9936192520575631,0.0,0.0,0.0,0.0,0.0,False,0,0.9999957520800058,0.9999957520800058,0.0,8.851539538376623e-07,8.851539538376623e-07,0.0,7.338184018039319e-07,7.338184018039319e-07,0.0,3.92784686023095e-07,3.92784686023095e-07,0.0,4.450833593554091e-07,4.450833593554091e-07,0.0,1.136560174409206e-06,1.136560174409206e-06,0.0,4.450833593554091e-07,4.450833593554091e-07,0.0,6.412033735390729e-08,6.412033735390729e-08,0.0,7.265786108270308e-08,7.265786108270308e-08,0.0,7.265786108270308e-08,7.265786108270308e-08,0.0
pccv1_n01_distractors_r05,1,distractors,5,18,13,L18H13,0.5,1,1,True,True,-0.006405418273061514,-0.007512650452554226,-0.001107232179492712,13.6875,13.5625,-0.125,6.476948721151457e-05,7.04272916720197e-05,5.6578044605051314e-06,2.8129030891664014e-05,3.0586184148549e-05,2.457153256884983e-06,1.0000153488052812,1.0000168229441002,1.4741388190131488e-06,0.9999957520800058,0.9999953499895262,0.9999946155198314,0.9999940620986406,0.9936192520575631,0.9925201195891873,-0.0010991324683757853,8.041810174909643e-07,4.469538915722911e-07,4.0209050874548213e-07,5.150832265839967e-09,False,1,0.9999957520800058,0.9999953499895262,-4.020904795787317e-07,8.851539538376623e-07,9.422411002814886e-07,5.7087146443826326e-08,7.338184018039319e-07,8.315248524863148e-07,9.77064506823829e-08,3.92784686023095e-07,4.1811695369774757e-07,2.5332267674652578e-08,4.450833593554091e-07,4.7378857928361653e-07,2.8705219928207415e-08,1.136560174409206e-06,1.2878908855980824e-06,1.5133071118887633e-07,4.450833593554091e-07,4.7378857928361653e-07,2.8705219928207415e-08,6.412033735390729e-08,7.265783186754477e-08,8.537494513637481e-09,7.265786108270308e-08,7.265783186754477e-08,-2.921515830579139e-14,7.265786108270308e-08,7.734385941998687e-08,4.685998337283794e-09
pccv1_n01_distractors_r05,1,distractors,5,18,13,L18H13,1.5,1,1,True,True,-0.006405418273061514,-0.005785742308944464,0.0006196759641170502,13.6875,13.625,-0.0625,6.476948721151457e-05,6.821439458718718e-05,3.4449073756726077e-06,2.8129030891664014e-05,2.9625135155586438e-05,1.4961042639224238e-06,1.0000153488052812,1.0000162252286713,8.764233900837581e-07,0.9999957520800058,0.9999955081322651,0.9999946155198314,0.9999942982705524,0.9936192520575631,0.9942354516155234,0.0006161995579603285,4.878957083030284e-07,2.6845757735988176e-07,2.439478541515142e-07,1.9055324229712354e-09,False,1,0.9999957520800058,0.9999955081322651,-2.4394774067459934e-07,8.851539538376623e-07,9.422412492907698e-07,5.708729545310749e-08,7.338184018039319e-07,7.811454320127257e-07,4.7327030208793794e-08,3.92784686023095e-07,3.927845902037512e-07,-9.581934378482046e-14,4.450833593554091e-07,4.737886542101885e-07,2.8705294854779407e-08,1.136560174409206e-06,1.2098617127409589e-06,7.330153833175281e-08,4.450833593554091e-07,4.737886542101885e-07,2.8705294854779407e-08,6.412033735390729e-08,6.825572716627293e-08,4.135389812365634e-09,7.265786108270308e-08,7.265784335790673e-08,-1.7724796347579556e-14,7.265786108270308e-08,7.734387165141352e-08,4.686010568710444e-09
pccv1_n01_grid_r00,1,grid,0,18,13,L18H13,1.0,1,1,True,True,-0.0035491115413606167,-0.0035491115413606167,0.0,12.875,12.875,0.0,6.906214742824421e-05,6.906214742824421e-05,0.0,2.999330953647531e-05,2.999330953647531e-05,0.0,1.0000109746296184,1.0000109746296184,0.0,0.9999953246019115,0.9999953246019115,0.9999927633251157,0.9999927633251157,0.9964618183748577,0.9964618183748577,0.0,0.0,0.0,0.0,0.0,False,0,0.9999953246019115,0.9999953246019115,0.0,2.561276795897415e-06,2.561276795897415e-06,0.0,6.893582977005723e-07,6.893582977005723e-07,0.0,3.2562980268823355e-07,3.2562980268823355e-07,0.0,3.059008902867013e-07,3.059008902867013e-07,0.0,3.927845181155327e-07,3.927845181155327e-07,0.0,1.9750445904658895e-07,1.9750445904658895e-07,0.0,4.406920157709439e-08,4.406920157709439e-08,0.0,5.315760401012204e-08,5.315760401012204e-08,0.0,1.057165188881476e-07,1.057165188881476e-07,0.0
pccv1_n01_grid_r00,1,grid,0,18,13,L18H13,0.5,1,1,True,True,-0.0035491115413606167,-0.0035824901424348354,-3.337860107421875e-05,12.875,12.875,0.0,6.906214742824421e-05,6.953383902950287e-05,4.716916012586597e-07,2.999330953647531e-05,3.0198162596062056e-05,2.0485305958674525e-07,1.0000109746296184,1.000011188938472,2.143088535522253e-07,0.9999953246019115,0.9999952951259056,0.9999927633251157,0.9999927338491852,0.9964618183748577,0.9964285881986257,-3.323017623202418e-05,5.89522642637029e-08,3.370090490975309e-08,2.947613213185145e-08,2.8547757545232985e-10,False,1,0.9999953246019115,0.9999952951259056,-2.9476005969364394e-08,2.561276795897415e-06,2.561276720400852e-06,-7.549656285535714e-14,6.893582977005723e-07,6.893582773809481e-07,-2.031962424942714e-14,3.2562980268823355e-07,3.2562979308992263e-07,-9.59831091348426e-15,3.059008902867013e-07,3.0590088126992264e-07,-9.016778643601808e-15,3.927845181155327e-07,3.9278450653775977e-07,-1.1577772912867173e-14,1.9750445904658895e-07,2.1024239606952792e-07,1.2737937022938977e-08,4.406920157709439e-08,4.691141950498339e-08,2.842217927888998e-09,5.315760401012204e-08,6.023545497729973e-08,7.077850967177693e-09,1.057165188881476e-07,1.1253464525543086e-07,6.818126367283262e-09
pccv1_n01_grid_r00,1,grid,0,18,13,L18H13,1.5,1,1,True,True,-0.0035491115413606167,-0.003037246409803629,0.0005118651315569878,12.875,12.9375,0.0625,6.906214742824421e-05,6.632014027287103e-05,-2.7420071553731858e-06,2.999330953647531e-05,2.8802470959557505e-05,-1.1908385769178058e-06,1.0000109746296184,1.0000105265659076,-4.480637108006391e-07,0.9999953246019115,0.9999955278404348,0.9999927633251157,0.9999931217430662,0.9964618183748577,0.9969718338954152,0.0005100155205575163,4.0647758321148464e-07,2.572053446393334e-07,2.0323879160574232e-07,1.5875446802298357e-09,False,1,0.9999953246019115,0.9999955278404348,2.0323852323311797e-07,2.561276795897415e-06,2.406097368560939e-06,-1.5517942733647603e-07,6.893582977005723e-07,6.893584378053898e-07,1.4010481744694005e-13,3.2562980268823355e-07,3.256298688690632e-07,6.618082965049432e-14,3.059008902867013e-07,3.059009524578371e-07,6.217113582035905e-14,3.927845181155327e-07,3.689869821813324e-07,-2.3797535934200254e-08,1.9750445904658895e-07,1.8553830650097489e-07,-1.1966152545614061e-08,4.406920157709439e-08,4.139919204323098e-08,-2.6700095338634092e-09,5.315760401012204e-08,4.993695774413359e-08,-3.220646265988455e-09,1.057165188881476e-07,9.931149898270607e-08,-6.405019905441533e-09
pccv1_n01_grid_r01,1,grid,1,18,13,L18H13,1.0,1,1,True,True,-0.003303905250504613,-0.003303905250504613,0.0,12.875,12.875,0.0,6.896395397997838e-05,6.896395397997838e-05,0.0,2.995066466373441e-05,2.995066466373441e-05,0.0,1.0000109792251866,1.0000109792251866,0.0,0.9999953322331729,0.9999953322331729,0.9999927709563575,0.9999927709563575,0.996706190954832,0.996706190954832,0.0,0.0,0.0,0.0,0.0,False,0,0.9999953322331729,0.9999953322331729,0.0,2.5612768154432792e-06,2.5612768154432792e-06,0.0,6.893583029612703e-07,6.893583029612703e-07,0.0,3.059008926211218e-07,3.059008926211218e-07,0.0,3.256298051732113e-07,3.256298051732113e-07,0.0,3.689869100044764e-07,3.689869100044764e-07,0.0,2.1024240387108544e-07,2.1024240387108544e-07,0.0,4.406920191339956e-08,4.406920191339956e-08,0.0,5.6585975349949085e-08,5.6585975349949085e-08,0.0,1.0571651969490176e-07,1.0571651969490176e-07,0.0
pccv1_n01_grid_r01,1,grid,1,18,13,L18H13,0.5,1,1,True,True,-0.003303905250504613,-0.004095145035535097,-0.0007912397850304842,12.875,12.8125,-0.0625,6.896395397997838e-05,7.569250790257424e-05,6.728553922595855e-06,2.995066466373441e-05,3.287283850350627e-05,2.9221738397718624e-06,1.0000109792251866,1.000012401845191,1.422620004465358e-06,0.9999953322331729,0.9999948564898312,0.9999927709563575,0.9999921300261505,0.996706190954832,0.9959183300472425,-0.0007878609075895326,9.514866834154165e-07,5.212165998078592e-07,4.7574334170770825e-07,6.800739516135821e-09,False,1,0.9999953322331729,0.9999948564898312,-4.7574334172129085e-07,2.5612768154432792e-06,2.7264636806905373e-06,1.6518686524725804e-07,6.893583029612703e-07,7.811449229829286e-07,9.178662002165829e-08,3.059008926211218e-07,3.689867344605914e-07,6.30858418394696e-08,3.256298051732113e-07,3.689867344605914e-07,4.3356929287380084e-08,3.689869100044764e-07,4.1811674735619895e-07,4.912983735172255e-08,2.1024240387108544e-07,2.3823574137592074e-07,2.79933375048353e-08,4.406920191339956e-08,4.993692421877694e-08,5.867722305377381e-09,5.6585975349949085e-08,6.412027992811923e-08,7.534304578170142e-09,1.0571651969490176e-07,1.2751840325315602e-07,2.1801883558254254e-08
pccv1_n01_grid_r01,1,grid,1,18,13,L18H13,1.5,1,1,True,True,-0.003303905250504613,-0.002595629310235381,0.0007082759402692318,12.875,12.9375,0.0625,6.896395397997838e-05,6.65227575431506e-05,-2.4411964368277814e-06,2.995066466373441e-05,2.8890466521978227e-05,-1.0601981417561831e-06,1.0000109792251866,1.000010591264897,-3.8796028944965144e-07,0.9999953322331729,0.999995515280516,0.9999927709563575,0.9999931091831776,0.996706190954832,0.9974122075079528,0.0007060165531207474,4.055530021202776e-07,2.4227705591536096e-07,2.027765010601388e-07,1.7380410813150182e-09,False,1,0.9999953322331729,0.999995515280516,1.8304734306084924e-07,2.5612768154432792e-06,2.406097338340416e-06,-1.5517947710286305e-07,6.893583029612703e-07,6.893584291470651e-07,1.2618579480470384e-13,3.059008926211218e-07,3.2562986477916017e-07,1.9728972158038357e-08,3.256298051732113e-07,3.2562986477916017e-07,5.96059488438839e-14,3.689869100044764e-07,3.466311867155879e-07,-2.235572328888852e-08,2.1024240387108544e-07,1.9750449670663964e-07,-1.2737907164445807e-08,4.406920191339956e-08,4.139919152325817e-08,-2.6700103901413902e-09,5.6585975349949085e-08,5.315761414618718e-08,-3.4283612037619036e-09,1.0571651969490176e-07,9.931149773535612e-08,-6.4050219595456375e-09
pccv1_n01_grid_r02,1,grid,2,18,13,L18H13,1.0,1,1,True,True,-0.0029913701582700014,-0.0029913701582700014,0.0,12.8125,12.8125,0.0,7.52273679925682e-05,7.52273679925682e-05,0.0,3.2670830807277674e-05,3.2670830807277674e-05,0.0,1.0000122343546909,1.0000122343546909,0.0,0.9999948872355963,0.9999948872355963,0.9999921607718317,0.9999921607718317,0.9970181895603858,0.9970181895603858,0.0,0.0,0.0,0.0,0.0,False,0,0.9999948872355963,0.9999948872355963,0.0,2.72646376451818e-06,2.72646376451818e-06,0.0,7.811449469999504e-07,7.811449469999504e-07,0.0,3.689867458054292e-07,3.689867458054292e-07,0.0,3.4663096901465573e-07,3.4663096901465573e-07,0.0,4.1811676021158437e-07,4.1811676021158437e-07,0.0,2.3823574870069853e-07,2.3823574870069853e-07,0.0,5.315758076066795e-08,5.315758076066795e-08,0.0,6.023543040772578e-08,6.023543040772578e-08,0.0,1.1979245744826078e-07,1.1979245744826078e-07,0.0
pccv1_n01_grid_r02,1,grid,2,18,13,L18H13,0.5,1,1,True,True,-0.0029913701582700014,-0.003254595212638378,-0.00026322505436837673,12.8125,12.8125,0.0,7.52273679925682e-05,7.57058634979797e-05,4.784955054115003e-07,3.2670830807277674e-05,3.2878638764893395e-05,2.078079576157217e-07,1.0000122343546909,1.000012451154572,2.167998811586358e-07,0.9999948872355963,0.9999948568316962,0.9999921607718317,0.9999921303680146,0.9970181895603858,0.9967558388777782,-0.00026235068260760386,6.080808225567092e-08,3.5313065786029447e-08,3.040404112783546e-08,2.3749297326073085e-10,False,1,0.9999948872355963,0.9999948568316962,-3.040390006425753e-08,2.72646376451818e-06,2.7264636816226246e-06,-8.289555531533401e-14,7.811449469999504e-07,7.811449232499761e-07,-2.3749974278117864e-14,3.689867458054292e-07,3.689867345867357e-07,-1.1218693517790328e-14,3.4663096901465573e-07,3.466309584756685e-07,-1.0538987217645346e-14,4.1811676021158437e-07,4.1811674749913914e-07,-1.271244522587747e-14,2.3823574870069853e-07,2.5360062669755343e-07,1.53648779968549e-08,5.315758076066795e-08,5.658594844876727e-08,3.428367688099322e-09,6.023543040772578e-08,6.412027995003982e-08,3.884849542314042e-09,1.1979245744826078e-07,1.2751840329675034e-07,7.725945848489564e-09
pccv1_n01_grid_r02,1,grid,2,18,13,L18H13,1.5,1,1,True,True,-0.0029913701582700014,-0.00294263893738389,4.873122088611126e-05,12.8125,12.6875,-0.125,7.52273679925682e-05,8.48923822650463e-05,9.665014272478107e-06,3.2670830807277674e-05,3.6868293173331084e-05,4.197462366053411e-06,1.0000122343546909,1.0000139646598876,1.7303051966788274e-06,0.9999948872355963,0.9999941811506196,0.9999921607718317,0.9999910916646039,0.9970181895603858,0.99706747161202,4.928205163423627e-05,1.4121699532409018e-06,8.081812574895681e-07,7.060849766204509e-07,1.158215788251275e-08,False,1,0.9999948872355963,0.9999941811506196,-7.060849767093202e-07,2.72646376451818e-06,3.0894860156541767e-06,3.6302225113599674e-07,7.811449469999504e-07,8.851525633173981e-07,1.040076163174477e-07,3.689867458054292e-07,4.18116464984112e-07,4.912971917868282e-08,3.4663096901465573e-07,4.18116464984112e-07,7.148549596945629e-08,4.1811676021158437e-07,4.737880254985164e-07,5.5671265286932045e-08,2.3823574870069853e-07,2.6995627949223125e-07,3.1720530791532714e-08,5.315758076066795e-08,6.023538787617584e-08,7.0778071155078914e-09,6.023543040772578e-08,6.825563659176893e-08,8.020206184043155e-09,1.1979245744826078e-07,1.3574254200024303e-07,1.595008455198225e-08
pccv1_n01_grid_r03,1,grid,3,18,13,L18H13,1.0,1,1,True,True,-0.0048933508805930614,-0.0048933508805930614,0.0,12.75,12.75,0.0,7.574389069689121e-05,7.574389069689121e-05,0.0,3.2895153767542904e-05,3.2895153767542904e-05,0.0,1.0000118516546632,1.0000118516546632,0.0,0.9999948262665257,0.9999948262665257,0.9999919239611329,0.9999919239611329,0.9951237665167092,0.9951237665167092,0.0,0.0,0.0,0.0,0.0,False,0,0.9999948262665257,0.9999948262665257,0.0,2.9023053928181527e-06,2.9023053928181527e-06,0.0,7.338177224220777e-07,7.338177224220777e-07,0.0,3.6898672330853524e-07,3.6898672330853524e-07,0.0,3.4663094788077966e-07,3.4663094788077966e-07,0.0,4.1811673471926374e-07,4.1811673471926374e-07,0.0,1.9750436062266795e-07,1.9750436062266795e-07,0.0,4.406917961574914e-08,4.406917961574914e-08,0.0,5.6585946719199215e-08,5.6585946719199215e-08,0.0,1.0571646620561906e-07,1.0571646620561906e-07,0.0
pccv1_n01_grid_r03,1,grid,3,18,13,L18H13,0.5,1,1,True,True,-0.0048933508805930614,-0.005622406490147114,-0.0007290556095540524,12.75,12.8125,0.0625,7.574389069689121e-05,7.171233969091244e-05,-4.031551005978775e-06,3.2895153767542904e-05,3.1144273412134816e-05,-1.7508803554080882e-06,1.0000118516546632,1.0000112572604898,-5.94394173436541e-07,0.9999948262665257,0.9999951243800967,0.9999919239611329,0.9999923979156856,0.9951237665167092,0.99439819700169,-0.000725569515019231,6.019117025030853e-07,3.5142883125954404e-07,3.0095585125154263e-07,2.3730363055609342e-09,False,1,0.9999948262665257,0.9999951243800967,2.9811357105113956e-07,2.9023053928181527e-06,2.7264644110873734e-06,-1.7584098173077935e-07,7.338177224220777e-07,6.893581596753577e-07,-4.4459562746720015e-08,3.6898672330853524e-07,3.46631051216704e-07,-2.2355672091831255e-08,3.4663094788077966e-07,3.2562973748973866e-07,-2.1001210391041003e-08,4.1811673471926374e-07,3.92784439471136e-07,-2.5332295248127757e-08,1.9750436062266795e-07,1.8553823164329224e-07,-1.1966128979375708e-08,4.406917961574914e-08,4.6911411495017434e-08,2.8422318792682923e-09,5.6585946719199215e-08,5.6585963588325136e-08,1.6869125920811973e-14,1.0571646620561906e-07,1.0571649772129537e-07,3.1515676311839565e-14
pccv1_n01_grid_r03,1,grid,3,18,13,L18H13,1.5,1,1,True,True,-0.0048933508805930614,-0.0039930385537445545,0.0009003123268485069,12.75,12.875,0.125,7.574389069689121e-05,6.677537667635808e-05,-8.968514020533128e-06,3.2895153767542904e-05,2.9000177617553417e-05,-3.8949761499894875e-06,1.0000118516546632,1.0000102088395324,-1.6428151308200967e-06,0.9999948262665257,0.9999954757871418,0.9999919239611329,0.9999929145099586,0.9951237665167092,0.9960194588634685,0.000895692346759347,1.29904123234306e-06,7.455523884831209e-07,6.4952061617153e-07,1.1178028373176076e-08,False,1,0.9999948262665257,0.9999954757871418,6.495206160694877e-07,2.9023053928181527e-06,2.5612771831264475e-06,-3.4102820969170526e-07,7.338177224220777e-07,6.475922877256106e-07,-8.622543469646708e-08,3.6898672330853524e-07,3.2562985191888037e-07,-4.335687138965487e-08,3.4663094788077966e-07,3.05900936534614e-07,-4.0730011346165645e-08,4.1811673471926374e-07,3.466311730258913e-07,-7.148556169337244e-08,1.9750436062266795e-07,1.6373697227481445e-07,-3.37673883478535e-08,4.406917961574914e-08,3.889093977092425e-08,-5.178239844824893e-09,5.6585946719199215e-08,4.69114279800983e-08,-9.674518739100916e-09,1.0571646620561906e-07,8.764208568119148e-08,-1.807438052442758e-08
pccv1_n01_grid_r04,1,grid,4,18,13,L18H13,1.0,1,1,True,True,-0.002623451640829444,-0.002623451640829444,0.0,13.375,13.375,0.0,4.461168596617963e-05,4.461168596617963e-05,0.0,1.937460904351255e-05,1.937460904351255e-05,0.0,1.0000070032822268,1.0000070032822268,0.0,0.9999970793091508,0.9999970793091508,0.9999955258135201,0.9999955258135201,0.9973828716767876,0.9973828716767876,0.0,0.0,0.0,0.0,0.0,False,0,0.9999970793091508,0.9999970793091508,0.0,1.5534956306603099e-06,1.5534956306603099e-06,0.0,4.45083950085525e-07,4.45083950085525e-07,0.0,2.102427711822533e-07,2.102427711822533e-07,0.0,1.9750480561071335e-07,1.9750480561071335e-07,0.0,2.5360119032212755e-07,2.5360119032212755e-07,0.0,1.2751868670498432e-07,1.2751868670498432e-07,0.0,2.8453264986400607e-08,2.8453264986400607e-08,0.0,3.653471543028976e-08,3.653471543028976e-08,0.0,6.825583440857548e-08,6.825583440857548e-08,0.0
pccv1_n01_grid_r04,1,grid,4,18,13,L18H13,0.5,1,1,True,True,-0.002623451640829444,-0.003539846045896411,-0.000916394405066967,13.375,13.1875,-0.1875,4.461168596617963e-05,5.4273275162762164e-05,9.661589196582536e-06,1.937460904351255e-05,2.3570583918004416e-05,4.1959748744918655e-06,1.0000070032822268,1.0000087610047033,1.7577224764586674e-06,0.9999970793091508,0.9999964023363939,0.9999955258135201,0.9999945284642404,0.9973828716767876,0.9964699832029957,-0.0009128884737918952,1.3539455135740885e-06,7.664865709102334e-07,6.769727567870443e-07,1.7959538254605096e-08,False,1,0.9999970793091508,0.9999964023363939,-6.769727569633233e-07,1.5534956306603099e-06,1.8738721534808276e-06,3.2037652282051774e-07,4.45083950085525e-07,5.714987175791379e-07,1.2641476749361286e-07,2.102427711822533e-07,2.5360101864052915e-07,4.335824745827585e-08,1.9750480561071335e-07,2.3823610965371688e-07,4.073130404300353e-08,2.5360119032212755e-07,3.256301536323412e-07,7.202896331021363e-08,1.2751868670498432e-07,1.6373712398587004e-07,3.621843728088572e-08,2.8453264986400607e-08,3.65346906972105e-08,8.08142571080989e-09,3.653471543028976e-08,4.691147144604346e-08,1.0376756015753697e-08,6.825583440857548e-08,8.764216688626782e-08,1.9386332477692343e-08
pccv1_n01_grid_r04,1,grid,4,18,13,L18H13,1.5,1,1,True,True,-0.002623451640829444,-0.002497650682926178,0.00012580095790326595,13.375,13.3125,-0.0625,4.461168596617963e-05,4.816719798678444e-05,3.5555120206048112e-06,1.937460904351255e-05,2.09187482944019e-05,1.5441392508893508e-06,1.0000070032822268,1.0000076136068197,6.103245928645862e-07,0.9999970793091508,0.9999968323912662,0.9999955258135201,0.9999951787041838,0.9973828716767876,0.9975086457285478,0.00012577405176017464,4.938357690956702e-07,2.7632843017946914e-07,2.469178845478351e-07,2.814854712933092e-09,False,1,0.9999970793091508,0.9999968323912662,-2.4691788458319763e-07,1.5534956306603099e-06,1.6536870824647959e-06,1.0019145180448597e-07,4.45083950085525e-07,5.043460649918272e-07,5.926211490630218e-08,2.102427711822533e-07,2.3823621210868522e-07,2.7993440926431922e-08,1.9750480561071335e-07,2.2380220969010082e-07,2.6297404079387472e-08,2.5360119032212755e-07,2.6995699521545693e-07,1.635580489332938e-08,1.2751868670498432e-07,1.3574290188848199e-07,8.224215183497665e-09,2.8453264986400607e-08,3.028833543738958e-08,1.8350704509889735e-09,3.653471543028976e-08,3.8890992530772244e-08,2.3562771004824832e-09,6.825583440857548e-08,7.265793957614201e-08,4.4021051675665285e-09
pccv1_n01_grid_r05,1,grid,5,18,13,L18H13,1.0,1,1,True,True,-0.0033176876604557037,-0.0033176876604557037,0.0,12.875,12.875,0.0,6.89522376758602e-05,6.89522376758602e-05,0.0,2.994557633750758e-05,2.994557633750758e-05,0.0,1.0000107706633037,1.0000107706633037,0.0,0.99999532820162,0.99999532820162,0.9999927669248149,0.9999927669248149,0.9966924858406649,0.9966924858406649,0.0,0.0,0.0,0.0,0.0,False,0,0.99999532820162,0.99999532820162,0.0,2.5612768051173077e-06,2.5612768051173077e-06,0.0,7.33818090752851e-07,7.33818090752851e-07,0.0,3.2562980386041137e-07,3.2562980386041137e-07,0.0,3.059008913878604e-07,3.059008913878604e-07,0.0,3.689869085168792e-07,3.689869085168792e-07,0.0,1.855382694601616e-07,1.855382694601616e-07,0.0,4.139918377830839e-08,4.139918377830839e-08,0.0,4.9936947774733946e-08,4.9936947774733946e-08,0.0,9.931147915618745e-08,9.931147915618745e-08,0.0
pccv1_n01_grid_r05,1,grid,5,18,13,L18H13,0.5,1,1,True,True,-0.0033176876604557037,-0.004102861508727074,-0.0007851738482713699,12.875,12.8125,-0.0625,6.89522376758602e-05,7.135825687060015e-05,2.406019194739958e-06,2.994557633750758e-05,3.099049719713645e-05,1.044920859628868e-06,1.0000107706633037,1.0000110521019614,2.814386577121297e-07,0.99999532820162,0.9999951451574822,0.9999927669248149,0.9999924186930145,0.9966924858406649,0.9959103535200065,-0.0007821323206584907,3.6608894672750316e-07,2.4688623008197896e-07,1.8304447336375158e-07,1.429802297957125e-09,False,1,0.99999532820162,0.9999951451574822,-1.8304413773595485e-07,2.5612768051173077e-06,2.7264644677364516e-06,1.6518766261914387e-07,7.33818090752851e-07,7.338179564311238e-07,-1.3432172721049475e-13,3.2562980386041137e-07,3.2562974425550623e-07,-5.96049051404742e-14,3.059008913878604e-07,3.0590083539423393e-07,-5.5993626491969797e-14,3.689869085168792e-07,3.6898684097567316e-07,-6.754120601545958e-14,1.855382694601616e-07,1.975044236053483e-07,1.196615414518668e-08,4.139918377830839e-08,4.4069193669084693e-08,2.6700098907763058e-09,4.9936947774733946e-08,5.3157594471241534e-08,3.2206466965075883e-09,9.931147915618745e-08,9.931146097771845e-08,-1.8178468994073972e-14
pccv1_n01_grid_r05,1,grid,5,18,13,L18H13,1.5,1,1,True,True,-0.0033176876604557037,-0.0025744650047272444,0.0007432226557284594,12.875,13.0,0.125,6.89522376758602e-05,6.136436260935195e-05,-7.587875066508248e-06,2.994557633750758e-05,2.665020406675178e-05,-3.295372270755802e-06,1.0000107706633037,1.000009437876707,-1.3327865966417107e-06,0.99999532820162,0.9999958760603503,0.9999927669248149,0.9999936157402648,0.9966924858406649,0.9974329477916974,0.0007404619510325006,1.095717460651211e-06,6.349008521480621e-07,5.478587303256055e-07,8.835196793739443e-09,False,1,0.99999532820162,0.9999958760603503,5.478587303819893e-07,2.5612768051173077e-06,2.2603200855189916e-06,-3.009567195983161e-07,7.33818090752851e-07,6.475925469406262e-07,-8.62255438122248e-08,3.2562980386041137e-07,3.0590105897911734e-07,-1.972874488129403e-08,3.059008913878604e-07,2.6995673704641866e-07,-3.594415434144176e-08,3.689869085168792e-07,3.2562998226037573e-07,-4.3356926256503446e-08,1.855382694601616e-07,1.5381671218945146e-07,-3.172155727071015e-08,4.139918377830839e-08,3.4321147624337236e-08,-7.0780361539711515e-09,4.9936947774733946e-08,4.406922587954112e-08,-5.867721895192829e-09,9.931147915618745e-08,8.233215309662017e-08,-1.6979326059567275e-08
pccv1_n01_random_sparse_r00,1,random_sparse,0,18,13,L18H13,1.0,1,1,True,True,-0.002320218365639448,-0.002320218365639448,0.0,13.1875,13.1875,0.0,5.202602288274211e-05,5.202602288274211e-05,0.0,2.2594614653347206e-05,2.2594614653347206e-05,0.0,1.0000082194105844,1.0000082194105844,0.0,0.9999965525932138,0.9999965525932138,0.9999946787207789,0.9999946787207789,0.9976858916310754,0.9976858916310754,0.0,0.0,0.0,0.0,0.0,False,0,0.9999965525932138,0.9999965525932138,0.0,1.8738724350439115e-06,1.8738724350439115e-06,0.0,5.043459238763335e-07,5.043459238763335e-07,0.0,2.3823614545044591e-07,2.3823614545044591e-07,0.0,2.3823614545044591e-07,2.3823614545044591e-07,0.0,2.8736764514778437e-07,2.8736764514778437e-07,0.0,1.3574286390776212e-07,1.3574286390776212e-07,0.0,3.2241756221734955e-08,3.2241756221734955e-08,0.0,4.406925569394365e-08,4.406925569394365e-08,0.0,9.329461503618691e-08,9.329461503618691e-08,0.0
pccv1_n01_random_sparse_r00,1,random_sparse,0,18,13,L18H13,0.5,1,1,True,True,-0.002320218365639448,-0.0026710093952715397,-0.0003507910296320915,13.1875,13.125,-0.0625,5.202602288274211e-05,5.597093605636636e-05,3.94491317362425e-06,2.2594614653347206e-05,2.4307868676239664e-05,1.713254022892458e-06,1.0000082194105844,1.000009009335472,7.899248877230036e-07,0.9999965525932138,0.9999962772561735,0.9999946787207789,0.9999942825298989,0.9976858916310754,0.9973362857646144,-0.0003496058664609336,5.506740812750597e-07,3.076068532226678e-07,2.7533704063752987e-07,2.9873474874850515e-09,False,1,0.9999965525932138,0.9999962772561735,-2.753370403896227e-07,1.8738724350439115e-06,1.994726274599087e-06,1.208538395551754e-07,5.043459238763335e-07,5.368732935225116e-07,3.2527369646178115e-08,2.3823614545044591e-07,2.6995684535238064e-07,3.172069990193473e-08,2.3823614545044591e-07,2.536009869199437e-07,1.53648414694978e-08,2.8736764514778437e-07,3.2563011290230324e-07,3.826246775451887e-08,1.3574286390776212e-07,1.538167739003284e-07,1.8073909992566278e-08,3.2241756221734955e-08,3.889097094094911e-08,6.649214719214158e-09,4.406925569394365e-08,4.993699516784303e-08,5.867739473899379e-09,9.329461503618691e-08,9.931157340863928e-08,6.0169583724523645e-09
pccv1_n01_random_sparse_r00,1,random_sparse,0,18,13,L18H13,1.5,1,1,True,True,-0.002320218365639448,-0.0024662574287503958,-0.0001460390631109476,13.1875,13.1875,0.0,5.202602288274211e-05,5.1758743843821893e-05,-2.672790389202144e-07,2.2594614653347206e-05,2.247853684161575e-05,-1.1607781173145415e-07,1.0000082194105844,1.0000080978331678,-1.2157741657858878e-07,0.9999965525932138,0.9999965691398578,0.9999946787207789,0.9999946952673917,0.9976858916310754,0.9975402008709082,-0.00014569076016712756,3.30933927995986e-08,1.9506629669336014e-08,1.65466963997993e-08,1.2925008449300447e-10,False,1,0.9999965525932138,0.9999965691398578,1.654664394390437e-08,1.8738724350439115e-06,1.8738724660503182e-06,3.100640675202798e-14,5.043459238763335e-07,5.043459322215947e-07,8.345261140353525e-15,2.3823614545044591e-07,2.3823614939246816e-07,3.942022250396753e-15,2.3823614545044591e-07,2.3823614939246816e-07,3.942022250396753e-15,2.8736764514778437e-07,2.873676499027709e-07,4.754986526660861e-15,1.3574286390776212e-07,1.2751862164867606e-07,-8.224242259086056e-09,3.2241756221734955e-08,3.224175675522966e-08,5.334947021030565e-16,4.406925569394365e-08,4.1399235152378565e-08,-2.670020541565083e-09,9.329461503618691e-08,8.764218150533744e-08,-5.65243353084947e-09
pccv1_n01_random_sparse_r01,1,random_sparse,1,18,13,L18H13,1.0,1,1,True,True,-0.003144441172480583,-0.003144441172480583,0.0,12.4375,12.4375,0.0,9.162188748530411e-05,9.162188748530411e-05,0.0,3.979088015642818e-05,3.979088015642818e-05,0.0,1.0000138290807992,1.0000138290807992,0.0,0.9999935956014369,0.9999935956014369,0.9999896286251911,0.9999896286251911,0.9968668884830763,0.9968668884830763,0.0,0.0,0.0,0.0,0.0,False,0,0.9999935956014369,0.9999935956014369,0.0,3.966976245726729e-06,3.966976245726729e-06,0.0,8.31523393662234e-07,8.31523393662234e-07,0.0,3.059003613814439e-07,3.059003613814439e-07,0.0,3.4663052129196634e-07,3.4663052129196634e-07,0.0,4.73787748070711e-07,4.73787748070711e-07,0.0,1.975041175596889e-07,1.975041175596889e-07,0.0,6.023535260518846e-08,6.023535260518846e-08,0.0,7.734372372821015e-08,7.734372372821015e-08,0.0,1.4449709918798328e-07,1.4449709918798328e-07,0.0
pccv1_n01_random_sparse_r01,1,random_sparse,1,18,13,L18H13,0.5,1,1,True,True,-0.003144441172480583,-0.0029832879081368446,0.00016115326434373856,12.4375,12.375,-0.0625,9.162188748530411e-05,9.42852682512553e-05,2.6633807659511835e-06,3.979088015642818e-05,4.0947571726288036e-05,1.1566915698598575e-06,1.0000138290807992,1.0000140605943333,2.3151353412131925e-07,0.9999935956014369,0.9999933773964298,0.9999896286251911,0.999989154573119,0.9968668884830763,0.9970277415876296,0.0001608531045533823,5.371698808362274e-07,3.4025212122554244e-07,2.685849404181137e-07,2.491505228601393e-09,False,1,0.9999935956014369,0.9999933773964298,-2.182050070631547e-07,3.966976245726729e-06,4.222823310787584e-06,2.5584706506085434e-07,8.31523393662234e-07,7.811437675906846e-07,-5.0379626071549374e-08,3.059003613814439e-07,3.059002946320259e-07,-6.674941803933287e-14,3.4663052129196634e-07,3.466304456549666e-07,-7.56369997533416e-14,4.73787748070711e-07,4.7378764468719e-07,-1.0338352101028084e-13,1.975041175596889e-07,2.1024199287959097e-07,1.2737875319902071e-08,6.023535260518846e-08,6.023533946144875e-08,-1.314373971189168e-14,7.734372372821015e-08,7.734370685131429e-08,-1.68768958665337e-14,1.4449709918798328e-07,1.444970676577908e-07,-3.1530192471322034e-14
pccv1_n01_random_sparse_r01,1,random_sparse,1,18,13,L18H13,1.5,1,1,True,True,-0.003144441172480583,-0.0029920830857008696,0.00015235808677971363,12.4375,12.5,0.0625,9.162188748530411e-05,8.504985040709707e-05,-6.572037078207045e-06,3.979088015642818e-05,3.693668071849929e-05,-2.8541994379288895e-06,1.0000138290807992,1.000012616975031,-1.212105768200189e-06,0.9999935956014369,0.9999940779733394,0.9999896286251911,0.9999903513422367,0.9968668884830763,0.9970182811541193,0.0001513926710430269,9.647438051648104e-07,5.511632222333089e-07,4.823719025824052e-07,5.287967769498885e-09,False,1,0.9999935956014369,0.9999940779733394,4.823719025326412e-07,3.966976245726729e-06,3.726631102739231e-06,-2.4034514298749823e-07,8.31523393662234e-07,7.33817173308435e-07,-9.770622035379904e-08,3.059003613814439e-07,2.873669340196469e-07,-1.8533427361797033e-08,3.4663052129196634e-07,3.059005089401282e-07,-4.073001235183812e-08,4.73787748070711e-07,4.450826142352249e-07,-2.8705133835486112e-08,1.975041175596889e-07,1.7429685607053322e-07,-2.3207261489155675e-08,6.023535260518846e-08,5.315753774202423e-08,-7.077814863164232e-09,7.734372372821015e-08,6.8255629549297e-08,-9.08809417891315e-09,1.4449709918798328e-07,1.2751830397746546e-07,-1.6978795210517817e-08
pccv1_n01_random_sparse_r02,1,random_sparse,2,18,13,L18H13,1.0,1,1,True,True,-0.002110398607328534,-0.002110398607328534,0.0,13.3125,13.3125,0.0,4.595472795140213e-05,4.595472795140213e-05,0.0,1.995788476665907e-05,1.995788476665907e-05,0.0,1.0000071910343407,1.0000071910343407,0.0,0.9999969810749029,0.9999969810749029,0.9999953273875746,0.9999953273875746,0.9978948558887293,0.9978948558887293,0.0,0.0,0.0,0.0,0.0,False,0,0.9999969810749029,0.9999969810749029,0.0,1.653687328341784e-06,1.653687328341784e-06,0.0,4.181176356853677e-07,4.181176356853677e-07,0.0,2.2380224296593267e-07,2.2380224296593267e-07,0.0,2.1024275052915247e-07,2.1024275052915247e-07,0.0,2.382362475306238e-07,2.382362475306238e-07,0.0,1.2751867417824546e-07,1.2751867417824546e-07,0.0,2.8453262191307355e-08,2.8453262191307355e-08,0.0,3.653471184131899e-08,3.653471184131899e-08,0.0,8.233224407522268e-08,8.233224407522268e-08,0.0
pccv1_n01_random_sparse_r02,1,random_sparse,2,18,13,L18H13,0.5,1,1,True,True,-0.002110398607328534,-0.002527615986764431,-0.0004172173794358969,13.3125,13.125,-0.1875,4.595472795140213e-05,5.3726224798804815e-05,7.771496847402688e-06,1.995788476665907e-05,2.3333002963614575e-05,3.375118196955506e-06,1.0000071910343407,1.000008448244711,1.2572103702535031e-06,0.9999969810749029,0.9999964267777717,0.9999953273875746,0.9999944320511989,0.9978948558887293,0.9974791286944544,-0.00041572719427485083,1.1085942623467721e-06,6.569937894850063e-07,5.542971311733861e-07,1.2003264047420464e-08,False,1,0.9999969810749029,0.9999964267777717,-5.542971311944811e-07,1.653687328341784e-06,1.994726572854858e-06,3.4103924451307374e-07,4.181176356853677e-07,4.7378908945596185e-07,5.567145377059415e-08,2.2380224296593267e-07,2.5360102483890975e-07,2.9798781872977077e-08,2.1024275052915247e-07,2.382361154765566e-07,2.799336494740413e-08,2.382362475306238e-07,2.8736760899237244e-07,4.9131361461748633e-08,1.2751867417824546e-07,1.5381679689934388e-07,2.6298122721098425e-08,2.8453262191307355e-08,3.4321166525669104e-08,5.867904334361749e-09,3.653471184131899e-08,4.406925014933164e-08,7.534538308012651e-09,8.233224407522268e-08,9.329460329824319e-08,1.0962359223020514e-08
pccv1_n01_random_sparse_r02,1,random_sparse,2,18,13,L18H13,1.5,1,1,True,True,-0.002110398607328534,-0.0018202179344370961,0.000290180672891438,13.3125,13.375,0.0625,4.595472795140213e-05,4.3675278480569453e-05,-2.279449470832674e-06,1.995788476665907e-05,1.8967932439699153e-05,-9.89952326959916e-07,1.0000071910343407,1.0000068586337207,-3.3240061991790526e-07,0.9999969810749029,0.9999971432205874,0.9999953273875746,0.9999955897248575,0.9978948558887293,0.9981843138803903,0.00028945799166102404,3.242914804698259e-07,1.934026020264512e-07,1.6214574023491295e-07,1.2665574594413252e-09,False,1,0.9999969810749029,0.9999971432205874,1.6214568454575584e-07,1.653687328341784e-06,1.5534957299467375e-06,-1.0019159839504656e-07,4.181176356853677e-07,3.927852324441327e-07,-2.5332403241234994e-08,2.2380224296593267e-07,2.238022792546101e-07,3.628867742934351e-14,2.1024275052915247e-07,1.9750481823356608e-07,-1.2737932295586397e-08,2.382362475306238e-07,2.238022792546101e-07,-1.4433968276013705e-08,1.2751867417824546e-07,1.1979272769962858e-07,-7.725946478616882e-09,2.8453262191307355e-08,2.6729370516235373e-08,-1.7238916750719821e-09,3.653471184131899e-08,3.653471776528273e-08,5.923963740209406e-15,8.233224407522268e-08,8.233225742508105e-08,1.3349858376872657e-14
pccv1_n01_random_sparse_r03,1,random_sparse,3,18,13,L18H13,1.0,1,1,True,True,-0.0028965207748115063,-0.0028965207748115063,0.0,13.125,13.125,0.0,5.3665468341303255e-05,5.3665468341303255e-05,0.0,2.3306616769381658e-05,2.3306616769381658e-05,0.0,1.0000082215208066,1.0000082215208066,0.0,0.9999964254652112,0.9999964254652112,0.9999944307386409,0.9999944307386409,0.997111248821156,0.997111248821156,0.0,0.0,0.0,0.0,0.0,False,0,0.9999964254652112,0.9999964254652112,0.0,1.9947265702366493e-06,1.9947265702366493e-06,0.0,5.368733730922821e-07,5.368733730922821e-07,0.0,2.3823611516385615e-07,2.3823611516385615e-07,0.0,2.2380211861886206e-07,2.2380211861886206e-07,0.0,2.873676086151837e-07,2.873676086151837e-07,0.0,1.444975080977086e-07,1.444975080977086e-07,0.0,3.028832311223769e-08,3.028832311223769e-08,0.0,4.1399229204337675e-08,4.1399229204337675e-08,0.0,7.734394260181386e-08,7.734394260181386e-08,0.0
pccv1_n01_random_sparse_r03,1,random_sparse,3,18,13,L18H13,0.5,1,1,True,True,-0.0028965207748115063,-0.0033952705562114716,-0.0004987497813999653,13.125,13.0625,-0.0625,5.3665468341303255e-05,5.605781845298536e-05,2.3923501116821048e-06,2.3306616769381658e-05,2.4345601221665824e-05,1.0389844522841665e-06,1.0000082215208066,1.0000086410260498,4.1950524320988336e-07,0.9999964254652112,0.999996251963053,0.9999944307386409,0.9999941285880403,0.997111248821156,0.9966141980124519,-0.0004970508087041026,3.470046629604964e-07,2.1728600558864552e-07,1.735023314802482e-07,1.4671002568042054e-09,False,1,0.9999964254652112,0.999996251963053,-1.7350215819611492e-07,1.9947265702366493e-06,2.123375012661611e-06,1.286484424249616e-07,5.368733730922821e-07,5.368732799432602e-07,-9.31490219142618e-14,2.3823611516385615e-07,2.3823607382922828e-07,-4.1334627873138783e-14,2.2380211861886206e-07,2.2380207978857267e-07,-3.883028938778399e-14,2.873676086151837e-07,3.0590117396862635e-07,1.8533565353442665e-08,1.444975080977086e-07,1.5381677000980773e-07,9.319261912099132e-09,3.028832311223769e-08,3.4321160525802596e-08,4.032837413564907e-09,4.1399229204337675e-08,4.406924244535054e-08,2.6700132410128665e-09,7.734394260181386e-08,8.764215370717497e-08,1.0298211105361107e-08
pccv1_n01_random_sparse_r03,1,random_sparse,3,18,13,L18H13,1.5,1,1,True,True,-0.0028965207748115063,-0.0027119070291519165,0.00018461374565958977,13.125,13.125,0.0,5.3665468341303255e-05,5.3967557355135874e-05,3.020890138326189e-07,2.3306616769381658e-05,2.343781236113276e-05,1.3119559175110086e-07,1.0000082215208066,1.0000083241509328,1.0263012617528489e-07,0.9999964254652112,0.9999964060430286,0.9999944307386409,0.9999944113164971,0.997111248821156,0.997295327991985,0.00018407917082896574,3.884449215302179e-08,2.470716446977457e-08,1.9422246076510894e-08,1.5171160542068617e-10,False,1,0.9999964254652112,0.9999964060430286,-1.942218252892758e-08,1.9947265702366493e-06,1.9947265314945672e-06,-3.874208210304423e-14,5.368733730922821e-07,5.368733626649922e-07,-1.0427289935802987e-14,2.3823611516385615e-07,2.382361105367743e-07,-4.627081851707942e-15,2.2380211861886206e-07,2.382361105367743e-07,1.4433991917912243e-08,2.873676086151837e-07,2.873676030338576e-07,-5.581326088436824e-15,1.444975080977086e-07,1.444975052912416e-07,-2.8064670114180624e-15,3.028832311223769e-08,3.028832252397024e-08,-5.882674457451005e-16,4.1399229204337675e-08,4.1399228400271414e-08,-8.040662613276501e-16,7.734394260181386e-08,8.233219673141513e-08,4.988254129601268e-09
pccv1_n01_random_sparse_r04,1,random_sparse,4,18,13,L18H13,1.0,1,1,True,True,-0.0033980030566453934,-0.0033980030566453934,0.0,12.6875,12.6875,0.0,7.975442374287852e-05,7.975442374287852e-05,0.0,3.463690613890583e-05,3.463690613890583e-05,0.0,1.000012795646705,1.000012795646705,0.0,0.9999945343032043,0.9999945343032043,0.9999914448160976,0.9999914448160976,0.9966132276421327,0.9966132276421327,0.0,0.0,0.0,0.0,0.0,False,0,0.9999945343032043,0.9999945343032043,0.0,3.0894871067204975e-06,3.0894871067204975e-06,0.0,7.338175081731096e-07,7.338175081731096e-07,0.0,3.466308466767332e-07,3.466308466767332e-07,0.0,3.6898661557738856e-07,3.6898661557738856e-07,0.0,4.450828173409169e-07,4.450828173409169e-07,0.0,2.2380169537128534e-07,2.2380169537128534e-07,0.0,5.31575619995399e-08,5.31575619995399e-08,0.0,6.023540914858255e-08,6.023540914858255e-08,0.0,1.4449723482853438e-07,1.4449723482853438e-07,0.0
pccv1_n01_random_sparse_r04,1,random_sparse,4,18,13,L18H13,0.5,1,1,True,True,-0.0033980030566453934,-0.0037608861457556486,-0.00036288308911025524,12.6875,12.75,0.0625,7.975442374287852e-05,7.645545950421006e-05,-3.298964238668465e-06,3.463690613890583e-05,3.320418417405595e-05,-1.4327219648498785e-06,1.000012795646705,1.0000123762866153,-4.19360089765064e-07,0.9999945343032043,0.9999947844945171,0.9999914448160976,0.9999918821892455,0.9966132276421327,0.9962513550314327,-0.0003618726106999759,5.150096743048853e-07,3.1516277810272137e-07,2.5750483715244263e-07,2.0685545756281656e-09,False,1,0.9999945343032043,0.9999947844945171,2.501913127783695e-07,3.0894871067204975e-06,2.9023052715823994e-06,-1.8718183513809808e-07,7.338175081731096e-07,7.338176917688788e-07,1.8359576922821654e-13,3.466308466767332e-07,3.2562962681234695e-07,-2.1001219864386235e-08,3.6898661557738856e-07,3.466309334012338e-07,-2.2355682176154745e-08,4.450828173409169e-07,4.181167172535975e-07,-2.696610008731938e-08,2.2380169537128534e-07,2.2380175136483136e-07,5.599354602383981e-14,5.31575619995399e-08,5.658594435547833e-08,3.42838235593843e-09,6.023540914858255e-08,6.412027531173578e-08,3.884866163153238e-09,1.4449723482853438e-07,1.4449727098068485e-07,3.615215046191336e-14
pccv1_n01_random_sparse_r04,1,random_sparse,4,18,13,L18H13,1.5,1,1,True,True,-0.0033980030566453934,-0.002912804950028658,0.00048519810661673546,12.6875,12.625,-0.0625,7.975442374287852e-05,8.259695703689067e-05,2.8425332940121517e-06,3.463690613890583e-05,3.5871402663121585e-05,1.234496524215754e-06,1.000012795646705,1.0000129294043716,1.3375766649836862e-07,0.9999945343032043,0.9999943100366222,0.9999914448160976,0.9999910212954538,0.9966132276421327,0.9970970859902692,0.0004838583481365788,4.931620992352712e-07,3.041348866780872e-07,2.465810496176356e-07,2.10040203626369e-09,False,1,0.9999945343032043,0.9999943100366222,-2.2426658208285488e-07,3.0894871067204975e-06,3.288741168443201e-06,1.992540617227034e-07,7.338175081731096e-07,7.811444961215832e-07,4.732698794847363e-08,3.466308466767332e-07,3.466307689385931e-07,-7.77381401002404e-14,3.6898661557738856e-07,3.689865328255692e-07,-8.275181938283867e-14,4.450828173409169e-07,4.450827175231692e-07,-9.981774772456001e-14,2.2380169537128534e-07,2.1024218896102223e-07,-1.3559506410263113e-08,5.31575619995399e-08,5.3157550078009995e-08,-1.1921529905444661e-14,6.023540914858255e-08,6.023539563971938e-08,-1.3508863163503218e-14,1.4449723482853438e-07,1.3574255949565844e-07,-8.754675332875941e-09
pccv1_n01_random_sparse_r05,1,random_sparse,5,18,13,L18H13,1.0,1,1,True,True,-0.002008565468713641,-0.002008565468713641,0.0,13.1875,13.1875,0.0,5.697651250345576e-05,5.697651250345576e-05,0.0,2.4744584978342468e-05,2.4744584978342468e-05,0.0,1.0000093530029948,1.0000093530029948,0.0,0.9999962178102209,0.9999962178102209,0.9999943439384131,0.9999943439384131,0.9979972438531206,0.9979972438531206,0.0,0.0,0.0,0.0,0.0,False,0,0.9999962178102209,0.9999962178102209,0.0,1.8738718077011265e-06,1.8738718077011265e-06,0.0,6.893589134440108e-07,6.893589134440108e-07,0.0,2.3823606569276113e-07,2.3823606569276113e-07,0.0,2.873675489416524e-07,2.873675489416524e-07,0.0,3.466314302353853e-07,3.466314302353853e-07,0.0,1.6373709377197646e-07,1.6373709377197646e-07,0.0,3.653468395557959e-08,3.653468395557959e-08,0.0,5.315765149115764e-08,5.315765149115764e-08,0.0,9.329458380262878e-08,9.329458380262878e-08,0.0
pccv1_n01_random_sparse_r05,1,random_sparse,5,18,13,L18H13,0.5,1,1,True,True,-0.002008565468713641,-0.002041400643065572,-3.283517435193062e-05,13.1875,13.1875,0.0,5.697651250345576e-05,5.621708906236192e-05,-7.59423441093845e-07,2.4744584978342468e-05,2.4414771568447432e-05,-3.298134098950356e-07,1.0000093530029948,1.0000092539811714,-9.90218234075968e-08,0.9999962178102209,0.9999962709699037,0.9999943439384131,0.9999943970979964,0.9979972438531206,0.9979644081229395,-3.2835730181091094e-05,1.1835363208632009e-07,7.006922795943722e-08,5.917681604316004e-08,5.092437754490558e-10,False,1,0.9999962178102209,0.9999962709699037,5.315968287789019e-08,1.8738718077011265e-06,1.8738719073159342e-06,9.961480768306251e-14,6.893589134440108e-07,6.475928026821643e-07,-4.176611076184648e-08,2.3823606569276113e-07,2.3823607835736273e-07,1.2664601602173215e-14,2.873675489416524e-07,2.699568436553528e-07,-1.7410705286299636e-08,3.466314302353853e-07,3.466314486622719e-07,1.8426886618321366e-14,1.6373709377197646e-07,1.6373710247622136e-07,8.704244900116669e-15,3.653468395557959e-08,3.653468589775914e-08,1.9421795530419388e-15,5.315765149115764e-08,5.3157654317012226e-08,2.8258545831116436e-15,9.329458380262878e-08,9.931157278433761e-08,6.016988981708833e-09
pccv1_n01_random_sparse_r05,1,random_sparse,5,18,13,L18H13,1.5,1,1,True,True,-0.002008565468713641,-0.0016321921721100807,0.00037637329660356045,13.1875,13.4375,0.25,5.697651250345576e-05,4.544944534876823e-05,-1.1527067154687532e-05,2.4744584978342468e-05,1.9738443320533454e-05,-5.006141657809014e-06,1.0000093530029948,1.000007413359978,-1.939643016868331e-06,0.9999962178102209,0.9999970323284698,0.9999943439384131,0.99999557295445,0.9979972438531206,0.9983721201548228,0.0003748763017021872,1.6290364978714982e-06,9.33059295941351e-07,8.145182489357491e-07,2.480352967378368e-08,False,1,0.9999962178102209,0.9999970323284698,8.14518248959395e-07,1.8738718077011265e-06,1.4593740199033651e-06,-4.144977877977614e-07,6.893589134440108e-07,5.368736989021714e-07,-1.5248521454183942e-07,2.3823606569276113e-07,1.8553858564238543e-07,-5.26974800503757e-08,2.873675489416524e-07,2.2380225443663053e-07,-6.356529450502188e-08,3.466314302353853e-07,2.8736778300865045e-07,-5.926364722673485e-08,1.6373709377197646e-07,1.2751868071405208e-07,-3.621841305792438e-08,3.653468395557959e-08,2.8453263649642935e-08,-8.081420305936653e-09,5.315765149115764e-08,4.139925432809862e-08,-1.175839716305902e-08,9.329458380262878e-08,7.734398953917868e-08,-1.5950594263450095e-08
pccv1_n01_row_r00,1,row,0,18,13,L18H13,1.0,1,1,True,True,-0.002695738337934017,-0.002695738337934017,0.0,13.3125,13.3125,0.0,4.914431506401361e-05,4.914431506401361e-05,0.0,2.1343104849215965e-05,2.1343104849215965e-05,0.0,1.0000079274838458,1.0000079274838458,0.0,0.9999967692954513,0.9999967692954513,0.9999951156084732,0.9999951156084732,0.9973111186317105,0.9973111186317105,0.0,0.0,0.0,0.0,0.0,False,0,0.9999967692954513,0.9999967692954513,0.0,1.6536869781237313e-06,1.6536869781237313e-06,0.0,5.043460331696004e-07,5.043460331696004e-07,0.0,2.3823619707692967e-07,2.3823619707692967e-07,0.0,2.5360111170205474e-07,2.5360111170205474e-07,0.0,2.8736770742121075e-07,2.8736770742121075e-07,0.0,1.444975577804991e-07,1.444975577804991e-07,0.0,3.224176320861976e-08,3.224176320861976e-08,0.0,4.406926524388288e-08,4.406926524388288e-08,0.0,7.265793499171557e-08,7.265793499171557e-08,0.0
pccv1_n01_row_r00,1,row,0,18,13,L18H13,0.5,1,1,True,True,-0.002695738337934017,-0.003406557021662593,-0.0007108186837285757,13.3125,13.25,-0.0625,4.914431506401361e-05,5.263649754322516e-05,3.4921824792115506e-06,2.1343104849215965e-05,2.285974042973676e-05,1.5166355805207939e-06,1.0000079274838458,1.0000086283144525,7.00830606659153e-07,0.9999967692954513,0.9999965264009061,0.9999951156084732,0.9999947660607087,0.9973111186317105,0.9966027187905375,-0.0007083998411729908,4.857890903185232e-07,2.7136821995114253e-07,2.428945451592616e-07,2.4199382086337196e-09,False,1,0.9999967692954513,0.9999965264009061,-2.428945452548348e-07,1.6536869781237313e-06,1.7603401974188145e-06,1.0665321929508319e-07,5.043460331696004e-07,5.368734272821627e-07,3.252739411256227e-08,2.3823619707692967e-07,2.53601050103529e-07,1.536485302659935e-08,2.5360111170205474e-07,2.8736763762093663e-07,3.376652591888189e-08,2.8736770742121075e-07,3.0590125791980246e-07,1.853355049859171e-08,1.444975577804991e-07,1.6373714429990954e-07,1.9239586519410436e-08,3.224176320861976e-08,3.6534695229885385e-08,4.292932021265625e-09,4.406926524388288e-08,4.691147726611322e-08,2.8422120222303413e-09,7.265793499171557e-08,8.233220664077919e-08,9.674271649063614e-09
pccv1_n01_row_r00,1,row,0,18,13,L18H13,1.5,1,1,True,True,-0.002695738337934017,-0.002337939338758588,0.00035779899917542934,13.3125,13.3125,0.0,4.914431506401361e-05,4.7461235590302724e-05,-1.6830794737108872e-06,2.1343104849215965e-05,2.0612152721178696e-05,-7.309521280372689e-07,1.0000079274838458,1.0000074266401529,-5.008436929632154e-07,0.9999967692954513,0.9999968793312142,0.9999951156084732,0.9999952256440541,0.9973111186317105,0.9976679226181417,0.0003568039864312311,2.20071942146211e-07,1.2151819820833296e-07,1.100359710731055e-07,1.32548691183146e-09,False,1,0.9999967692954513,0.9999968793312142,1.1003576283474814e-07,1.6536869781237313e-06,1.6536871600890273e-06,1.8196529602628895e-13,5.043460331696004e-07,4.7378930387161143e-07,-3.055672929798902e-08,2.3823619707692967e-07,2.3823622329151603e-07,2.6214586362381057e-14,2.5360111170205474e-07,2.3823622329151603e-07,-1.5364888410538708e-08,2.8736770742121075e-07,2.5360113960733665e-07,-3.37665678138741e-08,1.444975577804991e-07,1.27518661203986e-07,-1.69788965765131e-08,3.224176320861976e-08,2.8453259296358763e-08,-3.788503912260998e-09,4.406926524388288e-08,3.889099435631919e-08,-5.178270887563687e-09,7.265793499171557e-08,6.825582075887469e-08,-4.402114232840879e-09
pccv1_n01_row_r01,1,row,1,18,13,L18H13,1.0,1,1,True,True,-0.004570395220071077,-0.004570395220071077,0.0,13.0,13.0,0.0,6.319142378168876e-05,6.319142378168876e-05,0.0,2.7443686651997344e-05,2.7443686651997344e-05,0.0,1.0000103271103442,1.0000103271103442,0.0,0.9999957620518405,0.9999957620518405,0.9999935017320126,0.9999935017320126,0.9954442248972448,0.9954442248972448,0.0,0.0,0.0,0.0,0.0,False,0,0.9999957620518405,0.9999957620518405,0.0,2.260319827822204e-06,2.260319827822204e-06,0.0,6.083568286185239e-07,6.083568286185239e-07,0.0,3.0590102410364964e-07,3.0590102410364964e-07,0.0,3.0590102410364964e-07,3.0590102410364964e-07,0.0,3.689870686026787e-07,3.689870686026787e-07,0.0,1.6373701914714156e-07,1.6373701914714156e-07,0.0,4.406922085525362e-08,4.406922085525362e-08,0.0,5.315762726402086e-08,5.315762726402086e-08,0.0,1.2751851872957146e-07,1.2751851872957146e-07,0.0
pccv1_n01_row_r01,1,row,1,18,13,L18H13,0.5,1,1,True,True,-0.004570395220071077,-0.004496582318097353,7.381290197372437e-05,13.0,13.0625,0.0625,6.319142378168876e-05,6.0821634352564176e-05,-2.369789429124586e-06,2.7443686651997344e-05,2.641450017965588e-05,-1.0291864723414638e-06,1.0000103271103442,1.000010151636289,-1.7547405528617332e-07,0.9999957620518405,0.9999959404005523,0.9999935017320126,0.9999938170262012,0.9954442248972448,0.9955175401856167,7.331528837184464e-05,3.8467481345188594e-07,2.2888344169365554e-07,1.9233740672594297e-07,1.61165918586536e-09,False,1,0.9999957620518405,0.9999959404005523,1.7834871179900347e-07,2.260319827822204e-06,2.123374351095103e-06,-1.3694547672710125e-07,6.083568286185239e-07,5.71498453582447e-07,-3.6858375036076836e-08,3.0590102410364964e-07,2.873674692228144e-07,-1.853355488083525e-08,3.0590102410364964e-07,3.059010786609344e-07,5.455728477122342e-14,3.689870686026787e-07,3.68987134411326e-07,6.580864729099816e-14,1.6373701914714156e-07,1.7429718068766347e-07,1.056016154052191e-08,4.406922085525362e-08,4.40692287149757e-08,7.859722082061997e-15,5.315762726402086e-08,5.6586009763854055e-08,3.4283824998331946e-09,1.2751851872957146e-07,1.2751854147243138e-07,2.2742859912417484e-14
pccv1_n01_row_r01,1,row,1,18,13,L18H13,1.5,1,1,True,True,-0.004570395220071077,-0.0037867759820073843,0.000783619238063693,13.0,13.125,0.125,6.319142378168876e-05,5.846048033010017e-05,-4.730943451588592e-06,2.7443686651997344e-05,2.5389064016776096e-05,-2.0546226352212482e-06,1.0000103271103442,1.000009750888824,-5.762215202764764e-07,0.9999957620518405,0.999996113118893,0.9999935017320126,0.9999941183929458,0.9954442248972448,0.9962242820755627,0.0007800571783178611,7.021345028415802e-07,4.427749700496714e-07,3.510672514207901e-07,4.814856802264057e-09,False,1,0.9999957620518405,0.999996113118893,3.5106705253973303e-07,2.260319827822204e-06,1.994725947188922e-06,-2.6559388063328194e-07,6.083568286185239e-07,5.714985522911124e-07,-3.685827632741145e-08,3.0590102410364964e-07,2.8736751885664837e-07,-1.853350524700127e-08,3.0590102410364964e-07,3.0590113149587567e-07,1.0739222603532931e-13,3.689870686026787e-07,3.4663139394594337e-07,-2.2355674656735323e-08,1.6373701914714156e-07,1.6373707663005788e-07,5.748291632165838e-14,4.406922085525362e-08,4.4069236326570666e-08,1.547131704570773e-14,5.315762726402086e-08,5.3157645925991474e-08,1.8661970613872553e-14,1.2751851872957146e-07,1.1979260430058426e-07,-7.7259144289872e-09
pccv1_n01_row_r02,1,row,2,18,13,L18H13,1.0,1,1,True,True,-0.003303905250504613,-0.003303905250504613,0.0,13.0625,13.0625,0.0,5.590201060842136e-05,5.590201060842136e-05,0.0,2.4277934734534442e-05,2.4277934734534442e-05,0.0,1.0000084740730313,1.0000084740730313,0.0,0.9999962597474098,0.9999962597474098,0.9999941363723807,0.9999941363723807,0.9967052664923415,0.9967052664923415,0.0,0.0,0.0,0.0,0.0,False,0,0.9999962597474098,0.9999962597474098,0.0,2.1233750291907817e-06,2.1233750291907817e-06,0.0,5.368732841224891e-07,5.368732841224891e-07,0.0,2.5360098247968747e-07,2.5360098247968747e-07,0.0,2.3823607568374982e-07,2.3823607568374982e-07,0.0,3.0590117634987917e-07,3.0590117634987917e-07,0.0,1.3574282415589694e-07,1.3574282415589694e-07,0.0,3.0288318092905434e-08,3.0288318092905434e-08,0.0,3.8890970260013754e-08,3.8890970260013754e-08,0.0,7.734392978449992e-08,7.734392978449992e-08,0.0
pccv1_n01_row_r02,1,row,2,18,13,L18H13,0.5,1,1,True,True,-0.003303905250504613,-0.004204838071018457,-0.0009009328205138445,13.0625,12.9375,-0.125,5.590201060842136e-05,6.24901521085287e-05,6.588141500107338e-06,2.4277934734534442e-05,2.713912823402887e-05,2.8611934994944276e-06,1.0000084740730313,1.0000096109209535,1.13684792224511e-06,0.9999962597474098,0.9999957858365046,0.9999941363723807,0.9999933797385153,0.9967052664923415,0.9958082083201489,-0.0008970581721925441,9.478218105858253e-07,5.572237851337337e-07,4.7391090529291266e-07,7.410336670378246e-09,False,1,0.9999962597474098,0.9999957858365046,-4.7391090518544843e-07,2.1233750291907817e-06,2.40609798932738e-06,2.8272296013659817e-07,5.368732841224891e-07,5.714983652489742e-07,3.4625081126485084e-08,2.5360098247968747e-07,2.8736742480595485e-07,3.376644232626738e-08,2.3823607568374982e-07,2.6995671268978324e-07,3.172063700603342e-08,3.0590117634987917e-07,3.4663128049915187e-07,4.07301041492727e-08,1.3574282415589694e-07,1.6373702304158806e-07,2.7994198885691117e-08,3.0288318092905434e-08,3.4321144527738544e-08,4.03282643483311e-09,3.8890970260013754e-08,4.691144252502246e-08,8.020472265008703e-09,7.734392978449992e-08,8.764211285468725e-08,1.0298183070187327e-08
pccv1_n01_row_r02,1,row,2,18,13,L18H13,1.5,1,1,True,True,-0.003303905250504613,-0.0030415249057114124,0.0002623803447932005,13.0625,13.0625,0.0,5.590201060842136e-05,5.504410920454871e-05,-8.579014038726548e-07,2.4277934734534442e-05,2.3905352888815492e-05,-3.725818457189503e-07,1.0000084740730313,1.0000082613305927,-2.1274243855451402e-07,0.9999962597474098,0.9999963173294294,0.9999941363723807,0.9999941939542779,0.9967052664923415,0.996966755244145,0.00026148875180354025,1.1516436037210701e-07,6.886614918666031e-08,5.7582180186053504e-08,4.4978757720835614e-10,False,1,0.9999962597474098,0.9999963173294294,5.758201959693565e-08,2.1233750291907817e-06,2.1233751514594616e-06,1.22268679928698e-13,5.368732841224891e-07,5.043458052215938e-07,-3.2527478900895293e-08,2.5360098247968747e-07,2.536009970825988e-07,1.4602911326376945e-14,2.3823607568374982e-07,2.3823608940191551e-07,1.3718165692984025e-14,3.0590117634987917e-07,2.873675775403516e-07,-1.853359880952757e-08,1.3574282415589694e-07,1.3574283197227214e-07,7.816375197456038e-15,3.0288318092905434e-08,2.8453243305526354e-08,-1.8350747873790803e-09,3.8890970260013754e-08,3.8890972499442745e-08,2.239428990658013e-15,7.734392978449992e-08,7.265790215269164e-08,-4.6860276318082795e-09
pccv1_n01_row_r03,1,row,3,18,13,L18H13,1.0,1,1,True,True,-0.0027359218802303076,-0.0027359218802303076,0.0,13.25,13.25,0.0,4.955182572418257e-05,4.955182572418257e-05,0.0,2.1520084480244093e-05,2.1520084480244093e-05,0.0,1.0000077218481236,1.0000077218481236,0.0,0.9999967275730328,0.9999967275730328,0.9999949672324813,0.9999949672324813,0.9972711057894958,0.9972711057894958,0.0,0.0,0.0,0.0,0.0,False,0,0.9999967275730328,0.9999967275730328,0.0,1.7603405515514258e-06,1.7603405515514258e-06,0.0,5.043460121269962e-07,5.043460121269962e-07,0.0,2.2380218623147427e-07,2.2380218623147427e-07,0.0,2.3823618713710722e-07,2.3823618713710722e-07,0.0,2.6995696691895194e-07,2.6995696691895194e-07,0.0,1.3574288766010576e-07,1.3574288766010576e-07,0.0,2.8453254978330404e-08,2.8453254978330404e-08,0.0,3.88909884542742e-08,3.88909884542742e-08,0.0,7.265793196024101e-08,7.265793196024101e-08,0.0
pccv1_n01_row_r03,1,row,3,18,13,L18H13,0.5,1,1,True,True,-0.0027359218802303076,-0.0030859727412462234,-0.00035005086101591587,13.25,13.3125,0.0625,4.955182572418257e-05,4.7054693458630024e-05,-2.497132265552548e-06,2.1520084480244093e-05,2.043559371673206e-05,-1.0844907635120348e-06,1.0000077218481236,1.000007401429818,-3.204183056659815e-07,0.9999967275730328,0.9999969063358818,0.9999949672324813,0.9999952526486771,0.9972711057894958,0.9969218816345009,-0.00034922415499494264,3.575258925224301e-07,2.1267885717417603e-07,1.7876294626121505e-07,1.6148080915234344e-09,False,1,0.9999967275730328,0.9999969063358818,1.7876284896800598e-07,1.7603405515514258e-06,1.6536872047464388e-06,-1.06653346804987e-07,5.043460121269962e-07,4.7378931666617407e-07,-3.055669546082214e-08,2.2380218623147427e-07,2.1024273481576766e-07,-1.3559451415706609e-08,2.3823618713710722e-07,2.1024273481576766e-07,-2.7993452321339554e-08,2.6995696691895194e-07,2.6995701517738637e-07,4.825843442618952e-14,1.3574288766010576e-07,1.3574291192597048e-07,2.426586472390122e-14,2.8453254978330404e-08,2.8453260064731972e-08,5.086401567600029e-15,3.88909884542742e-08,3.889099540656085e-08,6.9522866462387315e-15,7.265793196024101e-08,7.265794494882243e-08,1.298858142098861e-14
pccv1_n01_row_r03,1,row,3,18,13,L18H13,1.5,1,1,True,True,-0.0027359218802303076,-0.002171779051423073,0.0005641428288072348,13.25,13.4375,0.1875,4.955182572418257e-05,4.134460412203307e-05,-8.207221602149504e-06,2.1520084480244093e-05,1.79557334266734e-05,-3.564351053570692e-06,1.0000077218481236,1.0000063281441955,-1.3937039280431662e-06,0.9999967275730328,0.9999973024100027,0.9999949672324813,0.9999958430355886,0.9972711057894958,0.9978332614891787,0.0005621556996828758,1.149673939745452e-06,6.600237839211335e-07,5.74836969872726e-07,1.3977951876762105e-08,False,1,0.9999967275730328,0.9999973024100027,5.748369699132283e-07,1.7603405515514258e-06,1.4593744140545073e-06,-3.009661374969185e-07,5.043460121269962e-07,4.1811777004164554e-07,-8.622824208535067e-08,2.2380218623147427e-07,1.8553863575307977e-07,-3.826355047839451e-08,2.3823618713710722e-07,1.8553863575307977e-07,-5.269755138402745e-08,2.6995696691895194e-07,2.2380231488166586e-07,-4.6154652037286086e-08,1.3574288766010576e-07,1.1253487114549745e-07,-2.3208016514608313e-08,2.8453254978330404e-08,2.2159429996148023e-08,-6.293824982182381e-09,3.88909884542742e-08,3.028834967351983e-08,-8.602638780754371e-09,7.265793196024101e-08,6.023557588753946e-08,-1.242235607270155e-08
pccv1_n01_row_r04,1,row,4,18,13,L18H13,1.0,1,1,True,True,-0.0028798794373869896,-0.0028798794373869896,0.0,13.125,13.125,0.0,5.5490841024983304e-05,5.5490841024983304e-05,0.0,2.4099366053320835e-05,2.4099366053320835e-05,0.0,1.0000087186888504,1.0000087186888504,0.0,0.99999630485533,0.99999630485533,0.9999943101290003,0.9999943101290003,0.997127939235547,0.997127939235547,0.0,0.0,0.0,0.0,0.0,False,0,0.99999630485533,0.99999630485533,0.0,1.9947263296520547e-06,1.9947263296520547e-06,0.0,5.714986618686344e-07,5.714986618686344e-07,0.0,2.5360099391914314e-07,2.5360099391914314e-07,0.0,2.5360099391914314e-07,2.5360099391914314e-07,0.0,3.059011901484966e-07,3.059011901484966e-07,0.0,1.5381677814555742e-07,1.5381677814555742e-07,0.0,3.028831945915358e-08,3.028831945915358e-08,0.0,4.406924477628186e-08,4.406924477628186e-08,0.0,8.764215834278541e-08,8.764215834278541e-08,0.0
pccv1_n01_row_r04,1,row,4,18,13,L18H13,0.5,1,1,True,True,-0.0028798794373869896,-0.00359341804869473,-0.0007135386113077402,13.125,13.0625,-0.0625,5.5490841024983304e-05,6.075289322425799e-05,5.262052199274686e-06,2.4099366053320835e-05,2.63846462869527e-05,2.285280233631865e-06,1.0000087186888504,1.0000099587735436,1.2400846931548415e-06,0.99999630485533,0.999995941243074,0.9999943101290003,0.9999938178687211,0.997127939235547,0.9964170962966961,-0.0007108429388509308,7.272245118508978e-07,3.973316682077653e-07,3.636122559254489e-07,5.4699582504025105e-09,False,1,0.99999630485533,0.999995941243074,-3.6361225597136837e-07,1.9947263296520547e-06,2.123374352884099e-06,1.2864802323204442e-07,5.714986618686344e-07,6.083569376311964e-07,3.685827576256202e-08,2.5360099391914314e-07,2.873674694649287e-07,3.376647554578556e-08,2.5360099391914314e-07,2.873674694649287e-07,3.376647554578556e-08,3.059011901484966e-07,3.689871347222069e-07,6.308594457371031e-08,1.5381677814555742e-07,1.8553838320334348e-07,3.1721605057786064e-08,3.028831945915358e-08,3.889095787302478e-08,8.602638413871202e-09,4.406924477628186e-08,5.3157636789442034e-08,9.088392013160173e-09,8.764215834278541e-08,1.0571658407760948e-07,1.807442573482407e-08
pccv1_n01_row_r04,1,row,4,18,13,L18H13,1.5,1,1,True,True,-0.0028798794373869896,-0.00264711189083755,0.00023276754654943943,13.125,13.125,0.0,5.5490841024983304e-05,5.4845548528693524e-05,-6.452924962897804e-07,2.4099366053320835e-05,2.3819119082968607e-05,-2.80246970352227e-07,1.0000087186888504,1.0000085935227958,-1.251660546319755e-07,0.99999630485533,0.9999963487998103,0.9999943101290003,0.999994354073393,0.997127939235547,0.9973600563562641,0.00023211712071713464,8.788922184693547e-08,5.6717544205487704e-08,4.3944610923467734e-08,3.4326140648422937e-10,False,1,0.99999630485533,0.9999963487998103,4.3944480276891795e-08,1.9947263296520547e-06,1.9947264173095903e-06,8.765753558128211e-14,5.714986618686344e-07,5.368733319325225e-07,-3.462532993611184e-08,2.5360099391914314e-07,2.5360100506354816e-07,1.1144405022546982e-14,2.5360099391914314e-07,2.5360100506354816e-07,1.1144405022546982e-14,3.059011901484966e-07,3.059012035912151e-07,1.3442718493001028e-14,1.5381677814555742e-07,1.444974970197096e-07,-9.319281125847807e-09,3.028831945915358e-08,3.028832079016295e-08,1.3310093753419314e-15,4.406924477628186e-08,4.406924671288907e-08,1.9366072078320835e-15,8.764215834278541e-08,8.764216219418874e-08,3.8514033305072585e-15
pccv1_n01_row_r05,1,row,5,18,13,L18H13,1.0,1,1,True,True,-0.002973779570311308,-0.002973779570311308,0.0,13.25,13.25,0.0,5.05440818167145e-05,5.05440818167145e-05,0.0,2.1951015825865592e-05,2.1951015825865592e-05,0.0,1.0000081496608595,1.0000081496608595,0.0,0.9999966651550977,0.9999966651550977,0.999994904814656,0.999994904814656,0.997033940760204,0.997033940760204,0.0,0.0,0.0,0.0,0.0,False,0,0.9999966651550977,0.9999966651550977,0.0,1.760340441674244e-06,1.760340441674244e-06,0.0,5.043459806466565e-07,5.043459806466565e-07,0.0,2.238021722621582e-07,2.238021722621582e-07,0.0,2.3823617226684768e-07,2.3823617226684768e-07,0.0,2.873676774945394e-07,2.873676774945394e-07,0.0,1.5381683356591164e-07,1.5381683356591164e-07,0.0,3.224175985094029e-08,3.224175985094029e-08,0.0,4.1399239127349695e-08,4.1399239127349695e-08,0.0,9.329462553764072e-08,9.329462553764072e-08,0.0
pccv1_n01_row_r05,1,row,5,18,13,L18H13,0.5,1,1,True,True,-0.002973779570311308,-0.003381726797670126,-0.00040794722735881805,13.25,13.1875,-0.0625,5.05440818167145e-05,5.2090099087687475e-05,1.5460172709729769e-06,2.1951015825865592e-05,2.262244259557628e-05,6.71426769710687e-07,1.0000081496608595,1.0000082845522733,1.3489141381661796e-07,0.9999966651550977,0.9999965489532727,0.999994904814656,0.9999946750808445,0.997033940760204,0.9966274323277524,-0.0004065084324516022,2.3240400604536e-07,1.6247924506457837e-07,1.1620200302268e-07,9.076803082419217e-10,False,1,0.9999966651550977,0.9999965489532727,-1.1620182494009867e-07,1.760340441674244e-06,1.8738724282231027e-06,1.1353198654885876e-07,5.043459806466565e-07,5.043459220405377e-07,-5.860611877624145e-14,2.238021722621582e-07,2.2380214625585062e-07,-2.6006307578096125e-14,2.3823617226684768e-07,2.3823614458327738e-07,-2.768357029769489e-14,2.873676774945394e-07,2.8736764410177947e-07,-3.339275992704713e-14,1.5381683356591164e-07,1.5381681569205527e-07,-1.787385637183931e-14,3.224175985094029e-08,3.2241756104376456e-08,-3.746563832546662e-15,4.1399239127349695e-08,4.4069255533533594e-08,2.6700164061838984e-09,9.329462553764072e-08,9.329461469659883e-08,-1.0841041893023528e-14
pccv1_n01_row_r05,1,row,5,18,13,L18H13,1.5,1,1,True,True,-0.002973779570311308,-0.0025395068805664778,0.00043427268974483013,13.25,13.4375,0.1875,5.05440818167145e-05,4.307405735697195e-05,-7.470024459742548e-06,2.1951015825865592e-05,1.8706825423317082e-05,-3.2441904025485096e-06,1.0000081496608595,1.0000069376930483,-1.2119678112210153e-06,0.9999966651550977,0.9999971930323847,0.999994904814656,0.9999957336581302,0.997033940760204,0.9974665030117453,0.000432562251541313,1.0557545737451082e-06,6.166731755907044e-07,5.278772868725541e-07,1.163032194487714e-08,False,1,0.9999966651550977,0.9999971930323847,5.278772869932169e-07,1.760340441674244e-06,1.4593742544311793e-06,-3.009661872430646e-07,5.043459806466565e-07,4.1811772430879644e-07,-8.622825633786008e-08,2.238021722621582e-07,1.9750482807166413e-07,-2.6297344190494075e-08,2.3823617226684768e-07,2.1024279509181097e-07,-2.7993377175036707e-08,2.873676774945394e-07,2.5360121916255925e-07,-3.3766458331980144e-08,1.5381683356591164e-07,1.275187012068641e-07,-2.6298132359047543e-08,3.224175985094029e-08,2.672937184767716e-08,-5.5123880032631295e-09,4.1399239127349695e-08,3.6534719585147885e-08,-4.86451954220181e-09,9.329462553764072e-08,7.734400196869748e-08,-1.5950623568943247e-08
pccv1_n02_dense_r00,2,dense,0,18,13,L18H13,1.0,2,2,True,True,-0.0012710357550531626,-0.0012710357550531626,0.0,10.125,10.125,0.0,0.0005362682923562597,0.0005362682923562597,0.0,0.00023289836019000336,0.00023289836019000336,0.0,1.9999714007037173,1.9999714007037173,0.0,0.999953498515018,0.999953498515018,0.999913435080721,0.999913435080721,0.9987762099888577,0.9987762099888577,0.0,0.0,0.0,0.0,0.0,False,0,4.006343429712605e-05,4.006343429712605e-05,0.0,0.999953498515018,0.999953498515018,0.0,4.494992751703636e-06,4.494992751703636e-06,0.0,7.337873952286886e-07,7.337873952286886e-07,0.0,4.450645529168714e-07,4.450645529168714e-07,0.0,2.1023360860856346e-07,2.1023360860856346e-07,0.0,2.5359013814858033e-07,2.5359013814858033e-07,0.0,1.4449130523820312e-07,1.4449130523820312e-07,0.0,5.6583608137155174e-08,5.6583608137155174e-08,0.0,9.930732496873084e-08,9.930732496873084e-08,0.0
pccv1_n02_dense_r00,2,dense,0,18,13,L18H13,0.5,2,2,True,True,-0.0012710357550531626,-0.0012965138303115964,-2.547807525843382e-05,10.125,9.625,-0.5,0.0005362682923562597,0.0007803817381951957,0.0002441134458389361,0.00023289836019000336,0.0003389154826762416,0.00010601712248623825,1.9999714007037173,1.999944287020686,-2.71136830312102e-05,0.999953498515018,0.9999284501661896,0.999913435080721,0.9998623983844931,0.9987762099888577,0.9987757764717529,-4.335171048808206e-07,5.1989499047003435e-05,3.610295355152168e-05,2.5994749523501718e-05,1.629354463672264e-06,False,1,4.006343429712605e-05,6.605178169651326e-05,2.5988347399387207e-05,0.999953498515018,0.9999284501661896,-2.5048348828438094e-05,4.494992751703636e-06,3.72638653066354e-06,-7.686062210400962e-07,7.337873952286886e-07,6.083158787996977e-07,-1.2547151642899087e-07,4.450645529168714e-07,3.92758250749713e-07,-5.2306302167158355e-08,2.1023360860856346e-07,2.1022834235891114e-07,-5.266249652311553e-12,2.5359013814858033e-07,2.535837858389487e-07,-6.352309631636451e-12,1.4449130523820312e-07,1.4448768580127764e-07,-3.6194369254805273e-12,5.6583608137155174e-08,5.6582190745289756e-08,-1.4173918654183608e-12,9.930732496873084e-08,1.057094491225465e-07,6.4021241538156575e-09
pccv1_n02_dense_r00,2,dense,0,18,13,L18H13,1.5,2,2,True,True,-0.0012710357550531626,-0.001424132497049868,-0.00015309674199670553,10.125,10.375,0.25,0.0005362682923562597,0.0004711578674770335,-6.511042487922615e-05,0.00023289836019000336,0.00020462126195057922,-2.8277098239424137e-05,1.9999714007037173,1.9999830733425847,1.1672638867477048e-05,0.999953498515018,0.9999603213234369,0.999913435080721,0.9999291196765425,0.9987762099888577,0.9986165032840901,-0.00015970670476761484,1.7723574805536647e-05,1.1307318089226844e-05,8.861787402768324e-06,3.505480906017979e-07,False,1,4.006343429712605e-05,3.120164689443791e-05,-8.861787402688145e-06,0.999953498515018,0.9999603213234369,6.822808418904813e-06,4.494992751703636e-06,6.1439685591135074e-06,1.6489758074098714e-06,7.337873952286886e-07,9.422080946791348e-07,2.084206994504462e-07,4.450645529168714e-07,5.368539896706184e-07,9.178943675374701e-08,2.1023360860856346e-07,2.535918684259703e-07,4.3358259817406855e-08,2.5359013814858033e-07,2.6994713876607227e-07,1.6357000617491934e-08,1.4449130523820312e-07,1.5381124325416312e-07,9.31993801596e-09,5.6583608137155174e-08,6.411806551219279e-08,7.534457375037618e-09,9.930732496873084e-08,1.1253070947245946e-07,1.3223384503728616e-08
pccv1_n02_dense_r01,2,dense,1,18,13,L18H13,1.0,2,2,True,True,-0.0012230543652549386,-0.0012230543652549386,0.0,11.375,11.375,0.0,0.00022207739300077553,0.00022207739300077553,0.0,9.644698633569665e-05,9.644698633569665e-05,0.0,1.9999981490127277,1.9999981490127277,0.0,0.9999828387118741,0.9999828387118741,0.9999713600089761,0.9999713600089761,0.998794828155269,0.998794828155269,0.0,0.0,0.0,0.0,0.0,False,0,1.1478702898002157e-05,1.1478702898002157e-05,0.0,0.9999828387118741,0.9999828387118741,0.0,4.222778807490049e-06,4.222778807490049e-06,0.0,4.737826515555887e-07,4.737826515555887e-07,0.0,3.927796138283016e-07,3.927796138283016e-07,0.0,1.444955448386905e-07,1.444955448386905e-07,0.0,1.975019930161017e-07,1.975019930161017e-07,0.0,1.275168707574179e-07,1.275168707574179e-07,0.0,4.1398666721211515e-08,4.1398666721211515e-08,0.0,8.233107969922282e-08,8.233107969922282e-08,0.0
pccv1_n02_dense_r01,2,dense,1,18,13,L18H13,0.5,2,2,True,True,-0.0012230543652549386,-0.0011841197265312076,3.893463872373104e-05,11.375,11.0,-0.375,0.00022207739300077553,0.00026784896397757853,4.577157097680301e-05,9.644698633569665e-05,0.00011632532703896523,1.9878340703268578e-05,1.9999981490127277,1.9999918919053599,-6.257107367790837e-06,0.9999828387118741,0.9999786142267901,0.9999713600089761,0.9999619128831787,0.998794828155269,0.9988379703041304,4.3142148861363694e-05,1.047609481558825e-05,6.78222737613898e-06,5.238047407794125e-06,2.7367697030406526e-07,False,1,1.1478702898002157e-05,1.670134361146034e-05,5.222640713458185e-06,0.9999828387118741,0.9999786142267901,-4.224485083970109e-06,4.222778807490049e-06,3.28868954869352e-06,-9.340892587965289e-07,4.737826515555887e-07,4.1810995615907594e-07,-5.567269539651275e-08,3.927796138283016e-07,3.6898074125016546e-07,-2.3798872578136117e-08,1.444955448386905e-07,1.4449493440894089e-07,-6.10429749619577e-13,1.975019930161017e-07,2.102388890208291e-07,1.2736896004727407e-08,1.275168707574179e-07,1.2751633205505458e-07,-5.387023633125812e-13,4.1398666721211515e-08,4.40684651607617e-08,2.669798439550184e-09,8.233107969922282e-08,8.233073188683578e-08,-3.4781238703797124e-13
pccv1_n02_dense_r01,2,dense,1,18,13,L18H13,1.5,2,2,True,True,-0.0012230543652549386,-0.0012490098597481847,-2.595549449324608e-05,11.375,11.75,0.375,0.00022207739300077553,0.00019586692731665277,-2.6210465684122755e-05,9.644698633569665e-05,8.50639257209676e-05,-1.1383060614729052e-05,1.9999981490127277,2.0000028766723568,4.727659629111258e-06,0.9999828387118741,0.999985186085645,0.9999713600089761,0.9999772968776895,0.998794828155269,0.9987665551709242,-2.8272984344823726e-05,7.270362252087785e-06,4.454052960405571e-06,3.6351811260438927e-06,2.065000230387311e-07,False,1,1.1478702898002157e-05,7.889207955417914e-06,-3.5894949425842424e-06,0.9999828387118741,0.999985186085645,2.347373770916761e-06,4.222778807490049e-06,5.422168045911178e-06,1.1993892384211296e-06,4.737826515555887e-07,5.368673389470937e-07,6.3084687391505e-08,3.927796138283016e-07,4.1811270397745785e-07,2.533309014915627e-08,1.444955448386905e-07,1.4449588402956344e-07,3.3919087293107386e-13,1.975019930161017e-07,1.7429530623328538e-07,-2.3206686782816312e-08,1.275168707574179e-07,1.125335076328189e-07,-1.4983363124598986e-08,4.1398666721211515e-08,3.889053959295259e-08,-2.5081271282589225e-09,8.233107969922282e-08,7.734307330077847e-08,-4.988006398444351e-09
pccv1_n02_dense_r02,2,dense,2,18,13,L18H13,1.0,2,2,True,True,-0.0011723319767042994,-0.0011723319767042994,0.0,10.5,10.5,0.0,0.0003918921689157519,0.0003918921689157519,0.0,0.0001701966064612081,0.0001701966064612081,0.0,1.9999807277718127,1.9999807277718127,0.0,0.9999670914415401,0.9999670914415401,0.9999395558983751,0.9999395558983751,0.9988612225818052,0.9988612225818052,0.0,0.0,0.0,0.0,0.0,False,0,2.7535543164893952e-05,2.7535543164893952e-05,0.0,0.9999670914415401,0.9999670914415401,0.0,4.222712309109409e-06,4.222712309109409e-06,0.0,4.1810513826480576e-07,4.1810513826480576e-07,0.0,3.058922536974285e-07,3.058922536974285e-07,0.0,1.1978912770475987e-07,1.1978912770475987e-07,0.0,1.538122846157654e-07,1.538122846157654e-07,0.0,7.73416737846608e-08,7.73416737846608e-08,0.0,2.8452411731165005e-08,2.8452411731165005e-08,0.0,4.69100964238896e-08,4.69100964238896e-08,0.0
pccv1_n02_dense_r02,2,dense,2,18,13,L18H13,0.5,2,2,True,True,-0.0011723319767042994,-0.0013079430209472775,-0.0001356110442429781,10.5,9.875,-0.625,0.0003918921689157519,0.0006245539990613956,0.0002326618301456437,0.0001701966064612081,0.0002712403554429728,0.0001010437489817647,1.9999807277718127,1.9999559427181541,-2.4785053658549216e-05,0.9999670914415401,0.999943982224844,0.9999395558983751,0.999892540246491,0.9988612225818052,0.9987488774343731,-0.00011234514743208024,4.7832702888822963e-05,3.325776133718951e-05,2.3916351444411482e-05,1.8561806570729655e-06,False,1,2.7535543164893952e-05,5.14419783530918e-05,2.390643518819785e-05,0.9999670914415401,0.999943982224844,-2.3109216696015622e-05,4.222712309109409e-06,3.5006705596639847e-06,-7.220417494454239e-07,4.1810513826480576e-07,3.689679624351316e-07,-4.913717582967417e-08,3.058922536974285e-07,2.6994272789813967e-07,-3.594952579928885e-08,1.1978912770475987e-07,1.1978635938074837e-07,-2.768324011498763e-12,1.538122846157654e-07,1.6372854083668657e-07,9.916256220921171e-09,7.73416737846608e-08,7.733988642034209e-08,-1.7873643187146074e-12,2.8452411731165005e-08,2.8451754196578268e-08,-6.575345867370048e-13,4.69100964238896e-08,4.6909012332630226e-08,-1.0840912593708828e-12
pccv1_n02_dense_r02,2,dense,2,18,13,L18H13,1.5,2,2,True,True,-0.0011723319767042994,-0.0011831672163680196,-1.0835239663720131e-05,10.5,10.75,0.25,0.0003918921689157519,0.0003449314515275735,-4.69607173881784e-05,0.0001701966064612081,0.00014980182603330415,-2.0394780427903964e-05,1.9999807277718127,1.9999885512468067,7.823474994061996e-06,0.9999670914415401,0.9999717781826393,0.9999395558983751,0.9999503333795511,0.9988612225818052,0.9988456926939975,-1.5529887807730347e-05,1.2181480153311112e-05,7.779430682029642e-06,6.090740076655556e-06,2.3270518338315336e-07,False,1,2.7535543164893952e-05,2.1444803088192427e-05,-6.0907400767015255e-06,0.9999670914415401,0.9999717781826393,4.6867410992135206e-06,4.222712309109409e-06,5.422095344930952e-06,1.1993830358215435e-06,4.1810513826480576e-07,5.368601405752501e-07,1.1875500231044431e-07,3.058922536974285e-07,3.689782188275835e-07,6.308596513015497e-08,1.1978912770475987e-07,1.357395009467256e-07,1.5950373241965745e-08,1.538122846157654e-07,1.538130055178451e-07,7.209020797039595e-13,7.73416737846608e-08,8.233016905828111e-08,4.988495273620309e-09,2.8452411731165005e-08,3.0287576584710824e-08,1.8351648535458189e-09,4.69100964238896e-08,4.6910316286601846e-08,2.198627122487372e-13
pccv1_n02_dense_r03,2,dense,3,18,13,L18H13,1.0,2,2,True,True,-0.0006075443816371262,-0.0006075443816371262,0.0,10.625,10.625,0.0,0.00031512361295966013,0.00031512361295966013,0.0,0.00013685644622579644,0.00013685644622579644,0.0,1.9999799077955218,1.9999799077955218,0.0,0.9999735598298441,0.9999735598298441,0.9999492596411029,0.9999492596411029,0.9994190534794463,0.9994190534794463,0.0,0.0,0.0,0.0,0.0,False,0,2.430018874121604e-05,2.430018874121604e-05,0.0,0.9999735598298441,0.9999735598298441,0.0,1.4593397646470302e-06,1.4593397646470302e-06,0.0,1.7429327980145084e-07,1.7429327980145084e-07,0.0,1.538132795660906e-07,1.538132795660906e-07,0.0,9.329246992778465e-08,9.329246992778465e-08,0.0,1.1253219927009103e-07,1.1253219927009103e-07,0.0,7.734217407710283e-08,7.734217407710283e-08,0.0,1.6211800393583202e-08,1.6211800393583202e-08,0.0,5.3156447041577826e-08,5.3156447041577826e-08,0.0
pccv1_n02_dense_r03,2,dense,3,18,13,L18H13,0.5,2,2,True,True,-0.0006075443816371262,-0.0006840273272246122,-7.648294558748603e-05,10.625,10.375,-0.25,0.00031512361295966013,0.0003850472497378678,6.992363677820769e-05,0.00013685644622579644,0.00016722389583317932,3.0367449607382875e-05,1.9999799077955218,1.9999728666751186,-7.04112040317284e-06,0.9999735598298441,0.9999668427376449,0.9999492596411029,0.9999356408872635,0.9994190534794463,0.9993493512041791,-6.970227526714723e-05,1.383675899791431e-05,9.632355113639773e-06,6.918379498957155e-06,2.1831797690594309e-07,False,1,2.430018874121604e-05,3.1201850381375365e-05,6.9016616401593245e-06,0.9999735598298441,0.9999668427376449,-6.717092199237662e-06,1.4593397646470302e-06,1.2878541711974888e-06,-1.7148559344954147e-07,1.7429327980145084e-07,1.5381224636079217e-07,-2.048103344065867e-08,1.538132795660906e-07,1.4449323345201267e-07,-9.320046114077936e-09,9.329246992778465e-08,9.329184325709337e-08,-6.266706912831927e-13,1.1253219927009103e-07,1.1978909791175677e-07,7.256898641665743e-09,7.734217407710283e-08,8.232976271079248e-08,4.987588633689653e-09,1.6211800393583202e-08,1.7257255765629937e-08,1.0454553720467348e-09,5.3156447041577826e-08,5.6584363236532434e-08,3.4279161949546076e-09
pccv1_n02_dense_r03,2,dense,3,18,13,L18H13,1.5,2,2,True,True,-0.0006075443816371262,-0.0006824786541983485,-7.493427256122231e-05,10.625,10.875,0.25,0.00031512361295966013,0.00026608581910142313,-4.9037793858237e-05,0.00013685644622579644,0.00011555960294845494,-2.1296843277341504e-05,1.9999799077955218,1.999986167814673,6.260019151271834e-06,0.9999735598298441,0.9999782974517422,0.9999492596411029,0.9999593723560598,0.9994190534794463,0.9993394534488722,-7.960003057405629e-05,1.0750186117783354e-05,7.185117341433696e-06,5.375093058891677e-06,1.9039313057650118e-07,False,1,2.430018874121604e-05,1.8925095682335606e-05,-5.3750930588804344e-06,0.9999735598298441,0.9999782974517422,4.737621898009969e-06,1.4593397646470302e-06,1.9946904096772596e-06,5.353506450302293e-07,1.7429327980145084e-07,2.1023882242097063e-07,3.5945542619519794e-08,1.538132795660906e-07,1.855351095895394e-07,3.17218300234488e-08,9.329246992778465e-08,1.0571471882868911e-07,1.2422248900904458e-08,1.1253219927009103e-07,1.1979047010712357e-07,7.258270837032543e-09,7.734217407710283e-08,8.764058012923709e-08,1.0298406052134263e-08,1.6211800393583202e-08,1.725745344911548e-08,1.0456530555322776e-09,5.3156447041577826e-08,5.658501141572753e-08,3.428564374149703e-09
pccv1_n02_dense_r04,2,dense,4,18,13,L18H13,1.0,2,2,True,True,-0.000816012208815664,-0.000816012208815664,0.0,10.5,10.5,0.0,0.0003897424734768984,0.0003897424734768984,0.0,0.00016926300559434146,0.00016926300559434146,0.0,1.9999819106340608,1.9999819106340608,0.0,0.9999673695497703,0.9999673695497703,0.9999398339989473,0.9999398339989473,0.9992169153361807,0.9992169153361807,0.0,0.0,0.0,0.0,0.0,False,0,2.7535550823007147e-05,2.7535550823007147e-05,0.0,0.9999673695497703,0.9999673695497703,0.0,3.5007524355703292e-06,3.5007524355703292e-06,0.0,5.043312054765862e-07,5.043312054765862e-07,0.0,4.181052545471125e-07,4.181052545471125e-07,0.0,1.855330820360464e-07,1.855330820360464e-07,0.0,2.1023652490186652e-07,2.1023652490186652e-07,0.0,1.3573890250421096e-07,1.3573890250421096e-07,0.0,4.691010947040284e-08,4.691010947040284e-08,0.0,9.329189240599724e-08,9.329189240599724e-08,0.0
pccv1_n02_dense_r04,2,dense,4,18,13,L18H13,0.5,2,2,True,True,-0.000816012208815664,-0.0008116050157696009,4.407193046063185e-06,10.5,10.125,-0.375,0.0003897424734768984,0.0005034863667618713,0.00011374389328497293,0.00016926300559434146,0.00021866135079819752,4.9398345203856064e-05,1.9999819106340608,1.9999677487950678,-1.4161838993054232e-05,0.9999673695497703,0.9999560056907864,0.9999398339989473,0.9999159421560385,0.9992169153361807,0.9992326817262942,1.5766390113469697e-05,2.505596784965157e-05,1.6940679877513802e-05,1.2527983924825786e-05,6.256670998746628e-07,False,1,2.7535550823007147e-05,4.006353474786883e-05,1.2527983924861681e-05,0.9999673695497703,0.9999560056907864,-1.1363858983926e-05,3.5007524355703292e-06,2.5611760888118644e-06,-9.395763467584649e-07,5.043312054765862e-07,3.9276907418376705e-07,-1.1156213129281911e-07,4.181052545471125e-07,3.6897239895738585e-07,-4.9132855589726676e-08,1.855330820360464e-07,1.5381057943500024e-07,-3.1722502601046154e-08,2.1023652490186652e-07,1.9749669335000914e-07,-1.2739831551857386e-08,1.3573890250421096e-07,1.2751344903581464e-07,-8.225453468396314e-09,4.691010947040284e-08,4.139755585085041e-08,-5.5125536195524266e-09,9.329189240599724e-08,8.763862642397444e-08,-5.653265982022801e-09
pccv1_n02_dense_r04,2,dense,4,18,13,L18H13,1.5,2,2,True,True,-0.000816012208815664,-0.0008149401983246207,1.0720104910433292e-06,10.5,11.0,0.5,0.0003897424734768984,0.00027932059204985267,-0.00011042188142704575,0.00016926300559434146,0.00012130739180920031,-4.7955613785141145e-05,1.9999819106340608,1.9999930553989191,1.1144764858306289e-05,0.9999673695497703,0.9999777334348834,0.9999398339989473,0.9999610321059826,0.9992169153361807,0.9992076322410739,-9.283095106837891e-06,2.1779096430917467e-05,1.5000347909466568e-05,1.0889548215458733e-05,6.785845231258978e-07,False,1,2.7535550823007147e-05,1.6701328900737454e-05,-1.0834221922269693e-05,0.9999673695497703,0.9999777334348834,1.0363885113107152e-05,3.5007524355703292e-06,3.966913320485807e-06,4.6616088491547815e-07,5.043312054765862e-07,5.368633378030386e-07,3.253213232645242e-08,4.181052545471125e-07,4.450753395222394e-07,2.697008497512685e-08,1.855330820360464e-07,1.7429400725199562e-07,-1.123907478405077e-08,2.1023652490186652e-07,1.855350049423386e-07,-2.470151995952793e-08,1.3573890250421096e-07,1.2751621973729934e-07,-8.222682766911616e-09,4.691010947040284e-08,4.1398455365923726e-08,-5.511654104479111e-09,9.329189240599724e-08,8.76405306973996e-08,-5.6513617085976424e-09
pccv1_n02_dense_r05,2,dense,5,18,13,L18H13,1.0,2,2,True,True,-0.0007634824141860008,-0.0007634824141860008,0.0,10.5,10.5,0.0,0.0003803206243981115,0.0003803206243981115,0.0,0.00016517114853009906,0.00016517114853009906,0.0,1.9999803210361635,1.9999803210361635,0.0,0.9999680569214471,0.9999680569214471,0.9999405213516963,0.9999405213516963,0.9992687418501554,0.9992687418501554,0.0,0.0,0.0,0.0,0.0,False,0,2.753556975078251e-05,2.753556975078251e-05,0.0,0.9999680569214471,0.9999680569214471,0.0,3.089405304743834e-06,3.089405304743834e-06,0.0,4.737756480795368e-07,4.737756480795368e-07,0.0,3.0589254903997247e-07,3.0589254903997247e-07,0.0,1.6373248277245093e-07,1.6373248277245093e-07,0.0,1.6373248277245093e-07,1.6373248277245093e-07,0.0,1.125315799993331e-07,1.125315799993331e-07,0.0,3.432019283562667e-08,3.432019283562667e-08,0.0,6.411856152345386e-08,6.411856152345386e-08,0.0
pccv1_n02_dense_r05,2,dense,5,18,13,L18H13,0.5,2,2,True,True,-0.0007634824141860008,-0.0007413261337205768,2.215628046542406e-05,10.5,10.125,-0.375,0.0003803206243981115,0.0004969056190073878,0.00011658499460927632,0.00016517114853009906,0.00021580336836162813,5.0632219831529064e-05,1.9999803210361635,1.9999663210094996,-1.4000026663962828e-05,0.9999680569214471,0.999956456836998,0.9999405213516963,0.9999163932841748,0.9992687418501554,0.9993024482382857,3.37063881303834e-05,2.505596614447451e-05,1.708789985683077e-05,1.2527983072237255e-05,6.118518824375776e-07,False,1,2.753556975078251e-05,4.006355282317596e-05,1.2527983072393452e-05,0.9999680569214471,0.999956456836998,-1.1600084449114867e-05,3.089405304743834e-06,2.4060033595019593e-06,-6.834019452418748e-07,4.737756480795368e-07,3.6897256542520947e-07,-1.0480308265432734e-07,3.0589254903997247e-07,2.382265931591055e-07,-6.766595588086698e-08,1.6373248277245093e-07,1.357374211762195e-07,-2.799506159623143e-08,1.6373248277245093e-07,1.4449173270988537e-07,-1.924075006256556e-08,1.125315799993331e-07,9.930761876543504e-08,-1.3223961233898054e-08,3.432019283562667e-08,3.028711252518473e-08,-4.033080310441942e-09,6.411856152345386e-08,5.6583775537471194e-08,-7.534785985982662e-09
pccv1_n02_dense_r05,2,dense,5,18,13,L18H13,1.5,2,2,True,True,-0.0007634824141860008,-0.0008428120636381209,-7.932964945212007e-05,10.5,10.75,0.25,0.0003803206243981115,0.0003329510967222216,-4.736952767588992e-05,0.00016517114853009906,0.0001445988240500967,-2.0572324480002362e-05,1.9999803210361635,1.9999881784223847,7.857386221221674e-06,0.9999680569214471,0.9999728052133329,0.9999405213516963,0.9999513603882196,0.9992687418501554,0.9991847205667526,-8.402128340279091e-05,1.2181489275291093e-05,7.806541490787005e-06,6.090744637645547e-06,2.3827956611148447e-07,False,1,2.753556975078251e-05,2.1444825113285005e-05,-6.090744637497504e-06,0.9999680569214471,0.9999728052133329,4.7482918857921774e-06,3.089405304743834e-06,4.22273643751792e-06,1.1333311327740861e-06,4.737756480795368e-07,5.714852318050527e-07,9.770958372551587e-08,3.0589254903997247e-07,3.689785977902345e-07,6.308604875026206e-08,1.6373248277245093e-07,1.855340905643688e-07,2.1801607791917866e-08,1.6373248277245093e-07,1.7429314827338647e-07,1.0560665500935537e-08,1.125315799993331e-07,1.1978981217502376e-07,7.258232175690666e-09,3.432019283562667e-08,3.889005808701475e-08,4.569865251388083e-09,6.411856152345386e-08,6.825417755507176e-08,4.135616031617902e-09
pccv1_n02_distractors_r00,2,distractors,0,18,13,L18H13,1.0,2,2,True,True,-0.004212079104036093,-0.004212079104036093,0.0,9.0,9.0,0.0,0.0014006200461671703,0.0014006200461671703,0.0,0.0006082815572934798,0.0006082815572934798,0.0,1.9998981602221004,1.9998981602221004,0.0,0.9998640479490631,0.9998640479490631,0.9997406549227924,0.9997406549227924,0.995932198680407,0.995932198680407,0.0,0.0,0.0,0.0,0.0,False,0,0.00012339302627070825,0.00012339302627070825,0.0,0.9998640479490631,0.9998640479490631,0.0,9.515048487830002e-06,9.515048487830002e-06,0.0,8.314156710687928e-07,8.314156710687928e-07,0.0,5.714230769443828e-07,5.714230769443828e-07,0.0,5.368023028746231e-07,5.368023028746231e-07,0.0,5.368023028746231e-07,5.368023028746231e-07,0.0,2.8732956746895443e-07,2.8732956746895443e-07,0.0,1.357248772858768e-07,1.357248772858768e-07,0.0,1.444783798081223e-07,1.444783798081223e-07,0.0
pccv1_n02_distractors_r00,2,distractors,0,18,13,L18H13,0.5,2,2,True,True,-0.004212079104036093,-0.004144769627600908,6.730947643518448e-05,9.0,8.0,-1.0,0.0014006200461671703,0.0031277741011128484,0.001727154054945678,0.0006082815572934798,0.0013583750327532135,0.0007500934754597337,1.9998981602221004,1.9996793920973135,-0.00021876812478693886,0.9998640479490631,0.999656727014377,0.9997406549227924,0.9993213795417324,0.995932198680407,0.9962057658211521,0.0002735671407450013,0.00042390889274767534,0.00029651454918604354,0.00021195444637383767,2.571965552057699e-05,False,1,0.00012339302627070825,0.00033534747264466684,0.00021195444637395859,0.9998640479490631,0.999656727014377,-0.00020732093468611712,9.515048487830002e-06,5.76997198975869e-06,-3.7450764980713126e-06,8.314156710687928e-07,4.7362814283927664e-07,-3.577875282295162e-07,5.714230769443828e-07,4.1797536903255595e-07,-1.5344770791182682e-07,5.368023028746231e-07,3.688619685278838e-07,-1.679403343467393e-07,5.368023028746231e-07,4.4493246429930327e-07,-9.186983857531985e-08,2.8732956746895443e-07,2.1017121436362647e-07,-7.715835310532796e-08,1.357248772858768e-07,1.1249654443384564e-07,-2.322833285203117e-08,1.444783798081223e-07,1.2747528530057565e-07,-1.700309450754665e-08
pccv1_n02_distractors_r00,2,distractors,0,18,13,L18H13,1.5,2,2,True,True,-0.004212079104036093,-0.005089897196739912,-0.0008778180927038193,9.0,9.5,0.5,0.0014006200461671703,0.001015464228690431,-0.0003851558174767394,0.0006082815572934798,0.0004410105110903959,-0.00016727104620308393,1.9998981602221004,1.9999540704035785,5.591018147810267e-05,0.9998640479490631,0.99990729280675,0.9997406549227924,0.9998324479161653,0.995932198680407,0.9950153002490936,-0.0009168984313134843,9.709627137181079e-05,6.516190703728174e-05,4.854813568590539e-05,3.2455700621022055e-06,False,1,0.00012339302627070825,7.484489058464207e-05,-4.854813568606618e-05,0.9998640479490631,0.99990729280675,4.32448576868083e-05,9.515048487830002e-06,1.3844912636256108e-05,4.329864148426106e-06,8.314156710687928e-07,1.2877774770276223e-06,4.5636180595882947e-07,5.714230769443828e-07,7.3375348848566e-07,1.6233041154127725e-07,5.368023028746231e-07,7.3375348848566e-07,1.969511856110369e-07,5.368023028746231e-07,6.475351808492366e-07,1.1073287797461347e-07,2.8732956746895443e-07,3.2560113677812025e-07,3.827156930916582e-08,1.357248772858768e-07,1.4448462860463262e-07,8.759751318755813e-09,1.444783798081223e-07,1.4448462860463262e-07,6.248796510323606e-12
pccv1_n02_distractors_r01,2,distractors,1,18,13,L18H13,1.0,2,2,True,True,-0.010602100752294064,-0.010602100752294064,0.0,9.0,9.0,0.0,0.0020806382499729964,0.0020806382499729964,0.0,0.0009036097108001109,0.0009036097108001109,0.0,2.000207856625201,2.000207856625201,0.0,0.9998061583604364,0.9998061583604364,0.9996827724783085,0.9996827724783085,0.9896457463279091,0.9896457463279091,0.0,0.0,0.0,0.0,0.0,False,0,3.320885965945837e-05,3.320885965945837e-05,0.0,0.9998061583604364,0.9998061583604364,0.0,0.00012338588212791718,0.00012338588212791718,0.0,1.892183786285899e-05,1.892183786285899e-05,0.0,6.143021349131814e-06,6.143021349131814e-06,0.0,5.092743572034121e-06,5.092743572034121e-06,0.0,3.288122382758949e-06,3.288122382758949e-06,0.0,2.405641725115719e-06,2.405641725115719e-06,0.0,1.0028206681546296e-06,1.0028206681546296e-06,0.0,3.927102161971401e-07,3.927102161971401e-07,0.0
pccv1_n02_distractors_r01,2,distractors,1,18,13,L18H13,0.5,2,2,True,True,-0.010602100752294064,-0.009051481261849403,0.0015506194904446602,9.0,9.625,0.625,0.0020806382499729964,0.0015565018547059066,-0.0005241363952670898,0.0009036097108001109,0.0006759801665709522,-0.00022762954422915873,2.000207856625201,2.000088669748528,-0.00011918687667300532,0.9998061583604364,0.9998602357746057,0.9996827724783085,0.9997941884989137,0.9896457463279091,0.9911279112563989,0.0014821649284897376,0.00014461244907678633,8.143640856370374e-05,7.230622453839316e-05,6.399839677741008e-06,False,1,3.320885965945837e-05,5.143767002866875e-05,1.8228810369210377e-05,0.9998061583604364,0.9998602357746057,5.407741416929568e-05,0.00012338588212791718,6.604727569200793e-05,-5.7338606435909247e-05,1.892183786285899e-05,1.0128677773945726e-05,-8.793160088913263e-06,6.143021349131814e-06,3.9664472070733815e-06,-2.1765741420584326e-06,5.092743572034121e-06,3.089072190880136e-06,-2.0036713811539845e-06,3.288122382758949e-06,2.4057718412215505e-06,-8.823505415373986e-07,2.405641725115719e-06,1.6534611936887886e-06,-7.521805314269304e-07,1.0028206681546296e-06,6.892651726611458e-07,-3.135554954934838e-07,3.927102161971401e-07,3.4658429440961707e-07,-4.6125921787523036e-08
pccv1_n02_distractors_r01,2,distractors,1,18,13,L18H13,1.5,2,2,True,True,-0.010602100752294064,-0.014000065624713898,-0.003397964872419834,9.0,8.5,-0.5,0.0020806382499729964,0.0029484713747581497,0.0008678331247851533,0.0009036097108001109,0.0012805048481071592,0.00037689513730704825,2.000207856625201,2.000359335003371,0.00015147837816975596,0.9998061583604364,0.9997116373381412,0.9996827724783085,0.999508227641811,0.9896457463279091,0.9863818907471114,-0.003263855580797781,0.00020373848225278728,0.00012477347605155067,0.00010186924112639364,6.455163229918921e-06,False,1,3.320885965945837e-05,2.5860640828416685e-05,-7.348218831041685e-06,0.9998061583604364,0.9997116373381412,-9.452102229523529e-05,0.00012338588212791718,0.0002034096963301522,8.002381420223501e-05,1.892183786285899e-05,3.119388723664745e-05,1.2272049373788461e-05,6.143021349131814e-06,9.513598096293315e-06,3.3705767471615012e-06,5.092743572034121e-06,8.395720852413554e-06,3.3029772803794336e-06,3.288122382758949e-06,4.783737542940508e-06,1.4956151601815586e-06,2.405641725115719e-06,3.4998571511940826e-06,1.0942154260783636e-06,1.0028206681546296e-06,1.287525492961155e-06,2.8470482480652543e-07,3.927102161971401e-07,4.1799832807661453e-07,2.528811187947443e-08
pccv1_n02_distractors_r02,2,distractors,2,18,13,L18H13,1.0,2,2,True,True,-0.1476845145225525,-0.1476845145225525,0.0,2.0,2.0,0.0,0.36543811007277993,0.36543811007277993,0.0,0.15870775468176146,0.15870775468176146,0.0,1.8808111485209495,1.8808111485209495,0.0,0.8807901768029892,0.8807901768029892,0.7615881887533305,0.7615881887533305,0.9794651271468453,0.9794651271468453,0.0,0.0,0.0,0.0,0.0,False,0,0.11920198804965873,0.11920198804965873,0.0,0.8807901768029892,0.8807901768029892,0.0,6.132329608357235e-06,6.132329608357235e-06,0.0,4.173102670115661e-07,4.173102670115661e-07,0.0,3.0531071346555797e-07,3.0531071346555797e-07,0.0,2.5311147155538035e-07,2.5311147155538035e-07,0.0,3.920267160768447e-07,3.920267160768447e-07,0.0,1.6342104863172665e-07,1.6342104863172665e-07,0.0,7.251765074095805e-08,7.251765074095805e-08,0.0,9.911987643753152e-08,9.911987643753152e-08,0.0
pccv1_n02_distractors_r02,2,distractors,2,18,13,L18H13,0.5,2,1,True,False,-0.1476845145225525,-1.1679158210754395,-1.020231306552887,2.0,-0.75,-2.75,0.36543811007277993,0.6275908282359209,0.262152718163141,0.15870775468176146,0.27255923359595197,0.11385147891419051,1.8808111485209495,1.320841519930431,-0.5599696285905185,0.8807901768029892,0.6791733593288565,0.7615881887533305,0.35835458086915006,0.9794651271468453,0.9694397374946959,-0.010025389652149386,1.1199436537563883,0.7919191269410468,0.5599718268781941,0.1762704240465872,True,1,0.11920198804965873,0.6791733593288565,0.5599713712791977,0.8807901768029892,0.3208187784597064,-0.5599713983432828,6.132329608357235e-06,5.703794696742493e-06,-4.285349116147421e-07,4.173102670115661e-07,4.398294194119771e-07,2.2519152400410963e-08,3.0531071346555797e-07,3.6463139572490883e-07,5.9320682259350864e-08,2.5311147155538035e-07,3.6463139572490883e-07,1.1151992416952848e-07,3.920267160768447e-07,5.647521535319913e-07,1.727254374551466e-07,1.6342104863172665e-07,1.9517312175858792e-07,3.175207312686127e-08,7.251765074095805e-08,8.660754778050046e-08,1.4089897039542409e-08,9.911987643753152e-08,1.4279170622888878e-07,4.367182979135726e-08
pccv1_n02_distractors_r02,2,distractors,2,18,13,L18H13,1.5,2,2,True,True,-0.1476845145225525,-0.023268157616257668,0.12441635690629482,2.0,4.5,2.5,0.36543811007277993,0.060589230473882795,-0.3048488795988971,0.15870775468176146,0.026313568457571643,-0.1323941862241898,1.8808111485209495,1.9890252881819959,0.10821413966104632,0.8807901768029892,0.9890058120656966,0.7615881887533305,0.9780189499231573,0.9794651271468453,0.9878612072438457,0.008396080097000436,0.21643131628867918,0.15303965888157414,0.10821565814433959,0.02785050804393433,False,1,0.11920198804965873,0.010986862142539345,-0.10821512590711939,0.8807901768029892,0.9890058120656966,0.10821563526270739,6.132329608357235e-06,5.708495405588908e-06,-4.238342027683269e-07,4.173102670115661e-07,4.4019189915619434e-07,2.2881632144628223e-08,3.0531071346555797e-07,3.025391729006892e-07,-2.771540564868742e-09,2.5311147155538035e-07,2.356177447648319e-07,-1.7493726790548446e-08,3.920267160768447e-07,3.428217957645331e-07,-4.920492031231158e-08,1.6342104863172665e-07,1.521262497076769e-07,-1.1294798924049767e-08,7.251765074095805e-08,6.750561410050428e-08,-5.012036640453765e-09,9.911987643753152e-08,7.649388219131257e-08,-2.262599424621895e-08
pccv1_n02_distractors_r03,2,distractors,3,18,13,L18H13,1.0,2,2,True,True,-0.015437750145792961,-0.015437750145792961,0.0,5.25,5.25,0.0,0.03272059725188082,0.03272059725188082,0.0,0.014210374831070545,0.014210374831070545,0.0,1.994791409163029,1.994791409163029,0.0,0.9947742001532551,0.9947742001532551,0.98955410423492,0.98955410423492,0.9898535487283766,0.9898535487283766,0.0,0.0,0.0,0.0,0.0,False,0,0.005220095918335152,0.005220095918335152,0.0,0.9947742001532551,0.9947742001532551,0.0,3.946270895361422e-06,3.946270895361422e-06,0.0,3.6706037161895035e-07,3.6706037161895035e-07,0.0,2.685471046433864e-07,2.685471046433864e-07,0.0,3.6706037161895035e-07,3.6706037161895035e-07,0.0,3.6706037161895035e-07,3.6706037161895035e-07,0.0,1.530135278570195e-07,1.530135278570195e-07,0.0,8.190223950347856e-08,8.190223950347856e-08,0.0,1.530135278570195e-07,1.530135278570195e-07,0.0
pccv1_n02_distractors_r03,2,distractors,3,18,13,L18H13,0.5,2,2,True,True,-0.015437750145792961,-0.27425462007522583,-0.25881686992943287,5.25,1.25,-4.0,0.03272059725188082,0.5304010893730458,0.49768049212116494,0.014210374831070545,0.23035026631018726,0.21613989147911672,1.994791409163029,1.7773166469252881,-0.21747476223774087,0.9947742001532551,0.7772943091031325,0.98955410423492,0.5545957609729577,0.9898535487283766,0.9779288286458652,-0.011924720082511442,0.4349597821002449,0.3075619940571308,0.21747989105012244,0.0732434187094424,False,1,0.005220095918335152,0.22269854813017478,0.21747845221183965,0.9947742001532551,0.7772943091031325,-0.21747989105012266,3.946270895361422e-06,4.775861296163182e-06,8.295904008017603e-07,3.6706037161895035e-07,4.173101093031371e-07,5.024973768418675e-08,2.685471046433864e-07,3.6827487887725743e-07,9.972777423387102e-08,3.6706037161895035e-07,5.358367869859675e-07,1.6877641536701712e-07,3.6706037161895035e-07,5.358367869859675e-07,1.6877641536701712e-07,1.530135278570195e-07,1.6342098687221846e-07,1.0407459015198967e-08,8.190223950347856e-08,9.311447152036773e-08,1.1212232016889165e-08,1.530135278570195e-07,2.531113759003829e-07,1.0009784804336338e-07
pccv1_n02_distractors_r03,2,distractors,3,18,13,L18H13,1.5,2,2,True,True,-0.015437750145792961,-0.00872442964464426,0.006713320501148701,5.25,7.375,2.125,0.03272059725188082,0.005357555975526669,-0.02736304127635415,0.014210374831070545,0.0023267569966590254,-0.01188361783441152,1.994791409163029,1.9993889105099,0.004597501346871091,0.9947742001532551,0.9993655902175376,0.98955410423492,0.9987392611206375,0.9898535487283766,0.9919428152831458,0.0020892665547691536,0.009187533642869714,0.006494887199368712,0.004593766821434857,0.001033694060991707,False,1,0.005220095918335152,0.0006263290969000315,-0.0045937668214351204,0.9947742001532551,0.9993655902175376,0.004591390064282441,3.946270895361422e-06,5.768291561750199e-06,1.822020666388777e-06,3.6706037161895035e-07,6.079734576552163e-07,2.4091308603626596e-07,2.685471046433864e-07,3.4641283406421537e-07,7.786572942082896e-08,3.6706037161895035e-07,4.7349020490851207e-07,1.0642983328956172e-07,3.6706037161895035e-07,4.1785363923590727e-07,5.079326761695692e-08,1.530135278570195e-07,1.9738008311615312e-07,4.4366555259133627e-08,8.190223950347856e-08,1.0564994524994915e-07,2.3747705746470586e-08,1.530135278570195e-07,1.6363383625215854e-07,1.0620308395139047e-08
pccv1_n02_distractors_r04,2,distractors,4,18,13,L18H13,1.0,2,2,True,True,-0.006001191213726997,-0.006001191213726997,0.0,10.125,10.125,0.0,0.0005961500145975492,0.0005961500145975492,0.0,0.00025890466172625865,0.00025890466172625865,0.0,1.9999851121232026,1.9999851121232026,0.0,0.9999491012235049,0.9999491012235049,0.9999090379653865,0.9999090379653865,0.9940673633561232,0.9940673633561232,0.0,0.0,0.0,0.0,0.0,False,0,4.0063258118333855e-05,4.0063258118333855e-05,0.0,0.9999491012235049,0.9999491012235049,0.0,6.143899620436899e-06,6.143899620436899e-06,0.0,1.136507152678373e-06,1.136507152678373e-06,0.0,7.811091813051004e-07,7.811091813051004e-07,0.0,8.31486395309145e-07,8.31486395309145e-07,0.0,1.067649665207013e-06,1.067649665207013e-06,0.0,5.368479658761892e-07,5.368479658761892e-07,0.0,1.7428901671801594e-07,1.7428901671801594e-07,0.0,1.6372937900982044e-07,1.6372937900982044e-07,0.0
pccv1_n02_distractors_r04,2,distractors,4,18,13,L18H13,0.5,2,2,True,True,-0.006001191213726997,-0.0052211834117770195,0.0007800078019499779,10.125,9.375,-0.75,0.0005961500145975492,0.0009912760200351317,0.00039512600543758244,0.00025890466172625865,0.00043050570554427494,0.00017160104381801629,1.9999851121232026,1.9999344751688524,-5.063695435025828e-05,0.9999491012235049,0.9999073883925128,0.9999090379653865,0.9998225780124195,0.9940673633561232,0.994884539648865,0.0008171762927418058,8.949424394997393e-05,6.120654993660143e-05,4.4747121974986965e-05,4.2320817590883965e-06,False,1,4.0063258118333855e-05,8.481038009335876e-05,4.4747121975024906e-05,0.9999491012235049,0.9999073883925128,-4.171283099208001e-05,6.143899620436899e-06,4.2224601920125795e-06,-1.9214394284243197e-06,1.136507152678373e-06,7.337535586285496e-07,-4.027535940498233e-07,7.811091813051004e-07,6.083030656715572e-07,-1.7280611563354318e-07,8.31486395309145e-07,6.083030656715572e-07,-2.2318332963758777e-07,1.067649665207013e-06,8.850757380380477e-07,-1.825739271689652e-07,5.368479658761892e-07,4.450440299814667e-07,-9.180393589472254e-08,1.7428901671801594e-07,1.4448464241658654e-07,-2.9804374301429406e-08,1.6372937900982044e-07,1.538031012511847e-07,-9.926277758635746e-09
pccv1_n02_distractors_r04,2,distractors,4,18,13,L18H13,1.5,2,2,True,True,-0.006001191213726997,-0.007573108654469252,-0.0015719174407422543,10.125,10.5,0.375,0.0005961500145975492,0.0005193227115138129,-7.682730308373629e-05,0.00025890466172625865,0.0002255389879374833,-3.336567378877536e-05,1.9999851121232026,2.000004960211221,1.9848088018248333e-05,0.9999491012235049,0.9999574334523533,0.9999090379653865,0.9999298981751351,0.9940673633561232,0.9924977296873578,-0.0015696336687653911,2.5055961800490823e-05,1.5321524181515886e-05,1.2527980900245412e-05,7.709110151112092e-07,False,1,4.0063258118333855e-05,2.753527721816389e-05,-1.2527980900169965e-05,0.9999491012235049,0.9999574334523533,8.332228848439982e-06,6.143899620436899e-06,8.939395688273065e-06,2.7954960678361655e-06,1.136507152678373e-06,1.7602713802909982e-06,6.237642276126253e-07,7.811091813051004e-07,1.0029723993552057e-06,2.218632180501053e-07,8.31486395309145e-07,1.1365166227980746e-06,3.0503022748892965e-07,1.067649665207013e-06,1.2098156474365893e-06,1.4216598222957636e-07,5.368479658761892e-07,6.083335110544758e-07,7.148554517828662e-08,1.7428901671801594e-07,2.1023443590310954e-07,3.594541918509359e-08,1.6372937900982044e-07,1.6373074330991678e-07,1.3643000963332568e-12
pccv1_n02_distractors_r05,2,distractors,5,18,13,L18H13,1.0,2,2,True,True,-0.004788360092788935,-0.004788360092788935,0.0,10.125,10.125,0.0,0.0007359035761638189,0.0007359035761638189,0.0,0.00031959886234081593,0.00031959886234081593,0.0,1.9999957793581231,1.9999957793581231,0.0,0.9999368725988856,0.9999368725988856,0.9998968098307108,0.9998968098307108,0.9952859347660876,0.9952859347660876,0.0,0.0,0.0,0.0,0.0,False,0,4.0062768174851776e-05,4.0062768174851776e-05,0.0,0.9999368725988856,0.9999368725988856,0.0,1.777774561199237e-05,1.777774561199237e-05,0.0,1.9946077781272294e-06,1.9946077781272294e-06,0.0,1.2878155727494572e-06,1.2878155727494572e-06,0.0,7.810996289279312e-07,7.810996289279312e-07,0.0,6.475543365811607e-07,6.475543365811607e-07,0.0,3.256107688850309e-07,3.256107688850309e-07,0.0,1.0571033951697465e-07,1.0571033951697465e-07,0.0,1.4448890282616463e-07,1.4448890282616463e-07,0.0
pccv1_n02_distractors_r05,2,distractors,5,18,13,L18H13,0.5,2,2,True,True,-0.004788360092788935,-0.0035810647532343864,0.0012072953395545483,10.125,9.625,-0.5,0.0007359035761638189,0.0009165558354359866,0.00018065225927216765,0.00031959886234081593,0.00039805514168607387,7.845627934525794e-05,1.9999957793581231,1.999961607216172,-3.4172141951005486e-05,0.9999368725988856,0.9999174528258745,0.9998968098307108,0.9998514017706239,0.9952859347660876,0.996507589525585,0.0012216547594974259,5.19902052435078e-05,3.292239247440798e-05,2.59951026217539e-05,1.9046439912422668e-06,False,1,4.0062768174851776e-05,6.605105525061445e-05,2.5988287075762673e-05,0.9999368725988856,0.9999174528258745,-1.941977301112008e-05,1.777774561199237e-05,1.2218216665613362e-05,-5.559528946379009e-06,1.9946077781272294e-06,1.3708459175856615e-06,-6.237618605415679e-07,1.2878155727494572e-06,1.0676158740859518e-06,-2.2019969866350546e-07,7.810996289279312e-07,6.475417604290322e-07,-1.3355786849889905e-07,6.475543365811607e-07,6.475417604290322e-07,-1.2576152128585096e-11,3.256107688850309e-07,2.873449143555501e-07,-3.8265854529480805e-08,1.0571033951697465e-07,1.1252588525859633e-07,6.815545741621686e-09,1.4448890282616463e-07,1.4448609670732613e-07,-2.8061188384986238e-12
pccv1_n02_distractors_r05,2,distractors,5,18,13,L18H13,1.5,2,2,True,True,-0.004788360092788935,-0.005760141648352146,-0.0009717815555632114,10.125,10.25,0.125,0.0007359035761638189,0.000817026245085538,8.112266892171911e-05,0.00031959886234081593,0.00035482998981078295,3.5231127469967025e-05,1.9999957793581231,2.000015281413604,1.950205548073569e-05,0.9999368725988856,0.9999299625676017,0.9998968098307108,0.9998946075430999,0.9952859347660876,0.9943260768708484,-0.0009598578952392245,2.3235551910518325e-05,1.2904579381586021e-05,1.1617775955259163e-05,6.863729199590465e-07,False,1,4.0062768174851776e-05,3.5355024501834395e-05,-4.7077436730173805e-06,0.9999368725988856,0.9999299625676017,-6.910031283946516e-06,1.777774561199237e-05,2.7534520767537337e-05,9.756775155544966e-06,1.9946077781272294e-06,3.0892876120855175e-06,1.094679833958288e-06,1.2878155727494572e-06,1.6535765003509141e-06,3.657609276014569e-07,7.810996289279312e-07,1.0676292307873585e-06,2.865296018594273e-07,6.475543365811607e-07,7.33770124044004e-07,8.621578746284326e-08,3.256107688850309e-07,3.4660846399901293e-07,2.099769511398204e-08,1.0571033951697465e-07,1.1252729304456729e-07,6.816953527592645e-09,1.4448890282616463e-07,1.444879043402941e-07,-9.984858705332204e-13
pccv1_n02_grid_r00,2,grid,0,18,13,L18H13,1.0,2,2,True,True,-0.0005844315164722502,-0.0005844315164722502,0.0,10.125,10.125,0.0,0.0006068217551445412,0.0006068217551445412,0.0,0.0002635393397581204,0.0002635393397581204,0.0,1.9999801957209855,1.9999801957209855,0.0,0.9999478432717072,0.9999478432717072,0.9999077800639891,0.9999077800639891,0.9994678842402891,0.9994678842402891,0.0,0.0,0.0,0.0,0.0,False,0,4.0063207718120976e-05,4.0063207718120976e-05,0.0,0.9999478432717072,0.9999478432717072,0.0,8.939309954204144e-06,8.939309954204144e-06,0.0,1.2878297018446935e-06,1.2878297018446935e-06,0.0,6.475614411364136e-07,6.475614411364136e-07,0.0,3.466146620364928e-07,3.466146620364928e-07,0.0,2.535887039679563e-07,2.535887039679563e-07,0.0,3.689693871175331e-07,3.689693871175331e-07,0.0,6.41172654119076e-08,6.41172654119076e-08,0.0,1.8552945914728015e-07,1.8552945914728015e-07,0.0
pccv1_n02_grid_r00,2,grid,0,18,13,L18H13,0.5,2,2,True,True,-0.0005844315164722502,-0.0006723527330905199,-8.792121661826968e-05,10.125,9.625,-0.5,0.0006068217551445412,0.0008338920083810971,0.00022707025323655586,0.0002635393397581204,0.00036215469774313064,9.861535798501021e-05,1.9999801957209855,1.999951243770473,-2.8951950512556834e-05,0.9999478432717072,0.9999242491538523,0.9999077800639891,0.99985819764966,0.9994678842402891,0.999403603690503,-6.428054978613318e-05,5.197659294856676e-05,3.515790737088816e-05,2.598829647428338e-05,1.68083270614245e-06,False,1,4.0063207718120976e-05,6.605150419230807e-05,2.5988296474187095e-05,0.9999478432717072,0.9999242491538523,-2.359411785490817e-05,8.939309954204144e-06,6.961777323014003e-06,-1.9775326311901407e-06,1.2878297018446935e-06,1.0029391150029173e-06,-2.848905868417762e-07,6.475614411364136e-07,5.368346234140333e-07,-1.1072681772238033e-07,3.466146620364928e-07,3.256066582958968e-07,-2.1008003740596014e-08,2.535887039679563e-07,2.5358272045410775e-07,-5.9835138485650606e-12,3.689693871175331e-07,3.689606811562541e-07,-8.70596127897659e-12,6.41172654119076e-08,6.411575254268463e-08,-1.5128692229660672e-12,1.8552945914728015e-07,1.855250815150325e-07,-4.3776322476485875e-12
pccv1_n02_grid_r00,2,grid,0,18,13,L18H13,1.5,2,2,True,True,-0.0005844315164722502,-0.0005372511222958565,4.718039417639375e-05,10.125,10.5,0.375,0.0006068217551445412,0.0004943044226205617,-0.00011251733252397951,0.0002635393397581204,0.00021467368312448284,-4.886565663363759e-05,1.9999801957209855,1.9999942778247028,1.4082103717338867e-05,0.9999478432717072,0.9999589756523879,0.9999077800639891,0.999931440332703,0.9994678842402891,0.9995039065423157,3.6022302026594843e-05,2.5116744526650744e-05,1.6802585660968167e-05,1.2558372263325372e-05,6.058324053206508e-07,False,1,4.0063207718120976e-05,2.753531968487703e-05,-1.2527888033243946e-05,0.9999478432717072,0.9999589756523879,1.1132380680733966e-05,8.939309954204144e-06,1.0129678018149577e-05,1.1903680639454331e-06,1.2878297018446935e-06,1.4593184808141855e-06,1.7148877896949202e-07,6.475614411364136e-07,6.893332401334514e-07,4.1771798997037764e-08,3.466146620364928e-07,3.6897349483945536e-07,2.235883280296256e-08,2.535887039679563e-07,2.3822719323404377e-07,-1.5361510733912542e-08,3.689693871175331e-07,3.6897349483945536e-07,4.107721922285518e-12,6.41172654119076e-08,6.023326724699486e-08,-3.8839981649127385e-09,1.8552945914728015e-07,1.742907378101181e-07,-1.1238721337162053e-08
pccv1_n02_grid_r01,2,grid,1,18,13,L18H13,1.0,2,2,True,True,-0.0003965306677855551,-0.0003965306677855551,0.0,10.625,10.625,0.0,0.0003608706267536025,0.0003608706267536025,0.0,0.00015672412188005755,0.00015672412188005755,0.0,1.9999850395045282,1.9999850395045282,0.0,0.9999701285938394,0.9999701285938394,0.99994582848848,0.99994582848848,0.9996334299631453,0.9996334299631453,0.0,0.0,0.0,0.0,0.0,False,0,2.4300105359328878e-05,2.4300105359328878e-05,0.0,0.9999701285938394,0.9999701285938394,0.0,4.222725134551874e-06,4.222725134551874e-06,0.0,4.181064081555781e-07,4.181064081555781e-07,0.0,3.058931827693646e-07,3.058931827693646e-07,0.0,2.2379623330229873e-07,2.2379623330229873e-07,0.0,1.3573927702604568e-07,1.3573927702604568e-07,0.0,1.5381275178247305e-07,1.5381275178247305e-07,0.0,2.3587949449928367e-08,2.3587949449928367e-08,0.0,8.763986419025381e-08,8.763986419025381e-08,0.0
pccv1_n02_grid_r01,2,grid,1,18,13,L18H13,0.5,2,2,True,True,-0.0003965306677855551,-0.00038092033355496824,1.5610334230586886e-05,10.625,10.375,-0.25,0.0003608706267536025,0.00041857945774467965,5.7708830991077176e-05,0.00015672412188005755,0.00018178674873656973,2.5062626856512185e-05,1.9999850395045282,1.9999765133654281,-8.526139100073493e-06,0.9999701285938394,0.9999643613992539,0.99994582848848,0.9999331596262975,0.9996334299631453,0.9996547526167152,2.13226535699107e-05,1.3803335194104269e-05,9.042998603906821e-06,6.9016675970521345e-06,2.485499792700553e-07,False,1,2.4300105359328878e-05,3.1201772956458945e-05,6.9016675971300674e-06,0.9999701285938394,0.9999643613992539,-5.7671945854487205e-06,4.222725134551874e-06,3.2886426745661227e-06,-9.340824599857516e-07,4.181064081555781e-07,3.4662038776032493e-07,-7.148602039525318e-08,3.058931827693646e-07,2.5359289299699896e-07,-5.230028977236562e-08,2.2379623330229873e-07,1.8553252390639785e-07,-3.826370939590088e-08,1.3573927702604568e-07,1.197888006646134e-07,-1.595047636143228e-08,1.5381275178247305e-07,1.4449287490351677e-07,-9.319876878956276e-09,2.3587949449928367e-08,2.0816172272689176e-08,-2.7717771772391908e-09,8.763986419025381e-08,7.734146263167215e-08,-1.0298401558581663e-08
pccv1_n02_grid_r01,2,grid,1,18,13,L18H13,1.5,2,2,True,True,-0.0003965306677855551,-0.00041500062798149884,-1.8469960195943713e-05,10.625,10.75,0.125,0.0003608706267536025,0.0003421339552041461,-1.873667154945639e-05,0.00015672412188005755,0.00014858688881689498,-8.137233063162567e-06,1.9999850395045282,1.9999888769750764,3.837470548218036e-06,0.9999701285938394,0.9999720378846307,0.99994582848848,0.9999505930759731,0.9996334299631453,0.9996130433623769,-2.038660076841836e-05,5.753111864753264e-06,3.5442283208314036e-06,2.876555932376632e-06,6.67618131763696e-08,False,1,2.4300105359328878e-05,2.1444808657607673e-05,-2.8552967017212047e-06,0.9999701285938394,0.9999720378846307,1.9092907913575985e-06,4.222725134551874e-06,5.093588517700347e-06,8.708633831484724e-07,4.181064081555781e-07,4.737775342231983e-07,5.5671126067620205e-08,3.058931827693646e-07,3.466230486814944e-07,4.072986591212982e-08,2.2379623330229873e-07,2.2379666060715032e-07,4.273048515918626e-13,1.3573927702604568e-07,1.1978972025436291e-07,-1.594955677168276e-08,1.5381275178247305e-07,1.5381304546451632e-07,2.9368204326811093e-13,2.3587949449928367e-08,2.3587994487528375e-08,4.5037600008705395e-14,8.763986419025381e-08,8.23301904401934e-08,-5.309673750060411e-09
pccv1_n02_grid_r02,2,grid,2,18,13,L18H13,1.0,2,2,True,True,-0.0005502378917299211,-0.0005502378917299211,0.0,10.625,10.625,0.0,0.00036553886667861066,0.00036553886667861066,0.0,0.00015875151271968905,0.00015875151271968905,0.0,1.9999855297434093,1.9999855297434093,0.0,0.9999697683523999,0.9999697683523999,0.9999454682557948,0.9999454682557948,0.9994801246634708,0.9994801246634708,0.0,0.0,0.0,0.0,0.0,False,0,2.4300096605162442e-05,2.4300096605162442e-05,0.0,0.9999697683523999,0.9999697683523999,0.0,4.4950658879056815e-06,4.4950658879056815e-06,0.0,4.7377645893974696e-07,4.7377645893974696e-07,0.0,3.2562148077283937e-07,3.2562148077283937e-07,0.0,2.102370292342519e-07,2.102370292342519e-07,0.0,1.637327629982412e-07,1.637327629982412e-07,0.0,1.637327629982412e-07,1.637327629982412e-07,0.0,2.6728638801150408e-08,2.6728638801150408e-08,0.0,7.265597315261251e-08,7.265597315261251e-08,0.0
pccv1_n02_grid_r02,2,grid,2,18,13,L18H13,0.5,2,2,True,True,-0.0005502378917299211,-0.0005479741375893354,2.263754140585661e-06,10.625,10.25,-0.375,0.00036553886667861066,0.0004668403246018769,0.00010130145792326624,0.00015875151271968905,0.000202746176904518,4.399466418482896e-05,1.9999855297434093,1.9999732938882446,-1.223585516463288e-05,0.9999697683523999,0.9999598167654213,0.9999454682557948,0.9999244606853497,0.9994801246634708,0.9994923365467301,1.221188325928324e-05,2.2155876729951815e-05,1.4908586856507636e-05,1.1077938364975907e-05,5.490662670282345e-07,False,1,2.4300096605162442e-05,3.5356080071659194e-05,1.1055983466496752e-05,0.9999697683523999,0.9999598167654213,-9.951586978584892e-06,4.4950658879056815e-06,3.500725994279333e-06,-9.943398936263484e-07,4.7377645893974696e-07,3.9277057112187983e-07,-8.100588781786713e-08,3.2562148077283937e-07,2.8735708842306577e-07,-3.82643923497736e-08,2.102370292342519e-07,1.974974460577625e-07,-1.273958317648939e-08,1.637327629982412e-07,1.7429088441434362e-07,1.0558121416102417e-08,1.637327629982412e-07,1.6373113354814803e-07,-1.629450093171095e-12,2.6728638801150408e-08,2.8452204742273158e-08,1.7235659411227498e-09,7.265597315261251e-08,8.232918424498615e-08,9.673211092373636e-09
pccv1_n02_grid_r02,2,grid,2,18,13,L18H13,1.5,2,2,True,True,-0.0005502378917299211,-0.0006261295638978481,-7.589167216792703e-05,10.625,10.75,0.125,0.00036553886667861066,0.0003600287099340729,-5.5101567445377795e-06,0.00015875151271968905,0.0001563584820511143,-2.3930306685747513e-06,1.9999855297434093,1.9999909982271715,5.468483762260945e-06,0.9999697683523999,0.9999706375321196,0.9999454682557948,0.9999491927534931,0.9994801246634708,0.9994034365753937,-7.668808807714811e-05,5.710635957381224e-06,3.4158880071656297e-06,2.855317978690612e-06,1.1961119806966057e-07,False,1,2.4300096605162442e-05,2.1444778626476286e-05,-2.855317978686156e-06,0.9999697683523999,0.9999706375321196,8.6917971964251e-07,4.4950658879056815e-06,6.144031944090335e-06,1.6489660561846535e-06,4.7377645893974696e-07,6.475762025904451e-07,1.7379974365069812e-07,3.2562148077283937e-07,4.181066209522909e-07,9.248514017945156e-08,2.102370292342519e-07,2.5359448463641296e-07,4.335745540216107e-08,1.637327629982412e-07,1.7429277045112855e-07,1.056000745288735e-08,1.637327629982412e-07,1.7429277045112855e-07,1.056000745288735e-08,2.6728638801150408e-08,2.8452512629314623e-08,1.723873828164215e-09,7.265597315261251e-08,7.734194805426742e-08,4.685974901654904e-09
pccv1_n02_grid_r03,2,grid,3,18,13,L18H13,1.0,2,2,True,True,-0.0005684667266905308,-0.0005684667266905308,0.0,10.5,10.5,0.0,0.0005267900343528008,0.0005267900343528008,0.0,0.00022878200504104586,0.00022878200504104586,0.0,1.9999971522308218,1.9999971522308218,0.0,0.9999561237717701,0.9999561237717701,0.999928588530616,0.999928588530616,0.9994755229310712,0.9994755229310712,0.0,0.0,0.0,0.0,0.0,False,0,2.7535241154210848e-05,2.7535241154210848e-05,0.0,0.9999561237717701,0.9999561237717701,0.0,1.3006726942907097e-05,1.3006726942907097e-05,0.0,1.2878403662748424e-06,1.2878403662748424e-06,0.0,7.811146669612397e-07,7.811146669612397e-07,0.0,4.1810055247480846e-07,4.1810055247480846e-07,0.0,3.2561703766996783e-07,3.2561703766996783e-07,0.0,3.2561703766996783e-07,3.2561703766996783e-07,0.0,6.023309546186009e-08,6.023309546186009e-08,0.0,1.3573737596483575e-07,1.3573737596483575e-07,0.0
pccv1_n02_grid_r03,2,grid,3,18,13,L18H13,0.5,2,2,True,True,-0.0005684667266905308,-0.0006423317245207727,-7.386499783024192e-05,10.5,10.125,-0.375,0.0005267900343528008,0.0006235892691424407,9.679923478963983e-05,0.00022878200504104586,0.0002708213785626437,4.2039373521597856e-05,1.9999971522308218,1.9999823796670677,-1.477256375403968e-05,0.9999561237717701,0.9999464564263801,0.999928588530616,0.9999063932742264,0.9994755229310712,0.9994113912136555,-6.413171741570522e-05,2.539172981446998e-05,1.608461251819452e-05,1.269586490723499e-05,6.789024990371661e-07,False,1,2.7535241154210848e-05,4.006315215375051e-05,1.252791099953966e-05,0.9999561237717701,0.9999464564263801,-9.667345389985371e-06,1.3006726942907097e-05,1.0129551197218337e-05,-2.8771757456887604e-06,1.2878403662748424e-06,1.1365041466945224e-06,-1.5133621958031998e-07,7.811146669612397e-07,7.811071153246277e-07,-7.551636612038099e-12,4.1810055247480846e-07,4.450614185870892e-07,2.6960866112280718e-08,3.2561703766996783e-07,3.927653233630123e-07,6.714828569304446e-08,3.2561703766996783e-07,3.6896887538737257e-07,4.335183771740474e-08,6.023309546186009e-08,7.265427935073505e-08,1.2421183888874963e-08,1.3573737596483575e-07,1.5380911059248803e-07,1.807173462765228e-08
pccv1_n02_grid_r03,2,grid,3,18,13,L18H13,1.5,2,2,True,True,-0.0005684667266905308,-0.000536655425094068,3.1811301596462727e-05,10.5,10.75,0.25,0.0005267900343528008,0.000542607012341688,1.5816977988887125e-05,0.00022878200504104586,0.00023565123130200473,6.869226260958867e-06,1.9999971522308218,2.0000122705707524,1.511833993061984e-05,0.9999561237717701,0.9999552019027081,0.999928588530616,0.999933757455105,0.9994755229310712,0.999508274661487,3.275173041572543e-05,1.40253252261748e-05,8.5681371611684e-06,7.0126626130874e-06,5.093355719418562e-07,False,1,2.7535241154210848e-05,2.1444447603100932e-05,-6.0907935511099154e-06,0.9999561237717701,0.9999552019027081,-9.218690619761105e-07,1.3006726942907097e-05,1.8924658587374225e-05,5.917931644467128e-06,1.2878403662748424e-06,1.8737949488576764e-06,5.85954582582834e-07,7.811146669612397e-07,1.0676561789266623e-06,2.865415119654226e-07,4.1810055247480846e-07,5.368512411801189e-07,1.187506887053104e-07,3.2561703766996783e-07,3.689721023687222e-07,4.335506469875435e-08,3.2561703766996783e-07,3.689721023687222e-07,4.335506469875435e-08,6.023309546186009e-08,6.825297602290741e-08,8.019880561047324e-09,1.3573737596483575e-07,1.4449155137435948e-07,8.754175409523727e-09
pccv1_n02_grid_r04,2,grid,4,18,13,L18H13,1.0,2,2,True,True,-0.0006323245470412076,-0.0006323245470412076,0.0,10.125,10.125,0.0,0.0005724242824028,0.0005724242824028,0.0,0.0002486007071549647,0.0002486007071549647,0.0,1.9999757849500392,1.9999757849500392,0.0,0.999950608536087,0.999950608536087,0.9999105452175777,0.9999105452175777,0.9994172554173808,0.9994172554173808,0.0,0.0,0.0,0.0,0.0,False,0,4.006331850926072e-05,4.006331850926072e-05,0.0,0.999950608536087,0.999950608536087,0.0,6.961960845065444e-06,6.961960845065444e-06,0.0,7.337852744999595e-07,7.337852744999595e-07,0.0,5.714725463868342e-07,5.714725463868342e-07,0.0,3.466156205676651e-07,3.466156205676651e-07,0.0,2.699445167228785e-07,2.699445167228785e-07,0.0,2.699445167228785e-07,2.699445167228785e-07,0.0,4.690932318375923e-08,4.690932318375923e-08,0.0,1.2751276079572532e-07,1.2751276079572532e-07,0.0
pccv1_n02_grid_r04,2,grid,4,18,13,L18H13,0.5,2,2,True,True,-0.0006323245470412076,-0.0005360596696846187,9.626487735658884e-05,10.125,9.875,-0.25,0.0005724242824028,0.0006562011191138626,8.377683671106256e-05,0.0002486007071549647,0.00028498452504988894,3.6383817894924226e-05,1.9999757849500392,1.9999608697780893,-1.4915171949958506e-05,0.999950608536087,0.9999416094579995,0.9999105452175777,0.999890167601713,0.9994172554173808,0.9995224572996335,0.00010520188225271454,2.2757075554762485e-05,1.462929867370985e-05,1.1378537777381242e-05,4.446795352512199e-07,False,1,4.006331850926072e-05,5.144185628643324e-05,1.1378537777172523e-05,0.999950608536087,0.9999416094579995,-8.999078087490453e-06,6.961960845065444e-06,5.0934335234818795e-06,-1.8685273215835645e-06,7.337852744999595e-07,5.368439437323946e-07,-1.9694133076756492e-07,5.714725463868342e-07,4.180944837659301e-07,-1.5337806262090413e-07,3.466156205676651e-07,2.69942087351103e-07,-7.66735332165621e-08,2.699445167228785e-07,2.3822305596456868e-07,-3.172146075830979e-08,2.699445167228785e-07,2.3822305596456868e-07,-3.172146075830979e-08,4.690932318375923e-08,4.1396959855779185e-08,-5.512363327980048e-09,1.2751276079572532e-07,1.1252860372941314e-07,-1.4984157066312182e-08
pccv1_n02_grid_r04,2,grid,4,18,13,L18H13,1.5,2,2,True,True,-0.0006323245470412076,-0.0005634627304971218,6.886181654408574e-05,10.125,10.375,0.25,0.0005724242824028,0.000508034979374225,-6.438930302857498e-05,0.0002486007071549647,0.00022063678815605826,-2.796391899890645e-05,1.9999757849500392,1.9999871009808827,1.1316030843477876e-05,0.999950608536087,0.9999572671589109,0.9999105452175777,0.9999260656073152,0.9994172554173808,0.9994793870995693,6.213168218849319e-05,1.7771690292354188e-05,1.1260902849621032e-05,8.885845146177094e-06,3.429383507992419e-07,False,1,4.006331850926072e-05,3.120155159569348e-05,-8.86176691356724e-06,0.999950608536087,0.9999572671589109,6.6586228238962875e-06,6.961960845065444e-06,8.939394201646901e-06,1.977433356581457e-06,7.337852744999595e-07,8.851198886128857e-07,1.5133461411292614e-07,5.714725463868342e-07,6.475675440006978e-07,7.609499761386358e-08,3.466156205676651e-07,3.6897286442478386e-07,2.235724385711878e-08,2.699445167228785e-07,2.5359109388394884e-07,-1.635342283892963e-08,2.699445167228785e-07,2.699463142703822e-07,1.7975475037341186e-12,4.690932318375923e-08,4.6909635550677494e-08,3.1236691826168217e-13,1.2751276079572532e-07,1.1978795082378395e-07,-7.724809971941369e-09
pccv1_n02_grid_r05,2,grid,5,18,13,L18H13,1.0,2,2,True,True,-0.0004959068610332906,-0.0004959068610332906,0.0,10.5,10.5,0.0,0.0004350414461967942,0.0004350414461967942,0.0,0.00018893609948247812,0.00018893609948247812,0.0,1.999985871291491,1.999985871291491,0.0,0.9999636898868933,0.9999636898868933,0.9999361544373951,0.9999361544373951,0.999540501995682,0.999540501995682,0.0,0.0,0.0,0.0,0.0,False,0,2.7535449498156713e-05,2.7535449498156713e-05,0.0,0.9999636898868933,0.9999636898868933,0.0,6.962051921415953e-06,6.962051921415953e-06,0.0,6.893364899453192e-07,6.893364899453192e-07,0.0,3.9277209243114354e-07,3.9277209243114354e-07,0.0,2.535927227001676e-07,2.535927227001676e-07,0.0,1.6373176772420025e-07,1.6373176772420025e-07,0.0,2.1023575127708674e-07,2.1023575127708674e-07,0.0,3.0287331602920144e-08,3.0287331602920144e-08,0.0,7.265553150243404e-08,7.265553150243404e-08,0.0
pccv1_n02_grid_r05,2,grid,5,18,13,L18H13,0.5,2,2,True,True,-0.0004959068610332906,-0.0005485698929987848,-5.2663031965494156e-05,10.5,10.25,-0.25,0.0004350414461967942,0.0004952634567762507,6.022201057945655e-05,0.00018893609948247812,0.00021509018636625536,2.615408688377724e-05,1.999985871291491,1.9999761761038506,-9.695187640490488e-06,0.9999636898868933,0.9999575762158253,0.9999361544373951,0.9999222202149738,0.999540501995682,0.9994939799813363,-4.6522014345740104e-05,1.569870631710706e-05,1.0046239625771228e-05,7.84935315855353e-06,2.9594253756197463e-07,False,1,2.7535449498156713e-05,3.535600085142495e-05,7.820551353268233e-06,0.9999636898868933,0.9999575762158253,-6.113671068064264e-06,6.962051921415953e-06,5.422018338339535e-06,-1.5400335830764177e-06,6.893364899453192e-07,5.714765284211952e-07,-1.1785996152412397e-07,3.9277209243114354e-07,3.4661803579359304e-07,-4.61540566375505e-08,2.535927227001676e-07,2.2379342404346367e-07,-2.979929865670394e-08,1.6373176772420025e-07,1.7429049389128046e-07,1.0558726167080208e-08,2.1023575127708674e-07,2.2379342404346367e-07,1.3557672766376931e-08,3.0287331602920144e-08,2.845214099113559e-08,-1.835190611784555e-09,7.265553150243404e-08,7.734093783695859e-08,4.685406334524554e-09
pccv1_n02_grid_r05,2,grid,5,18,13,L18H13,1.5,2,2,True,True,-0.0004959068610332906,-0.0005166388000361621,-2.0731939002871513e-05,10.5,10.75,0.25,0.0004350414461967942,0.0003985984304003496,-3.64430157964446e-05,0.00018893609948247812,0.00017310909881816918,-1.5827000664308936e-05,1.999985871291491,1.9999949343550478,9.063063556746798e-06,0.9999636898868933,0.9999674568822495,0.9999361544373951,0.9999460121718334,0.999540501995682,0.9995159935169866,-2.4508478695395297e-05,1.2181478163809382e-05,7.432632676970357e-06,6.090739081904691e-06,2.603562161426123e-07,False,1,2.7535449498156713e-05,2.144471041614111e-05,-6.090739082015604e-06,0.9999636898868933,0.9999674568822495,3.766995356202507e-06,6.962051921415953e-06,8.939485295493331e-06,1.977433374077378e-06,6.893364899453192e-07,8.851289081251015e-07,1.9579241817978234e-07,3.9277209243114354e-07,4.737753637864959e-07,8.100327135535235e-08,2.535927227001676e-07,2.8735928395301624e-07,3.3766561252848635e-08,1.6373176772420025e-07,1.7429221607057288e-07,1.0560448346372624e-08,2.1023575127708674e-07,2.2379563536544723e-07,1.3559884088360492e-08,3.0287331602920144e-08,3.2240818121680934e-08,1.9534865187607894e-09,7.265553150243404e-08,8.23298132748486e-08,9.67428177241457e-09
pccv1_n02_random_sparse_r00,2,random_sparse,0,18,13,L18H13,1.0,2,2,True,True,-0.0006716379430145025,-0.0006716379430145025,0.0,10.25,10.25,0.0,0.0006362251880613373,0.0006362251880613373,0.0,0.0002763090884228974,0.0002763090884228974,0.0,1.9999896134988944,1.9999896134988944,0.0,0.9999454869387361,0.9999454869387361,0.9999101313653312,0.9999101313653312,0.9993830927132876,0.9993830927132876,0.0,0.0,0.0,0.0,0.0,False,0,3.535557340479998e-05,3.535557340479998e-05,0.0,0.9999454869387361,0.9999454869387361,0.0,1.6700790329407268e-05,1.6700790329407268e-05,0.0,1.002960416821724e-06,1.002960416821724e-06,0.0,6.083262432805381e-07,6.083262432805381e-07,0.0,3.058856448298875e-07,3.058856448298875e-07,0.0,2.38223979723818e-07,2.38223979723818e-07,0.0,1.6372878721509805e-07,1.6372878721509805e-07,0.0,6.023245474436826e-08,6.023245474436826e-08,0.0,7.734000280126299e-08,7.734000280126299e-08,0.0
pccv1_n02_random_sparse_r00,2,random_sparse,0,18,13,L18H13,0.5,2,2,True,True,-0.0006716379430145025,-0.000724887300748378,-5.324935773387551e-05,10.25,10.0,-0.25,0.0006362251880613373,0.0006921710875033672,5.5945899442029923e-05,0.0002763090884228974,0.0003006060838356852,2.4296995412787827e-05,1.9999896134988944,1.9999749392613555,-1.4674237538869761e-05,0.9999454869387361,0.9999394592731083,0.9999101313653312,0.9998940620918906,0.9993830927132876,0.999335886854972,-4.7205858315635396e-05,2.008321562575337e-05,1.2282132663239703e-05,1.0041607812876686e-05,4.3434657747315016e-07,False,1,3.535557340479998e-05,4.53971812177362e-05,1.004160781293622e-05,0.9999454869387361,0.9999394592731083,-6.027665627739154e-06,1.6700790329407268e-05,1.3006510182812747e-05,-3.6942801465945215e-06,1.002960416821724e-06,8.31478377750482e-07,-1.7148203907124196e-07,6.083262432805381e-07,5.368427893512529e-07,-7.148345392928523e-08,3.058856448298875e-07,2.6994150689181193e-07,-3.594413793807556e-08,2.38223979723818e-07,2.2378936941880732e-07,-1.4434610305010686e-08,1.6372878721509805e-07,1.4448927659548014e-07,-1.9239510619617917e-08,6.023245474436826e-08,5.315463432921119e-08,-7.0778204151570735e-09,7.734000280126299e-08,7.733953659617219e-08,-4.662050908000806e-13
pccv1_n02_random_sparse_r00,2,random_sparse,0,18,13,L18H13,1.5,2,2,True,True,-0.0006716379430145025,-0.0006367324967868626,3.4905446227639914e-05,10.25,10.5,0.25,0.0006362251880613373,0.0005810564285672827,-5.516875949405453e-05,0.0002763090884228974,0.00025234960060118187,-2.3959487821715523e-05,1.9999896134988944,1.9999999515293942,1.0338030499879025e-05,0.9999454869387361,0.999950969408937,0.9999101313653312,0.9999234343097156,0.9993830927132876,0.9994124837834377,2.9391070150097676e-05,1.5669812435303452e-05,9.806573135742906e-06,7.834906217651726e-06,2.7959711345644355e-07,False,1,3.535557340479998e-05,2.7535099221359762e-05,-7.82047418344022e-06,0.9999454869387361,0.999950969408937,5.482470200934841e-06,1.6700790329407268e-05,1.8924578485286214e-05,2.223788155878946e-06,1.002960416821724e-06,1.0676516598760902e-06,6.469124305436627e-08,6.083262432805381e-07,6.475634656079332e-07,3.9237222327395076e-08,3.058856448298875e-07,3.2561535924796823e-07,1.9729714418080746e-08,2.38223979723818e-07,2.2379194542079939e-07,-1.4432034303018623e-08,1.6372878721509805e-07,1.6372968490223069e-07,8.976871326331192e-13,6.023245474436826e-08,6.023278498500895e-08,3.3024064068981925e-13,7.734000280126299e-08,8.23284558200736e-08,4.98845301881061e-09
pccv1_n02_random_sparse_r01,2,random_sparse,1,18,13,L18H13,1.0,2,2,True,True,-0.0009184433147311211,-0.0009184433147311211,0.0,10.375,10.375,0.0,0.0004130045758444275,0.0004130045758444275,0.0,0.0001793656082900279,0.0001793656082900279,0.0,1.9999760057689866,1.9999760057689866,0.0,0.9999647927576061,0.9999647927576061,0.99993359097119,0.99993359097119,0.999117145421712,0.999117145421712,0.0,0.0,0.0,0.0,0.0,False,0,3.1201786416083995e-05,3.1201786416083995e-05,0.0,0.9999647927576061,0.9999647927576061,0.0,2.902218225952272e-06,2.902218225952272e-06,0.0,3.05891550524679e-07,3.05891550524679e-07,0.0,2.6994834586482846e-07,2.6994834586482846e-07,0.0,1.4449293723394656e-07,1.4449293723394656e-07,0.0,1.6373194830572857e-07,1.6373194830572857e-07,0.0,1.1978885233835465e-07,1.1978885233835465e-07,0.0,2.6728505806253686e-08,2.6728505806253686e-08,0.0,7.265561163500148e-08,7.265561163500148e-08,0.0
pccv1_n02_random_sparse_r01,2,random_sparse,1,18,13,L18H13,0.5,2,2,True,True,-0.0009184433147311211,-0.0008509114268235862,6.753188790753484e-05,10.375,10.0,-0.375,0.0004130045758444275,0.0005458133833060023,0.0001328088074615748,0.0001793656082900279,0.00023704374051874126,5.7678132228713356e-05,1.9999760057689866,1.9999608378432867,-1.516792569988823e-05,0.9999647927576061,0.9999514818679305,0.99993359097119,0.9999060841408878,0.999117145421712,0.9991979209387676,8.077551705554242e-05,2.8441260892770682e-05,1.947609952073345e-05,1.4220630446385341e-05,6.955146402441787e-07,False,1,3.1201786416083995e-05,4.539772704269669e-05,1.4195940626612694e-05,0.9999647927576061,0.9999514818679305,-1.3310889675599569e-05,2.902218225952272e-06,2.12327994860401e-06,-7.789382773482619e-07,3.05891550524679e-07,2.3822540793756518e-07,-6.766614258711382e-08,2.6994834586482846e-07,2.237920601106178e-07,-4.6156285754210664e-08,1.4449293723394656e-07,1.275128721621803e-07,-1.698006507176625e-08,1.6373194830572857e-07,1.7428943165931203e-07,1.055748335358346e-08,1.1978885233835465e-07,1.275128721621803e-07,7.72401982382566e-09,2.6728505806253686e-08,2.8451967586533558e-08,1.7234617802798718e-09,7.265561163500148e-08,7.734046647437993e-08,4.684854839378448e-09
pccv1_n02_random_sparse_r01,2,random_sparse,1,18,13,L18H13,1.5,2,2,True,True,-0.0009184433147311211,-0.0009141556802205741,4.287634510546923e-06,10.375,10.75,0.375,0.0004130045758444275,0.00032493334870721655,-8.807122713721095e-05,0.0001793656082900279,0.00014111676032988927,-3.824884796013863e-05,1.9999760057689866,1.9999870491082632,1.1043339276595177e-05,0.9999647927576061,0.9999733865919915,0.99993359097119,0.9999519417544104,0.999117145421712,0.999112850593292,-4.294828420015051e-06,1.9533735060943385e-05,1.3045728660801291e-05,9.766867530471693e-06,4.983046089882102e-07,False,1,3.1201786416083995e-05,2.1444837581187726e-05,-9.756948834896269e-06,0.9999647927576061,0.9999733865919915,8.593834385450805e-06,2.902218225952272e-06,3.966896076552874e-06,1.0646778506006023e-06,3.05891550524679e-07,3.689788123123507e-07,6.30872617876717e-08,2.6994834586482846e-07,3.058941793985595e-07,3.594583353373105e-08,1.4449293723394656e-07,1.538132529191038e-07,9.320315685157233e-09,1.6373194830572857e-07,1.538132529191038e-07,-9.918695386624777e-09,1.1978885233835465e-07,1.1978988182015808e-07,1.029481803431688e-12,2.6728505806253686e-08,2.6728735514693356e-08,2.2970843966962583e-13,7.265561163500148e-08,7.265623604727887e-08,6.244122773923633e-13
pccv1_n02_random_sparse_r02,2,random_sparse,2,18,13,L18H13,1.0,2,2,True,True,-0.00029452278977259994,-0.00029452278977259994,0.0,10.75,10.75,0.0,0.0005090675689953192,0.0005090675689953192,0.0,0.00022108523613057003,0.00022108523613057003,0.0,2.000007252654245,2.000007252654245,0.0,0.999958064683623,0.999958064683623,0.9999366201746264,0.9999366201746264,0.9997474181749908,0.9997474181749908,0.0,0.0,0.0,0.0,0.0,False,0,2.1444508996606575e-05,2.1444508996606575e-05,0.0,0.999958064683623,0.999958064683623,0.0,1.6701000399138986e-05,1.6701000399138986e-05,0.0,1.760272491476636e-06,1.760272491476636e-06,0.0,8.851205945480366e-07,8.851205945480366e-07,0.0,4.7377091384936003e-07,4.7377091384936003e-07,0.0,3.466182051125248e-07,3.466182051125248e-07,0.0,1.6373084666628127e-07,1.6373084666628127e-07,0.0,7.265512278546006e-08,7.265512278546006e-08,0.0,8.763880687921748e-08,8.763880687921748e-08,0.0
pccv1_n02_random_sparse_r02,2,random_sparse,2,18,13,L18H13,0.5,2,2,True,True,-0.00029452278977259994,-0.00033408781746402383,-3.956502769142389e-05,10.75,10.5,-0.25,0.0005090675689953192,0.0005724123887715613,6.334481977624212e-05,0.00022108523613057003,0.00024859554181654795,2.7510305685977927e-05,2.000007252654245,2.000001023539637,-6.22911460812503e-06,0.999958064683623,0.999952076845813,0.9999366201746264,0.9999245417160968,0.9997474181749908,0.999713885013847,-3.353316114385052e-05,1.224662102461029e-05,8.541815747398731e-06,6.123310512305145e-06,1.9115054617861859e-07,False,1,2.1444508996606575e-05,2.7535129716239208e-05,6.090620719632633e-06,0.999958064683623,0.999952076845813,-5.987837810028651e-06,1.6701000399138986e-05,1.6700900392063502e-05,-1.0000707548326812e-10,1.760272491476636e-06,1.6536130705629704e-06,-1.0665942091366558e-07,8.851205945480366e-07,8.851152943672094e-07,-5.300180827196275e-12,4.7377091384936003e-07,4.4506392015287777e-07,-2.870699369648226e-08,3.466182051125248e-07,3.6897094925825235e-07,2.2352744145727558e-08,1.6373084666628127e-07,1.6372986623141212e-07,-9.804348691583335e-13,7.265512278546006e-08,7.734051249247961e-08,4.685389707019553e-09,8.763880687921748e-08,9.329046567415016e-08,5.651658794932685e-09
pccv1_n02_random_sparse_r02,2,random_sparse,2,18,13,L18H13,1.5,2,2,True,True,-0.00029452278977259994,-0.000288087350782007,6.4354389905929565e-06,10.75,10.875,0.125,0.0005090675689953192,0.00048436234490293646,-2.47052240923827e-05,0.00022108523613057003,0.00021035589363306494,-1.0729342497505087e-05,2.000007252654245,2.000014481663434,7.2290091890359065e-06,0.999958064683623,0.9999603862405769,0.9999366201746264,0.9999414614838733,0.9997474181749908,0.9997515346686114,4.116493620642814e-06,9.559397544156402e-06,5.735043796705907e-06,4.779698772078201e-06,1.865150396587226e-07,False,1,2.1444508996606575e-05,1.67010391730886e-05,-4.743469823517976e-06,0.999958064683623,0.9999603862405769,2.3215569538992398e-06,1.6701000399138986e-05,1.8924756703593815e-05,2.2237563044548293e-06,1.760272491476636e-06,1.994654681580732e-06,2.3438219010409613e-07,8.851205945480366e-07,8.851226494920826e-07,2.0549440459993778e-12,4.7377091384936003e-07,4.7377201378164564e-07,1.0999322856119342e-12,3.466182051125248e-07,3.2561842566333377e-07,-2.099977944919103e-08,1.6373084666628127e-07,1.5381125323954533e-07,-9.919593426735945e-09,7.265512278546006e-08,7.265529146553926e-08,1.6868007919377914e-13,8.763880687921748e-08,8.23292311312952e-08,-5.309575747922277e-09
pccv1_n02_random_sparse_r03,2,random_sparse,3,18,13,L18H13,1.0,2,2,True,True,-0.0004001055203843862,-0.0004001055203843862,0.0,10.625,10.625,0.0,0.00043126750183074204,0.00043126750183074204,0.0,0.0001872970962692918,0.0001872970962692918,0.0,1.9999925072523779,1.9999925072523779,0.0,0.9999644522260165,0.9999644522260165,0.9999401522585977,0.9999401522585977,0.9996355280459639,0.9996355280459639,0.0,0.0,0.0,0.0,0.0,False,0,2.4299967418872247e-05,2.4299967418872247e-05,0.0,0.9999644522260165,0.9999644522260165,0.0,8.939458434538978e-06,8.939458434538978e-06,0.0,9.422119870034259e-07,9.422119870034259e-07,0.0,5.0432973413117e-07,5.0432973413117e-07,0.0,3.6897551563286855e-07,3.6897551563286855e-07,0.0,1.6373189254786486e-07,1.6373189254786486e-07,0.0,2.102359115538447e-07,2.102359115538447e-07,0.0,3.653352340561059e-08,3.653352340561059e-08,0.0,8.232956589401144e-08,8.232956589401144e-08,0.0
pccv1_n02_random_sparse_r03,2,random_sparse,3,18,13,L18H13,0.5,2,2,True,True,-0.0004001055203843862,-0.0004009396652691066,-8.341448847204447e-07,10.625,10.375,-0.25,0.00043126750183074204,0.0004897785089568008,5.851100712605877e-05,0.0001872970962692918,0.000212708103794741,2.541100752544918e-05,1.9999925072523779,1.999984382521863,-8.12473051481355e-06,0.9999644522260165,0.9999587208150645,0.9999401522585977,0.9999275192181106,0.9996355280459639,0.9996404231064986,4.89506053469313e-06,1.3846299711098971e-05,9.033186053290074e-06,6.9231498555494855e-06,2.3373997778407034e-07,False,1,2.4299967418872247e-05,3.120159695395925e-05,6.901629535087001e-06,0.9999644522260165,0.9999587208150645,-5.731410951947957e-06,8.939458434538978e-06,7.888999162301664e-06,-1.0504592722373132e-06,9.422119870034259e-07,8.314943942757929e-07,-1.1071759272763299e-07,5.0432973413117e-07,4.737712247183891e-07,-3.055850941278088e-08,3.6897551563286855e-07,3.6897340080737995e-07,-2.114825488603587e-12,1.6373189254786486e-07,1.7429069339251079e-07,1.0558800844645927e-08,2.102359115538447e-07,2.1023470656260396e-07,-1.2049912407300296e-12,3.653352340561059e-08,3.653331400953087e-08,-2.0939607972364685e-13,8.232956589401144e-08,9.329108552284066e-08,1.0961519628829218e-08
pccv1_n02_random_sparse_r03,2,random_sparse,3,18,13,L18H13,1.5,2,2,True,True,-0.0004001055203843862,-0.00040558696491643786,-5.4814445320516825e-06,10.625,10.875,0.25,0.00043126750183074204,0.0004058396860095691,-2.5427815821172945e-05,0.0001872970962692918,0.00017625393617130418,-1.1043160097987624e-05,1.9999925072523779,2.000001011448414,8.504196036041023e-06,0.9999644522260165,0.9999670665288038,0.9999401522585977,0.9999481416456725,0.9996355280459639,0.9996274308021569,-8.09724380701482e-06,1.0750168575038687e-05,6.4956752207158706e-06,5.375084287519344e-06,2.4991000155271546e-07,False,1,2.4299967418872247e-05,1.89248831314315e-05,-5.3750842874407475e-06,0.9999644522260165,0.9999670665288038,2.6143027873626323e-06,8.939458434538978e-06,1.1478521850691636e-05,2.5390634161526584e-06,9.422119870034259e-07,1.0676688468355222e-06,1.2545685983209637e-07,5.0432973413117e-07,5.714819521424046e-07,6.715221801123458e-08,3.6897551563286855e-07,3.9277341873001016e-07,2.3797903097141608e-08,1.6373189254786486e-07,1.637323206078245e-07,4.2805995965324144e-13,2.102359115538447e-07,2.1023646119371274e-07,5.496398680440254e-13,3.653352340561059e-08,3.653361891869794e-08,9.551308734956786e-14,8.232956589401144e-08,8.763959582327344e-08,5.310029929262004e-09
pccv1_n02_random_sparse_r04,2,random_sparse,4,18,13,L18H13,1.0,2,2,True,True,-0.000350175570929423,-0.000350175570929423,0.0,10.5,10.5,0.0,0.0004220742384026123,0.0004220742384026123,0.0,0.00018330451269177209,0.00018330451269177209,0.0,1.9999839450654266,1.9999839450654266,0.0,0.9999647125476477,0.9999647125476477,0.9999371770699891,0.9999371770699891,0.9996851586612561,0.9996851586612561,0.0,0.0,0.0,0.0,0.0,False,0,2.753547765860278e-05,2.753547765860278e-05,0.0,0.9999647125476477,0.9999647125476477,0.0,6.14399553972755e-06,6.14399553972755e-06,0.0,6.89337194928292e-07,6.89337194928292e-07,0.0,3.927724941183332e-07,3.927724941183332e-07,0.0,1.8553258905816752e-07,1.8553258905816752e-07,0.0,1.4449292564376602e-07,1.4449292564376602e-07,0.0,1.1253120363964326e-07,1.1253120363964326e-07,0.0,2.6728503662285868e-08,2.6728503662285868e-08,0.0,5.658424269709111e-08,5.658424269709111e-08,0.0
pccv1_n02_random_sparse_r04,2,random_sparse,4,18,13,L18H13,0.5,2,2,True,True,-0.000350175570929423,-0.000388665939681232,-3.8490368751809e-05,10.5,10.0,-0.5,0.0004220742384026123,0.0005945772459226007,0.00017250300751998844,0.00018330451269177209,0.0002582216169694182,7.491710427764612e-05,1.9999839450654266,1.9999651552587034,-1.8789806723207292e-05,0.9999647125476477,0.9999476776574304,0.9999371770699891,0.9999022801030986,0.9996851586612561,0.9996637420707124,-2.1416590543665848e-05,3.574596123110524e-05,2.469351975529182e-05,1.787298061555262e-05,1.1177937183704223e-06,False,1,2.753547765860278e-05,4.539755433180719e-05,1.786207667320441e-05,0.9999647125476477,0.9999476776574304,-1.7034890217315635e-05,6.14399553972755e-06,5.421964665897407e-06,-7.220308738301428e-07,6.89337194928292e-07,6.083275760248635e-07,-8.10096189034285e-08,3.927724941183332e-07,3.689693260077476e-07,-2.3803168110585596e-08,1.8553258905816752e-07,1.7428876859345536e-07,-1.124382046471216e-08,1.4449292564376602e-07,1.4449046413578016e-07,-2.4615079858618566e-12,1.1253120363964326e-07,1.1978680206796257e-07,7.255598428319316e-09,2.6728503662285868e-08,2.6728048329092756e-08,-4.553331931114451e-13,5.658424269709111e-08,6.02325867039264e-08,3.648344006835289e-09
pccv1_n02_random_sparse_r04,2,random_sparse,4,18,13,L18H13,1.5,2,2,True,True,-0.000350175570929423,-0.0003518439189065248,-1.6683479771018028e-06,10.5,10.625,0.125,0.0004220742384026123,0.0004136863589449616,-8.387879457650693e-06,0.00018330451269177209,0.00017966170292844477,-3.642809763327318e-06,1.9999839450654266,1.9999899220765487,5.977011122038078e-06,0.9999647125476477,0.9999658543481005,0.9999371770699891,0.9999415543466089,0.9996851586612561,0.9996823481911221,-2.810470133951526e-06,6.470952334271451e-06,3.855383076009291e-06,3.2354761671357254e-06,1.1424459115629191e-07,False,1,2.753547765860278e-05,2.4300001491604415e-05,-3.2354761669983638e-06,0.9999647125476477,0.9999658543481005,1.1418004527419257e-06,6.14399553972755e-06,7.88905544106095e-06,1.7450599013334012e-06,6.89337194928292e-07,8.851274896296377e-07,1.9579029470134565e-07,3.927724941183332e-07,4.7377460452058757e-07,8.100211040225439e-08,1.8553258905816752e-07,2.237952767136275e-07,3.826268765545999e-08,1.4449292564376602e-07,1.5381209432933512e-07,9.319168685569098e-09,1.1253120363964326e-07,1.2751470492732923e-07,1.498350128768598e-08,2.6728503662285868e-08,2.8452376531714748e-08,1.7238728694288805e-09,5.658424269709111e-08,6.411842029310788e-08,7.534177596016772e-09
pccv1_n02_random_sparse_r05,2,random_sparse,5,18,13,L18H13,1.0,2,2,True,True,-0.0006553170969709754,-0.0006553170969709754,0.0,10.625,10.625,0.0,0.000461464510039458,0.000461464510039458,0.0,0.00020041149030432435,0.00020041149030432435,0.0,1.9999950091132543,1.9999950091132543,0.0,0.9999618326404827,0.9999618326404827,0.9999375327367219,0.9999375327367219,0.9993830291607004,0.9993830291607004,0.0,0.0,0.0,0.0,0.0,False,0,2.429990376076622e-05,2.429990376076622e-05,0.0,0.9999618326404827,0.9999618326404827,0.0,1.1478461771411559e-05,1.1478461771411559e-05,0.0,1.0676632585919736e-06,1.0676632585919736e-06,0.0,6.083361873419567e-07,6.083361873419567e-07,0.0,2.1023536080331415e-07,2.1023536080331415e-07,0.0,2.2379437664372483e-07,2.2379437664372483e-07,0.0,1.35738150905696e-07,1.35738150905696e-07,0.0,4.993527510083235e-08,4.993527510083235e-08,0.0,9.329137584039595e-08,9.329137584039595e-08,0.0
pccv1_n02_random_sparse_r05,2,random_sparse,5,18,13,L18H13,0.5,2,2,True,True,-0.0006553170969709754,-0.0006523388437926769,2.9782531782984734e-06,10.625,10.125,-0.5,0.000461464510039458,0.0005896430203920246,0.00012817851035256658,0.00020041149030432435,0.00025607871004902286,5.5667219744698506e-05,1.9999950091132543,1.999975537553923,-1.947155933135214e-05,0.9999618326404827,0.9999490169341999,0.9999375327367219,0.9999089536794586,0.9993830291607004,0.9993988179934199,1.5788832719465518e-05,3.1526701961021485e-05,2.0475364457245473e-05,1.5763350980510742e-05,1.0650328743670507e-06,False,1,2.429990376076622e-05,4.0063254741257784e-05,1.5763350980491566e-05,0.9999618326404827,0.9999490169341999,-1.2815706282753858e-05,1.1478461771411559e-05,8.939320446484191e-06,-2.5391413249273676e-06,1.0676632585919736e-06,8.314863252201671e-07,-2.3617693337180652e-07,6.083361873419567e-07,5.043219493778213e-07,-1.0401423796413542e-07,2.1023536080331415e-07,1.8552967690760532e-07,-2.4705683895708832e-08,2.2379437664372483e-07,2.1023266638584104e-07,-1.3561710257883793e-08,1.35738150905696e-07,1.2751255783615013e-07,-8.225593069545868e-09,4.993527510083235e-08,4.406716082561012e-08,-5.868114275222233e-09,9.329137584039595e-08,7.734027582600547e-08,-1.595110001439048e-08
pccv1_n02_random_sparse_r05,2,random_sparse,5,18,13,L18H13,1.5,2,2,True,True,-0.0006553170969709754,-0.000661631056573242,-6.31395960226655e-06,10.625,10.875,0.25,0.000461464510039458,0.0004449596517237103,-1.6504858315747716e-05,0.00020041149030432435,0.0001932435214132001,-7.16796889112424e-06,1.9999950091132543,2.000004439751793,9.430638538532321e-06,0.9999618326404827,0.9999636183443136,0.9999375327367219,0.9999446935264408,0.9993830291607004,0.9993749261700913,-8.102990609160088e-06,1.0750171775799662e-05,6.539497323377566e-06,5.375085887899831e-06,2.7600716410205993e-07,False,1,2.429990376076622e-05,1.8924817872793813e-05,-5.375085887972405e-06,0.9999618326404827,0.9999636183443136,1.7857038309143647e-06,1.1478461771411559e-05,1.4738662978815539e-05,3.26020120740398e-06,1.0676632585919736e-06,1.2878500185113957e-06,2.2018675991942203e-07,6.083361873419567e-07,6.893364406266177e-07,8.1000253284661e-08,2.1023536080331415e-07,2.382282992948857e-07,2.7992938491571565e-08,2.2379437664372483e-07,2.2379477628945398e-07,3.9964572915318477e-13,1.35738150905696e-07,1.3573839330308376e-07,2.423973877614864e-13,4.993527510083235e-08,4.9935364273847896e-08,8.917301554396835e-14,9.329137584039595e-08,9.329154243752175e-08,1.665971257956933e-13
pccv1_n02_row_r00,2,row,0,18,13,L18H13,1.0,2,2,True,True,-0.0003644755925051868,-0.0003644755925051868,0.0,9.75,9.75,0.0,0.0008650549476059581,0.0008650549476059581,0.0,0.00037568859028837417,0.00037568859028837417,0.0,1.9999690939776997,1.9999690939776997,0.0,0.9999229491097358,0.9999229491097358,0.9998646589376606,0.9998646589376606,0.9997126059484813,0.9997126059484813,0.0,0.0,0.0,0.0,0.0,False,0,5.8290172075130694e-05,5.8290172075130694e-05,0.0,0.9999229491097358,0.9999229491097358,0.0,1.4738063546865163e-05,1.4738063546865163e-05,0.0,1.994580004474194e-06,1.994580004474194e-06,0.0,7.337649774176992e-07,7.337649774176992e-07,0.0,6.893084048212217e-07,6.893084048212217e-07,0.0,1.7428445845981225e-07,1.7428445845981225e-07,0.0,2.8734649381514536e-07,2.8734649381514536e-07,0.0,4.4066012032028066e-08,4.4066012032028066e-08,0.0,9.930429104793105e-08,9.930429104793105e-08,0.0
pccv1_n02_row_r00,2,row,0,18,13,L18H13,0.5,2,2,True,True,-0.0003644755925051868,-0.00034648136352188885,1.7994228983297944e-05,9.75,9.75,0.0,0.0008650549476059581,0.0008351892127863469,-2.9865734819611205e-05,0.00037568859028837417,0.0003627180664582312,-1.2970523830142951e-05,1.9999690939776997,1.9999651548017987,-3.939175901024328e-06,0.9999229491097358,0.999925441729339,0.9998646589376606,0.9998671514119574,0.9997126059484813,0.9997281158040323,1.550985555098805e-05,4.98552981921609e-06,3.072300309573409e-06,2.492764909608045e-06,4.7981640018652476e-08,False,1,5.8290172075130694e-05,5.829031738155227e-05,1.453064215784926e-10,0.9999229491097358,0.999925441729339,2.4926196031671566e-06,1.4738063546865163e-05,1.3006327852448559e-05,-1.7317356944166038e-06,1.994580004474194e-06,1.5533843416680404e-06,-4.411956628061535e-07,7.337649774176992e-07,6.083140485888398e-07,-1.254509288288594e-07,6.893084048212217e-07,5.714581635373075e-07,-1.1785024128391421e-07,1.7428445845981225e-07,1.6372550505835358e-07,-1.0558953401458674e-08,2.8734649381514536e-07,2.3821920421393336e-07,-4.9127289601212e-08,4.4066012032028066e-08,3.888821606827772e-08,-5.177795963750348e-09,9.930429104793105e-08,8.76359477225275e-08,-1.1668343325403545e-08
pccv1_n02_row_r00,2,row,0,18,13,L18H13,1.5,2,2,True,True,-0.0003644755925051868,-0.0003084660565946251,5.600953591056168e-05,9.75,10.25,0.5,0.0008650549476059581,0.0006097365149204735,-0.0002553184326854846,0.00037568859028837417,0.0002648052038448814,-0.00011088338644349275,1.9999690939776997,1.9999886136190836,1.951964138391382e-05,0.9999229491097358,0.9999481199899278,0.9998646589376606,0.9999127643234249,0.9997126059484813,0.9997434722668359,3.08663183545832e-05,5.034176038404095e-05,3.409743663501767e-05,2.5170880192020474e-05,1.45438781675656e-06,False,1,5.8290172075130694e-05,3.535566650290974e-05,-2.2934505572220957e-05,0.9999229491097358,0.9999481199899278,2.517088019204916e-05,1.4738063546865163e-05,1.3006622835334316e-05,-1.7314407115308466e-06,1.994580004474194e-06,1.7602549853717642e-06,-2.3432501910242962e-07,7.337649774176992e-07,6.475616203378099e-07,-8.620335707988931e-08,6.893084048212217e-07,6.083278451219993e-07,-8.098055969922246e-08,1.7428445845981225e-07,1.4449052805195226e-07,-2.979393040785999e-08,2.8734649381514536e-07,2.3822460701394723e-07,-4.912188680119813e-08,4.4066012032028066e-08,3.653292671026999e-08,-7.533085321758074e-09,9.930429104793105e-08,8.232822122030403e-08,-1.6976069827627017e-08
pccv1_n02_row_r01,2,row,1,18,13,L18H13,1.0,2,2,True,True,-0.00029273517429828644,-0.00029273517429828644,0.0,10.0,10.0,0.0,0.0006951445207667064,0.0006951445207667064,0.0,0.00030189742949426104,0.00030189742949426104,0.0,1.9999750648749508,1.9999750648749508,0.0,0.9999392299165941,0.9999392299165941,0.9998938327457891,0.9998938327457891,0.9997680375780487,0.9997680375780487,0.0,0.0,0.0,0.0,0.0,False,0,4.5397170804966565e-05,4.5397170804966565e-05,0.0,0.9999392299165941,0.9999392299165941,0.0,1.3006507199504298e-05,1.3006507199504298e-05,0.0,1.1364959332964099e-06,1.1364959332964099e-06,0.0,5.043170133183682e-07,5.043170133183682e-07,0.0,3.689662088874099e-07,3.689662088874099e-07,0.0,1.1978579008715388e-07,1.1978579008715388e-07,0.0,1.3573508273664602e-07,1.3573508273664602e-07,0.0,2.8451618977497405e-08,2.8451618977497405e-08,0.0,7.265375428576048e-08,7.265375428576048e-08,0.0
pccv1_n02_row_r01,2,row,1,18,13,L18H13,0.5,2,2,True,True,-0.00029273517429828644,-0.0002964295563288033,-3.694382030516863e-06,10.0,9.75,-0.25,0.0006951445207667064,0.0008041256353809227,0.0001089811146142163,0.00030189742949426104,0.000349227326202881,4.7329896708619935e-05,1.9999750648749508,1.9999606537676855,-1.4411107265299705e-05,0.9999392299165941,0.9999279436057583,0.9998938327457891,0.9998696531425307,0.9997680375780487,0.9997756263304538,7.588752405141008e-06,2.5896608155222474e-05,1.7203856321866302e-05,1.2948304077611237e-05,4.2837535491106775e-07,False,1,4.5397170804966565e-05,5.829046322759683e-05,1.2893292422630266e-05,0.9999392299165941,0.9999279436057583,-1.1286310835800784e-05,1.3006507199504298e-05,1.1478072762574565e-05,-1.5284344369297335e-06,1.1364959332964099e-06,1.002942820593944e-06,-1.3355311270246585e-07,5.043170133183682e-07,5.043113210938792e-07,-5.692224489037398e-12,3.689662088874099e-07,3.9275805177968785e-07,2.379184289227794e-08,1.1978579008715388e-07,1.3573355069520864e-07,1.594776060805476e-08,1.3573508273664602e-07,1.4448761260429597e-07,8.752529867649952e-09,2.8451618977497405e-08,3.028624890413692e-08,1.834629926639516e-09,7.265375428576048e-08,7.733864592587392e-08,4.684891640113446e-09
pccv1_n02_row_r01,2,row,1,18,13,L18H13,1.5,2,2,True,True,-0.00029273517429828644,-0.00023898606013972312,5.3749114158563316e-05,10.0,10.375,0.375,0.0006951445207667064,0.0005307136090929367,-0.0001644309116737697,0.00030189742949426104,0.00023048599190002183,-7.14114375942392e-05,1.9999750648749508,1.9999871162218958,1.2051346945041175e-05,0.9999392299165941,0.9999551383391099,0.9998938327457891,0.9999239368539395,0.9997680375780487,0.9998058979315552,3.786035350650252e-05,3.181684503145365e-05,2.137614684918634e-05,1.5908422515726823e-05,6.875198525613067e-07,False,1,4.5397170804966565e-05,3.120148517037407e-05,-1.4195685634592492e-05,0.9999392299165941,0.9999551383391099,1.590842251575353e-05,1.3006507199504298e-05,1.1478384928196262e-05,-1.528122271308036e-06,1.1364959332964099e-06,1.0676561110595535e-06,-6.883982223685637e-08,5.043170133183682e-07,4.450652827783873e-07,-5.925173053998089e-08,3.689662088874099e-07,3.4661719074570434e-07,-2.2349018141705564e-08,1.1978579008715388e-07,1.0571227051647425e-07,-1.4073519570679633e-08,1.3573508273664602e-07,1.2751333843194492e-07,-8.221744304701101e-09,2.8451618977497405e-08,2.5108865081513614e-08,-3.3427538959837915e-09,7.265375428576048e-08,6.41177331760775e-08,-8.536021109682973e-09
pccv1_n02_row_r02,2,row,2,18,13,L18H13,1.0,2,2,True,True,-0.00028308198670856655,-0.00028308198670856655,0.0,10.25,10.25,0.0,0.0005754754804229191,0.0005754754804229191,0.0,0.00024992582561829657,0.00024992582561829657,0.0,1.9999834816075723,1.9999834816075723,0.0,0.9999508554292214,0.9999508554292214,0.9999154996660001,0.9999154996660001,0.9997660706180245,0.9997660706180245,0.0,0.0,0.0,0.0,0.0,False,0,3.535576322120688e-05,3.535576322120688e-05,0.0,0.9999508554292214,0.9999508554292214,0.0,1.147833576510241e-05,1.147833576510241e-05,0.0,1.0676515381794909e-06,1.0676515381794909e-06,0.0,4.737674981710764e-07,4.737674981710764e-07,0.0,4.180983496812279e-07,4.180983496812279e-07,0.0,1.275127922793055e-07,1.275127922793055e-07,0.0,1.3573666082246476e-07,1.3573666082246476e-07,0.0,2.358749482191524e-08,2.358749482191524e-08,0.0,6.411745855328402e-08,6.411745855328402e-08,0.0
pccv1_n02_row_r02,2,row,2,18,13,L18H13,0.5,2,2,True,True,-0.00028308198670856655,-0.0003108495147898793,-2.7767528081312776e-05,10.25,9.875,-0.375,0.0005754754804229191,0.0007358833805300197,0.00016040790010710061,0.00024992582561829657,0.0003195900914884984,6.966426587020182e-05,1.9999834816075723,1.9999671648674313,-1.6316740141020247e-05,0.9999508554292214,0.9999348599195502,0.9999154996660001,0.9998834184104929,0.9997660706180245,0.9997543454610227,-1.172515700176291e-05,3.21714916723301e-05,2.2685069475143277e-05,1.608574583616505e-05,7.503359632592043e-07,False,1,3.535576322120688e-05,5.144150905737144e-05,1.6085745836164563e-05,0.9999508554292214,0.9999348599195502,-1.5995509671129504e-05,1.147833576510241e-05,1.1478152154248195e-05,-1.8361085421585112e-10,1.0676515381794909e-06,1.0029497577610739e-06,-6.4701780418417e-08,4.737674981710764e-07,4.737599196460342e-07,-7.578525042226778e-12,4.180983496812279e-07,3.927607684133691e-07,-2.5337581267858818e-08,1.275127922793055e-07,1.2751075254696164e-07,-2.039732343877024e-12,1.3573666082246476e-07,1.3573448953868703e-07,-2.171283777729844e-12,2.358749482191524e-08,2.3587117509370835e-08,-3.7731254440525164e-13,6.411745855328402e-08,6.411643291145091e-08,-1.0256418331136748e-12
pccv1_n02_row_r02,2,row,2,18,13,L18H13,1.5,2,2,True,True,-0.00028308198670856655,-0.00026556302327662706,1.7518963431939483e-05,10.25,10.375,0.125,0.0005754754804229191,0.0005359110746095635,-3.9564405813355646e-05,0.00024992582561829657,0.00023274322249377527,-1.71826031245213e-05,1.9999834816075723,1.9999882312872792,4.749679706872456e-06,0.9999508554292214,0.9999547764323413,0.9999154996660001,0.9999235749584635,0.9997660706180245,0.9997796749146808,1.3604296656311021e-05,8.32402896616299e-06,5.714668686688306e-06,4.162014483081495e-06,6.841277828380542e-08,False,1,3.535576322120688e-05,3.12014738778388e-05,-4.15428934336808e-06,0.9999508554292214,0.9999547764323413,3.921003119966571e-06,1.147833576510241e-05,1.1478380773904695e-05,4.500880228483256e-11,1.0676515381794909e-06,1.2098124327953672e-06,1.421608946158763e-07,4.737674981710764e-07,5.368510127555914e-07,6.308351458451493e-08,4.180983496812279e-07,4.4506512169902276e-07,2.6966772017794865e-08,1.275127922793055e-07,1.1978765245200184e-07,-7.72513982730367e-09,1.3573666082246476e-07,1.4449148989473193e-07,8.754829072267173e-09,2.358749482191524e-08,2.3587587313101467e-08,9.249118622649933e-14,6.411745855328402e-08,6.411770997039483e-08,2.5141711081072685e-13
pccv1_n02_row_r03,2,row,3,18,13,L18H13,1.0,2,2,True,True,-0.00028546550311148167,-0.00028546550311148167,0.0,9.375,9.375,0.0,0.0010086689986973586,0.0010086689986973586,0.0,0.0004380593802011411,0.0004380593802011411,0.0,1.9999290898080642,1.9999290898080642,0.0,0.9999055173532274,0.9999055173532274,0.9998207071318324,0.9998207071318324,0.9998090179586434,0.9998090179586434,0.0,0.0,0.0,0.0,0.0,False,0,8.48102213951085e-05,8.48102213951085e-05,0.0,0.9999055173532274,0.9999055173532274,0.0,7.8885794229093e-06,7.8885794229093e-06,0.0,7.337521856196592e-07,7.337521856196592e-07,0.0,3.6895376933475996e-07,3.6895376933475996e-07,0.0,3.4659999048734354e-07,3.4659999048734354e-07,0.0,1.1978175155569327e-07,1.1978175155569327e-07,0.0,1.1978175155569327e-07,1.1978175155569327e-07,0.0,2.6726921407481273e-08,2.6726921407481273e-08,0.0,6.824958475262054e-08,6.824958475262054e-08,0.0
pccv1_n02_row_r03,2,row,3,18,13,L18H13,0.5,2,2,True,True,-0.00028546550311148167,-0.000331704446580261,-4.6238943468779325e-05,9.375,9.125,-0.25,0.0010086689986973586,0.001231513982406108,0.00022284498370874926,0.0004380593802011411,0.0005348397269456709,9.678034674452982e-05,1.9999290898080642,1.9999051777132055,-2.391209485863577e-05,0.9999055173532274,0.9998814242544982,0.9998207071318324,0.9997725283985818,0.9998090179586434,0.999786910239477,-2.2107719166442052e-05,4.827554020779841e-05,3.40675506900146e-05,2.4137770103899205e-05,7.516017129274608e-07,False,1,8.48102213951085e-05,0.00010889585591648921,2.4085634521380707e-05,0.9999055173532274,0.9998814242544982,-2.4093098729194296e-05,7.8885794229093e-06,7.888389344627332e-06,-1.9007828196818447e-10,7.337521856196592e-07,6.892797791838666e-07,-4.447240643579254e-08,3.6895376933475996e-07,3.6894487925521064e-07,-8.890079549319227e-12,3.4659999048734354e-07,3.6894487925521064e-07,2.23448887678671e-08,1.1978175155569327e-07,1.3572723600347216e-07,1.5945484447778896e-08,1.1978175155569327e-07,1.2750393848122924e-07,7.722186925535968e-09,2.6726921407481273e-08,2.8449974212872226e-08,1.723052805390953e-09,6.824958475262054e-08,7.264955423215262e-08,4.399969479532079e-09
pccv1_n02_row_r03,2,row,3,18,13,L18H13,1.5,2,2,True,True,-0.00028546550311148167,-0.0002924968139268458,-7.031310815364122e-06,9.375,9.5,0.125,0.0010086689986973586,0.0009162168949727786,-9.245210372458006e-05,0.0004380593802011411,0.00039790794171320896,-4.015143848793215e-05,1.9999290898080642,1.9999394037533254,1.0313945261186674e-05,0.9999055173532274,0.9999153746597649,0.9998207071318324,0.9998405291642387,0.9998090179586434,0.999792127762225,-1.6890196418373193e-05,1.992945173791669e-05,1.4016620217783559e-05,9.964725868958346e-06,1.5643603856056028e-07,False,1,8.48102213951085e-05,7.484549552612913e-05,-9.964725868979372e-06,0.9999055173532274,0.9999153746597649,9.857306537464083e-06,7.8885794229093e-06,7.888657190402495e-06,7.776749319481763e-11,7.337521856196592e-07,7.81082835835557e-07,4.733065021589786e-08,3.6895376933475996e-07,3.927531148692106e-07,2.3799345534450626e-08,3.4659999048734354e-07,3.6895740656881794e-07,2.23574160814744e-08,1.1978175155569327e-07,1.1978293239270454e-07,1.1808370112692772e-12,1.1978175155569327e-07,1.2750826780496656e-07,7.726516249273291e-09,2.6726921407481273e-08,2.8450940215571068e-08,1.7240188080897954e-09,6.824958475262054e-08,7.265202100646085e-08,4.402436253840311e-09
pccv1_n02_row_r04,2,row,4,18,13,L18H13,1.0,2,2,True,True,-0.00034850722295232117,-0.00034850722295232117,0.0,9.75,9.75,0.0,0.0008111528193498178,0.0008111528193498178,0.0,0.0003522791934238911,0.0003522791934238911,0.0,1.9999623679129985,1.9999623679129985,0.0,0.9999274598128098,0.9999274598128098,0.9998691693777848,0.9998691693777848,0.9997240714192017,0.9997240714192017,0.0,0.0,0.0,0.0,0.0,False,0,5.8290435025049586e-05,5.8290435025049586e-05,0.0,0.9999274598128098,0.9999274598128098,0.0,1.147806720916374e-05,1.147806720916374e-05,0.0,1.2097793833148207e-06,1.2097793833148207e-06,0.0,5.714593168735725e-07,5.714593168735725e-07,0.0,4.7375641354367174e-07,4.7375641354367174e-07,0.0,1.7428524466583266e-07,1.7428524466583266e-07,0.0,2.10228134143664e-07,2.10228134143664e-07,0.0,3.8888294553795526e-08,3.8888294553795526e-08,0.0,9.328816902961533e-08,9.328816902961533e-08,0.0
pccv1_n02_row_r04,2,row,4,18,13,L18H13,0.5,2,2,True,True,-0.00034850722295232117,-0.0003778220561798662,-2.9314833227545023e-05,9.75,9.5,-0.25,0.0008111528193498178,0.0009912682960159032,0.0001801154766660854,0.0003522791934238911,0.00043050235104534593,7.822315762145483e-05,1.9999623679129985,1.9999482797118007,-1.4088201197859362e-05,0.9999274598128098,0.9999091304701366,0.9998691693777848,0.9998342854419995,0.9997240714192017,0.9997130692276528,-1.1002191548925566e-05,3.6658685346083846e-05,2.474605443703844e-05,1.8329342673041923e-05,5.428045318368803e-07,False,1,5.8290435025049586e-05,7.48450281371093e-05,1.6554593112059708e-05,0.9999274598128098,0.9999091304701366,-1.832934267320674e-05,1.147806720916374e-05,1.3006115687045002e-05,1.5280484778812616e-06,1.2097793833148207e-06,1.2877798437485542e-06,7.80004604337335e-08,5.714593168735725e-07,6.083041254808672e-07,3.68448086072947e-08,4.7375641354367174e-07,5.368265065662963e-07,6.307009302262453e-08,1.7428524466583266e-07,1.9748743524162667e-07,2.3202190575794018e-08,2.10228134143664e-07,2.3821531826901714e-07,2.798718412535315e-08,3.8888294553795526e-08,4.406540305276683e-08,5.177108498971302e-09,9.328816902961533e-08,1.0570740670198467e-07,1.241923767236934e-08
pccv1_n02_row_r04,2,row,4,18,13,L18H13,1.5,2,2,True,True,-0.00034850722295232117,-0.0003250309091527015,2.3476313799619675e-05,9.75,10.0,0.25,0.0008111528193498178,0.0007047828929721434,-0.00010636992637767437,0.0003522791934238911,0.000306083321357612,-4.619587206627912e-05,1.9999623679129985,1.9999774271532258,1.5059240227266457e-05,0.9999274598128098,0.9999385649696994,0.9998691693777848,0.9998931678290829,0.9997240714192017,0.9997364543146077,1.2382895405949057e-05,2.5807703998502576e-05,1.7085972219046836e-05,1.2903851999251288e-05,4.2978028075561145e-07,False,1,5.8290435025049586e-05,4.539714061642425e-05,-1.2893294408625334e-05,0.9999274598128098,0.9999385649696994,1.1105156889512635e-05,1.147806720916374e-05,1.3006498550342113e-05,1.528431341178373e-06,1.2097793833148207e-06,1.3708748614710713e-06,1.6109547815625062e-07,5.714593168735725e-07,6.47555432552406e-07,7.609611567883358e-08,4.7375641354367174e-07,5.043166779539561e-07,3.056026441028432e-08,1.7428524466583266e-07,1.6372765382771812e-07,-1.055759083811454e-08,2.10228134143664e-07,2.1023046892944205e-07,2.3347857780618486e-12,3.8888294553795526e-08,4.1396833815859706e-08,2.50853926206418e-09,9.328816902961533e-08,9.328920508452395e-08,1.036054908619013e-12
pccv1_n02_row_r05,2,row,5,18,13,L18H13,1.0,2,2,True,True,-0.00033706706017255783,-0.00033706706017255783,0.0,10.0,10.0,0.0,0.0007600437127434253,0.0007600437127434253,0.0,0.00033008279044972986,0.00033008279044972986,0.0,1.9999845717149292,1.9999845717149292,0.0,0.999933860511903,0.999933860511903,0.9998884635848686,0.9998884635848686,0.9997291169107214,0.9997291169107214,0.0,0.0,0.0,0.0,0.0,False,0,4.5396927034370726e-05,4.5396927034370726e-05,0.0,0.999933860511903,0.999933860511903,0.0,1.6700596148305043e-05,1.6700596148305043e-05,0.0,1.8737549576758554e-06,1.8737549576758554e-06,0.0,6.893159267220132e-07,6.893159267220132e-07,0.0,7.810972760393751e-07,7.810972760393751e-07,0.0,1.9749231955798406e-07,1.9749231955798406e-07,0.0,3.058820882789401e-07,3.058820882789401e-07,0.0,4.9933878251582526e-08,4.9933878251582526e-08,0.0,1.444884675855457e-07,1.444884675855457e-07,0.0
pccv1_n02_row_r05,2,row,5,18,13,L18H13,0.5,2,2,True,True,-0.00033706706017255783,-0.00037400881410576403,-3.69417539332062e-05,10.0,9.75,-0.25,0.0007600437127434253,0.0008600516827725723,0.000100007970029147,0.00033008279044972986,0.00037351569997973416,4.3432909530004304e-05,1.9999845717149292,1.99996847617109,-1.609554383907863e-05,0.999933860511903,0.9999233312483381,0.9998884635848686,0.9998650410539863,0.9997291169107214,0.9997026864158727,-2.6430494848739272e-05,2.578653463461857e-05,1.676345061701499e-05,1.2893267317309285e-05,4.3836434120006403e-07,False,1,4.5396927034370726e-05,5.8290194351772014e-05,1.2893267317401288e-05,0.999933860511903,0.9999233312483381,-1.0529263564929003e-05,1.6700596148305043e-05,1.473806917928215e-05,-1.962526969022893e-06,1.8737549576758554e-06,1.6535655341891717e-06,-2.2018942348668362e-07,6.893159267220132e-07,6.475455672673065e-07,-4.1770359454706677e-08,7.810972760393751e-07,6.893086682528698e-07,-9.178860778650522e-08,1.9749231955798406e-07,1.9749023997175664e-07,-2.079586227424121e-12,3.058820882789401e-07,2.699371530049148e-07,-3.594493527402532e-08,4.9933878251582526e-08,4.6908043561450226e-08,-3.0258346901322998e-09,1.444884675855457e-07,1.3573292459844466e-07,-8.755542987101024e-09
pccv1_n02_row_r05,2,row,5,18,13,L18H13,1.5,2,2,True,True,-0.00033706706017255783,-0.00032848684350028634,8.58021667227149e-06,10.0,10.25,0.25,0.0007600437127434253,0.0006901570983619719,-6.988661438145339e-05,0.00033008279044972986,0.0002997314194649642,-3.035137098476566e-05,1.9999845717149292,1.9999982277344486,1.3656019519414642e-05,0.999933860511903,0.9999411266593577,0.9998884635848686,0.9999057712401215,0.9997291169107214,0.999730435877936,1.3189672145585973e-06,2.008301559606871e-05,1.2598997834795553e-05,1.0041507798034356e-05,3.5875679737754333e-07,False,1,4.5396927034370726e-05,3.535541923621816e-05,-1.0041507798152568e-05,0.999933860511903,0.9999411266593577,7.266147454720873e-06,1.6700596148305043e-05,1.892439220626592e-05,2.2237960579608752e-06,1.8737549576758554e-06,2.2601963338379135e-06,3.8644137616205813e-07,6.893159267220132e-07,7.811029519827632e-07,9.178702526075005e-08,7.810972760393751e-07,8.314797642300343e-07,5.038248819065926e-08,1.9749231955798406e-07,1.9749375466121614e-07,1.435103232078414e-12,3.058820882789401e-07,3.2561215414037966e-07,1.973006586143955e-08,4.9933878251582526e-08,5.315472296388357e-08,3.220844712301044e-09,1.444884675855457e-07,1.4448951752949942e-07,1.0499439537329245e-12
pccv1_n03_dense_r00,3,dense,0,18,13,L18H13,1.0,3,3,True,True,-0.002941450336948037,-0.002941450336948037,0.0,9.0,9.0,0.0,0.002644970033276421,0.002644970033276421,0.0,0.0011486958902514098,0.0011486958902514098,0.0,3.0000541347466507,3.0000541347466507,0.0,0.9997441839267294,0.9997441839267294,0.9996208056928542,0.9996208056928542,0.9973179918922597,0.9973179918922597,0.0,0.0,0.0,0.0,0.0,False,0,5.420861272347679e-06,5.420861272347679e-06,0.0,0.00010888090924121739,0.00010888090924121739,0.0,0.9997441839267294,0.9997441839267294,0.0,0.000123378233875195,0.000123378233875195,0.0,1.0780669929725366e-05,1.0780669929725366e-05,0.0,4.221771003825824e-06,4.221771003825824e-06,0.0,1.1362742508504622e-06,1.1362742508504622e-06,0.0,8.849312763462139e-07,8.849312763462139e-07,0.0,5.042186423292866e-07,5.042186423292866e-07,0.0,6.082037786995639e-07,6.082037786995639e-07,0.0
pccv1_n03_dense_r00,3,dense,0,18,13,L18H13,0.5,3,3,True,True,-0.002941450336948037,-0.0027358029037714005,0.0002056474331766367,9.0,8.625,-0.375,0.002644970033276421,0.0028746110123944193,0.0002296409791179982,0.0011486958902514098,0.0012484277003012164,9.973181004980657e-05,3.0000541347466507,2.9999373528996554,-0.00011678184699537297,0.9997441839267294,0.9997155853768549,0.9996208056928542,0.9995360762409772,0.9973179918922597,0.9975516797637454,0.00023368787148569936,0.00014125645327289416,8.543635706839422e-05,7.062822663644708e-05,6.24684515911587e-06,False,1,5.420861272347679e-06,5.092282217624491e-06,-3.285790547231884e-07,0.00010888090924121739,0.00017950913587767492,7.062822663645753e-05,0.9997441839267294,0.9997155853768549,-2.859854987447008e-05,0.000123378233875195,8.479411170005571e-05,-3.858412217513929e-05,1.0780669929725366e-05,8.93723362059798e-06,-1.8434363091273864e-06,4.221771003825824e-06,3.2878245099642106e-06,-9.339464938616134e-07,1.1362742508504622e-06,1.0027298220849666e-06,-1.3354442876549553e-07,8.849312763462139e-07,7.809267706488226e-07,-1.0400450569739125e-07,5.042186423292866e-07,4.7365602938888676e-07,-3.056261294039988e-08,6.082037786995639e-07,5.367225969877922e-07,-7.148118171177163e-08
pccv1_n03_dense_r00,3,dense,0,18,13,L18H13,1.5,3,3,True,True,-0.002941450336948037,-0.003100590081885457,-0.0001591397449374199,9.0,8.875,-0.125,0.002644970033276421,0.002478126738298552,-0.00016684329497786924,0.0011486958902514098,0.0010762367678999647,-7.245912235144514e-05,3.0000541347466507,3.000106384518347,5.224977169637768e-05,0.9997441839267294,0.9997615023852894,0.9996208056928542,0.9996216941085901,0.9973179918922597,0.9971420103637456,-0.00017598152851405757,6.888820277592907e-05,4.158924265285234e-05,3.4444101387964536e-05,1.8517525581129796e-06,False,1,5.420861272347679e-06,5.0925161065114475e-06,-3.283451658362317e-07,0.00010888090924121739,7.483397790481566e-05,-3.4046931336401736e-05,0.9997441839267294,0.9997615023852894,1.7318458560011685e-05,0.000123378233875195,0.00013980827669924408,1.643004282404908e-05,1.0780669929725366e-05,1.1476162200467115e-05,6.954922707417489e-07,4.221771003825824e-06,4.221844137100671e-06,7.31332748470071e-11,1.1362742508504622e-06,1.0674493651751723e-06,-6.882488567528986e-08,8.849312763462139e-07,8.849466059134014e-07,1.5329567187574477e-11,5.042186423292866e-07,5.042273768533807e-07,8.734524094037491e-12,6.082037786995639e-07,6.082143145467404e-07,1.0535847176512624e-11
pccv1_n03_dense_r01,3,dense,1,18,13,L18H13,1.0,3,3,True,True,-0.004266564734280109,-0.004266564734280109,0.0,8.875,8.875,0.0,0.00233094921226648,0.00233094921226648,0.0,0.0010123183804840639,0.0010123183804840639,0.0,3.000170093315284,3.000170093315284,0.0,0.9997805987456485,0.9997805987456485,0.9996407877984831,0.9996407877984831,0.9959610149320497,0.9959610149320497,0.0,0.0,0.0,0.0,0.0,False,0,1.2216544414770006e-05,1.2216544414770006e-05,0.0,3.534974337037267e-05,3.534974337037267e-05,0.0,0.9997805987456485,0.9997805987456485,0.0,0.00013981094716537692,0.00013981094716537692,0.0,1.892135413420538e-05,1.892135413420538e-05,0.0,6.9607771850984354e-06,6.9607771850984354e-06,0.0,2.259833487873915e-06,2.259833487873915e-06,0.0,1.994296053405673e-06,1.994296053405673e-06,0.0,8.84963509204081e-07,8.84963509204081e-07,0.0,1.0027950314751944e-06,1.0027950314751944e-06,0.0
pccv1_n03_dense_r01,3,dense,1,18,13,L18H13,0.5,3,3,True,True,-0.004266564734280109,-0.003517870092764497,0.0007486946415156126,8.875,9.125,0.25,0.00233094921226648,0.0020145473470569632,-0.0003164018652095169,0.0010123183804840639,0.0008749067963596742,-0.00013741158412438963,3.000170093315284,3.0001217119372323,-4.838137805185383e-05,0.9997805987456485,0.9998143444394074,0.9996407877984831,0.9997054558890711,0.9959610149320497,0.9966733706996251,0.0007123557675754455,7.69076188727301e-05,4.624144894913492e-05,3.845380943636505e-05,1.2292949701791725e-06,False,1,1.2216544414770006e-05,1.0781426500597638e-05,-1.4351179141723674e-06,3.534974337037267e-05,4.005785904770327e-05,4.708115677330605e-06,0.9997805987456485,0.9998143444394074,3.374569375891312e-05,0.00013981094716537692,0.00010888855033634556,-3.092239682903136e-05,1.892135413420538e-05,1.4736462800993484e-05,-4.184891333211896e-06,6.9607771850984354e-06,5.77088175018239e-06,-1.1898954349160454e-06,2.259833487873915e-06,1.99436336707826e-06,-2.654701207956552e-07,1.994296053405673e-06,1.7600194940747488e-06,-2.3427655933092414e-07,8.84963509204081e-07,7.810039161859329e-07,-1.0395959301814815e-07,1.0027950314751944e-06,8.849933794652232e-07,-1.1780165200997119e-07
pccv1_n03_dense_r01,3,dense,1,18,13,L18H13,1.5,3,3,True,True,-0.004266564734280109,-0.004527674522250891,-0.0002611097879707813,8.875,8.75,-0.125,0.00233094921226648,0.0024276203657869044,9.667115352042423e-05,0.0010123183804840639,0.0010543021290172062,4.1983748533142365e-05,3.000170093315284,3.0001959540478227,2.5860732538518505e-05,0.9997805987456485,0.9997685971155182,0.9996407877984831,0.9996101724588102,0.9959610149320497,0.9957129748253806,-0.0002480401066691229,3.9992026653699334e-05,2.3505684405339333e-05,1.9996013326849667e-05,5.465405330312976e-07,False,1,1.2216544414770006e-05,1.3004287727871156e-05,7.877433131011501e-07,3.534974337037267e-05,2.753007733593924e-05,-7.819666034433427e-06,0.9997805987456485,0.9997685971155182,-1.2001630130265006e-05,0.00013981094716537692,0.00015842465670804068,1.8613709542663752e-05,1.892135413420538e-05,1.892112699727737e-05,-2.271369280099154e-10,6.9607771850984354e-06,7.409619795200105e-06,4.488426101016694e-07,2.259833487873915e-06,2.405551348698984e-06,1.4571786082506867e-07,1.994296053405673e-06,1.8734452740852427e-06,-1.2085077932043028e-07,8.84963509204081e-07,8.313363009594379e-07,-5.362720824464315e-08,1.0027950314751944e-06,1.002782993659018e-06,-1.2037816176320085e-11
pccv1_n03_dense_r02,3,dense,2,18,13,L18H13,1.0,3,3,True,True,-0.00419071177020669,-0.00419071177020669,0.0,8.375,8.375,0.0,0.00339921337417411,0.00339921337417411,0.0,0.0014762596112155495,0.0014762596112155495,0.0,2.999908922598667,2.999908922598667,0.0,0.9996590118294298,0.9996590118294298,0.9994285305800249,0.9994285305800249,0.9961577565168795,0.9961577565168795,0.0,0.0,0.0,0.0,0.0,False,0,7.4088076219558095e-06,7.4088076219558095e-06,0.0,0.0002304812494049844,0.0002304812494049844,0.0,0.9996590118294298,0.9996590118294298,0.0,7.482630629916337e-05,7.482630629916337e-05,0.0,1.7772805562064918e-05,1.7772805562064918e-05,0.0,4.783485723703503e-06,4.783485723703503e-06,0.0,1.994053519886354e-06,1.994053519886354e-06,0.0,1.8732399245304318e-06,1.8732399245304318e-06,0.0,7.808825782821725e-07,7.808825782821725e-07,0.0,1.0673399355976904e-06,1.0673399355976904e-06,0.0
pccv1_n03_dense_r02,3,dense,2,18,13,L18H13,0.5,3,3,True,True,-0.00419071177020669,-0.0038067272398620844,0.00038398453034460545,8.375,7.75,-0.625,0.00339921337417411,0.004971392795163671,0.0015721794209895609,0.0014762596112155495,0.002159048458313165,0.0006827888470976155,2.999908922598667,2.9997013590938684,-0.00020756350479844698,0.9996590118294298,0.9994619474791411,0.9994285305800249,0.9990314367006752,0.9961577565168795,0.9967367986864701,0.0005790421695905934,0.0004000590581219458,0.0002808040146037551,0.0002000295290609729,1.542278117795357e-05,False,1,7.4088076219558095e-06,7.407347112078783e-06,-1.4605098770260742e-09,0.0002304812494049844,0.0004305107784658896,0.00020002952906090523,0.9996590118294298,0.9994619474791411,-0.000197064350288767,7.482630629916337e-05,7.481155567193862e-05,-1.4750627224741552e-08,1.7772805562064918e-05,1.5681353959326633e-05,-2.0914516027382856e-06,4.783485723703503e-06,4.220579161282694e-06,-5.629065624208094e-07,1.994053519886354e-06,1.8728706498034557e-06,-1.2118287008289839e-07,1.8732399245304318e-06,1.8728706498034557e-06,-3.692747269761479e-10,7.808825782821725e-07,7.33426684500866e-07,-4.745589378130653e-08,1.0673399355976904e-06,9.417385041761332e-07,-1.256014314215572e-07
pccv1_n03_dense_r02,3,dense,2,18,13,L18H13,1.5,3,3,True,True,-0.00419071177020669,-0.0039907824248075485,0.0001999293453991413,8.375,8.875,0.5,0.00339921337417411,0.0027377901752582,-0.0006614231989159102,0.0014762596112155495,0.0011890071657235728,-0.00028725244549197664,2.999908922598667,3.0000124519965046,0.00010352939783775383,0.9996590118294298,0.9997375464899418,0.9994285305800249,0.999597741563274,0.9961577565168795,0.9962786348680197,0.00012087835114016343,0.0001816738640242176,0.0001203796283763418,9.08369320121088e-05,5.789113438642089e-06,False,1,7.4088076219558095e-06,7.887254246207335e-06,4.784466242515257e-07,0.0002304812494049844,0.00013980492666782425,-9.067632273716014e-05,0.9996590118294298,0.9997375464899418,7.853466051199742e-05,7.482630629916337e-05,8.47959744029118e-05,9.96966810374843e-06,1.7772805562064918e-05,1.8920539348463865e-05,1.147733786398947e-06,4.783485723703503e-06,5.420825282516873e-06,6.373395588133697e-07,1.994053519886354e-06,1.994210175620333e-06,1.5665573397904807e-10,1.8732399245304318e-06,1.759884303087626e-06,-1.1335562144280585e-07,7.808825782821725e-07,7.336289249856119e-07,-4.72536532965606e-08,1.0673399355976904e-06,1.1362667069721035e-06,6.892677137441303e-08
pccv1_n03_dense_r03,3,dense,3,18,13,L18H13,1.0,3,3,True,True,-0.02190420962870121,-0.02190420962870121,0.0,4.0,4.0,0.0,0.09116093876880413,0.09116093876880413,0.0,0.03959069267241185,0.03959069267241185,0.0,2.982142345544739,2.982142345544739,0.0,0.981920036614946,0.981920036614946,0.963935543806694,0.963935543806694,0.9963478840607536,0.9963478840607536,0.0,0.0,0.0,0.0,0.0,False,0,3.895278407370047e-06,3.895278407370047e-06,0.0,0.017984492808251994,0.017984492808251994,0.0,0.981920036614946,0.981920036614946,0.0,6.90454618418057e-05,6.90454618418057e-05,0.0,1.3595857556517218e-05,1.3595857556517218e-05,0.0,3.659275419178693e-06,3.659275419178693e-06,0.0,1.9586689882140145e-06,1.9586689882140145e-06,0.0,1.4329928437104784e-06,1.4329928437104784e-06,0.0,7.670257965819609e-07,7.670257965819609e-07,0.0,1.11601594881744e-06,1.11601594881744e-06,0.0
pccv1_n03_dense_r03,3,dense,3,18,13,L18H13,0.5,3,3,True,True,-0.02190420962870121,-0.06727737933397293,-0.04537316970527172,4.0,2.75,-1.25,0.09116093876880413,0.2284773557098775,0.13731641694107338,0.03959069267241185,0.09922645482464622,0.059635762152234366,2.982142345544739,2.940072138036745,-0.04207020750799417,0.981920036614946,0.9398030430966842,0.963935543806694,0.879723444595958,0.9963478840607536,0.9948210045803307,-0.0015268794804228492,0.08423398703652354,0.05954695059658229,0.04211699351826177,0.006219310463698064,False,1,3.895278407370047e-06,5.774349467090091e-06,1.8790710597200446e-06,0.017984492808251994,0.060079598500726236,0.04209510569247424,0.981920036614946,0.9398030430966842,-0.042116993518261814,6.90454618418057e-05,8.485344599742848e-05,1.580798415562278e-05,1.3595857556517218e-05,1.5696309227563166e-05,2.1004516710459475e-06,3.659275419178693e-06,4.4970678866977115e-06,8.377924675190183e-07,1.9586689882140145e-06,2.562352043489345e-06,6.036830552753305e-07,1.4329928437104784e-06,1.7610770879783656e-06,3.280842442678872e-07,7.670257965819609e-07,1.0034314777572213e-06,2.3640568117526047e-07,1.11601594881744e-06,1.2103694016919564e-06,9.435345287451644e-08
pccv1_n03_dense_r03,3,dense,3,18,13,L18H13,1.5,3,3,True,True,-0.02190420962870121,-0.009347955696284771,0.012556253932416439,4.0,5.125,1.125,0.09116093876880413,0.037234077382961236,-0.05392686138584289,0.03959069267241185,0.016170554346178735,-0.023420138326233117,2.982142345544739,2.994209031389107,0.012066685844367875,0.981920036614946,0.9939996201073988,0.963935543806694,0.9880890823139895,0.9963478840607536,0.9966760301631439,0.00032814610239029207,0.024159166984905573,0.0170791317000526,0.012079583492452787,0.0016163456275954473,False,1,3.895278407370047e-06,3.2690260727027393e-06,-6.262523346673073e-07,0.017984492808251994,0.005910537793409283,-0.012073955014842711,0.981920036614946,0.9939996201073988,0.012079583492452861,6.90454618418057e-05,6.566014388613405e-05,-3.3853179556716476e-06,1.3595857556517218e-05,1.2929248926767075e-05,-6.666086297501429e-07,3.659275419178693e-06,3.2690260727027393e-06,-3.902493464759539e-07,1.9586689882140145e-06,1.6437695385652665e-06,-3.14899449648748e-07,1.4329928437104784e-06,1.2801690038235514e-06,-1.5282383988692695e-07,7.670257965819609e-07,7.294183111315549e-07,-3.760748545040597e-08,1.11601594881744e-06,1.0612973803617203e-06,-5.471856845571971e-08
pccv1_n03_dense_r04,3,dense,4,18,13,L18H13,1.0,3,3,True,True,-0.004489580634981394,-0.004489580634981394,0.0,8.625,8.625,0.0,0.0029249773254521943,0.0029249773254521943,0.0,0.0012703015121360197,0.0012703015121360197,0.0,3.0002303600817255,3.0002303600817255,0.0,0.9997181954646572,0.9997181954646572,0.9995386858601116,0.9995386858601116,0.9958010937939434,0.9958010937939434,0.0,0.0,0.0,0.0,0.0,False,0,1.2215781895018359e-05,1.2215781895018359e-05,0.0,4.831435462526173e-05,4.831435462526173e-05,0.0,0.9997181954646572,0.9997181954646572,0.0,0.00017950960454557688,0.00017950960454557688,0.0,2.1439364903263272e-05,2.1439364903263272e-05,0.0,1.078038968500268e-05,1.078038968500268e-05,0.0,3.7256029843131296e-06,3.7256029843131296e-06,0.0,2.9015025215962284e-06,2.9015025215962284e-06,0.0,1.4589670914208956e-06,1.4589670914208956e-06,0.0,1.4589670914208956e-06,1.4589670914208956e-06,0.0
pccv1_n03_dense_r04,3,dense,4,18,13,L18H13,0.5,3,3,True,True,-0.004489580634981394,-0.003498031757771969,0.000991548877209425,8.625,9.0,0.375,0.0029249773254521943,0.002295713211298801,-0.0006292641141533934,0.0012703015121360197,0.000997015579699463,-0.00027328593243655663,3.0002303600817255,3.000144736809229,-8.56232724966155e-05,0.9997181954646572,0.9997856148834071,0.9995386858601116,0.9996622315365457,0.9958010937939434,0.9967217441959519,0.0009206504020085049,0.00014107779058417804,8.808659095235678e-05,7.053889529208902e-05,3.1992489772899613e-06,False,1,1.2215781895018359e-05,8.937859668715611e-06,-3.2779222263027477e-06,4.831435462526173e-05,5.143383116735455e-05,3.1194765420928164e-06,0.9997181954646572,0.9997856148834071,6.741941874988111e-05,0.00017950960454557688,0.00012338334686144174,-5.6126257684135136e-05,2.1439364903263272e-05,1.5686432234836964e-05,-5.752932668426307e-06,1.078038968500268e-05,7.887633473377304e-06,-2.8927562116253764e-06,3.7256029843131296e-06,2.725893188115798e-06,-9.997097961973315e-07,2.9015025215962284e-06,2.2598448259976005e-06,-6.416576955986279e-07,1.4589670914208956e-06,1.0674751101861046e-06,-3.91491981234791e-07,1.4589670914208956e-06,1.002800062737081e-06,-4.561670286838146e-07
pccv1_n03_dense_r04,3,dense,4,18,13,L18H13,1.5,3,3,True,True,-0.004489580634981394,-0.004404130857437849,8.544977754354477e-05,8.625,8.5,-0.125,0.0029249773254521943,0.0030420947980219033,0.00011711747256970897,0.0012703015121360197,0.0013211649842075,5.0863472071480164e-05,3.0002303600817255,3.0002604897809273,3.0129699201797422e-05,0.9997181954646572,0.9997029115101986,0.9995386858601116,0.9994995035892985,0.9958010937939434,0.9959013992076962,0.0001003054137527215,4.779663270914377e-05,2.9546891613371304e-05,2.3898316354571886e-05,5.692561804119226e-07,False,1,1.2215781895018359e-05,1.2215595136934924e-05,-1.8675808343448824e-10,4.831435462526173e-05,4.005339445425515e-05,-8.260960171006579e-06,0.9997181954646572,0.9997029115101986,-1.5283954458600313e-05,0.00017950960454557688,0.00020340792090017246,2.3898316354595576e-05,2.1439364903263272e-05,2.1439037132619214e-05,-3.277706440579797e-10,1.078038968500268e-05,1.0780224871572516e-05,-1.6481343016458221e-10,3.7256029843131296e-06,3.7255460263157646e-06,-5.695799736503101e-11,2.9015025215962284e-06,2.7256676992126703e-06,-1.758348223835581e-07,1.4589670914208956e-06,1.370551790219531e-06,-8.841530120136471e-08,1.4589670914208956e-06,1.370551790219531e-06,-8.841530120136471e-08
pccv1_n03_dense_r05,3,dense,5,18,13,L18H13,1.0,3,3,True,True,-0.025347154587507248,-0.025347154587507248,0.0,3.75,3.75,0.0,0.11004067485659533,0.11004067485659533,0.0,0.04779005787512925,0.04779005787512925,0.0,2.9770874114642685,2.9770874114642685,0.0,0.97697042785553,0.97697042785553,0.9539942856243872,0.9539942856243872,0.9979538643217722,0.9979538643217722,0.0,0.0,0.0,0.0,0.0,False,0,4.125600818917163e-06,4.125600818917163e-06,0.0,0.022976142231142836,0.022976142231142836,0.0,0.97697042785553,0.97697042785553,0.0,3.677107983816274e-05,3.677107983816274e-05,0.0,8.204736933119951e-06,8.204736933119951e-06,0.0,1.7198062897611172e-06,1.7198062897611172e-06,0.0,8.647729104849319e-07,8.647729104849319e-07,0.0,9.2054597143348e-07,9.2054597143348e-07,0.0,3.604909820280106e-07,3.604909820280106e-07,0.0,4.628795834106895e-07,4.628795834106895e-07,0.0
pccv1_n03_dense_r05,3,dense,5,18,13,L18H13,0.5,3,3,True,True,-0.025347154587507248,-0.10289719700813293,-0.07755004242062569,3.75,2.25,-1.5,0.11004067485659533,0.3154326823755744,0.2053920075189791,0.04779005787512925,0.13699067336765308,0.08920061549252384,2.9770874114642685,2.9047262569893286,-0.07236115447493985,0.97697042785553,0.9045962341951533,0.9539942856243872,0.8092524925694016,0.9979538643217722,0.997372836946596,-0.0005810273751762907,0.14474838732075337,0.10234790359416764,0.07237419366037669,0.012582083537332794,False,1,4.125600818917163e-06,5.221287260213835e-06,1.0956864412966722e-06,0.022976142231142836,0.09534374162575178,0.07236759939460895,0.97697042785553,0.9045962341951533,-0.07237419366037667,3.677107983816274e-05,4.106860549586826e-05,4.297525657705524e-06,8.204736933119951e-06,8.608447366350144e-06,4.0371043323019316e-07,1.7198062897611172e-06,1.920804239483037e-06,2.0099794972191997e-07,8.647729104849319e-07,1.0944412653277771e-06,2.296683548428452e-07,9.2054597143348e-07,1.1650266625524694e-06,2.444806911189894e-07,3.604909820280106e-07,4.28589357569633e-07,6.809837554162237e-08,4.628795834106895e-07,5.169774476803963e-07,5.40978642697068e-08
pccv1_n03_dense_r05,3,dense,5,18,13,L18H13,1.5,3,3,True,True,-0.025347154587507248,-0.006143731996417046,0.019203422591090202,3.75,5.375,1.625,0.11004067485659533,0.029951315706768403,-0.08008935914982693,0.04779005787512925,0.013007691137191711,-0.03478236673793754,2.9770874114642685,2.9954457633994127,0.018358351935144235,0.97697042785553,0.9953442228459745,0.9539942856243872,0.9907348646380829,0.9979538643217722,0.9985239919235767,0.0005701276018044155,0.0367475899808893,0.025979513360276433,0.01837379499044465,0.00337939997402098,False,1,4.125600818917163e-06,3.075119950904634e-06,-1.0504808680125293e-06,0.022976142231142836,0.004609358207891513,-0.01836678402325132,0.97697042785553,0.9953442228459745,0.018373794990444448,3.677107983816274e-05,3.3060655140942187e-05,-3.7104246972205506e-06,8.204736933119951e-06,6.929889784216966e-06,-1.274847148902985e-06,1.7198062897611172e-06,1.3645762063905935e-06,-3.5523008337052373e-07,8.647729104849319e-07,6.445801585651361e-07,-2.2019275191979582e-07,9.2054597143348e-07,7.304050095556536e-07,-1.9014096187782643e-07,3.604909820280106e-07,2.687009867441558e-07,-9.178999528385481e-08,4.628795834106895e-07,3.4501889646857203e-07,-1.1786068694211745e-07
pccv1_n03_distractors_r00,3,distractors,0,18,13,L18H13,1.0,3,3,True,True,-0.026089327409863472,-0.026089327409863472,0.0,7.25,7.25,0.0,0.008415707536211086,0.008415707536211086,0.0,0.003654895344288085,0.003654895344288085,0.0,3.000764999031721,3.000764999031721,0.0,0.9990508555872113,0.9990508555872113,0.998341355256422,0.998341355256422,0.9751736322340321,0.9751736322340321,0.0,0.0,0.0,0.0,0.0,False,0,2.7510313282698807e-05,2.7510313282698807e-05,0.0,0.00012329267036064733,0.00012329267036064733,0.0,0.9990508555872113,0.9990508555872113,0.0,0.0007095003307892735,0.0007095003307892735,0.0,5.823933367649326e-05,5.823933367649326e-05,0.0,1.5674904011448757e-05,1.5674904011448757e-05,0.0,7.881836718619811e-06,7.881836718619811e-06,0.0,4.490935189603105e-06,4.490935189603105e-06,0.0,1.5520256719493547e-06,1.5520256719493547e-06,0.0,1.0020630880723597e-06,1.0020630880723597e-06,0.0
pccv1_n03_distractors_r00,3,distractors,0,18,13,L18H13,0.5,3,3,True,True,-0.026089327409863472,-0.01995266042649746,0.006136666983366013,7.25,7.375,0.125,0.008415707536211086,0.008394014602233348,-2.1692933977737403e-05,0.003654895344288085,0.003645474222765262,-9.421121522822963e-06,3.000764999031721,2.9997177453529664,-0.0010472536787546893,0.9990508555872113,0.999052371459358,0.998341355256422,0.9984262386650161,0.9751736322340321,0.9811748429965519,0.006001210762519804,0.0010087119922559608,0.000674695043961584,0.0005043559961279804,0.00015080894411671487,False,1,2.7510313282698807e-05,1.776202018303487e-05,-9.748293099663937e-06,0.00012329267036064733,0.0006261327943418254,0.0005028401239811781,0.9990508555872113,0.999052371459358,1.5158721466956848e-06,0.0007095003307892735,0.0002610109812362815,-0.000448489349552992,5.823933367649326e-05,2.5843586872590946e-05,-3.239574680390231e-05,1.5674904011448757e-05,7.881848677827573e-06,-7.793055333621184e-06,7.881836718619811e-06,4.490942003754286e-06,-3.3908947148655255e-06,4.490935189603105e-06,2.7238940162682623e-06,-1.767041173334843e-06,1.5520256719493547e-06,1.002064608515004e-06,-5.499610634343508e-07,1.0020630880723597e-06,7.804087017996259e-07,-2.2165438627273387e-07
pccv1_n03_distractors_r00,3,distractors,0,18,13,L18H13,1.5,3,3,True,True,-0.026089327409863472,-0.03609595447778702,-0.010006627067923546,7.25,6.0,-1.25,0.008415707536211086,0.021052620420292746,0.01263691288408166,0.003654895344288085,0.009143036878136857,0.005488141533848772,3.000764999031721,3.00288437766831,0.0021193786365887313,0.9990508555872113,0.9971699925313385,0.998341355256422,0.9946982552418451,0.9751736322340321,0.9672851777822871,-0.00788845445174502,0.0038590314551665544,0.0025800914508080923,0.0019295157275832772,0.00028043672629169325,False,1,2.7510313282698807e-05,5.129927084116948e-05,2.378895755847067e-05,0.00012329267036064733,7.463999865007542e-05,-4.865267171057191e-05,0.9990508555872113,0.9971699925313385,-0.0018808630558727613,0.0007095003307892735,0.0024717372894934317,0.001762236958704158,5.823933367649326e-05,0.0001580128783821797,9.977354470568645e-05,1.5674904011448757e-05,4.252858926875225e-05,2.6853685257303496e-05,7.881836718619811e-06,1.887194708955189e-05,1.099011037093208e-05,4.490935189603105e-06,8.374375756981116e-06,3.883440567378011e-06,1.5520256719493547e-06,2.894106820217475e-06,1.3420811482681203e-06,1.0020630880723597e-06,1.6490123590965423e-06,6.469492710241826e-07
pccv1_n03_distractors_r01,3,distractors,1,18,13,L18H13,1.0,2,2,False,False,-1.5183688402175903,-1.5183688402175903,0.0,-1.125,-1.125,0.0,0.561960346172849,0.561960346172849,0.0,0.24405627739130947,0.24405627739130947,0.0,2.2463099695000794,2.2463099695000794,0.0,0.7544893815702804,0.7544893815702804,0.5095425422478135,0.5095425422478135,0.8943529049261087,0.8943529049261087,0.0,0.0,0.0,0.0,0.0,False,0,2.5060589772928994e-05,2.5060589772928994e-05,0.0,0.7544893815702804,0.7544893815702804,0.0,0.24494683932246694,0.24494683932246694,0.0,0.00039201358061857907,0.00039201358061857907,0.0,5.6474910841375056e-05,5.6474910841375056e-05,0.0,4.1317927414918134e-05,4.1317927414918134e-05,0.0,2.8397368534136818e-05,2.8397368534136818e-05,0.0,1.7223874671112785e-05,1.7223874671112785e-05,0.0,2.189769930241447e-06,2.189769930241447e-06,0.0,1.101085469416624e-06,1.101085469416624e-06,0.0
pccv1_n03_distractors_r01,3,distractors,1,18,13,L18H13,0.5,2,2,False,False,-1.5183688402175903,-4.6723809242248535,-3.154012084007263,-1.125,-4.625,-3.5,0.561960346172849,0.05576790801194784,-0.5061924381609011,0.24405627739130947,0.02421969471687709,-0.21983658267443237,2.2463099695000794,2.00991399666869,-0.23639597283138958,0.7544893815702804,0.9901974755087263,0.5095425422478135,0.9804899210414971,0.8943529049261087,0.9631654202450193,0.06881251531891053,0.47141618787689155,0.3330104340236017,0.23570809393844577,0.07572330736879387,False,1,2.5060589772928994e-05,1.7604590157255492e-05,-7.455999615673502e-06,0.7544893815702804,0.9901974755087263,0.23570809393844583,0.24494683932246694,0.009707554467229186,-0.23523928485523776,0.00039201358061857907,4.785423752193657e-05,-0.0003441593430966425,5.6474910841375056e-05,1.0030793108031237e-05,-4.644411773334382e-05,4.1317927414918134e-05,6.4763667891034245e-06,-3.484156062581471e-05,2.8397368534136818e-05,7.338685008565914e-06,-2.1058683525570902e-05,1.7223874671112785e-05,4.451137459668697e-06,-1.2772737211444088e-05,2.189769930241447e-06,7.73491709206626e-07,-1.4162782210348209e-06,1.101085469416624e-06,4.4072229097770105e-07,-6.60363178438923e-07
pccv1_n03_distractors_r01,3,distractors,1,18,13,L18H13,1.5,2,3,False,True,-1.5183688402175903,-0.23702514171600342,1.281343698501587,-1.125,2.0,3.125,0.561960346172849,0.37583580473808426,-0.1861245414347647,0.24405627739130947,0.163223416099418,-0.08083286129189146,2.2463099695000794,2.882698895634528,0.6363889261344484,0.7544893815702804,0.8796523245968548,0.5095425422478135,0.7606043280977947,0.8943529049261087,0.8969127939879513,0.0025598890618425685,1.2709061286847723,0.898129845363006,0.6354530643423861,0.22397026735141567,True,1,2.5060589772928994e-05,1.3801565430219295e-05,-1.1259024342709699e-05,0.7544893815702804,0.11904799649906013,-0.6354413850712203,0.24494683932246694,0.8796523245968548,0.6347054852743879,0.00039201358061857907,0.0010299669802520406,0.0006379533996334614,5.6474910841375056e-05,0.0001085577210428901,5.208281020151505e-05,4.1317927414918134e-05,8.999751174786107e-05,4.867958433294294e-05,2.8397368534136818e-05,3.310823432862344e-05,4.710865794486625e-06,1.7223874671112785e-05,2.137628270690508e-05,4.152408035792295e-06,2.189769930241447e-06,1.988304017205515e-06,-2.01465913035932e-07,1.101085469416624e-06,8.823045592583523e-07,-2.1878091015827173e-07
pccv1_n03_distractors_r02,3,distractors,2,18,13,L18H13,1.0,2,2,False,False,-1.7471593618392944,-1.7471593618392944,0.0,-1.5,-1.5,0.0,0.48257705272873364,0.48257705272873364,0.0,0.2095805510932236,0.2095805510932236,0.0,2.1842167990021357,2.1842167990021357,0.0,0.8168498515729002,0.8168498515729002,0.6345860133742178,0.6345860133742178,0.9561319505242523,0.9561319505242523,0.0,0.0,0.0,0.0,0.0,False,0,4.4732959403527256e-05,4.4732959403527256e-05,0.0,0.8168498515729002,0.8168498515729002,0.0,0.18226383819868236,0.18226383819868236,0.0,0.0006573460398761036,0.0006573460398761036,0.0,0.0001073087911391547,0.0001073087911391547,0.0,4.202272640197841e-05,4.202272640197841e-05,0.0,2.1130353827347927e-05,2.1130353827347927e-05,0.0,9.981272395622246e-06,9.981272395622246e-06,0.0,2.8596824201139747e-06,2.8596824201139747e-06,0.0,9.284029535512987e-07,9.284029535512987e-07,0.0
pccv1_n03_distractors_r02,3,distractors,2,18,13,L18H13,0.5,2,2,False,False,-1.7471593618392944,-3.7934892177581787,-2.0463298559188843,-1.5,-3.75,-2.25,0.48257705272873364,0.11232238093141064,-0.37025467179732297,0.2095805510932236,0.04878099023274667,-0.16079956086047692,2.1842167990021357,2.023533508157869,-0.16068329084426658,0.8168498515729002,0.976745487162521,0.6345860133742178,0.9537746350294289,0.9561319505242523,0.9802377123266979,0.024105761802445613,0.3197912711792412,0.22570136884925937,0.1598956355896206,0.03881652173048802,False,1,4.4732959403527256e-05,4.165749867602108e-05,-3.075460727506175e-06,0.8168498515729002,0.976745487162521,0.15989563558962072,0.18226383819868236,0.022970852133091975,-0.1592929860655904,0.0006573460398761036,0.00017538462032365757,-0.000481961419552446,0.0001073087911391547,3.6762613551010485e-05,-7.054617758814422e-05,4.202272640197841e-05,1.4396446317920443e-05,-2.7626280084057966e-05,2.1130353827347927e-05,9.295044350963586e-06,-1.1835309476384341e-05,9.981272395622246e-06,4.390668057639512e-06,-5.590604337982734e-06,2.8596824201139747e-06,1.339078100710107e-06,-1.5206043194038676e-06,9.284029535512987e-07,4.34735009381069e-07,-4.936679441702297e-07
pccv1_n03_distractors_r02,3,distractors,2,18,13,L18H13,1.5,2,3,False,True,-1.7471593618392944,-0.411073237657547,1.3360861241817474,-1.5,0.875,2.375,0.48257705272873364,0.6214113568131095,0.13883430408437591,0.2095805510932236,0.26987552325594616,0.06029497216272256,2.1842167990021357,2.7089959808801276,0.5247791818779919,0.8168498515729002,0.7042737432945327,0.6345860133742178,0.4106887682582305,0.9561319505242523,0.9413077977113744,-0.014824152812877855,1.0465371081899235,0.7391222303880197,0.5232685540949618,0.1463432793669003,True,1,4.4732959403527256e-05,4.105540103983501e-05,-3.6775583636922495e-06,0.8168498515729002,0.29358497503630226,-0.5232648765365979,0.18226383819868236,0.7042737432945327,0.5220099050958504,0.0006573460398761036,0.0017457200741602872,0.0010883740342841836,0.0001073087911391547,0.0002219434011225356,0.0001146346099833809,4.202272640197841e-05,8.164841437664766e-05,3.962568797466925e-05,2.1130353827347927e-05,3.1973978479134076e-05,1.0843624651786149e-05,9.981272395622246e-06,1.4188366942706083e-05,4.2070945470838365e-06,2.8596824201139747e-06,3.5873809629232324e-06,7.276985428092576e-07,9.284029535512987e-07,1.1646520809674e-06,2.362491274161013e-07
pccv1_n03_distractors_r03,3,distractors,3,18,13,L18H13,1.0,2,2,False,False,-6.889479160308838,-6.889479160308838,0.0,-6.875,-6.875,0.0,0.00956427855685038,0.00956427855685038,0.0,0.0041537134006257165,0.0041537134006257165,0.0,2.001271393390302,2.001271393390302,0.0,0.9988425227080618,0.9988425227080618,0.9978104210879668,0.9978104210879668,0.9867674875827674,0.9867674875827674,0.0,0.0,0.0,0.0,0.0,False,0,2.927846931630901e-05,2.927846931630901e-05,0.0,0.9988425227080618,0.9988425227080618,0.0,0.001032101620095089,0.001032101620095089,0.0,5.8227188981359157e-05,5.8227188981359157e-05,0.0,1.7758289309797e-05,1.7758289309797e-05,0.0,8.388421903846422e-06,8.388421903846422e-06,0.0,6.954246013870955e-06,6.954246013870955e-06,0.0,3.2849532164851652e-06,3.2849532164851652e-06,0.0,1.0664681668886562e-06,1.0664681668886562e-06,0.0,4.176349348252892e-07,4.176349348252892e-07,0.0
pccv1_n03_distractors_r03,3,distractors,3,18,13,L18H13,0.5,2,2,False,False,-6.889479160308838,-7.885711669921875,-0.9962325096130371,-6.875,-7.875,-1.0,0.00956427855685038,0.0045088623003249765,-0.005055416256525404,0.0041537134006257165,0.0019581740166927397,-0.002195539383932977,2.001271393390302,2.000467954599951,-0.000803438790351052,0.9988425227080618,0.9995216739713992,0.9978104210879668,0.9991417268391045,0.9867674875827674,0.9898190663926982,0.0030515788099307883,0.0014025860935709506,0.0009424386603755583,0.0007012930467854753,8.428540524350566e-05,False,1,2.927846931630901e-05,5.14202527640406e-05,2.214178344773159e-05,0.9988425227080618,0.9995216739713992,0.0006791512633373964,0.001032101620095089,0.00037994713229468985,-0.0006521544878003993,5.8227188981359157e-05,2.5855726837007172e-05,-3.237146214435198e-05,1.7758289309797e-05,8.935500096025987e-06,-8.822789213771014e-06,8.388421903846422e-06,4.493051613244241e-06,-3.895370290602181e-06,6.954246013870955e-06,4.493051613244241e-06,-2.461194400626714e-06,3.2849532164851652e-06,2.122367301835637e-06,-1.1625859146495282e-06,1.0664681668886562e-06,7.334705130861406e-07,-3.3299765380251553e-07,4.176349348252892e-07,3.2547556720576435e-07,-9.215936761952485e-08
pccv1_n03_distractors_r03,3,distractors,3,18,13,L18H13,1.5,2,2,False,False,-6.889479160308838,-5.524744510650635,1.3647346496582031,-6.875,-5.5,1.375,0.00956427855685038,0.02941837983938635,0.01985410128253597,0.0041537134006257165,0.012776240030779363,0.008622526630153646,2.001271393390302,2.0047274846124905,0.0034560912221883733,0.9988425227080618,0.995645973802654,0.9978104210879668,0.9915769962740956,0.9867674875827674,0.9798252408431836,-0.006942246739583879,0.006406196504737232,0.004410884800911053,0.003203098252368616,0.000505484945148276,False,1,2.927846931630901e-05,2.2729122355418517e-05,-6.549346960890494e-06,0.9988425227080618,0.995645973802654,-0.003196548905407881,0.001032101620095089,0.0040689775285584285,0.0030368759084633394,5.8227188981359157e-05,0.00017877839558740806,0.00012055120660604891,1.7758289309797e-05,4.2463590956493e-05,2.4705301646696e-05,8.388421903846422e-06,2.0058380077123125e-05,1.1669958173276704e-05,6.954246013870955e-06,1.2950663539325132e-05,5.996417525454177e-06,3.2849532164851652e-06,5.7468221093406455e-06,2.4618688928554803e-06,1.0664681668886562e-06,1.75268171819664e-06,6.862135513079837e-07,4.176349348252892e-07,5.690124443064109e-07,1.513775094811217e-07
pccv1_n03_distractors_r04,3,distractors,4,18,13,L18H13,1.0,2,2,False,False,-8.826263427734375,-8.826263427734375,0.0,-8.8125,-8.8125,0.0,0.0020384092330810568,0.0020384092330810568,0.0,0.0008852698817877424,0.0008852698817877424,0.0,2.0002355268836447,2.0002355268836447,0.0,0.9998052579452925,0.9998052579452925,0.9996564262959547,0.9996564262959547,0.9865232227848253,0.9865232227848253,0.0,0.0,0.0,0.0,0.0,False,0,1.3843499841537145e-05,1.3843499841537145e-05,0.0,0.9998052579452925,0.9998052579452925,0.0,0.00014883164933781178,0.00014883164933781178,0.0,1.5686740430468672e-05,1.5686740430468672e-05,0.0,4.784185528536049e-06,4.784185528536049e-06,0.0,6.539206298017685e-06,6.539206298017685e-06,0.0,2.5607899803040863e-06,2.5607899803040863e-06,0.0,1.8735139720404325e-06,1.8735139720404325e-06,0.0,3.689167747529451e-07,3.689167747529451e-07,0.0,2.535525440538432e-07,2.535525440538432e-07,0.0
pccv1_n03_distractors_r04,3,distractors,4,18,13,L18H13,0.5,2,2,False,False,-8.826263427734375,-9.697175979614258,-0.8709125518798828,-8.8125,-9.6875,-0.875,0.0020384092330810568,0.0010588638480031399,-0.0009795453850779169,0.0008852698817877424,0.0004598587262746072,-0.0004254111555131352,2.0002355268836447,2.000100465091124,-0.0001350617925206521,0.9998052579452925,0.9999072248522481,0.9996564262959547,0.9998451762628233,0.9865232227848253,0.990462104251975,0.003938881467149713,0.0002057224777956375,0.0001342516932005418,0.00010286123889781875,1.0644614174364495e-05,False,1,1.3843499841537145e-05,1.4737831783901542e-05,8.943319423643971e-07,0.9998052579452925,0.9999072248522481,0.0001019669069556306,0.00014883164933781178,6.204858942482217e-05,-8.678305991298961e-05,1.5686740430468672e-05,6.961658794638531e-06,-8.72508163583014e-06,4.784185528536049e-06,2.5610511469978793e-06,-2.2231343815381696e-06,6.539206298017685e-06,3.0892173638231407e-06,-3.4499889341945443e-06,2.5607899803040863e-06,1.7601829957669646e-06,-8.006069845371217e-07,1.8735139720404325e-06,1.1364595574603732e-06,-7.370544145800593e-07,3.689167747529451e-07,2.699328049568497e-07,-9.89839697960954e-08,2.535525440538432e-07,2.1022387987705534e-07,-4.332866417678785e-08
pccv1_n03_distractors_r04,3,distractors,4,18,13,L18H13,1.5,2,2,False,False,-8.826263427734375,-7.7713212966918945,1.0549421310424805,-8.8125,-7.75,1.0625,0.0020384092330810568,0.004796580571989782,0.002758171338908725,0.0008852698817877424,0.0020831284744195055,0.001197858592631763,2.0002355268836447,2.000627120557691,0.00039159367404639767,0.9998052579452925,0.9994823621115365,0.9996564262959547,0.99905184253962,0.9865232227848253,0.9794111680157016,-0.007112054769123688,0.0006458006092704803,0.0004294340337602971,0.00032290030463524014,4.0161849625607076e-05,False,1,1.3843499841537145e-05,1.3839028962445529e-05,-4.470879091615559e-09,0.9998052579452925,0.9994823621115365,-0.0003228958337559984,0.00014883164933781178,0.00043051957191651255,0.0002816879225787008,1.5686740430468672e-05,4.262721018278934e-05,2.694046975232067e-05,4.784185528536049e-06,9.511416234766564e-06,4.727230706230515e-06,6.539206298017685e-06,1.3839028962445529e-05,7.299822664427844e-06,2.5607899803040863e-06,3.499054489194908e-06,9.382645088908216e-07,1.8735139720404325e-06,3.08790474868923e-06,1.2143907766487973e-06,3.689167747529451e-07,4.4485485705292395e-07,7.593808229997884e-08,2.535525440538432e-07,2.6981810992467917e-07,1.626556587083598e-08
pccv1_n03_distractors_r05,3,distractors,5,18,13,L18H13,1.0,3,3,True,True,-0.05150983855128288,-0.05150983855128288,0.0,5.5,5.5,0.0,0.055149643775304964,0.055149643775304964,0.0,0.023951185970544964,0.023951185970544964,0.0,3.0017674948874538,3.0017674948874538,0.0,0.9918410948376697,0.9918410948376697,0.9877876669797921,0.9877876669797921,0.9576073199290818,0.9576073199290818,0.0,0.0,0.0,0.0,0.0,False,0,1.0047443125673954e-05,1.0047443125673954e-05,0.0,0.0035771375294270215,0.0035771375294270215,0.0,0.9918410948376697,0.9918410948376697,0.0,0.004053427857877518,0.004053427857877518,0.0,0.0003327256201359492,0.0003327256201359492,0.0,0.00012240291519903458,0.00012240291519903458,0.0,4.230131558124995e-05,4.230131558124995e-05,0.0,1.6565433197448428e-05,1.6565433197448428e-05,0.0,3.472303431276011e-06,3.472303431276011e-06,0.0,8.247443551446479e-07,8.247443551446479e-07,0.0
pccv1_n03_distractors_r05,3,distractors,5,18,13,L18H13,0.5,3,3,True,True,-0.05150983855128288,-0.15440064668655396,-0.10289080813527107,5.5,2.25,-3.25,0.055149643775304964,0.3280388058091985,0.2728891620338935,0.023951185970544964,0.14246544321306728,0.11851425724252232,3.0017674948874538,2.907046746340286,-0.09472074854716794,0.9918410948376697,0.9031148119434632,0.9877876669797921,0.8079272110742882,0.9576073199290818,0.9488590285774308,-0.008748291351651005,0.1832457960742736,0.12756223636084682,0.0916228980371368,0.02794428265896915,False,1,1.0047443125673954e-05,1.50835533683187e-05,5.036110242644746e-06,0.0035771375294270215,0.09518760086917495,0.09161046333974793,0.9918410948376697,0.9031148119434632,-0.08872628289420648,0.004053427857877518,0.0013577782040343723,-0.002695649653843146,0.0003327256201359492,0.00017262212712905288,-0.0001601034930068963,0.00012240291519903458,8.15409191187719e-05,-4.086199608026268e-05,4.230131558124995e-05,4.3645708850265296e-05,1.3443932690153476e-06,1.6565433197448428e-05,2.0616773031537813e-05,4.051339834089386e-06,3.472303431276011e-06,4.896912817556013e-06,1.4246093862800018e-06,8.247443551446479e-07,1.4029890120359465e-06,5.782446568912986e-07
pccv1_n03_distractors_r05,3,distractors,5,18,13,L18H13,1.5,3,3,True,True,-0.05150983855128288,-0.08090442419052124,-0.029394585639238358,5.5,3.875,-1.625,0.055149643775304964,0.12129588830295035,0.06614624452764539,0.023951185970544964,0.05267813496752452,0.028726948996979557,3.0017674948874538,3.0253567323247923,0.02358923743733854,0.9918410948376697,0.9769469653444424,0.9877876669797921,0.9566710779409981,0.9576073199290818,0.9440449613532564,-0.013562358575825328,0.036100908809588314,0.022291636709686022,0.018050454404794157,0.004014102062398861,False,1,1.0047443125673954e-05,1.6316675903121373e-05,6.269232777447419e-06,0.0035771375294270215,0.00042081261786017324,-0.0031563249115668483,0.9918410948376697,0.9769469653444424,-0.014894129493227326,0.004053427857877518,0.02027588740344419,0.016222459545566673,0.0003327256201359492,0.0016643461896100433,0.0013316205694740941,0.00012240291519903458,0.0005403340969953684,0.0004179311817963338,4.230131558124995e-05,9.995175767985236e-05,5.7650442098602415e-05,1.6565433197448428e-05,2.863665802988505e-05,1.2071224832436621e-05,3.472303431276011e-06,5.6388923049143004e-06,2.1665888736382896e-06,8.247443551446479e-07,1.1103637300567139e-06,2.8561937491206596e-07
pccv1_n03_grid_r00,3,grid,0,18,13,L18H13,1.0,3,3,True,True,-0.002310347044840455,-0.002310347044840455,0.0,10.25,10.25,0.0,0.0009142053994371059,0.0009142053994371059,0.0,0.00039703436030169326,0.00039703436030169326,0.0,3.000062604780888,3.000062604780888,0.0,0.9999237237188153,0.9999237237188153,0.9998883689149036,0.9998883689149036,0.9977684526397184,0.9977684526397184,0.0,0.0,0.0,0.0,0.0,False,0,3.7263689168334397e-06,3.7263689168334397e-06,0.0,1.892406284680306e-05,1.892406284680306e-05,0.0,0.9999237237188153,0.9999237237188153,0.0,3.535480391173313e-05,3.535480391173313e-05,0.0,9.51561638287924e-06,9.51561638287924e-06,0.0,4.784752401169305e-06,4.784752401169305e-06,0.0,1.5533816727384033e-06,1.5533816727384033e-06,0.0,1.2097748631374375e-06,1.2097748631374375e-06,0.0,4.737546434167749e-07,4.737546434167749e-07,0.0,7.337655458425107e-07,7.337655458425107e-07,0.0
pccv1_n03_grid_r00,3,grid,0,18,13,L18H13,0.5,3,3,True,True,-0.002310347044840455,-0.0021167034283280373,0.0001936436165124178,10.25,10.375,0.125,0.0009142053994371059,0.0009398828261803554,2.567742674324956e-05,0.00039703436030169326,0.0004081859250457615,1.115156474406823e-05,3.000062604780888,3.000043442679609,-1.916210127861362e-05,0.9999237237188153,0.9999212043389211,0.9998883689149036,0.9998900039125894,0.9977684526397184,0.9979641604747087,0.00019570783499034405,1.770107380539522e-05,9.986801323815473e-06,8.85053690269761e-06,5.064867627517275e-07,False,1,3.7263689168334397e-06,3.96668906946874e-06,2.4032015263530043e-07,1.892406284680306e-05,2.753427959701688e-05,8.61021675021382e-06,0.9999237237188153,0.9999212043389211,-2.51937989426132e-06,3.535480391173313e-05,3.120042633166915e-05,-4.154377580063977e-06,9.51561638287924e-06,8.397480825962636e-06,-1.1181355569166033e-06,4.784752401169305e-06,3.96668906946874e-06,-8.180633317005648e-07,1.5533816727384033e-06,1.4592633581770286e-06,-9.411831456137471e-08,1.2097748631374375e-06,1.1364754460556777e-06,-7.329941708175975e-08,4.737546434167749e-07,4.4505017925542834e-07,-2.8704464161346574e-08,7.337655458425107e-07,6.893072020433596e-07,-4.445834379915106e-08
pccv1_n03_grid_r00,3,grid,0,18,13,L18H13,1.5,3,3,True,True,-0.002310347044840455,-0.0022518294863402843,5.851755850017071e-05,10.25,10.125,-0.125,0.0009142053994371059,0.0008814561488378687,-3.274925059923721e-05,0.00039703436030169326,0.00038281154147997776,-1.4222818821715496e-05,3.000062604780888,3.000072983187941,1.0378407053313055e-05,0.9999237237188153,0.999926204712463,0.9998883689149036,0.9998861423717001,0.9977684526397184,0.9978243342491737,5.588160945535492e-05,1.437713966948165e-05,8.565197206593849e-06,7.188569834740825e-06,4.4288418441088514e-07,False,1,3.7263689168334397e-06,3.5006083229634067e-06,-2.2576059387003297e-07,1.892406284680306e-05,1.2218323606887634e-05,-6.7057392399154255e-06,0.9999237237188153,0.999926204712463,2.480993647635543e-06,3.535480391173313e-05,4.00623407628097e-05,4.707536851076568e-06,9.51561638287924e-06,9.51563999286392e-06,2.360998468129219e-11,4.784752401169305e-06,4.784764273015158e-06,1.1871845853423052e-11,1.5533816727384033e-06,1.5533855269624516e-06,3.854224048265679e-12,1.2097748631374375e-06,1.0676252185103576e-06,-1.4214964462707984e-07,4.737546434167749e-07,4.4505240484793654e-07,-2.8702238568838374e-08,7.337655458425107e-07,6.475474281089317e-07,-8.621811773357901e-08
pccv1_n03_grid_r01,3,grid,1,18,13,L18H13,1.0,3,3,True,True,-0.002625829540193081,-0.002625829540193081,0.0,6.875,6.875,0.0,0.008865876200356504,0.008865876200356504,0.0,0.0038504011110521985,0.0038504011110521985,0.0,2.999049594283119,2.999049594283119,0.0,0.9989047217976812,0.9989047217976812,0.9978725559074136,0.9978725559074136,0.9984712378176255,0.9984712378176255,0.0,0.0,0.0,0.0,0.0,False,0,2.899141560370664e-06,2.899141560370664e-06,0.0,0.0010321658902675188,0.0010321658902675188,0.0,0.9989047217976812,0.9989047217976812,0.0,4.53502042090292e-05,4.53502042090292e-05,0.0,8.929984681652231e-06,8.929984681652231e-06,0.0,2.723491452757645e-06,2.723491452757645e-06,0.0,1.2085420061900173e-06,1.2085420061900173e-06,0.0,1.1353201475737067e-06,1.1353201475737067e-06,0.0,3.923561442157991e-07,3.923561442157991e-07,0.0,4.732718496992776e-07,4.732718496992776e-07,0.0
pccv1_n03_grid_r01,3,grid,1,18,13,L18H13,0.5,3,3,True,True,-0.002625829540193081,-0.006122405640780926,-0.003496576100587845,6.875,5.375,-1.5,0.008865876200356504,0.030084442293018324,0.02121856609266182,0.0038504011110521985,0.01306550727899467,0.009215106167942471,2.999049594283119,2.9954662867721553,-0.003583307510963696,0.9989047217976812,0.9953324816960679,0.9978725559074136,0.9907231778604875,0.9984712378176255,0.9985570894683065,8.585165068097922e-05,0.007155844856890699,0.005055377885194561,0.0035779224284453494,0.0006146343630898144,False,1,2.899141560370664e-06,3.4845263111621404e-06,5.853847507914764e-07,0.0010321658902675188,0.004609303835580458,0.003577137945312939,0.9989047217976812,0.9953324816960679,-0.0035722401016132777,4.53502042090292e-05,3.987829188401699e-05,-5.471912325012211e-06,8.929984681652231e-06,8.89804965452654e-06,-3.1935027125690974e-08,2.723491452757645e-06,2.549333908722011e-06,-1.7415754403563394e-07,1.2085420061900173e-06,1.204220070248793e-06,-4.321935941224235e-09,1.1353201475737067e-06,1.2818855920975155e-06,1.4656544452380879e-07,3.923561442157991e-07,4.1616732034557744e-07,2.3811176129778342e-08,4.732718496992776e-07,5.019936106213071e-07,2.8721760922029443e-08
pccv1_n03_grid_r01,3,grid,1,18,13,L18H13,1.5,3,3,True,True,-0.002625829540193081,-0.002033310942351818,0.0005925185978412628,6.875,7.875,1.0,0.008865876200356504,0.004191754059908795,-0.004674122140447709,0.0038504011110521985,0.0018204556577139422,-0.0020299454533382563,2.999049594283119,2.999711584855934,0.0006619905728149078,0.9989047217976812,0.9995490191295355,0.9978725559074136,0.9991690616025544,0.9984712378176255,0.9984190012158649,-5.22366017605691e-05,0.00130441672657267,0.0009168060133901443,0.000652208363286335,7.841826373896306e-05,False,1,2.899141560370664e-06,3.0881106858125e-06,1.8896912544183603e-07,0.0010321658902675188,0.00037995752698115494,-0.0006522083632863639,0.9989047217976812,0.9995490191295355,0.0006442973318543377,4.53502042090292e-05,5.142165953187751e-05,6.07145532284831e-06,8.929984681652231e-06,1.0125525120201714e-05,1.1955404385494823e-06,2.723491452757645e-06,3.0881106858125e-06,3.646192330548552e-07,1.2085420061900173e-06,1.2093215203649238e-06,7.795141749064488e-10,1.1353201475737067e-06,1.136052433372262e-06,7.322857985553039e-10,3.923561442157991e-07,4.1793033433044495e-07,2.5574190114645845e-08,4.732718496992776e-07,5.366331716850968e-07,6.336132198581917e-08
pccv1_n03_grid_r02,3,grid,2,18,13,L18H13,1.0,3,3,True,True,-0.0022199528757482767,-0.0022199528757482767,0.0,9.625,9.625,0.0,0.0014593411377848402,0.0014593411377848402,0.0,0.0006337838033543692,0.0006337838033543692,0.0,3.000024308397298,3.000024308397298,0.0,0.9998701889757059,0.9998701889757059,0.9998041410425402,0.9998041410425402,0.9979120683804581,0.9979120683804581,0.0,0.0,0.0,0.0,0.0,False,0,3.7261694114132145e-06,3.7261694114132145e-06,0.0,6.604793316571632e-05,6.604793316571632e-05,0.0,0.9998701889757059,0.9998701889757059,0.0,4.0060096475657845e-05,4.0060096475657845e-05,0.0,1.0782028696162155e-05,1.0782028696162155e-05,0.0,5.093069726760814e-06,5.093069726760814e-06,0.0,1.5532985065059915e-06,1.5532985065059915e-06,0.0,1.287729691119595e-06,1.287729691119595e-06,0.0,5.714265865458601e-07,5.714265865458601e-07,0.0,6.892720340149925e-07,6.892720340149925e-07,0.0
pccv1_n03_grid_r02,3,grid,2,18,13,L18H13,0.5,3,3,True,True,-0.0022199528757482767,-0.0017958242679014802,0.0004241286078467965,9.625,9.0,-0.625,0.0014593411377848402,0.0019035474738700816,0.0004442063360852414,0.0006337838033543692,0.0008267001639426508,0.00019291636058828157,3.000024308397298,2.9999545151583047,-6.979323899347634e-05,0.9998701889757059,0.9998208752313897,0.9998041410425402,0.9996974875330557,0.9979120683804581,0.9983846163975159,0.00047254801705776117,0.00011467953033694927,7.580319714640119e-05,5.733976516847464e-05,4.551995769675367e-06,False,1,3.7261694114132145e-06,3.500239578493704e-06,-2.2592983291951063e-07,6.604793316571632e-05,0.00012338769833407828,5.733976516836197e-05,0.9998701889757059,0.9998208752313897,-4.9313744316159536e-05,4.0060096475657845e-05,3.535116744625151e-05,-4.708929029406332e-06,1.0782028696162155e-05,8.938174888336145e-06,-1.8438538078260105e-06,5.093069726760814e-06,4.222094859799649e-06,-8.709748669611654e-07,1.5532985065059915e-06,1.3707135136549615e-06,-1.8258499285103003e-07,1.287729691119595e-06,1.2096504301313513e-06,-7.80792609882436e-08,5.714265865458601e-07,5.367791245092083e-07,-3.464746203665182e-08,6.892720340149925e-07,6.082504345761748e-07,-8.102159943881764e-08
pccv1_n03_grid_r02,3,grid,2,18,13,L18H13,1.5,3,3,True,True,-0.0022199528757482767,-0.0024166684597730637,-0.00019671558402478695,9.625,9.875,0.25,0.0014593411377848402,0.0013356354994051465,-0.00012370563837969372,0.0006337838033543692,0.0005800591272257491,-5.372467612862011e-05,3.000024308397298,3.000066033366179,4.172496888088517e-05,0.9998701889757059,0.9998832421998742,0.9998041410425402,0.9998318033462832,0.9979120683804581,0.9977027398796281,-0.0002093285008299972,5.197462741791535e-05,3.1243565036254465e-05,2.5987313708957676e-05,1.9796021934790406e-06,False,1,3.7261694114132145e-06,3.7262180562524673e-06,4.864483925279907e-11,6.604793316571632e-05,4.006061945696608e-05,-2.5987313708750234e-05,0.9998701889757059,0.9998832421998742,1.3053224168335653e-05,4.0060096475657845e-05,5.143885359099992e-05,1.1378757115342071e-05,1.0782028696162155e-05,1.1477559639611448e-05,6.955309434492922e-07,5.093069726760814e-06,5.771279424841408e-06,6.782096980805934e-07,1.5532985065059915e-06,1.6534992392375824e-06,1.0020073273159085e-07,1.287729691119595e-06,1.2877465023262014e-06,1.6811206606471974e-11,5.714265865458601e-07,6.082883761081269e-07,3.686178956226672e-08,6.892720340149925e-07,7.337358396327891e-07,4.446380561779666e-08
pccv1_n03_grid_r03,3,grid,3,18,13,L18H13,1.0,3,3,True,True,-0.0036491251084953547,-0.0036491251084953547,0.0,8.75,8.75,0.0,0.002160660600949343,0.002160660600949343,0.0,0.0009383629762580635,0.0009383629762580635,0.0,2.9999129978864714,2.9999129978864714,0.0,0.99979088460732,0.99979088460732,0.9996324564189065,0.9996324564189065,0.9965658978293561,0.9965658978293561,0.0,0.0,0.0,0.0,0.0,False,0,3.500134585317473e-06,3.500134585317473e-06,0.0,0.00015842818841352508,0.00015842818841352508,0.0,0.99979088460732,0.99979088460732,0.0,3.119635998007291e-05,3.119635998007291e-05,0.0,8.396386382277858e-06,8.396386382277858e-06,0.0,3.966172090878192e-06,3.966172090878192e-06,0.0,1.370672397736387e-06,1.370672397736387e-06,0.0,1.1363273292096118e-06,1.1363273292096118e-06,0.0,4.7369170547020413e-07,4.7369170547020413e-07,0.0,6.474597954559982e-07,6.474597954559982e-07,0.0
pccv1_n03_grid_r03,3,grid,3,18,13,L18H13,0.5,3,3,True,True,-0.0036491251084953547,-0.0033789940644055605,0.00027013104408979416,8.75,7.625,-1.125,0.002160660600949343,0.004723946698046231,0.002563286097096888,0.0009383629762580635,0.002051583983766565,0.0011132210075085014,2.9999129978864714,2.999569901838953,-0.0003430960475183653,0.99979088460732,0.9994703265156958,0.9996324564189065,0.9989824898032806,0.9965658978293561,0.9971549012611263,0.000589003431770152,0.0006588170480030538,0.00045967322597744576,0.0003294085240015269,4.424746742373809e-05,False,1,3.500134585317473e-06,3.0878675646678217e-06,-4.1226702064965147e-07,0.00015842818841352508,0.00048783671241510565,0.00032940852400158057,0.99979088460732,0.9994703265156958,-0.00032055809162423454,3.119635998007291e-05,2.5854398575876856e-05,-5.3419614041960526e-06,8.396386382277858e-06,6.958616975286268e-06,-1.4377694069915895e-06,3.966172090878192e-06,2.900783126486987e-06,-1.0653889643912053e-06,1.370672397736387e-06,1.1359629941014208e-06,-2.3470940363496615e-07,1.1363273292096118e-06,1.0024838237452268e-06,-1.3384350546438501e-07,4.7369170547020413e-07,3.925783060311033e-07,-8.111339943910083e-08,6.474597954559982e-07,5.04080522984155e-07,-1.4337927247184315e-07
pccv1_n03_grid_r03,3,grid,3,18,13,L18H13,1.5,3,3,True,True,-0.0036491251084953547,-0.004093838855624199,-0.00044471374712884426,8.75,9.625,0.875,0.002160660600949343,0.001330367459622024,-0.0008302931413273187,0.0009383629762580635,0.0005777712466174922,-0.00036059172964057133,2.9999129978864714,3.000007095368916,9.409748244459948e-05,0.99979088460732,0.9998818784544025,0.9996324564189065,0.9998158297490706,0.9965658978293561,0.9960321716878582,-0.0005337261414979366,0.00018601997395870378,0.00012968458760795744,9.300998697935189e-05,9.81749883602289e-06,False,1,3.500134585317473e-06,3.089139056025788e-06,-4.1099552929168527e-07,0.00015842818841352508,6.604870533185969e-05,-9.237948308166539e-05,0.99979088460732,0.9998818784544025,9.09938470824434e-05,3.119635998007291e-05,3.321137472495671e-05,2.0150147448838013e-06,8.396386382277858e-06,8.397150561578028e-06,7.641793001696634e-10,3.966172090878192e-06,3.966533063619889e-06,3.609727416962642e-10,1.370672397736387e-06,1.287744745962671e-06,-8.292765177371602e-08,1.1363273292096118e-06,1.0675778911868768e-06,-6.874943802273506e-08,4.7369170547020413e-07,4.4503267588428426e-07,-2.8659029585919866e-08,6.474597954559982e-07,6.082875464607406e-07,-3.9172248995257573e-08
pccv1_n03_grid_r04,3,grid,4,18,13,L18H13,1.0,3,3,True,True,-0.0025329669006168842,-0.0025329669006168842,0.0,9.125,9.125,0.0,0.0019367913391313638,0.0019367913391313638,0.0,0.0008411377911827608,0.0008411377911827608,0.0,2.999991710277769,2.999991710277769,0.0,0.9998201521467102,0.9998201521467102,0.9997112629638636,0.9997112629638636,0.9976496848245233,0.9976496848245233,0.0,0.0,0.0,0.0,0.0,False,0,3.966288195255303e-06,3.966288195255303e-06,0.0,0.00010888918284660357,0.00010888918284660357,0.0,0.9998201521467102,0.9998201521467102,0.0,4.539176468257756e-05,4.539176468257756e-05,0.0,1.1476835435207077e-05,1.1476835435207077e-05,0.0,5.42127319090469e-06,5.42127319090469e-06,0.0,1.7600297176508813e-06,1.7600297176508813e-06,0.0,1.5532207742837427e-06,1.5532207742837427e-06,0.0,6.082499946808081e-07,6.082499946808081e-07,0.0,7.810084528703411e-07,7.810084528703411e-07,0.0
pccv1_n03_grid_r04,3,grid,4,18,13,L18H13,0.5,3,3,True,True,-0.0025329669006168842,-0.00213585514575243,0.00039711175486445427,9.125,8.625,-0.5,0.0019367913391313638,0.0023841117439168166,0.00044732040478545274,0.0008411377911827608,0.0010354065746238119,0.000194268783441051,2.999991710277769,2.999895430730137,-9.627954763224977e-05,0.9998201521467102,0.9997658484946632,0.9997112629638636,0.9995863303335297,0.9976496848245233,0.9981001583814759,0.00045047355695260194,0.0001412579565740867,8.97278779554321e-05,7.062897828704335e-05,4.920497137819672e-06,False,1,3.966288195255303e-06,3.500046937225116e-06,-4.662412580301868e-07,0.00010888918284660357,0.00017951816113343392,7.062897828683034e-05,0.9998201521467102,0.9997658484946632,-5.430365204694976e-05,4.539176468257756e-05,3.534922183836091e-05,-1.004254284421665e-05,1.1476835435207077e-05,8.39617612543454e-06,-3.0806593097725378e-06,5.42127319090469e-06,3.7257805706285607e-06,-1.6954926202761294e-06,1.7600297176508813e-06,1.3706380742502522e-06,-3.893916434006291e-07,1.5532207742837427e-06,1.2095838550903626e-06,-3.4363691919338013e-07,6.082499946808081e-07,4.736798435907998e-07,-1.3457015109000825e-07,7.810084528703411e-07,6.082169585432609e-07,-1.727914943270802e-07
pccv1_n03_grid_r04,3,grid,4,18,13,L18H13,1.5,3,3,True,True,-0.0025329669006168842,-0.00242380378767848,0.00010916311293840408,9.125,9.75,0.625,0.0019367913391313638,0.0015124546064040735,-0.0004243367327272903,0.0008411377911827608,0.0006568506896904437,-0.00018428710149231715,2.999991710277769,3.0000483963517826,5.6686074013434506e-05,0.9998201521467102,0.9998653740087368,0.9997112629638636,0.9998070871929828,0.9976496848245233,0.9977134755141037,6.37906895804008e-05,0.0001025377176916638,6.813523158518618e-05,5.12688588458319e-05,3.993461878171365e-06,False,1,3.966288195255303e-06,3.500395362780193e-06,-4.6589283247510957e-07,0.00010888918284660357,5.828681575397869e-05,-5.060236709262489e-05,0.9998201521467102,0.9998653740087368,4.5221862026600945e-05,4.539176468257756e-05,5.1437934364405186e-05,6.046169681827626e-06,1.1476835435207077e-05,1.1477354532434152e-05,5.190972270746711e-10,5.42127319090469e-06,5.42151839507238e-06,2.4520416769016856e-10,1.7600297176508813e-06,1.6534696907471132e-06,-1.0656002690376807e-07,1.5532207742837427e-06,1.4591818806018362e-06,-9.403889368190644e-08,6.082499946808081e-07,6.082775058259656e-07,2.751114515757633e-11,7.810084528703411e-07,7.810437778799656e-07,3.5325009624439346e-11
pccv1_n03_grid_r05,3,grid,5,18,13,L18H13,1.0,3,3,True,True,-0.004766411613672972,-0.004766411613672972,0.0,6.375,6.375,0.0,0.013352534735162321,0.013352534735162321,0.0,0.005798932154902493,0.005798932154902493,0.0,2.998394022412997,2.998394022412997,0.0,0.9982303353801807,0.9982303353801807,0.9965297304200563,0.9965297304200563,0.9970092924571077,0.9970092924571077,0.0,0.0,0.0,0.0,0.0,False,0,3.494671310540622e-06,3.494671310540622e-06,0.0,0.0017006049601243185,0.0017006049601243185,0.0,0.9982303353801807,0.9982303353801807,0.0,4.5319587113041903e-05,4.5319587113041903e-05,0.0,1.2197601397389403e-05,1.2197601397389403e-05,0.0,4.21537824655776e-06,4.21537824655776e-06,0.0,1.550750993669923e-06,1.550750993669923e-06,0.0,1.2077260882188954e-06,1.2077260882188954e-06,0.0,5.03455136353353e-07,5.03455136353353e-07,0.0,5.704894089473502e-07,5.704894089473502e-07,0.0
pccv1_n03_grid_r05,3,grid,5,18,13,L18H13,0.5,3,3,True,True,-0.004766411613672972,-0.013108858838677406,-0.008342447225004435,6.375,4.625,-1.75,0.013352534735162321,0.055540997422109877,0.04218846268694756,0.005798932154902493,0.02412114869982505,0.018322216544922557,2.998394022412997,2.9903934944834503,-0.008000527929546752,0.9982303353801807,0.9902157575167829,0.9965297304200563,0.9805080238190534,0.9970092924571077,0.9967289212771675,-0.00028037117994017535,0.016029730108197103,0.011329060070747889,0.008014865054098552,0.0015600782956494833,False,1,3.494671310540622e-06,4.4512196409839515e-06,9.565483304433297e-07,0.0017006049601243185,0.009707733697729535,0.008007128737605217,0.9982303353801807,0.9902157575167829,-0.008014577863397765,4.5319587113041903e-05,5.094151119318887e-05,5.621924080146969e-06,1.2197601397389403e-05,1.2880031099768841e-05,6.824297023794386e-07,4.21537824655776e-06,3.928187545892052e-06,-2.871907006657079e-07,1.550750993669923e-06,1.7431226569835964e-06,1.923716633136733e-07,1.2077260882188954e-06,1.3575452902483326e-06,1.4981920202943717e-07,5.03455136353353e-07,5.659090714979669e-07,6.245393514461384e-08,5.704894089473502e-07,6.412589889444052e-07,7.076957999705498e-08
pccv1_n03_grid_r05,3,grid,5,18,13,L18H13,1.5,3,3,True,True,-0.004766411613672972,-0.003667535027489066,0.0010988765861839056,6.375,7.75,1.375,0.013352534735162321,0.0046419998414478966,-0.008710534893714424,0.005798932154902493,0.002015994916136591,-0.003782937238765902,2.998394022412997,2.9996725694914237,0.0012785470784266728,0.9982303353801807,0.9994939040161002,0.9965297304200563,0.9990633794725944,0.9970092924571077,0.9968437005070427,-0.0001655919500649361,0.002540575984951729,0.001791576827638242,0.0012702879924758644,0.00020272274921019553,False,1,3.494671310540622e-06,3.2870954531985138e-06,-2.0757585734210805e-07,0.0017006049601243185,0.00043052454350580736,-0.0012700804166185112,0.9982303353801807,0.9994939040161002,0.0012635686359194764,4.5319587113041903e-05,5.141882414257304e-05,6.099237029531138e-06,1.2197601397389403e-05,1.2213041227269267e-05,1.543982987986421e-08,4.21537824655776e-06,4.782695663434363e-06,5.67317416876603e-07,1.550750993669923e-06,1.5527139477580454e-06,1.962954088122364e-09,1.2077260882188954e-06,1.2092548383998583e-06,1.528750180962878e-09,5.03455136353353e-07,5.36603581742468e-07,3.3148445389115e-08,5.704894089473502e-07,5.712115394003339e-07,7.221304529836578e-10
pccv1_n03_random_sparse_r00,3,random_sparse,0,18,13,L18H13,1.0,2,2,False,False,-1.9120633602142334,-1.9120633602142334,0.0,-1.75,-1.75,0.0,0.4205058571287876,0.4205058571287876,0.0,0.18262337335902962,0.18262337335902962,0.0,2.1482532918849744,2.1482532918849744,0.0,0.8518583333413009,0.8518583333413009,0.7038275514954593,0.7038275514954593,0.9982731119264372,0.9982731119264372,0.0,0.0,0.0,0.0,0.0,False,0,1.4227482999143755e-05,1.4227482999143755e-05,0.0,0.8518583333413009,0.8518583333413009,0.0,0.14803078184584165,0.14803078184584165,0.0,7.225312051400761e-05,7.225312051400761e-05,0.0,1.6121850351514318e-05,1.6121850351514318e-05,0.0,3.37932341562333e-06,3.37932341562333e-06,0.0,1.8088214788742171e-06,1.8088214788742171e-06,0.0,1.323362063918755e-06,1.323362063918755e-06,0.0,8.026596656673146e-07,8.026596656673146e-07,0.0,9.681923687180459e-07,9.681923687180459e-07,0.0
pccv1_n03_random_sparse_r00,3,random_sparse,0,18,13,L18H13,0.5,2,2,False,False,-1.9120633602142334,-2.813309669494629,-0.9012463092803955,-1.75,-2.75,-1.0,0.4205058571287876,0.22803758800861046,-0.19246826912017712,0.18262337335902962,0.09903546613866666,-0.08358790722036295,2.1482532918849744,2.060217829798863,-0.08803546208611124,0.8518583333413009,0.93984516744483,0.7038275514954593,0.8797628760246221,0.9982731119264372,0.9987313296986713,0.000458217772234093,0.1759736682070584,0.124405067073457,0.0879868341035292,0.010673021104583246,False,1,1.4227482999143755e-05,1.2224845841691929e-05,-2.002637157451827e-06,0.8518583333413009,0.93984516744483,0.08798683410352914,0.14803078184584165,0.060082291420207934,-0.08794849042563371,7.225312051400761e-05,4.542081250373051e-05,-2.6832308010277104e-05,1.6121850351514318e-05,9.52071951443688e-06,-6.601130837077438e-06,3.37932341562333e-06,2.1243596699845823e-06,-1.254963745638748e-06,1.8088214788742171e-06,1.288489272102661e-06,-5.203322067715562e-07,1.323362063918755e-06,8.855648625533425e-07,-4.3779720136541253e-07,8.026596656673146e-07,5.045796488680951e-07,-2.980800167992195e-07,9.681923687180459e-07,5.717636485638845e-07,-3.964287201541614e-07
pccv1_n03_random_sparse_r00,3,random_sparse,0,18,13,L18H13,1.5,2,2,False,False,-1.9120633602142334,-1.0562597513198853,0.8558036088943481,-1.75,-0.625,1.125,0.4205058571287876,0.6483390890225771,0.2278332318937895,0.18262337335902962,0.28157008876468637,0.09894671540565675,2.1482532918849744,2.3489503155942613,0.20069702370928688,0.8518583333413009,0.651242913727307,0.7038275514954593,0.3026577014127591,0.9982731119264372,0.9976157063861137,-0.0006574055403234524,0.4012308392279879,0.2836699283893641,0.20061541961399396,0.027555329979674487,False,1,1.4227482999143755e-05,1.5825744155321343e-05,1.5982611561775878e-06,0.8518583333413009,0.651242913727307,-0.20061541961399387,0.14803078184584165,0.3485852123145479,0.20055443046870627,7.225312051400761e-05,0.00011693731137099326,4.4684190856985646e-05,1.6121850351514318e-05,2.609224101353653e-05,9.970390662022213e-06,3.37932341562333e-06,5.469230832728159e-06,2.0899074171048286e-06,1.8088214788742171e-06,2.7501019699080235e-06,9.412804910338064e-07,1.323362063918755e-06,2.0120175823816574e-06,6.886555184629023e-07,8.026596656673146e-07,1.2203503515953644e-06,4.1769068592804977e-07,9.681923687180459e-07,1.5669608687122695e-06,5.987684999942236e-07
pccv1_n03_random_sparse_r01,3,random_sparse,1,18,13,L18H13,1.0,3,3,True,True,-0.0037170620635151863,-0.0037170620635151863,0.0,8.875,8.875,0.0,0.0026148144137344165,0.0026148144137344165,0.0,0.0011355994710859434,0.0011355994710859434,0.0,2.9999743446897855,2.9999743446897855,0.0,0.9997478009249052,0.9997478009249052,0.9996079945642405,0.9996079945642405,0.9965411760418306,0.9965411760418306,0.0,0.0,0.0,0.0,0.0,False,0,9.513942241362096e-06,9.513942241362096e-06,0.0,0.00013980636066470987,0.00013980636066470987,0.0,0.9997478009249052,0.9997478009249052,0.0,8.479684416598884e-05,8.479684416598884e-05,0.0,1.2216143650808072e-05,1.2216143650808072e-05,0.0,2.9015884461277136e-06,2.9015884461277136e-06,0.0,1.0674347360709769e-06,1.0674347360709769e-06,0.0,9.420078482938422e-07,9.420078482938422e-07,0.0,4.1801344875565846e-07,4.1801344875565846e-07,0.0,5.367398927195643e-07,5.367398927195643e-07,0.0
pccv1_n03_random_sparse_r01,3,random_sparse,1,18,13,L18H13,0.5,3,3,True,True,-0.0037170620635151863,-0.003540202509611845,0.0001768595539033413,8.875,8.25,-0.625,0.0026148144137344165,0.003518393468780121,0.0009035790550457044,0.0011355994710859434,0.0015280188686556475,0.0003924193975697041,2.9999743446897855,2.999840188323246,-0.0001341563665393508,0.9997478009249052,0.9996395947021676,0.9996079945642405,0.9993784303038341,0.9965411760418306,0.996825301732315,0.0002841256904844158,0.00024271607533744648,0.00016290908720531302,0.00012135803766872324,9.538532878504332e-06,False,1,9.513942241362096e-06,8.395115828086021e-06,-1.1188264132760753e-06,0.00013980636066470987,0.00026116439833351194,0.00012135803766880206,0.9997478009249052,0.9996395947021676,-0.00010820622273766123,8.479684416598884e-05,7.482485289165662e-05,-9.97199127433222e-06,1.2216143650808072e-05,1.0779542099300007e-05,-1.436601551508065e-06,2.9015884461277136e-06,2.4052409549435523e-06,-4.963474911841613e-07,1.0674347360709769e-06,1.0026536022912334e-06,-6.478113377974344e-08,9.420078482938422e-07,9.419058914693723e-07,-1.0195682446990435e-10,4.1801344875565846e-07,4.179682056890555e-07,-4.524306660294786e-11,5.367398927195643e-07,4.7362002570767036e-07,-6.311986701189392e-08
pccv1_n03_random_sparse_r01,3,random_sparse,1,18,13,L18H13,1.5,3,3,True,True,-0.0037170620635151863,-0.003966679330915213,-0.0002496172674000263,8.875,9.25,0.375,0.0026148144137344165,0.0022362864361793553,-0.00037852797755506123,0.0011355994710859434,0.0009712068591877825,-0.0001643926118981609,2.9999743446897855,3.0000410434680935,6.66987783080053e-05,0.9997478009249052,0.999790011993386,0.9996079945642405,0.9996939205236188,0.9965411760418306,0.9962503793328779,-0.0002907967089527119,0.00011019094074847866,7.025691356966606e-05,5.509547037423933e-05,3.5919910619838086e-06,False,1,9.513942241362096e-06,1.0127966400469121e-05,6.140241591070248e-07,0.00013980636066470987,8.480042443432525e-05,-5.500593623038462e-05,0.9997478009249052,0.999790011993386,4.2211068480790814e-05,8.479684416598884e-05,9.609146976716595e-05,1.1294625601177108e-05,1.2216143650808072e-05,1.3004566277561809e-05,7.884226267537361e-07,2.9015884461277136e-06,3.0888552342276535e-06,1.8726678809993983e-07,1.0674347360709769e-06,1.0674798049980616e-06,4.506892708476708e-11,9.420078482938422e-07,8.849718414129289e-07,-5.7036006880913316e-08,4.1801344875565846e-07,4.1803109800109315e-07,1.764924543469632e-11,5.367398927195643e-07,5.04241755607585e-07,-3.249813711197926e-08
pccv1_n03_random_sparse_r02,3,random_sparse,2,18,13,L18H13,1.0,3,3,True,True,-0.002555440180003643,-0.002555440180003643,0.0,8.75,8.75,0.0,0.002279362355415032,0.002279362355415032,0.0,0.000989914493214747,0.000989914493214747,0.0,3.000157678142943,3.000157678142943,0.0,0.9997807220288741,0.9997807220288741,0.9996222954508363,0.9996222954508363,0.9976666146157527,0.9976666146157527,0.0,0.0,0.0,0.0,0.0,False,0,1.0781063935737517e-05,1.0781063935737517e-05,0.0,3.119604287830652e-05,3.119604287830652e-05,0.0,0.9997807220288741,0.9997807220288741,0.0,0.00015842657803787796,0.00015842657803787796,0.0,1.2216545921195519e-05,1.2216545921195519e-05,0.0,3.088826532845199e-06,3.088826532845199e-06,0.0,1.2876144669184142e-06,1.2876144669184142e-06,0.0,1.1363157787786156e-06,1.1363157787786156e-06,0.0,5.367575672468761e-07,5.367575672468761e-07,0.0,6.082260069977107e-07,6.082260069977107e-07,0.0
pccv1_n03_random_sparse_r02,3,random_sparse,2,18,13,L18H13,0.5,3,3,True,True,-0.002555440180003643,-0.00213300040923059,0.00042243977077305317,8.75,9.0,0.25,0.002279362355415032,0.0019728337352166447,-0.00030652862019838736,0.000989914493214747,0.0008567908049171698,-0.0001331236882975772,3.000157678142943,3.0001084569819003,-4.922116104255636e-05,0.9997807220288741,0.9998145277938435,0.9996222954508363,0.9996911408788455,0.9976666146157527,0.998054364504668,0.000387749888915323,8.048121009974473e-05,4.920845182305878e-05,4.024060504987237e-05,1.3798470415497614e-06,False,1,1.0781063935737517e-05,9.514577237084457e-06,-1.2664866986530602e-06,3.119604287830652e-05,3.763088295882271e-05,6.4348400805161915e-06,0.9997807220288741,0.9998145277938435,3.3805764969363494e-05,0.00015842657803787796,0.00012338691499805425,-3.50396630398237e-05,1.2216545921195519e-05,9.514577237084457e-06,-2.701968684111062e-06,3.088826532845199e-06,2.4056618628774754e-06,-6.831646699677238e-07,1.2876144669184142e-06,1.0675059806165193e-06,-2.2010848630189492e-07,1.1363157787786156e-06,1.0028290628226673e-06,-1.3348671595594832e-07,5.367575672468761e-07,4.450026990986889e-07,-9.175486814818724e-08,6.082260069977107e-07,5.042541200942417e-07,-1.0397188690346902e-07
pccv1_n03_random_sparse_r02,3,random_sparse,2,18,13,L18H13,1.5,3,3,True,True,-0.002555440180003643,-0.0023761154152452946,0.00017932476475834846,8.75,8.625,-0.125,0.002279362355415032,0.0024600840729111888,0.00018072171749615668,0.000989914493214747,0.0010684009378834063,7.848644466865932e-05,3.000157678142943,3.000187065108904,2.9386965961109013e-05,0.9997807220288741,0.9997602465364038,0.9996222954508363,0.9995807293811592,0.9976666146157527,0.9978659636685165,0.00019934905276386417,4.8283375916041756e-05,2.9678845877298493e-05,2.4141687958020878e-05,4.276436956935486e-07,False,1,1.0781063935737517e-05,1.147614778470348e-05,6.950838489659625e-07,3.119604287830652e-05,2.7529847390640415e-05,-3.666195487666106e-06,0.9997807220288741,0.9997602465364038,-2.0475492470306556e-05,0.00015842657803787796,0.00017951715524465808,2.1090577206780124e-05,1.2216545921195519e-05,1.384287660473491e-05,1.6263306835393919e-06,3.088826532845199e-06,3.5000273255161563e-06,4.1120079267095713e-07,1.2876144669184142e-06,1.459028459844633e-06,1.7141399292621877e-07,1.1363157787786156e-06,1.2095770774651039e-06,7.326129868648823e-08,5.367575672468761e-07,5.713637543567424e-07,3.4606187109866264e-08,6.082260069977107e-07,6.474399543877968e-07,3.921394739008606e-08
pccv1_n03_random_sparse_r03,3,random_sparse,3,18,13,L18H13,1.0,3,3,True,True,-0.008440535515546799,-0.008440535515546799,0.0,5.625,5.625,0.0,0.02468436207935654,0.02468436207935654,0.0,0.010720282240366424,0.010720282240366424,0.0,2.996494655162154,2.996494655162154,0.0,0.9963299670685923,0.9963299670685923,0.992736640138055,0.992736640138055,0.9952475617367895,0.9952475617367895,0.0,0.0,0.0,0.0,0.0,False,0,4.478704246676711e-06,4.478704246676711e-06,0.0,0.003593326930537352,0.003593326930537352,0.0,0.9963299670685923,0.9963299670685923,0.0,5.808072039525118e-05,5.808072039525118e-05,0.0,9.481416964617852e-06,9.481416964617852e-06,0.0,1.867001697812366e-06,1.867001697812366e-06,0.0,9.99333995818427e-07,9.99333995818427e-07,0.0,9.387874097854178e-07,9.387874097854178e-07,0.0,4.165843878302636e-07,4.165843878302636e-07,0.0,4.434517725170042e-07,4.434517725170042e-07,0.0
pccv1_n03_random_sparse_r03,3,random_sparse,3,18,13,L18H13,0.5,3,3,True,True,-0.008440535515546799,-0.017598198726773262,-0.009157663211226463,5.625,4.375,-1.25,0.02468436207935654,0.06776962403794834,0.0430852619585918,0.010720282240366424,0.02943197376033893,0.018711691519972505,2.996494655162154,2.987656772139634,-0.008837883022520199,0.9963299670685923,0.9874923696871138,0.992736640138055,0.9750616752741742,0.9952475617367895,0.9950008497737883,-0.00024671196300118936,0.017676434323837593,0.012498087538353462,0.008838217161918797,0.0012991266882754879,False,1,4.478704246676711e-06,5.0300204455669976e-06,5.513161988902865e-07,0.003593326930537352,0.012430694412939609,0.008837367482402256,0.9963299670685923,0.9874923696871138,-0.00883759738147849,5.808072039525118e-05,5.756553562770909e-05,-5.15184767542091e-07,9.481416964617852e-06,9.39731536323197e-06,-8.41016013858819e-08,1.867001697812366e-06,1.8504411105961165e-06,-1.6560587216249466e-08,9.99333995818427e-07,1.1947345762979746e-06,1.9540058047954755e-07,9.387874097854178e-07,9.90469752247944e-07,5.168234246252612e-08,4.165843878302636e-07,4.678647824636083e-07,5.128039463334466e-08,4.434517725170042e-07,4.3951828827669876e-07,-3.933484240305413e-09
pccv1_n03_random_sparse_r03,3,random_sparse,3,18,13,L18H13,1.5,3,3,True,True,-0.008440535515546799,-0.005364428274333477,0.0030761072412133217,5.625,6.625,1.0,0.02468436207935654,0.010894567254467982,-0.013789794824888558,0.010720282240366424,0.004731450441339304,-0.00598883179902712,2.996494655162154,2.998752451140337,0.002257795978183097,0.9963299670685923,0.9986062568170295,0.992736640138055,0.9972813255771836,0.9952475617367895,0.99603816811981,0.0007906063830205312,0.004552599961637956,0.0032135898045746437,0.002276299980818978,0.0002724918408382506,False,1,4.478704246676711e-06,4.488936628417659e-06,1.0232381740947961e-08,0.003593326930537352,0.001324931239845949,-0.002268395690691403,0.9963299670685923,0.9986062568170295,0.002276289748437188,5.808072039525118e-05,5.1373159256527946e-05,-6.707561138723238e-06,9.481416964617852e-06,8.9273164715146e-06,-5.541004931032511e-07,1.867001697812366e-06,1.6513874983163066e-06,-2.156141994960594e-07,9.99333995818427e-07,8.303697816198731e-07,-1.6896421419855393e-07,9.387874097854178e-07,7.800602198192821e-07,-1.5872718996613575e-07,4.165843878302636e-07,3.684743569664324e-07,-4.811003086383123e-08,4.434517725170042e-07,3.922389112440887e-07,-5.1212861272915493e-08
pccv1_n03_random_sparse_r04,3,random_sparse,4,18,13,L18H13,1.0,3,3,True,True,-0.002193903550505638,-0.002193903550505638,0.0,7.875,7.875,0.0,0.005049939916762705,0.005049939916762705,0.0,0.002193161039793009,0.002193161039793009,0.0,2.99979783902972,2.99979783902972,0.0,0.9994617696149032,0.9994617696149032,0.9990818452539891,0.9990818452539891,0.9983458561223983,0.9983458561223983,0.0,0.0,0.0,0.0,0.0,False,0,8.934964564484088e-06,8.934964564484088e-06,0.0,0.00037992436091408314,0.00037992436091408314,0.0,0.9994617696149032,0.9994617696149032,0.0,0.00012334338118030126,0.00012334338118030126,0.0,1.5681351168673043e-05,1.5681351168673043e-05,0.0,5.419329951805536e-06,5.419329951805536e-06,0.0,1.99366007419388e-06,1.99366007419388e-06,0.0,1.5526640269603887e-06,1.5526640269603887e-06,0.0,7.334265539802608e-07,7.334265539802608e-07,0.0,6.472466621608737e-07,6.472466621608737e-07,0.0
pccv1_n03_random_sparse_r04,3,random_sparse,4,18,13,L18H13,0.5,3,3,True,True,-0.002193903550505638,-0.002574702724814415,-0.00038079917430877686,7.875,7.25,-0.625,0.005049939916762705,0.007343708808161945,0.0022937688913992407,0.002193161039793009,0.0031893322120890386,0.0009961711722960296,2.99979783902972,2.999446325782764,-0.00035151324695581465,0.9994617696149032,0.9991515572420661,0.9990818452539891,0.9984419853955406,0.9983458561223983,0.9982755757023938,-7.02804200045648e-05,0.0006592949712229602,0.00045290111050381353,0.0003296474856114801,2.5673476190926375e-05,False,1,8.934964564484088e-06,7.882631186685597e-06,-1.0523333777984907e-06,0.00037992436091408314,0.0007095718465254654,0.00032964748561138224,0.9994617696149032,0.9991515572420661,-0.00031021237283712644,0.00012334338118030126,0.00010881636699800742,-1.452701418229384e-05,1.5681351168673043e-05,1.2996261706572736e-05,-2.6850894621003074e-06,5.419329951805536e-06,4.491387863861788e-06,-9.279420879437479e-07,1.99366007419388e-06,1.872289016088966e-06,-1.213710581049142e-07,1.5526640269603887e-06,1.552182111987085e-06,-4.819149733038244e-10,7.334265539802608e-07,6.887766369502384e-07,-4.4649917030022325e-08,6.472466621608737e-07,5.710158879541179e-07,-7.623077420675581e-08
pccv1_n03_random_sparse_r04,3,random_sparse,4,18,13,L18H13,1.5,3,3,True,True,-0.002193903550505638,-0.0023057085927575827,-0.00011180504225194454,7.875,8.375,0.5,0.005049939916762705,0.0042104496911400426,-0.0008394902256226621,0.002193161039793009,0.0018285750671933713,-0.0003645859725996377,2.99979783902972,2.999989702798521,0.00019186376880098166,0.9994617696149032,0.9995708158794234,0.9990818452539891,0.999340354964465,0.9983458561223983,0.9981253156622074,-0.0002205404601909322,0.000298926891911226,0.0001883383644111226,0.000149463445955613,1.0445192313565032e-05,False,1,8.934964564484088e-06,1.0125745923318224e-05,1.190781358834136e-06,0.00037992436091408314,0.00023046091495842872,-0.00014946344595565442,0.9994617696149032,0.9995708158794234,0.00010904626452024058,0.00012334338118030126,0.00015839331603128605,3.504993485098479e-05,1.5681351168673043e-05,1.8917383887225077e-05,3.2360327185520337e-06,5.419329951805536e-06,6.141575354952711e-06,7.222454031471755e-07,1.99366007419388e-06,2.122471648926307e-06,1.2881157473242663e-07,1.5526640269603887e-06,1.5528334303506358e-06,1.6940339024701708e-10,7.334265539802608e-07,7.808136841092395e-07,4.7387130128978734e-08,6.472466621608737e-07,6.890656577220705e-07,4.1818995561196856e-08
pccv1_n03_random_sparse_r05,3,random_sparse,5,18,13,L18H13,1.0,2,2,False,False,-1.0566190481185913,-1.0566190481185913,0.0,-0.625,-0.625,0.0,0.647950317354178,0.647950317354178,0.0,0.28140124737438027,0.28140124737438027,0.0,2.3488542099426017,2.3488542099426017,0.0,0.6512698387599783,0.6512698387599783,0.30267021451397985,0.30267021451397985,0.9972160727044184,0.9972160727044184,0.0,0.0,0.0,0.0,0.0,False,0,1.582639845599694e-05,1.582639845599694e-05,0.0,0.6512698387599783,0.6512698387599783,0.0,0.3485996242459985,0.3485996242459985,0.0,9.107463490641296e-05,9.107463490641296e-05,0.0,1.582639845599694e-05,1.582639845599694e-05,0.0,3.3173933339675116e-06,3.3173933339675116e-06,0.0,1.6680901248691648e-06,1.6680901248691648e-06,0.0,1.3828952852657175e-06,1.3828952852657175e-06,0.0,6.53233478702769e-07,6.53233478702769e-07,0.0,7.879499819457761e-07,7.879499819457761e-07,0.0
pccv1_n03_random_sparse_r05,3,random_sparse,5,18,13,L18H13,0.5,2,2,False,False,-1.0566190481185913,-2.020021915435791,-0.9634028673171997,-0.625,-1.875,-1.25,0.647950317354178,0.3929411061939967,-0.25500921116018127,0.28140124737438027,0.17065215413301243,-0.11074909324136784,2.3488542099426017,2.133109472124892,-0.21574473781770953,0.6512698387599783,0.8669604726667908,0.30267021451397985,0.7340077781251115,0.9972160727044184,0.9977424754868025,0.0005264027823841388,0.4313812678136248,0.305001719712033,0.2156906339068124,0.0327112116206435,False,1,1.582639845599694e-05,1.447971441145069e-05,-1.3466840445462502e-06,0.6512698387599783,0.8669604726667908,0.21569063390681242,0.3485996242459985,0.1329526945416792,-0.21564692970431928,9.107463490641296e-05,5.726838142326624e-05,-3.380625348314671e-05,1.582639845599694e-05,9.951752474945191e-06,-5.87464598105175e-06,3.3173933339675116e-06,2.086000640857632e-06,-1.2313926931098795e-06,1.6680901248691648e-06,1.1885673375383772e-06,-4.795227873307875e-07,1.3828952852657175e-06,9.256571732079831e-07,-4.572381120577344e-07,6.53233478702769e-07,4.372494879282473e-07,-2.159839907745217e-07,7.879499819457761e-07,4.954685808501554e-07,-2.9248140109562063e-07
pccv1_n03_random_sparse_r05,3,random_sparse,5,18,13,L18H13,1.5,2,3,False,True,-1.0566190481185913,-0.4315505921840668,0.6250684559345245,-0.625,0.625,1.25,0.647950317354178,0.6483667915714842,0.0004164742173062841,0.28140124737438027,0.2815821198288114,0.00018087245443110245,2.3488542099426017,2.651601505127354,0.3027472951847523,0.6512698387599783,0.6512388235863017,0.30267021451397985,0.3026558005664712,0.9972160727044184,0.9973318244858547,0.00011575178143630183,0.6053755506423749,0.428030133462645,0.30268777532118746,0.04653830059367933,True,1,1.582639845599694e-05,1.4866817416394005e-05,-9.595810396029354e-07,0.6512698387599783,0.3485830230198305,-0.30268681574014783,0.3485996242459985,0.6512388235863017,0.3026391993403032,9.107463490641296e-05,0.00013250650127151543,4.143186636510248e-05,1.582639845599694e-05,2.1631091703549627e-05,5.804693247552687e-06,3.3173933339675116e-06,4.001349624845886e-06,6.839562908783742e-07,1.6680901248691648e-06,1.8901037286000035e-06,2.2201360373083872e-07,1.3828952852657175e-06,1.5669510273907474e-06,1.8405574212502993e-07,6.53233478702769e-07,7.401752551225587e-07,8.694177641978973e-08,7.879499819457761e-07,9.504038403806988e-07,1.6245385843492277e-07
pccv1_n03_row_r00,3,row,0,18,13,L18H13,1.0,3,3,True,True,-0.000949885172303766,-0.000949885172303766,0.0,9.0,9.0,0.0,0.0027157779804916175,0.0027157779804916175,0.0,0.0011794473910018664,0.0011794473910018664,0.0,3.000164101065407,3.000164101065407,0.0,0.9997430217694776,0.9997430217694776,0.999619643679024,0.999619643679024,0.9993073578434633,0.9993073578434633,0.0,0.0,0.0,0.0,0.0,False,0,3.4999670239037184e-06,3.4999670239037184e-06,0.0,8.47964388064595e-05,8.47964388064595e-05,0.0,0.9997430217694776,0.9997430217694776,0.0,0.00012337809045359624,0.00012337809045359624,0.0,1.8920642970901837e-05,1.8920642970901837e-05,0.0,1.8920642970901837e-05,1.8920642970901837e-05,0.0,2.90157457548738e-06,2.90157457548738e-06,0.0,2.1228373079807847e-06,2.1228373079807847e-06,0.0,1.3706067797439467e-06,1.3706067797439467e-06,0.0,1.0674296333475624e-06,1.0674296333475624e-06,0.0
pccv1_n03_row_r00,3,row,0,18,13,L18H13,0.5,3,3,True,True,-0.000949885172303766,-0.000839238753542304,0.00011064641876146197,9.0,8.875,-0.125,0.0027157779804916175,0.003004096012725189,0.00028831803223357136,0.0011794473910018664,0.0013046623214341105,0.00012521493043224407,3.000164101065407,3.000073559907849,-9.054115755802172e-05,0.9997430217694776,0.9997097440579399,0.999619643679024,0.9995699430192094,0.9993073578434633,0.9994512208830884,0.00014386303962510283,0.00011000919984797684,6.607467991806997e-05,5.500459992398842e-05,3.806285563153083e-06,False,1,3.4999670239037184e-06,3.499850523072528e-06,-1.165008311904001e-10,8.47964388064595e-05,0.00013980103873045423,5.500459992399472e-05,0.9997430217694776,0.9997097440579399,-3.327771153771586e-05,0.00012337809045359624,0.00010887715843747356,-1.4500932016122686e-05,1.8920642970901837e-05,1.669685302234878e-05,-2.2237899485530585e-06,1.8920642970901837e-05,1.4734921075133038e-05,-4.185721895768799e-06,2.90157457548738e-06,2.560545341656941e-06,-3.41029233830439e-07,2.1228373079807847e-06,1.8733349905827364e-06,-2.4950231739804825e-07,1.3706067797439467e-06,1.2095159761755528e-06,-1.6109080356839386e-07,1.0674296333475624e-06,1.0027239631539247e-06,-6.470567019363768e-08
pccv1_n03_row_r00,3,row,0,18,13,L18H13,1.5,3,3,True,True,-0.000949885172303766,-0.0010183630511164665,-6.847787881270051e-05,9.0,8.75,-0.25,0.0027157779804916175,0.002799667504397256,8.388952390563868e-05,0.0011794473910018664,0.0012158801483235762,3.643275732170977e-05,3.000164101065407,3.0002543343780523,9.023331264534917e-05,0.9997430217694776,0.9997328049200348,0.999619643679024,0.9995743859350055,0.9993073578434633,0.9992491259315557,-5.8231911907569156e-05,8.71644193019866e-05,4.980785640992454e-05,4.35822096509933e-05,3.3704883917340223e-06,False,1,3.4999670239037184e-06,3.4999312560760276e-06,-3.5767827690780794e-11,8.47964388064595e-05,5.1431114366172764e-05,-3.336532444028674e-05,0.9997430217694776,0.9997328049200348,-1.0216849442801212e-05,0.00012337809045359624,0.00015841898502931556,3.504089457571932e-05,1.8920642970901837e-05,2.4294338196777906e-05,5.373695225876069e-06,1.8920642970901837e-05,2.1439678208999126e-05,2.5190352380972886e-06,2.90157457548738e-06,3.0886784927461065e-06,1.8710391725872663e-07,2.1228373079807847e-06,2.259725458084408e-06,1.3688815010362338e-07,1.3706067797439467e-06,1.5530850803524323e-06,1.824783006084856e-07,1.0674296333475624e-06,1.20954387675499e-06,1.421142434074277e-07
pccv1_n03_row_r01,3,row,1,18,13,L18H13,1.0,3,3,True,True,-0.0006173135479912162,-0.0006173135479912162,0.0,8.625,8.625,0.0,0.0027422609024439337,0.0027422609024439337,0.0,0.001190948777870432,0.001190948777870432,0.0,3.0003075712019496,3.0003075712019496,0.0,0.9997349607324654,0.9997349607324654,0.9995554481175448,0.9995554481175448,0.9996477994302495,0.9996477994302495,0.0,0.0,0.0,0.0,0.0,False,0,1.9942050177227535e-06,1.9942050177227535e-06,0.0,2.7529151109380996e-05,2.7529151109380996e-05,0.0,0.9997349607324654,0.9997349607324654,0.0,0.00017951261492050853,0.00017951261492050853,0.0,2.429439058481201e-05,2.429439058481201e-05,0.0,2.429439058481201e-05,2.429439058481201e-05,0.0,2.7257550807026226e-06,2.7257550807026226e-06,0.0,1.8733822435769336e-06,1.8733822435769336e-06,0.0,1.8733822435769336e-06,1.8733822435769336e-06,0.0,9.419957496805312e-07,9.419957496805312e-07,0.0
pccv1_n03_row_r01,3,row,1,18,13,L18H13,0.5,3,3,True,True,-0.0006173135479912162,-0.0006026597693562508,1.465377863496542e-05,8.625,8.75,0.125,0.0027422609024439337,0.0026859730108893263,-5.62878915546074e-05,0.001190948777870432,0.0011665032571702972,-2.444552070013481e-05,3.0003075712019496,3.000254383134269,-5.318806768039863e-05,0.9997349607324654,0.9997435009552521,0.9995554481175448,0.9995850802753149,0.9996477994302495,0.9996539265192155,6.1270889659681416e-06,5.3828776863547464e-05,2.9209511260331865e-05,2.6914388431773732e-05,1.532131486675227e-06,False,1,1.9942050177227535e-06,2.259749634647348e-06,2.655446169245944e-07,2.7529151109380996e-05,4.5388284723869156e-05,1.785913361448816e-05,0.9997349607324654,0.9997435009552521,8.54022278673483e-06,0.00017951261492050853,0.00015842067993722958,-2.1091934983278942e-05,2.429439058481201e-05,2.143990758984173e-05,-2.854482994970279e-06,2.429439058481201e-05,2.143990758984173e-05,-2.854482994970279e-06,2.7257550807026226e-06,2.725778365429641e-06,2.3284727018302293e-11,1.8733822435769336e-06,2.122838325475698e-06,2.4945608189876457e-07,1.8733822435769336e-06,1.7598947850086759e-06,-1.1348745856825776e-07,9.419957496805312e-07,9.42003796666865e-07,8.046986333726476e-12
pccv1_n03_row_r01,3,row,1,18,13,L18H13,1.5,3,3,True,True,-0.0006173135479912162,-0.0008266131044365466,-0.00020929955644533038,8.625,8.375,-0.25,0.0027422609024439337,0.0032338471295678102,0.0004915862271238766,0.001190948777870432,0.00140444196368997,0.00021349318581953807,3.0003075712019496,3.0004188240199006,0.00011125281795099085,0.9997349607324654,0.9996785723097573,0.9995554481175448,0.9994480865504906,0.9996477994302495,0.9994949661763712,-0.00015283325387827063,0.00013444270779217063,7.76468997965971e-05,6.722135389608531e-05,2.8836278369375126e-06,False,1,1.9942050177227535e-06,1.9940925378356607e-06,-1.1247988709279984e-10,2.7529151109380996e-05,1.6696332401137527e-05,-1.083281870824347e-05,0.9997349607324654,0.9996785723097573,-5.6388422708053554e-05,0.00017951261492050853,0.00023048575926673873,5.09731443462302e-05,2.429439058481201e-05,2.7527598372435184e-05,3.233207787623175e-06,2.429439058481201e-05,3.534613597057888e-05,1.1051745385766872e-05,2.7257550807026226e-06,3.499741394938257e-06,7.739863142356342e-07,1.8733822435769336e-06,2.4053347392820255e-06,5.319524957050919e-07,1.8733822435769336e-06,2.4053347392820255e-06,5.319524957050919e-07,9.419957496805312e-07,1.0673608204009743e-06,1.2536507072044305e-07
pccv1_n03_row_r02,3,row,2,18,13,L18H13,1.0,3,3,True,True,-0.0012894895626232028,-0.0012894895626232028,0.0,8.5,8.5,0.0,0.002863543767614919,0.002863543767614919,0.0,0.001243621256963607,0.001243621256963607,0.0,3.0003397266140457,3.0003397266140457,0.0,0.9997193564605196,0.9997193564605196,0.9995159451935922,0.9995159451935922,0.9989917081579733,0.9989917081579733,0.0,0.0,0.0,0.0,0.0,False,0,4.49394023592225e-06,4.49394023592225e-06,0.0,1.568539265370563e-05,1.568539265370563e-05,0.0,0.9997193564605196,0.9997193564605196,0.0,0.0002034112669273927,0.0002034112669273927,0.0,2.7528721423136922e-05,2.7528721423136922e-05,0.0,2.143938980129359e-05,2.143938980129359e-05,0.0,3.2878369121528765e-06,3.2878369121528765e-06,0.0,1.8733530030610616e-06,1.8733530030610616e-06,0.0,1.3705743355735985e-06,1.3705743355735985e-06,0.0,1.5530641881683166e-06,1.5530641881683166e-06,0.0
pccv1_n03_row_r02,3,row,2,18,13,L18H13,0.5,3,3,True,True,-0.0012894895626232028,-0.001101244823075831,0.00018824473954737186,8.5,8.75,0.25,0.002863543767614919,0.0023964452209075436,-0.00046709854670737554,0.001243621256963607,0.0010407629356235654,-0.00020285832134004159,3.0003397266140457,3.0002539579775283,-8.576863651743594e-05,0.9997193564605196,0.9997715540637842,0.9995159451935922,0.9996131289385142,0.9989917081579733,0.9991275872716869,0.0001358791137135995,0.00011590590889953338,6.965667889319758e-05,5.795295444976669e-05,2.061605351782417e-06,False,1,4.49394023592225e-06,4.494174874681631e-06,2.3463875938122236e-10,1.568539265370563e-05,2.144050920020875e-05,5.755116546503119e-06,0.9997193564605196,0.9997715540637842,5.2197603264581005e-05,0.0002034112669273927,0.00015842512526998117,-4.498614165741153e-05,2.7528721423136922e-05,2.144050920020875e-05,-6.088212222928172e-06,2.143938980129359e-05,1.5686211623446985e-05,-5.753178177846606e-06,3.2878369121528765e-06,2.725854851604591e-06,-5.619820605482853e-07,1.8733530030610616e-06,1.6533145414246151e-06,-2.2003846163644645e-07,1.3705743355735985e-06,1.2095907580709985e-06,-1.6098357750259998e-07,1.5530641881683166e-06,1.3706458963520816e-06,-1.8241829181623494e-07
pccv1_n03_row_r02,3,row,2,18,13,L18H13,1.5,3,3,True,True,-0.0012894895626232028,-0.0014898402150720358,-0.000200350652448833,8.5,8.25,-0.25,0.002863543767614919,0.0034437836662714084,0.0005802398986564893,0.001243621256963607,0.0014956162431302223,0.00025199498616661534,3.0003397266140457,3.000428693291375,8.896667732916086e-05,0.9997193564605196,0.999652636037359,0.9995159451935922,0.9993914682318651,0.9989917081579733,0.99885822212525,-0.00013348603272334003,0.00013880607285338663,8.857912662884426e-05,6.940303642669331e-05,2.1459700327005572e-06,False,1,4.49394023592225e-06,5.420364876953706e-06,9.264246410314555e-07,1.568539265370563e-05,1.3002779387611253e-05,-2.682613266094378e-06,0.9997193564605196,0.999652636037359,-6.672042316058224e-05,0.0002034112669273927,0.00026116780549392934,5.7756538566536644e-05,2.7528721423136922e-05,3.1192046225845263e-05,3.6633248027083416e-06,2.143938980129359e-05,2.7526884179583967e-05,6.087494378290375e-06,3.2878369121528765e-06,3.725358667065429e-06,4.375217549125526e-07,1.8733530030610616e-06,2.1226453844563662e-06,2.4929238139530465e-07,1.3705743355735985e-06,1.5529605379797307e-06,1.8238620240613225e-07,1.5530641881683166e-06,1.6531178875975213e-06,1.000536994292047e-07
pccv1_n03_row_r03,3,row,3,18,13,L18H13,1.0,3,3,True,True,-0.0012232924345880747,-0.0012232924345880747,0.0,8.75,8.75,0.0,0.002204154625802235,0.002204154625802235,0.0,0.0009572521912474374,0.0009572521912474374,0.0,3.0002736383804667,3.0002736383804667,0.0,0.9997884832725534,0.9997884832725534,0.9996300554646586,0.9996300554646586,0.9989887519559488,0.9989887519559488,0.0,0.0,0.0,0.0,0.0,False,0,2.725901008714853e-06,2.725901008714853e-06,0.0,7.409767178167767e-06,7.409767178167767e-06,0.0,0.9997884832725534,0.9997884832725534,0.0,0.00015842780789483593,0.00015842780789483593,0.0,1.4736081628103283e-05,1.4736081628103283e-05,0.0,2.1440872254003283e-05,2.1440872254003283e-05,0.0,2.725901008714853e-06,2.725901008714853e-06,0.0,1.7599739694650495e-06,1.7599739694650495e-06,0.0,1.4590696679260687e-06,1.4590696679260687e-06,0.0,8.313528368701253e-07,8.313528368701253e-07,0.0
pccv1_n03_row_r03,3,row,3,18,13,L18H13,0.5,3,3,True,True,-0.0012232924345880747,-0.0011797142215073109,4.357821308076382e-05,8.75,9.0,0.25,0.002204154625802235,0.0018704773078314235,-0.00033367731797081146,0.0009572521912474374,0.0008123379733164373,-0.00014491421793100007,3.0002736383804667,3.000219236027481,-5.440235298559415e-05,0.9997884832725534,0.9998258328584806,0.9996300554646586,0.9997024445483267,0.9989887519559488,0.9989949526171245,6.20066117562601e-06,8.126113397391866e-05,5.1448162018129374e-05,4.063056698695933e-05,1.3253937959561076e-06,False,1,2.725901008714853e-06,3.288187087458803e-06,5.622860787439501e-07,7.409767178167767e-06,1.0128329269185312e-05,2.7185620910175458e-06,0.9997884832725534,0.9998258328584806,3.734958592715998e-05,0.00015842780789483593,0.0001233883101538663,-3.503949774096962e-05,1.4736081628103283e-05,1.300503221021632e-05,-1.7310494178869638e-06,2.1440872254003283e-05,1.777577145111098e-05,-3.665100802892302e-06,2.725901008714853e-06,2.7260028415281503e-06,1.0183281329740761e-10,1.7599739694650495e-06,1.6534043018505824e-06,-1.0656966761446707e-07,1.4590696679260687e-06,1.3707203103588686e-06,-8.834935756720001e-08,8.313528368701253e-07,8.313838941234703e-07,3.1057253345017116e-11
pccv1_n03_row_r03,3,row,3,18,13,L18H13,1.5,3,3,True,True,-0.0012232924345880747,-0.0014197280397638679,-0.00019643560517579317,8.75,8.625,-0.125,0.002204154625802235,0.0024739151715403498,0.0002697605457381148,0.0009572521912474374,0.0010744077076967106,0.00011715551644927318,3.0002736383804667,3.000318811285574,4.517290510719363e-05,0.9997884832725534,0.999759554695575,0.9996300554646586,0.9995800376645574,0.9989887519559488,0.9988214521666237,-0.00016729978932517042,5.959887355919577e-05,3.621509527698798e-05,2.9799436779597886e-05,5.384673825127705e-07,False,1,2.725901008714853e-06,3.08876113628445e-06,3.628601275695973e-07,7.409767178167767e-06,6.538907376826765e-06,-8.708598013410017e-07,0.9997884832725534,0.999759554695575,-2.892857697844864e-05,0.00015842780789483593,0.00017951703101757674,2.108922312274081e-05,1.4736081628103283e-05,1.7774593100404997e-05,3.038511472301714e-06,2.1440872254003283e-05,2.5861880359421188e-05,4.421008105417905e-06,2.725901008714853e-06,3.08876113628445e-06,3.628601275695973e-07,1.7599739694650495e-06,1.8734283296853508e-06,1.1345436022030129e-07,1.4590696679260687e-06,1.7599230451512495e-06,3.0085337722518087e-07,8.313528368701253e-07,9.420189232311491e-07,1.1066608636102383e-07
pccv1_n03_row_r04,3,row,4,18,13,L18H13,1.0,3,3,True,True,-0.000902007392141968,-0.000902007392141968,0.0,8.875,8.875,0.0,0.002082765943850111,0.002082765943850111,0.0,0.000904533756510121,0.000904533756510121,0.0,3.0002563917859035,3.0002563917859035,0.0,0.9998035133907313,0.9998035133907313,0.9996636992391446,0.9996636992391446,0.9992947681878377,0.9992947681878377,0.0,0.0,0.0,0.0,0.0,False,0,3.2881136840886954e-06,3.2881136840886954e-06,0.0,8.396492440601345e-06,8.396492440601345e-06,0.0,0.9998035133907313,0.9998035133907313,0.0,0.00013981415158666397,0.00013981415158666397,0.0,1.892178780546787e-05,1.892178780546787e-05,0.0,1.892178780546787e-05,1.892178780546787e-05,0.0,2.7259419879969586e-06,2.7259419879969586e-06,0.0,1.760000427678155e-06,1.760000427678155e-06,0.0,1.3706897112817544e-06,1.3706897112817544e-06,0.0,1.2876438198421119e-06,1.2876438198421119e-06,0.0
pccv1_n03_row_r04,3,row,4,18,13,L18H13,0.5,3,3,True,True,-0.000902007392141968,-0.000894027529284358,7.979862857609987e-06,8.875,9.0,0.125,0.002082765943850111,0.0019530940862507958,-0.00012967185759931495,0.000904533756510121,0.0008482179842965944,-5.631577221352666e-05,3.0002563917859035,3.000230860169623,-2.5531616280716207e-05,0.9998035133907313,0.9998186310654276,0.9996636992391446,0.9996952436440456,0.9992947681878377,0.999287587286176,-7.180901661740791e-06,3.743803798549737e-05,2.259858131320933e-05,1.8719018992748687e-05,4.0173028106285657e-07,False,1,3.2881136840886954e-06,3.72597727296333e-06,4.378635888746345e-07,8.396492440601345e-06,1.1476817974867309e-05,3.0803255342659637e-06,0.9998035133907313,0.9998186310654276,1.5117674696307759e-05,0.00013981415158666397,0.00012338742138199657,-1.6426730204667397e-05,1.892178780546787e-05,1.777564341138332e-05,-1.146144394084548e-06,1.892178780546787e-05,1.777564341138332e-05,-1.146144394084548e-06,2.7259419879969586e-06,2.72598320599996e-06,4.121800300126621e-11,1.760000427678155e-06,1.760027040021055e-06,2.661234290008598e-11,1.3706897112817544e-06,1.3707104369952445e-06,2.072571349005606e-11,1.2876438198421119e-06,1.3707104369952445e-06,8.306661715313257e-08
pccv1_n03_row_r04,3,row,4,18,13,L18H13,1.5,3,3,True,True,-0.000902007392141968,-0.001134824356995523,-0.00023281696485355496,8.875,8.625,-0.25,0.002082765943850111,0.0024895245247765893,0.0004067585809264785,0.000904533756510121,0.001081186763673288,0.000176653007163167,3.0002563917859035,3.0003196065284596,6.321474255610582e-05,0.9998035133907313,0.9997583185985097,0.9996636992391446,0.999578801789446,0.9992947681878377,0.9991073084624986,-0.00018745972533906752,9.410506800936175e-05,6.036668482148505e-05,4.705253400468088e-05,1.4418551702864595e-06,False,1,3.2881136840886954e-06,3.2879650492691907e-06,-1.4863481950462066e-10,8.396492440601345e-06,6.538899292158626e-06,-1.8575931484427186e-06,0.9998035133907313,0.9997583185985097,-4.519479222153677e-05,0.00013981415158666397,0.00017951680906373377,3.97026574770698e-05,1.892178780546787e-05,2.1440225360251678e-05,2.5184375547838095e-06,1.892178780546787e-05,2.282300109393808e-05,3.901213288470211e-06,2.7259419879969586e-06,3.0887573173576313e-06,3.6281532936067273e-07,1.760000427678155e-06,1.8734260133891479e-06,1.134255857109929e-07,1.3706897112817544e-06,1.6532926540373297e-06,2.8260294275557534e-07,1.2876438198421119e-06,1.4590256462538085e-06,1.7138182641169665e-07
pccv1_n03_row_r05,3,row,5,18,13,L18H13,1.0,3,3,True,True,-0.0019677577074617147,-0.0019677577074617147,0.0,8.25,8.25,0.0,0.003321643691074498,0.003321643691074498,0.0,0.001442571525882404,0.001442571525882404,0.0,3.000423392668503,3.000423392668503,0.0,0.9996640054488753,0.9996640054488753,0.9994028346730254,0.9994028346730254,0.99836962593929,0.99836962593929,0.0,0.0,0.0,0.0,0.0,False,0,5.770014000543042e-06,5.770014000543042e-06,0.0,6.959965427037584e-06,6.959965427037584e-06,0.0,0.9996640054488753,0.9996640054488753,0.0,0.0002611707758499795,0.0002611707758499795,0.0,2.7527197252808325e-05,2.7527197252808325e-05,0.0,2.429266631243853e-05,2.429266631243853e-05,0.0,4.221432422038226e-06,4.221432422038226e-06,0.0,2.4052996898396423e-06,2.4052996898396423e-06,0.0,1.653136689106037e-06,1.653136689106037e-06,0.0,1.9940634808273494e-06,1.9940634808273494e-06,0.0
pccv1_n03_row_r05,3,row,5,18,13,L18H13,0.5,3,3,True,True,-0.0019677577074617147,-0.0017030035378411412,0.0002647541696205735,8.25,8.625,0.375,0.003321643691074498,0.0024654726528717747,-0.0008561710382027233,0.001442571525882404,0.0010707411684255832,-0.00037183035745682073,3.000423392668503,3.0002969486775237,-0.00012644399097938575,0.9996640054488753,0.9997609415053645,0.9994028346730254,0.9995814242253311,0.99836962593929,0.9985371749892238,0.0001675490499337684,0.00019674445195563467,0.00012713359613429062,9.837222597781734e-05,4.463692199301939e-06,False,1,5.770014000543042e-06,4.783973469168592e-06,-9.860405313744497e-07,6.959965427037584e-06,8.396134915838854e-06,1.4361694888012696e-06,0.9996640054488753,0.9997609415053645,9.693605648919412e-05,0.0002611707758499795,0.00017951728003342743,-8.165349581655207e-05,2.7527197252808325e-05,2.1440281609560156e-05,-6.086915643248169e-06,2.429266631243853e-05,1.6697708106796892e-05,-7.5949582056416385e-06,4.221432422038226e-06,3.2879736753800273e-06,-9.334587466581985e-07,2.4052996898396423e-06,1.99425684244602e-06,-4.110428473936222e-07,1.653136689106037e-06,1.2875889916440137e-06,-3.655476974620233e-07,1.9940634808273494e-06,1.6532969915182536e-06,-3.4076648930909574e-07
pccv1_n03_row_r05,3,row,5,18,13,L18H13,1.5,3,3,True,True,-0.0019677577074617147,-0.002337463665753603,-0.00036970595829188824,8.25,8.0,-0.25,0.003321643691074498,0.00399009503708534,0.000668451346010842,0.001442571525882404,0.001732876256875714,0.00029030473099331006,3.000423392668503,3.0005160288946824,9.26362261792768e-05,0.9996640054488753,0.9995834713786822,0.9994028346730254,0.9992481484805655,0.99836962593929,0.9980810153664379,-0.00028861057285212155,0.0001636911694943959,0.00010958925412660111,8.184558474719796e-05,2.4539497537588516e-06,False,1,5.770014000543042e-06,6.141653113027594e-06,3.7163911248455236e-07,6.959965427037584e-06,5.769549161647171e-06,-1.1904162653904133e-06,0.9996640054488753,0.9995834713786822,-8.053407019315006e-05,0.0002611707758499795,0.000335322898116608,7.415212226662848e-05,2.7527197252808325e-05,3.118988808895564e-05,3.6626908361473176e-06,2.429266631243853e-05,2.752497963046352e-05,3.2323133180249898e-06,4.221432422038226e-06,4.493329405059784e-06,2.718969830215583e-07,2.4052996898396423e-06,2.5602219208614816e-06,1.5492223102183932e-07,1.653136689106037e-06,1.6530035105326026e-06,-1.331785734343991e-10,1.9940634808273494e-06,1.873098370874052e-06,-1.209651099532974e-07
pccv1_n04_dense_r00,4,dense,0,18,13,L18H13,1.0,4,4,True,True,-0.005981165450066328,-0.005981165450066328,0.0,5.875,5.875,0.0,0.021216695612869933,0.021216695612869933,0.0,0.009214293828890342,0.009214293828890342,0.0,3.9970155067821604,3.9970155067821604,0.0,0.9970149929735416,0.9970149929735416,0.9942145830494226,0.9942145830494226,0.9970127647203526,0.9970127647203526,0.0,0.0,0.0,0.0,0.0,False,0,9.58247581046669e-05,9.58247581046669e-05,0.0,2.5536433059639877e-06,2.5536433059639877e-06,0.0,0.0028004099241189786,0.0028004099241189786,0.0,0.9970149929735416,0.9970149929735416,0.0,7.462839664954253e-05,7.462839664954253e-05,0.0,6.125871836281472e-06,6.125871836281472e-06,0.0,2.5536433059639877e-06,2.5536433059639877e-06,0.0,1.2840524931128022e-06,1.2840524931128022e-06,0.0,9.394328723492263e-07,9.394328723492263e-07,0.0,6.873037717569294e-07,6.873037717569294e-07,0.0
pccv1_n04_dense_r00,4,dense,0,18,13,L18H13,0.5,4,4,True,True,-0.005981165450066328,-0.011448285542428493,-0.0054671200923621655,5.875,4.875,-1.0,0.021216695612869933,0.04652325586371551,0.025306560250845576,0.009214293828890342,0.02020479330178475,0.010990499472894407,3.9970155067821604,3.992244404160163,-0.004771102621997425,0.9970149929735416,0.9922377480382301,0.9942145830494226,0.9846619193444487,0.9970127647203526,0.9963509296338771,-0.0006618350864755485,0.009556123339479656,0.006754753564408673,0.004778061669739828,0.0005736516382919574,False,1,9.58247581046669e-05,9.536560920163218e-05,-4.59148903034722e-07,2.5536433059639877e-06,3.697725951182867e-06,1.1440826452188795e-06,0.0028004099241189786,0.007575828693781318,0.004775418769662339,0.9970149929735416,0.9922377480382301,-0.004777244935311509,7.462839664954253e-05,7.427081112431273e-05,-3.575855252298065e-07,6.125871836281472e-06,6.489711150786441e-06,3.6383931450496876e-07,2.5536433059639877e-06,2.8797918663646725e-06,3.261485604006848e-07,1.2840524931128022e-06,1.6408559442543997e-06,3.568034511415975e-07,9.394328723492263e-07,1.2004758536665185e-06,2.6104298131729227e-07,6.873037717569294e-07,8.782868967154866e-07,1.9098312495855726e-07
pccv1_n04_dense_r00,4,dense,0,18,13,L18H13,1.5,4,4,True,True,-0.005981165450066328,-0.003918945789337158,0.00206221966072917,5.875,6.625,0.75,0.021216695612869933,0.012129455009970114,-0.009087240602899819,0.009214293828890342,0.005267755379323773,-0.003946538449566569,3.9970155067821604,3.9984972278115674,0.0014817210294069127,0.9970149929735416,0.9984826344673545,0.9942145830494226,0.997157867247223,0.9970127647203526,0.9976024707264628,0.0005897060061101911,0.0029556873791835372,0.0020812484828815424,0.0014778436895917686,0.00013543534235341146,False,1,9.58247581046669e-05,9.596581555327112e-05,1.4105744860422082e-07,2.5536433059639877e-06,1.757675223336584e-06,-7.959680826274038e-07,0.0028004099241189786,0.0013247672201315626,-0.001475642703987416,0.9970149929735416,0.9984826344673545,0.0014676414938129545,7.462839664954253e-05,8.468953497976637e-05,1.0061138330223833e-05,6.125871836281472e-06,5.763195182354075e-06,-3.626766539273976e-07,2.5536433059639877e-06,2.256899661046476e-06,-2.9674364491751157e-07,1.2840524931128022e-06,9.408157509155751e-07,-3.432367421972271e-07,9.394328723492263e-07,6.883155073290056e-07,-2.511173650202207e-07,6.873037717569294e-07,5.360606561080209e-07,-1.512431156489085e-07
pccv1_n04_dense_r01,4,dense,1,18,13,L18H13,1.0,4,4,True,True,-0.004789665341377258,-0.004789665341377258,0.0,8.125,8.125,0.0,0.007333021754403303,0.007333021754403303,0.0,0.003184690883613857,0.003184690883613857,0.0,3.999581018468485,3.999581018468485,0.0,0.999219371106025,0.999219371106025,0.9989235574770383,0.9989235574770383,0.9959992995044331,0.9959992995044331,0.0,0.0,0.0,0.0,0.0,False,0,0.00015833762562678834,0.00015833762562678834,0.0,5.418015606885727e-06,5.418015606885727e-06,0.0,0.000295813628986664,0.000295813628986664,0.0,0.999219371106025,0.999219371106025,0.0,0.000295813628986664,0.000295813628986664,0.0,1.6688662960030267e-05,1.6688662960030267e-05,0.0,4.2195547973356966e-06,4.2195547973356966e-06,0.0,1.9931765537192743e-06,1.9931765537192743e-06,0.0,1.2089226900511046e-06,1.2089226900511046e-06,0.0,1.1356777669656142e-06,1.1356777669656142e-06,0.0
pccv1_n04_dense_r01,4,dense,1,18,13,L18H13,0.5,4,4,True,True,-0.004789665341377258,-0.004565292503684759,0.00022437283769249916,8.125,7.625,-0.5,0.007333021754403303,0.008234913913236575,0.0009018921588332717,0.003184690883613857,0.003576377671466958,0.00039168678785310093,3.999581018468485,3.999455476076162,-0.00012554239232320796,0.999219371106025,0.9990983227408742,0.9989235574770383,0.9986106676017321,0.9959992995044331,0.9963435125545175,0.0003442130500843632,0.00038568274000861443,0.00023216028619208514,0.00019284137000430721,1.3546283165719195e-05,False,1,0.00015833762562678834,0.00012329852827278143,-3.503909735400691e-05,5.418015606885727e-06,6.138672256773974e-06,7.206566498882474e-07,0.000295813628986664,0.00048765513914204243,0.00019184151015537844,0.999219371106025,0.9990983227408742,-0.00012104836515081097,0.000295813628986664,0.0002610229864017966,-3.479064258486741e-05,1.6688662960030267e-05,1.4725909214536334e-05,-1.962753745493933e-06,4.2195547973356966e-06,4.219043628092334e-06,-5.11169243362308e-10,1.9931765537192743e-06,2.1214683650419123e-06,1.2829181132263797e-07,1.2089226900511046e-06,1.2867356070083528e-06,7.781291695724821e-08,1.1356777669656142e-06,1.2087762376108737e-06,7.309847064525948e-08
pccv1_n04_dense_r01,4,dense,1,18,13,L18H13,1.5,4,4,True,True,-0.004789665341377258,-0.004802240990102291,-1.2575648725032806e-05,8.125,7.75,-0.375,0.007333021754403303,0.00795156108612114,0.0006185393317178376,0.003184690883613857,0.003453319102219039,0.00026862821860518206,3.999581018468485,3.999798559717123,0.00021754124863804236,0.999219371106025,0.9991421140237897,0.9989235574770383,0.998711741011199,0.9959992995044331,0.9960637858084738,6.448630404065625e-05,0.0002854417599326306,0.00016851677894605,0.0001427208799663153,8.596122710157215e-06,False,1,0.00015833762562678834,0.00015832538336716276,-1.2242259625580999e-08,5.418015606885727e-06,5.767001667586075e-06,3.4898606070034823e-07,0.000295813628986664,0.00023036207351535717,-6.545155547130682e-05,0.999219371106025,0.9991421140237897,-7.725708223527139e-05,0.000295813628986664,0.00043037301259077045,0.00013455938360410646,1.6688662960030267e-05,2.2808934056513836e-05,6.120271096483568e-06,4.2195547973356966e-06,5.4175966997974565e-06,1.19804190246176e-06,1.9931765537192743e-06,2.2583903020811894e-06,2.6521374836191507e-07,1.2089226900511046e-06,1.2867920056647428e-06,7.78693156136382e-08,1.1356777669656142e-06,1.2867920056647428e-06,1.511142386991286e-07
pccv1_n04_dense_r02,4,dense,2,18,13,L18H13,1.0,4,4,True,True,-0.0038666974287480116,-0.0038666974287480116,0.0,7.875,7.875,0.0,0.0052667021011282775,0.0052667021011282775,0.0,0.002287299660348273,0.002287299660348273,0.0,3.999583283406953,3.999583283406953,0.0,0.9994444053188587,0.9994444053188587,0.9990644875586163,0.9990644875586163,0.9966945362577917,0.9966945362577917,0.0,0.0,0.0,0.0,0.0,False,0,5.826227552576102e-05,5.826227552576102e-05,0.0,4.220505083348743e-06,4.220505083348743e-06,0.0,0.00037991776024232364,0.00037991776024232364,0.0,0.9994444053188587,0.9994444053188587,0.0,9.605825293871368e-05,9.605825293871368e-05,0.0,8.934809331563169e-06,8.934809331563169e-06,0.0,3.724582663397806e-06,3.724582663397806e-06,0.0,2.1222032308946263e-06,2.1222032308946263e-06,0.0,1.2871813256787998e-06,1.2871813256787998e-06,0.0,1.067110799365774e-06,1.067110799365774e-06,0.0
pccv1_n04_dense_r02,4,dense,2,18,13,L18H13,0.5,4,4,True,True,-0.0038666974287480116,-0.004528742749243975,-0.0006620453204959631,7.875,7.25,-0.625,0.0052667021011282775,0.007520268107639166,0.0022535660065108884,0.002287299660348273,0.0032660109415806994,0.0009787112812324264,3.999583283406953,3.9992415543982536,-0.00034172900869933187,0.9994444053188587,0.9991392407969352,0.9990644875586163,0.9984296776972336,0.9966945362577917,0.9963390991413235,-0.00035543711646823795,0.0006620708628272329,0.000449731518385321,0.00033103543141361645,2.6078046024332427e-05,False,1,5.826227552576102e-05,5.471563104403841e-05,-3.5466444817226105e-06,4.220505083348743e-06,5.089346473400354e-06,8.68841390051611e-07,0.00037991776024232364,0.0007095630997015718,0.0003296453394592482,0.9994444053188587,0.9991392407969352,-0.00030516452192352883,9.605825293871368e-05,7.478740048625852e-05,-2.127085245245516e-05,8.934809331563169e-06,7.882534018249243e-06,-1.0522753133139263e-06,3.724582663397806e-06,3.7234454210641735e-06,-1.1372423336323779e-09,2.1222032308946263e-06,2.4040370493447655e-06,2.818338184501392e-07,1.2871813256787998e-06,1.4581221775126933e-06,1.7094085183389354e-07,1.067110799365774e-06,1.1355866936606676e-06,6.847589429489354e-08
pccv1_n04_dense_r02,4,dense,2,18,13,L18H13,1.5,4,4,True,True,-0.0038666974287480116,-0.003770624753087759,9.607267566025257e-05,7.875,8.125,0.25,0.0052667021011282775,0.005100027904036994,-0.00016667419709128373,0.002287299660348273,0.0022149139762758733,-7.238568407239975e-05,3.999583283406953,3.999695318112724,0.00011203470577125785,0.9994444053188587,0.9994741026643105,0.9990644875586163,0.9991782136233884,0.9966945362577917,0.9967606969122471,6.616065445541608e-05,0.0001680574386408163,9.958551000123162e-05,8.402871932040814e-05,4.835724891785742e-06,False,1,5.826227552576102e-05,6.602176908710757e-05,7.759493561346549e-06,4.220505083348743e-06,4.220630490821909e-06,1.2540747316589564e-10,0.00037991776024232364,0.00029588904092207354,-8.402871932025011e-05,0.9994444053188587,0.9994741026643105,2.9697345451773494e-05,9.605825293871368e-05,0.00013976808625420492,4.3709833315491234e-05,8.934809331563169e-06,1.0777757527741785e-05,1.842948196178616e-06,3.724582663397806e-06,4.220630490821909e-06,4.960478274241034e-07,2.1222032308946263e-06,2.4048427632059697e-06,2.8263953231134336e-07,1.2871813256787998e-06,1.458610867672469e-06,1.7142954199366925e-07,1.067110799365774e-06,1.1359672859397801e-06,6.885648657400607e-08
pccv1_n04_dense_r03,4,dense,3,18,13,L18H13,1.0,4,4,True,True,-0.004461691714823246,-0.004461691714823246,0.0,7.625,7.625,0.0,0.00864854780854,0.00864854780854,0.0,0.003756016589725383,0.003756016589725383,0.0,3.999828475426853,3.999828475426853,0.0,0.9990544809184682,0.9990544809184682,0.9985668471783111,0.9985668471783111,0.9964904490286699,0.9964904490286699,0.0,0.0,0.0,0.0,0.0,False,0,0.0001583114969091695,0.0001583114969091695,0.0,6.138402883307154e-06,6.138402883307154e-06,0.0,0.00026101153235052533,0.00026101153235052533,0.0,0.9990544809184682,0.9990544809184682,0.0,0.0004876337401570587,0.0004876337401570587,0.0,2.012704819111495e-05,2.012704819111495e-05,0.0,5.766495853390645e-06,5.766495853390645e-06,0.0,2.899576209323306e-06,2.899576209323306e-06,0.0,1.8721071068149653e-06,1.8721071068149653e-06,0.0,1.7586818711279214e-06,1.7586818711279214e-06,0.0
pccv1_n04_dense_r03,4,dense,3,18,13,L18H13,0.5,4,4,True,True,-0.004461691714823246,-0.004736750852316618,-0.00027505913749337196,7.625,7.875,0.25,0.00864854780854,0.008559286677024531,-8.926113151546886e-05,0.003756016589725383,0.0037172509728597746,-3.8765616865608574e-05,3.999828475426853,3.9996460393480597,-0.00018243607879320223,0.9990544809184682,0.9990662966443074,0.9985668471783111,0.9986865226141215,0.9964904490286699,0.9962045841724603,-0.00028586485620962776,0.0002619483878553451,0.00016197637667470378,0.00013097419392767254,9.284198841223517e-06,False,1,0.0001583114969091695,0.0001397110579962172,-1.8600438912952307e-05,6.138402883307154e-06,6.534373136404468e-06,3.959702530973136e-07,0.00026101153235052533,0.00037977403018590503,0.0001187624978353797,0.9990544809184682,0.9990662966443074,1.1815725839192659e-05,0.0004876337401570587,0.00037977403018590503,-0.00010785970997115367,2.012704819111495e-05,1.668610635617203e-05,-3.440941834942919e-06,5.766495853390645e-06,5.088974915512551e-06,-6.775209378780935e-07,2.899576209323306e-06,2.723931982974556e-06,-1.7564422634874991e-07,1.8721071068149653e-06,1.758702670897328e-06,-1.1340443591763732e-07,1.7586818711279214e-06,1.652148262645899e-06,-1.0653360848202242e-07
pccv1_n04_dense_r03,4,dense,3,18,13,L18H13,1.5,4,4,True,True,-0.004461691714823246,-0.004210535902529955,0.0002511558122932911,7.625,7.375,-0.25,0.00864854780854,0.008979683155090276,0.0003311353465502761,0.003756016589725383,0.0038998268434952887,0.00014381025376990555,3.999828475426853,4.000044587496915,0.0002161120700621133,0.9990544809184682,0.9989991457042153,0.9985668471783111,0.9983730462678753,0.9964904490286699,0.9967959372338555,0.00030548820518561115,0.00027693139236582636,0.00016999655874859148,0.00013846569618291318,8.137633982142595e-06,False,1,0.0001583114969091695,0.00015830272841779343,-8.768491376075823e-09,6.138402883307154e-06,5.766176461115619e-06,-3.7222642219153526e-07,0.00026101153235052533,0.00017938049182288055,-8.163104052764478e-05,0.9990544809184682,0.9989991457042153,-5.533521425282739e-05,0.0004876337401570587,0.0006260994363400325,0.00013846569618297384,2.012704819111495e-05,2.0125933402537145e-05,-1.1147885778049467e-09,5.766495853390645e-06,5.416821490059592e-06,-3.496743633310523e-07,2.899576209323306e-06,2.5587252940728963e-06,-3.4085091525040954e-07,1.8721071068149653e-06,1.6520372156519401e-06,-2.2006989116302521e-07,1.7586818711279214e-06,1.5519453406374358e-06,-2.0673653049048567e-07
pccv1_n04_dense_r04,4,dense,4,18,13,L18H13,1.0,4,4,True,True,-0.004057746846228838,-0.004057746846228838,0.0,8.75,8.75,0.0,0.0039042425161681608,0.0039042425161681608,0.0,0.0016955909807838995,0.0016955909807838995,0.0,3.9994870182390105,3.9994870182390105,0.0,0.999613924893404,0.999613924893404,0.9994555247462612,0.9994555247462612,0.9963351206320112,0.9963351206320112,0.0,0.0,0.0,0.0,0.0,False,0,0.00015840014714276583,0.00015840014714276583,0.0,3.965470091400752e-06,3.965470091400752e-06,0.0,0.00013978763922243502,0.00013978763922243502,0.0,0.999613924893404,0.999613924893404,0.0,7.028963921104959e-05,7.028963921104959e-05,0.0,7.408473467577841e-06,7.408473467577841e-06,0.0,2.9011998949892584e-06,2.9011998949892584e-06,0.0,1.3704297932086698e-06,1.3704297932086698e-06,0.0,1.0672917960952955e-06,1.0672917960952955e-06,0.0,8.848159765580585e-07,8.848159765580585e-07,0.0
pccv1_n04_dense_r04,4,dense,4,18,13,L18H13,0.5,4,4,True,True,-0.004057746846228838,-0.004553426057100296,-0.000495679210871458,8.75,8.5,-0.25,0.0039042425161681608,0.0043848814951708654,0.00048063897900270467,0.0016955909807838995,0.001904329837152387,0.0002087388563684876,3.9994870182390105,3.999414060888498,-7.295735051249252e-05,0.999613924893404,0.9995579627417246,0.9994555247462612,0.9993545843133139,0.9963351206320112,0.9958971576270415,-0.000437963004969788,0.00012936630259335118,8.511592174709471e-05,6.468315129667559e-05,3.1182108388275984e-06,False,1,0.00015840014714276583,0.0001583912793060544,-8.86783671141941e-09,3.965470091400752e-06,4.783002191956466e-06,8.17532100555714e-07,0.00013978763922243502,0.00020337842841066094,6.359078918822592e-05,0.999613924893404,0.9995579627417246,-5.5962151679356253e-05,7.028963921104959e-05,6.202691619278733e-05,-8.262723018262255e-06,7.408473467577841e-06,6.959227125396697e-06,-4.4924634218114355e-07,2.9011998949892584e-06,2.9010374748943275e-06,-1.6242009493086016e-10,1.3704297932086698e-06,1.4587332512539487e-06,8.83034580452789e-08,1.0672917960952955e-06,1.1360625983688715e-06,6.877080227357602e-08,8.848159765580585e-07,1.0025717242027363e-06,1.1775574764467788e-07
pccv1_n04_dense_r04,4,dense,4,18,13,L18H13,1.5,4,4,True,True,-0.004057746846228838,-0.004001587629318237,5.615921691060066e-05,8.75,8.625,-0.125,0.0039042425161681608,0.003950918523549303,4.667600738114241e-05,0.0016955909807838995,0.0017158621132268052,2.0271132442905692e-05,3.9994870182390105,3.999469808045535,-1.7210193475669655e-05,0.999613924893404,0.9996088740245209,0.9994555247462612,0.9994293840497556,0.9963351206320112,0.9963961455980552,6.102496604398766e-05,7.22401513024225e-05,4.045724936565162e-05,3.612007565121125e-05,1.6376724368484373e-06,False,1,0.00015840014714276583,0.00017948997476532856,2.1089827622562728e-05,3.965470091400752e-06,3.965450054595549e-06,-2.0036805203331334e-11,0.00013978763922243502,0.00010886617280621866,-3.0921466416216356e-05,0.999613924893404,0.9996088740245209,-5.050868883027526e-06,7.028963921104959e-05,8.478506063146997e-05,1.4495421420420386e-05,7.408473467577841e-06,7.886239107331313e-06,4.777656397534725e-07,2.9011998949892584e-06,2.9011852357494177e-06,-1.465923984068538e-11,1.3704297932086698e-06,1.2873931444107477e-06,-8.303664879792203e-08,1.0672917960952955e-06,1.0026227889878484e-06,-6.466900710744709e-08,8.848159765580585e-07,9.418769450496639e-07,5.7060968491605456e-08
pccv1_n04_dense_r05,4,dense,5,18,13,L18H13,1.0,3,3,False,False,-1.146228551864624,-1.146228551864624,0.0,-0.75,-0.75,0.0,0.6305709655999111,0.6305709655999111,0.0,0.2738534908084466,0.2738534908084466,0.0,3.3208864779431364,3.3208864779431364,0.0,0.678960508671851,0.678960508671851,0.3582422737432429,0.3582422737432429,0.9910045149339339,0.9910045149339339,0.0,0.0,0.0,0.0,0.0,False,0,0.0001219142884131456,0.0001219142884131456,0.0,1.367840406995531e-05,1.367840406995531e-05,0.0,0.678960508671851,0.678960508671851,0.0,0.32071823492860807,0.32071823492860807,0.0,0.00015654104497987877,0.00015654104497987877,0.0,1.549966241229284e-05,1.549966241229284e-05,0.0,6.461220577523454e-06,6.461220577523454e-06,0.0,3.918928379434143e-06,3.918928379434143e-06,0.0,1.9705609409859726e-06,1.9705609409859726e-06,0.0,1.2722897677839535e-06,1.2722897677839535e-06,0.0
pccv1_n04_dense_r05,4,dense,5,18,13,L18H13,0.5,3,3,False,False,-1.146228551864624,-2.0259411334991455,-0.8797125816345215,-0.75,-1.875,-1.125,0.6305709655999111,0.3944219508174986,-0.23614901478241251,0.2738534908084466,0.1712952767815554,-0.10255821402689122,3.3208864779431364,3.13303074986236,-0.18785572808077644,0.678960508671851,0.8668283220526637,0.3582422737432429,0.7338958934640325,0.9910045149339339,0.99200541368225,0.0010008987483161036,0.3757390924060247,0.2656272343042489,0.18786954620301236,0.02575586974108192,False,1,0.0001219142884131456,9.440520623028697e-05,-2.7509082182858633e-05,1.367840406995531e-05,1.5411226269384823e-05,1.732822199429513e-06,0.678960508671851,0.8668283220526637,0.1878678133808127,0.32071823492860807,0.13293242858863122,-0.18778580633997685,0.00015654104497987877,0.0001069751134013044,-4.956593157857436e-05,1.549966241229284e-05,1.1275093999914983e-05,-4.224568412377856e-06,6.461220577523454e-06,5.003292633373598e-06,-1.457927944149856e-06,3.918928379434143e-06,3.438709385571524e-06,-4.80218993862619e-07,1.9705609409859726e-06,1.6243312983405935e-06,-3.462296426453791e-07,1.2722897677839535e-06,1.11638548655411e-06,-1.5590428122984348e-07
pccv1_n04_dense_r05,4,dense,5,18,13,L18H13,1.5,3,4,False,True,-1.146228551864624,-0.4825326204299927,0.6636959314346313,-0.75,0.5,1.25,0.6305709655999111,0.6665218620093118,0.035950896409400745,0.2738534908084466,0.2894667667385248,0.015613275930078163,3.3208864779431364,3.622458560367679,0.3015720824245425,0.678960508671851,0.6222128556379217,0.3582422737432429,0.24482168182617153,0.9910045149339339,0.9919728312747793,0.0009683163408453765,0.6031459940557455,0.4264306195139165,0.30157299702787277,0.04635655882470112,True,1,0.0001219142884131456,0.00014345731361019423,2.1543025197048624e-05,1.367840406995531e-05,1.0392012942708886e-05,-3.286391127246424e-06,0.678960508671851,0.3773911738117502,-0.3015693348601008,0.32071823492860807,0.6222128556379217,0.30149462070931365,0.00015654104497987877,0.00020872915966702347,5.2188114687144705e-05,1.549966241229284e-05,1.9414836169799207e-05,3.915173757506368e-06,6.461220577523454e-06,7.142319080580839e-06,6.810985030573851e-07,3.918928379434143e-06,3.5913835736604236e-06,-3.2754480577371933e-07,1.9705609409859726e-06,1.9223291019971143e-06,-4.8231838988858343e-08,1.2722897677839535e-06,1.321196182110494e-06,4.8906414326540566e-08
pccv1_n04_distractors_r00,4,distractors,0,18,13,L18H13,1.0,4,4,True,True,-0.6985536813735962,-0.6985536813735962,0.0,0.25,0.25,0.0,0.8082371172827256,0.8082371172827256,0.0,0.35101292010527907,0.35101292010527907,0.0,4.456137329835405,4.456137329835405,0.0,0.5471174487351419,0.5471174487351419,0.12102195122818415,0.12102195122818415,0.9089529533790142,0.9089529533790142,0.0,0.0,0.0,0.0,0.0,False,0,4.3593967150792023e-05,4.3593967150792023e-05,0.0,2.8146380652054803e-05,2.8146380652054803e-05,0.0,0.007804211264452973,0.007804211264452973,0.0,0.5471174487351419,0.5471174487351419,0.0,0.42609549750695774,0.42609549750695774,0.0,0.018721329591195962,0.018721329591195962,0.0,0.00017241748473786182,0.00017241748473786182,0.0,1.4152888997443478e-05,1.4152888997443478e-05,0.0,2.6180212194797787e-06,2.6180212194797787e-06,0.0,5.841594939745106e-07,5.841594939745106e-07,0.0
pccv1_n04_distractors_r00,4,distractors,0,18,13,L18H13,0.5,4,4,True,True,-0.6985536813735962,-0.515127956867218,0.18342572450637817,0.25,1.375,1.125,0.8082371172827256,0.8588560312090567,0.05061891392633111,0.35101292010527907,0.37299643510342034,0.021983514998141274,4.456137329835405,3.9628796223821205,-0.4932577074532847,0.5471174487351419,0.6945527993014533,0.12102195122818415,0.5189423502610186,0.9089529533790142,0.860156548419809,-0.04879640495920512,0.6307727631840206,0.3785036968356024,0.3153863815920103,0.09796115057861995,False,1,4.3593967150792023e-05,3.573117164748408e-05,-7.862795503307941e-06,2.8146380652054803e-05,0.000141319525265644,0.00011317314461358919,0.007804211264452973,0.17561044904043466,0.1678062377759817,0.5471174487351419,0.6945527993014533,0.1474353505663114,0.42609549750695774,0.1206951788691591,-0.30540031863779865,0.018721329591195962,0.008743129432487408,-0.009978200158708555,0.00017241748473786182,0.0001931608889617511,2.0743404223889293e-05,1.4152888997443478e-05,2.3069778321740173e-05,8.916889324296695e-06,2.6180212194797787e-06,4.267479889506679e-06,1.6494586700269e-06,5.841594939745106e-07,8.945123792789084e-07,3.103528853043978e-07
pccv1_n04_distractors_r00,4,distractors,0,18,13,L18H13,1.5,4,5,True,False,-0.6985536813735962,-1.9137777090072632,-1.215224027633667,0.25,-1.625,-1.875,0.8082371172827256,0.5808704194046419,-0.22736669787808372,0.35101292010527907,0.25226881784826355,-0.09874410225701552,4.456137329835405,4.87073074460123,0.41459341476582434,0.5471174487351419,0.8084446207378693,0.12102195122818415,0.6492524361585561,0.9089529533790142,0.9266914341093013,0.017738480730287165,0.7900133540158667,0.5448726536194151,0.39500667700793335,0.08893947819569836,True,1,4.3593967150792023e-05,7.299328563744078e-05,2.9399318486648757e-05,2.8146380652054803e-05,1.7337424993073675e-05,-1.0808955658981128e-05,0.007804211264452973,0.0007372060698004237,-0.007067005194652549,0.5471174487351419,0.15919218457931317,-0.38792526415582873,0.42609549750695774,0.8084446207378693,0.3823491232309115,0.018721329591195962,0.03134679974492782,0.01262547015373186,0.00017241748473786182,0.0001751017895411401,2.6843048032782965e-06,1.4152888997443478e-05,1.1193882898832124e-05,-2.9590060986113535e-06,2.6180212194797787e-06,2.0706601290243997e-06,-5.47361090455379e-07,5.841594939745106e-07,4.918248899141825e-07,-9.233460406032813e-08
pccv1_n04_distractors_r01,4,distractors,1,18,13,L18H13,1.0,3,3,False,False,-2.3042051792144775,-2.3042051792144775,0.0,-2.125,-2.125,0.0,0.3579452012494186,0.3579452012494186,0.0,0.15545362572637145,0.15545362572637145,0.0,3.1111500902403613,3.1111500902403613,0.0,0.8910968716114205,0.8910968716114205,0.7846705272216805,0.7846705272216805,0.9380960591473695,0.9380960591473695,0.0,0.0,0.0,0.0,0.0,False,0,2.3050983182937775e-05,2.3050983182937775e-05,0.0,0.0001813100270972631,0.0001813100270972631,0.0,0.8910968716114205,0.8910968716114205,0.0,0.10642634438973991,0.10642634438973991,0.0,0.001949266492090537,0.001949266492090537,0.0,0.0002638045328107113,0.0002638045328107113,0.0,4.045573538272847e-05,4.045573538272847e-05,0.0,1.4882833324777897e-05,1.4882833324777897e-05,0.0,3.11961133794528e-06,3.11961133794528e-06,0.0,8.937836126607582e-07,8.937836126607582e-07,0.0
pccv1_n04_distractors_r01,4,distractors,1,18,13,L18H13,0.5,3,3,False,False,-2.3042051792144775,-4.792184352874756,-2.4879791736602783,-2.125,-4.75,-2.625,0.3579452012494186,0.05678066283921276,-0.30116453841020585,0.15545362572637145,0.024659528549879125,-0.13079409717649232,3.1111500902403613,3.0084284481888535,-0.1027216420515078,0.8910968716114205,0.9905909245445641,0.7846705272216805,0.9820206337944271,0.9380960591473695,0.9677993627662431,0.029703303618873633,0.19986714537139819,0.1395647980956072,0.09993357268569909,0.026494311646394632,False,1,2.3050983182937775e-05,8.85566119464029e-06,-1.4195321988297486e-05,0.0001813100270972631,0.0006208297796528198,0.0004395197525555567,0.8910968716114205,0.9905909245445641,0.09949405293314362,0.10642634438973991,0.008570290750137039,-0.09785605363960287,0.001949266492090537,0.0001569703505509688,-0.0017922961415395681,0.0002638045328107113,3.502481945699284e-05,-0.0002287797133537185,4.045573538272847e-05,1.0034778783590566e-05,-3.0420956599137905e-05,1.4882833324777897e-05,5.371230026576742e-06,-9.511603298201155e-06,3.11961133794528e-06,1.1984834160241235e-06,-1.9211279219211565e-06,8.937836126607582e-07,4.99602217355014e-07,-3.941813953057442e-07
pccv1_n04_distractors_r01,4,distractors,1,18,13,L18H13,1.5,3,4,False,True,-2.3042051792144775,-0.594252347946167,1.7099528312683105,-2.125,0.5,2.625,0.3579452012494186,0.764959048282821,0.40701384703340243,0.15545362572637145,0.33221749355119234,0.1767638678248209,3.1111500902403613,3.6555067833058024,0.5443566930654411,0.8910968716114205,0.6082280569812649,0.7846705272216805,0.23931909232468512,0.9380960591473695,0.9075134326544685,-0.030582626492901,1.0445332406837375,0.7244605525503461,0.5222666203418688,0.1579584567104391,True,1,2.3050983182937775e-05,6.222800778550437e-05,3.917702460256659e-05,0.0001813100270972631,0.00010259664006925425,-7.871338702800886e-05,0.8910968716114205,0.3689089646565798,-0.5221879069548407,0.10642634438973991,0.6082280569812649,0.5018017125915251,0.001949266492090537,0.020812419614259673,0.018863153122169136,0.0002638045328107113,0.0017083874353965097,0.0014445829025857984,4.045573538272847e-05,0.00014023298028360847,9.977724490088e-05,1.4882833324777897e-05,2.9394429521579725e-05,1.4511596196801828e-05,3.11961133794528e-06,6.1614071465335065e-06,3.0417958085882266e-06,8.937836126607582e-07,1.5578476925180084e-06,6.640640798572502e-07
pccv1_n04_distractors_r02,4,distractors,2,18,13,L18H13,1.0,5,5,False,False,-2.9759163856506348,-2.9759163856506348,0.0,-2.625,-2.625,0.0,0.7166022566740449,0.7166022566740449,0.0,0.3112164057929554,0.3112164057929554,0.0,5.140114757939237,5.140114757939237,0.0,0.7512761229617616,0.7512761229617616,0.5613237716943528,0.5613237716943528,0.9371290487218857,0.9371290487218857,0.0,0.0,0.0,0.0,0.0,False,0,0.00034447741753688515,0.00034447741753688515,0.0,2.65632461565132e-05,2.65632461565132e-05,0.0,0.0005679472455689118,0.0005679472455689118,0.0,0.05442225981298443,0.05442225981298443,0.0,0.7512761229617616,0.7512761229617616,0.0,0.1899523512674088,0.1899523512674088,0.0,0.0030702938017201455,0.0030702938017201455,0.0,0.00032360658587840183,0.00032360658587840183,0.0,1.5135281429080926e-05,1.5135281429080926e-05,0.0,1.2423795552784286e-06,1.2423795552784286e-06,0.0
pccv1_n04_distractors_r02,4,distractors,2,18,13,L18H13,0.5,5,5,False,False,-2.9759163856506348,-1.4596741199493408,1.516242265701294,-2.625,-0.875,1.75,0.7166022566740449,0.9745071262138641,0.2579048695398193,0.3112164057929554,0.42322306749007693,0.11200666169712153,5.140114757939237,4.8768252251012,-0.26328953283803713,0.7512761229617616,0.6040165966045029,0.5613237716943528,0.35222501822461094,0.9371290487218857,0.9226359825274812,-0.014493066194404491,0.4056511458785366,0.2524151048598313,0.2028255729392683,0.042147434613271445,False,1,0.00034447741753688515,0.00022960419940312992,-0.00011487321813375524,2.65632461565132e-05,7.002532444165271e-05,4.346207828513951e-05,0.0005679472455689118,0.005921570349021696,0.005353623103452785,0.05442225981298443,0.25179157837989197,0.19736931856690754,0.7512761229617616,0.6040165966045029,-0.1472595263572587,0.1899523512674088,0.13477431993267228,-0.05517803133473653,0.0030702938017201455,0.002797151772580786,-0.0002731420291393594,0.00032360658587840183,0.0003785533273980139,5.4946741519612096e-05,1.5135281429080926e-05,1.88470603920473e-05,3.7117789629663743e-06,1.2423795552784286e-06,1.7530496954888072e-06,5.106701402103786e-07
pccv1_n04_distractors_r02,4,distractors,2,18,13,L18H13,1.5,5,5,False,False,-2.9759163856506348,-4.881014347076416,-1.9050979614257812,-2.625,-4.375,-1.75,0.7166022566740449,0.7265288836119136,0.009926626937868721,0.3112164057929554,0.31552748509598394,0.004311079303028542,5.140114757939237,5.343856363601388,0.2037416056621506,0.7512761229617616,0.64205690300389,0.5613237716943528,0.29838860791154903,0.9371290487218857,0.9390035449836205,0.0018744962617347483,0.312003444514984,0.19418673284767007,0.156001722257492,0.023210564330251326,False,1,0.00034447741753688515,0.0006634358817513345,0.0003189584642144493,2.65632461565132e-05,2.1326111473656225e-05,-5.237134682856973e-06,0.0005679472455689118,0.00013063827086622686,-0.00043730897470268496,0.05442225981298443,0.008082303622749615,-0.046339956190234816,0.7512761229617616,0.64205690300389,-0.10921921995787165,0.1899523512674088,0.3436682950923409,0.15371594382493212,0.0030702938017201455,0.004902164948304131,0.0018318711465839855,0.00032360658587840183,0.00045597236869292733,0.0001323657828145255,1.5135281429080926e-05,1.767996738922214e-05,2.5446859601412125e-06,1.2423795552784286e-06,1.280732542048741e-06,3.835298677031236e-08
pccv1_n04_distractors_r03,4,distractors,3,18,13,L18H13,1.0,6,6,False,False,-9.34655475616455,-9.34655475616455,0.0,-9.1875,-9.1875,0.0,0.32549474672736706,0.32549474672736706,0.0,0.14136057239219205,0.14136057239219205,0.0,5.930115138791082,5.930115138791082,0.0,0.9149638239160843,0.9149638239160843,0.8398590196890153,0.8398590196890153,0.9322219748232214,0.9322219748232214,0.0,0.0,0.0,0.0,0.0,False,0,0.0007363015921751172,0.0007363015921751172,0.0,1.4355595647233552e-05,1.4355595647233552e-05,0.0,1.2668768693440508e-05,1.2668768693440508e-05,0.0,9.361024258020827e-05,9.361024258020827e-05,0.0,0.07510480422706897,0.07510480422706897,0.0,0.9149638239160843,0.9149638239160843,0.0,0.008969989699929716,0.008969989699929716,0.0,9.964758452458838e-05,9.964758452458838e-05,0.0,4.378209306989719e-06,4.378209306989719e-06,0.0,4.201639892868955e-07,4.201639892868955e-07,0.0
pccv1_n04_distractors_r03,4,distractors,3,18,13,L18H13,0.5,6,6,False,False,-9.34655475616455,-7.164186954498291,2.1823678016662598,-9.1875,-6.5625,2.625,0.32549474672736706,0.707395977854393,0.38190123112702595,0.14136057239219205,0.3072181697027178,0.16585759731052577,5.930115138791082,5.5943881843047745,-0.33572695448630796,0.9149638239160843,0.5897905966114325,0.8398590196890153,0.18443384282866382,0.9322219748232214,0.9289512089133325,-0.0032707659098889508,0.6620045833503256,0.4635023966259919,0.3310022916751628,0.08089333365563038,False,1,0.0007363015921751172,0.00041885417649360643,-0.00031744741568151075,1.4355595647233552e-05,1.26483001656169e-05,-1.7072954816166516e-06,1.2668768693440508e-05,2.3630135652803083e-05,1.0961366959362576e-05,9.361024258020827e-05,0.0008329909950838696,0.0007393807525036614,0.07510480422706897,0.4053567537827687,0.3302519495556997,0.9149638239160843,0.5897905966114325,-0.3251732273046518,0.008969989699929716,0.0035070230822549313,-0.005462966617674784,9.964758452458838e-05,5.325133272015885e-05,-4.639625180442953e-05,4.378209306989719e-06,3.857513603998392e-06,-5.206957029913274e-07,4.201639892868955e-07,3.9406982360449605e-07,-2.6094165682399453e-08
pccv1_n04_distractors_r03,4,distractors,3,18,13,L18H13,1.5,6,6,False,False,-9.34655475616455,-10.843289375305176,-1.496734619140625,-9.1875,-10.75,-1.5625,0.32549474672736706,0.173186080950146,-0.15230866577722105,0.14136057239219205,0.07521375929909828,-0.06614681309309377,5.930115138791082,6.007904522316461,0.07778938352537867,0.9149638239160843,0.9664066316288658,0.8398590196890153,0.9436789260726562,0.9322219748232214,0.942594362380504,0.010372387557282536,0.13141488425266237,0.0845172858563991,0.06570744212633119,0.016420559095980437,False,1,0.0007363015921751172,0.0011315458303716825,0.00039524423819656534,1.4355595647233552e-05,1.5162722800438691e-05,8.071271532051395e-07,1.2668768693440508e-05,8.639459027845929e-06,-4.0293096655945785e-06,9.361024258020827e-05,2.0724984815140597e-05,-7.288525776506768e-05,0.07510480422706897,0.00947431724081994,-0.06563048698624903,0.9149638239160843,0.9664066316288658,0.051442807712781424,0.008969989699929716,0.02272770555620948,0.013757715856279763,9.964758452458838e-05,0.0002093149317614269,0.00010966734723683853,4.378209306989719e-06,5.578053990462872e-06,1.199844683473153e-06,4.201639892868955e-07,3.795913378486145e-07,-4.057265143828098e-08
pccv1_n04_distractors_r04,4,distractors,4,18,13,L18H13,1.0,4,4,True,True,-0.11996964365243912,-0.11996964365243912,0.0,2.875,2.875,0.0,0.24447402751950736,0.24447402751950736,0.0,0.10617372112038577,0.10617372112038577,0.0,4.0572465623891425,4.0572465623891425,0.0,0.9416374871448426,0.9416374871448426,0.8885139353080929,0.8885139353080929,0.9419201647914406,0.9419201647914406,0.0,0.0,0.0,0.0,0.0,False,0,5.8432698929148294e-05,5.8432698929148294e-05,0.0,6.158761156189111e-06,6.158761156189111e-06,0.0,0.002059823639677394,0.002059823639677394,0.0,0.9416374871448426,0.9416374871448426,0.0,0.05312355183674979,0.05312355183674979,0.0,0.002997025711358224,0.002997025711358224,0.0,9.633923362890339e-05,9.633923362890339e-05,0.0,1.8970319881755595e-05,1.8970319881755595e-05,0.0,1.7645146139643906e-06,1.7645146139643906e-06,0.0,4.461391617863248e-07,4.461391617863248e-07,0.0
pccv1_n04_distractors_r04,4,distractors,4,18,13,L18H13,0.5,4,4,True,True,-0.11996964365243912,-0.11240354180335999,0.007566101849079132,2.875,3.5,0.625,0.24447402751950736,0.22220550839564465,-0.022268519123862712,0.10617372112038577,0.09650262614473516,-0.009671094975650607,4.0572465623891425,3.9896998447845595,-0.06754671760458297,0.9416374871448426,0.9541780188044692,0.8885139353080929,0.9253643393174824,0.9419201647914406,0.9366004394851188,-0.005319725306321743,0.07861448960876884,0.04792514015867399,0.03930724480438442,0.01256546280182597,False,1,5.8432698929148294e-05,2.9773106974653302e-05,-2.8659591954494992e-05,6.158761156189111e-06,1.593639577070164e-05,9.77763461451253e-06,0.002059823639677394,0.02881367948698679,0.026753855847309396,0.9416374871448426,0.9541780188044692,0.012540531659626541,0.05312355183674979,0.015422851243092874,-0.03770070059365692,0.002997025711358224,0.00143454863054833,-0.001562477080809894,9.633923362890339e-05,8.093169566596735e-05,-1.5407537962936036e-05,1.8970319881755595e-05,2.1782470384956625e-05,2.81215050320103e-06,1.7645146139643906e-06,2.0260853566031453e-06,2.6157074263875466e-07,4.461391617863248e-07,4.520807500932483e-07,5.941588306923502e-09
pccv1_n04_distractors_r04,4,distractors,4,18,13,L18H13,1.5,4,4,True,True,-0.11996964365243912,-0.32675859332084656,-0.20678894966840744,2.875,1.375,-1.5,0.24447402751950736,0.5575712889617347,0.3130972614422273,0.10617372112038577,0.24215013406376487,0.1359764129433791,4.0572465623891425,4.216877286474594,0.1596307240854511,0.9416374871448426,0.790348144128949,0.8885139353080929,0.5905168388223541,0.9419201647914406,0.9125824097941972,-0.029337754997243337,0.3054262948289998,0.21082486280095408,0.1527131474144999,0.02693315578571827,False,1,5.8432698929148294e-05,0.00018222256346230246,0.00012378986453315418,6.158761156189111e-06,7.06553554731647e-06,9.067743911273594e-07,0.002059823639677394,0.0006360192410712909,-0.0014238043986061033,0.9416374871448426,0.790348144128949,-0.15128934301589358,0.05312355183674979,0.199831305306595,0.1467077534698452,0.002997025711358224,0.008779974797134726,0.005782949085776501,9.633923362890339e-05,0.00018222256346230246,8.588332983339907e-05,1.8970319881755595e-05,2.974701575307752e-05,1.0776695871321926e-05,1.7645146139643906e-06,2.5992652687237435e-06,8.347506547593529e-07,4.461391617863248e-07,6.995827564555765e-07,2.5344359466925173e-07
pccv1_n04_distractors_r05,4,distractors,5,18,13,L18H13,1.0,4,4,True,True,-0.5282660126686096,-0.5282660126686096,0.0,1.5,1.5,0.0,0.4865825891006076,0.4865825891006076,0.0,0.21132013343659123,0.21132013343659123,0.0,3.818914011759267,3.818914011759267,0.0,0.8164313100156975,0.8164313100156975,0.6342608610617025,0.6342608610617025,0.7221997552510402,0.7221997552510402,0.0,0.0,0.0,0.0,0.0,False,0,0.00018823629473554288,0.00018823629473554288,0.0,1.130446816618633e-05,1.130446816618633e-05,0.0,0.18217044895399492,0.18217044895399492,0.0,0.8164313100156975,0.8164313100156975,0.0,0.000843616544757217,0.000843616544757217,0.0,0.0002738821927597562,0.0002738821927597562,0.0,5.393060138492158e-05,5.393060138492158e-05,0.0,1.9839959499524766e-05,1.9839959499524766e-05,0.0,5.339852658231977e-06,5.339852658231977e-06,0.0,2.0911163465887044e-06,2.0911163465887044e-06,0.0
pccv1_n04_distractors_r05,4,distractors,5,18,13,L18H13,0.5,4,3,True,False,-0.5282660126686096,-2.0819103717803955,-1.5536443591117859,1.5,-1.625,-3.125,0.4865825891006076,0.45388049878340087,-0.03270209031720672,0.21132013343659123,0.19711779606512658,-0.014202337371464646,3.818914011759267,3.165683920117355,-0.6532300916419116,0.8164313100156975,0.8348608251677133,0.6342608610617025,0.6704669815215831,0.7221997552510402,0.7584941552643159,0.03629440001327566,1.3053888481722165,0.9225821462808715,0.6526944240861082,0.23172840971659867,True,1,0.00018823629473554288,0.00012427791571389818,-6.395837902164469e-05,1.130446816618633e-05,1.3943595703448741e-05,2.639127537262411e-06,0.18217044895399492,0.8348608251677133,0.6526903762137184,0.8164313100156975,0.16439384364613022,-0.6520374663695673,0.000843616544757217,0.0003828029299303641,-0.0004608136148268529,0.0002738821927597562,0.00014990778126909503,-0.00012397441149066118,5.393060138492158e-05,4.5719290182780474e-05,-8.211311202141103e-06,1.9839959499524766e-05,2.028781203742516e-05,4.47852537900394e-07,5.339852658231977e-06,5.812555466520215e-06,4.7270280828823744e-07,2.0911163465887044e-06,2.579305852965421e-06,4.881895063767167e-07
pccv1_n04_distractors_r05,4,distractors,5,18,13,L18H13,1.5,4,4,True,True,-0.5282660126686096,-0.23306719958782196,0.29519881308078766,1.5,4.25,2.75,0.4865825891006076,0.0836636445057092,-0.4029189445948984,0.21132013343659123,0.03633465914474482,-0.1749854742918464,3.818914011759267,3.9868278751381,0.1679138633788333,0.8164313100156975,0.9848356255793481,0.6342608610617025,0.9707876998541687,0.7221997552510402,0.804297030227417,0.08209727497637687,0.3368086311273017,0.23796053439503767,0.16840431556365085,0.04667129643883286,False,1,0.00018823629473554288,0.0001293769231250958,-5.8859371610447085e-05,1.130446816618633e-05,4.42703486229385e-06,-6.87743330389248e-06,0.18217044895399492,0.014047925725179431,-0.1681225232288155,0.8164313100156975,0.9848356255793481,0.16840431556365065,0.000843616544757217,0.0007445127880290639,-9.910375672815314e-05,0.0002738821927597562,0.0002003828984802074,-7.349929427954882e-05,5.393060138492158e-05,2.7118876321592277e-05,-2.68117250633293e-05,1.9839959499524766e-05,7.769688151594413e-06,-1.2070271347930353e-05,5.339852658231977e-06,2.0911831967660384e-06,-3.248669461465939e-06,2.0911163465887044e-06,7.693033058134006e-07,-1.3218130407753037e-06
pccv1_n04_grid_r00,4,grid,0,18,13,L18H13,1.0,3,3,False,False,-3.413463830947876,-3.413463830947876,0.0,-3.375,-3.375,0.0,0.14681936216605462,0.14681936216605462,0.0,0.06376283882527257,0.06376283882527257,0.0,3.0331122704773152,3.0331122704773152,0.0,0.9667820567530462,0.9667820567530462,0.9337005939534746,0.9337005939534746,0.9953293579741285,0.9953293579741285,0.0,0.0,0.0,0.0,0.0,False,0,6.798100773969769e-05,6.798100773969769e-05,0.0,3.835226016250153e-06,3.835226016250153e-06,0.0,0.9667820567530462,0.9667820567530462,0.0,0.03308146279957156,0.03308146279957156,0.0,4.3891837472218944e-05,4.3891837472218944e-05,0.0,1.0425225188006164e-05,1.0425225188006164e-05,0.0,4.6261656341672555e-06,4.6261656341672555e-06,0.0,2.9868770247114435e-06,2.9868770247114435e-06,0.0,1.0322370788249022e-06,1.0322370788249022e-06,0.0,1.7018712282639812e-06,1.7018712282639812e-06,0.0
pccv1_n04_grid_r00,4,grid,0,18,13,L18H13,0.5,3,3,False,False,-3.413463830947876,-4.268417835235596,-0.8549540042877197,-3.375,-4.25,-0.875,0.14681936216605462,0.07497938287917003,-0.0718399792868846,0.06376283882527257,0.03256313224093469,-0.031199706584337884,3.0331122704773152,3.014095001322542,-0.01901726915477342,0.9667820567530462,0.9858477332446242,0.9337005939534746,0.9717853705789662,0.9953293579741285,0.9958441188525171,0.0005147608783886426,0.03813135298315573,0.026930040873194828,0.019065676491577865,0.0020230514712099128,False,1,6.798100773969769e-05,4.2045702982155683e-05,-2.5935304757542005e-05,3.835226016250153e-06,3.673912582282646e-06,-1.6131343396750683e-07,0.9667820567530462,0.9858477332446242,0.019065676491577976,0.03308146279957156,0.01406236266565802,-0.01901910013391354,4.3891837472218944e-05,2.8897560878865208e-05,-1.4994276593353736e-05,1.0425225188006164e-05,6.863772329808931e-06,-3.561452858197233e-06,4.6261656341672555e-06,3.673912582282646e-06,-9.522530518846093e-07,2.9868770247114435e-06,2.5250407290181183e-06,-4.618362956933253e-07,1.0322370788249022e-06,8.726307258288839e-07,-1.596063529960183e-07,1.7018712282639812e-06,1.3515569076828703e-06,-3.503143205811109e-07
pccv1_n04_grid_r00,4,grid,0,18,13,L18H13,1.5,3,3,False,False,-3.413463830947876,-2.585371971130371,0.8280918598175049,-3.375,-2.5,0.875,0.14681936216605462,0.2707575697222322,0.12393820755617757,0.06376283882527257,0.11758851846390041,0.05382567963862783,3.0331122704773152,3.0758589147813926,0.042746644304077375,0.9667820567530462,0.9239446733319965,0.9337005939534746,0.848102676092981,0.9953293579741285,0.9937506590475778,-0.0015786989265507145,0.08567476684209961,0.06052691401406629,0.042837383421049806,0.004558790109561334,False,1,6.798100773969769e-05,0.00011402383112283283,4.604282338313514e-05,3.835226016250153e-06,4.153317745045255e-06,3.1809172879510224e-07,0.9667820567530462,0.9239446733319965,-0.0428373834210497,0.03308146279957156,0.07584199723901555,0.04276053443944399,4.3891837472218944e-05,6.496882058380942e-05,2.1076983111590474e-05,1.0425225188006164e-05,1.5431447480732273e-05,5.006222292726109e-06,4.6261656341672555e-06,6.847663310232403e-06,2.2214976760651473e-06,2.9868770247114435e-06,4.153317745045255e-06,1.1664407203338117e-06,1.0322370788249022e-06,1.5279202110546831e-06,4.95683132229781e-07,1.7018712282639812e-06,2.223110789306194e-06,5.212395610422128e-07
pccv1_n04_grid_r01,4,grid,1,18,13,L18H13,1.0,3,3,False,False,-2.9342565536499023,-2.9342565536499023,0.0,-2.875,-2.875,0.0,0.20977375279354793,0.20977375279354793,0.0,0.09110358328637472,0.09110358328637472,0.0,3.053429414874286,3.053429414874286,0.0,0.9464807073467075,0.9464807073467075,0.8930839197234018,0.8930839197234018,0.9957572935969097,0.9957572935969097,0.0,0.0,0.0,0.0,0.0,False,0,5.873324179385649e-05,5.873324179385649e-05,0.0,3.527205330344872e-06,3.527205330344872e-06,0.0,0.9464807073467075,0.9464807073467075,0.0,0.053396787623305714,0.053396787623305714,0.0,4.29701576350875e-05,4.29701576350875e-05,0.0,9.007034347992028e-06,9.007034347992028e-06,0.0,3.754690529617654e-06,3.754690529617654e-06,0.0,2.5805585461842107e-06,2.5805585461842107e-06,0.0,7.870258902362466e-07,7.870258902362466e-07,0.0,1.1451159133759857e-06,1.1451159133759857e-06,0.0
pccv1_n04_grid_r01,4,grid,1,18,13,L18H13,0.5,3,3,False,False,-2.9342565536499023,-3.534339427947998,-0.6000828742980957,-2.875,-3.5,-0.625,0.20977375279354793,0.13345702876604576,-0.07631672402750217,0.09110358328637472,0.057959651164297216,-0.0331439321220775,3.053429414874286,3.0293555293908816,-0.02407388548340439,0.9464807073467075,0.9705934623830327,0.8930839197234018,0.9412840794522566,0.9957572935969097,0.9955183132757952,-0.0002389803211144681,0.048226653005673636,0.034082669567133454,0.024113326502836818,0.0018562433950002903,False,1,5.873324179385649e-05,4.139511920514082e-05,-1.733812258871567e-05,3.527205330344872e-06,4.098671842127876e-06,5.714665117830042e-07,0.9464807073467075,0.9705934623830327,0.02411275503632515,0.053396787623305714,0.029309382930776107,-0.024087404692529606,4.29701576350875e-05,3.653106448065687e-05,-6.439093154430632e-06,9.007034347992028e-06,7.657327099896685e-06,-1.3497072480953429e-06,3.754690529617654e-06,3.192048840201908e-06,-5.626416894157461e-07,2.5805585461842107e-06,2.485970136351416e-06,-9.458840983279485e-08,7.870258902362466e-07,7.581780551174643e-07,-2.884783511878232e-08,1.1451159133759857e-06,1.036306531899908e-06,-1.0880938147607779e-07
pccv1_n04_grid_r01,4,grid,1,18,13,L18H13,1.5,3,3,False,False,-2.9342565536499023,-2.0238606929779053,0.9103958606719971,-2.875,-1.875,1.0,0.20977375279354793,0.3941045115053709,0.18433075871182297,0.09110358328637472,0.17115741463995918,0.08005383135358446,3.053429414874286,3.132956187480789,0.0795267726065032,0.9464807073467075,0.8668570787777696,0.8930839197234018,0.7339202402025132,0.9957572935969097,0.9940382468865891,-0.0017190467103205265,0.1592472571378758,0.11254574614153125,0.0796236285689379,0.009646849570970076,False,1,5.873324179385649e-05,0.0001069786622631159,4.8245420469259416e-05,3.527205330344872e-06,4.148012884149652e-06,6.208075538047798e-07,0.9464807073467075,0.8668570787777696,-0.0796236285689379,0.053396787623305714,0.1329368385752564,0.07954005095195069,4.29701576350875e-05,6.907061564940792e-05,2.6100458014320417e-05,9.007034347992028e-06,1.4477987557652718e-05,5.4709532096606906e-06,3.754690529617654e-06,5.3261539719963775e-06,1.5714634423787235e-06,2.5805585461842107e-06,3.438823463547525e-06,8.582649173633145e-07,7.870258902362466e-07,1.11642252225049e-06,3.293966320142434e-07,1.1451159133759857e-06,1.5259686617929167e-06,3.8085274841693094e-07
pccv1_n04_grid_r02,4,grid,2,18,13,L18H13,1.0,3,3,False,False,-7.00324821472168,-7.00324821472168,0.0,-7.0,-7.0,0.0,0.007887731333228714,0.007887731333228714,0.0,0.00342559819275661,0.00342559819275661,0.0,3.000965696521646,3.000965696521646,0.0,0.9990411410821087,0.9990411410821087,0.998130133482709,0.998130133482709,0.997713876133389,0.997713876133389,0.0,0.0,0.0,0.0,0.0,False,0,1.3832919729469981e-05,1.3832919729469981e-05,0.0,3.0865415945570113e-06,3.0865415945570113e-06,0.0,0.9990411410821087,0.9990411410821087,0.0,0.0009110075993997801,0.0009110075993997801,0.0,1.8907359523451138e-05,1.8907359523451138e-05,0.0,6.138320920519804e-06,6.138320920519804e-06,0.0,2.5588328563627263e-06,2.5588328563627263e-06,0.0,1.8720821095771478e-06,1.8720821095771478e-06,0.0,5.709527850332792e-07,5.709527850332792e-07,0.0,8.843089725490839e-07,8.843089725490839e-07,0.0
pccv1_n04_grid_r02,4,grid,2,18,13,L18H13,0.5,3,3,False,False,-7.00324821472168,-7.377623558044434,-0.3743753433227539,-7.0,-7.375,-0.375,0.007887731333228714,0.0057485923517967075,-0.0021391389814320065,0.00342559819275661,0.002496581937096547,-0.000929016255660063,3.000965696521646,3.0006719135337008,-0.0002937829879452458,0.9990411410821087,0.9993342073952591,0.998130133482709,0.9987078979668117,0.997713876133389,0.9980445684890356,0.00033069235564653354,0.0005865326836107641,0.0004086108953138188,0.00029326634180538205,1.350278760998381e-05,False,1,1.3832919729469981e-05,1.0776248977109913e-05,-3.0566707523600683e-06,3.0865415945570113e-06,3.286570249358702e-06,2.000286548016906e-07,0.9990411410821087,0.9993342073952591,0.000293066313150403,0.0009110075993997801,0.000626309428447437,-0.0002846981709523431,1.8907359523451138e-05,1.56793497434831e-05,-3.228009779968038e-06,6.138320920519804e-06,4.781931496356513e-06,-1.356389424163291e-06,2.5588328563627263e-06,2.1219692385001956e-06,-4.3686361786253074e-07,1.8720821095771478e-06,1.5524658590307472e-06,-3.196162505464006e-07,5.709527850332792e-07,5.04011871623932e-07,-6.694091340934722e-08,8.843089725490839e-07,7.80628857642443e-07,-1.0368011490664091e-07
pccv1_n04_grid_r02,4,grid,2,18,13,L18H13,1.5,3,3,False,False,-7.00324821472168,-6.628450393676758,0.3747978210449219,-7.0,-6.625,0.375,0.007887731333228714,0.010739400465920514,0.0028516691326917996,0.00342559819275661,0.00466406236129849,0.0012384641685418804,3.000965696521646,3.001384346848057,0.00041865032641119626,0.9990411410821087,0.9986237683324274,0.998130133482709,0.9972988138586455,0.997713876133389,0.9979291868631321,0.00021531072974312337,0.0008363116126338776,0.0005878435784193922,0.0004181558063169388,1.936520895707269e-05,False,1,1.3832919729469981e-05,1.4718914662571744e-05,8.859949331017623e-07,3.0865415945570113e-06,2.5577638442256704e-06,-5.28777750331341e-07,0.9990411410821087,0.9986237683324274,-0.00041737274968134397,0.0009110075993997801,0.0013249544737818965,0.0004139468743821164,1.8907359523451138e-05,2.1415894466539848e-05,2.5085349430887106e-06,6.138320920519804e-06,6.952722979248192e-06,8.14402058728388e-07,2.5588328563627263e-06,2.5577638442256704e-06,-1.0690121370559776e-09,1.8720821095771478e-06,1.7579236678154853e-06,-1.1415844176166242e-07,5.709527850332792e-07,5.361364273930672e-07,-3.4816357640212076e-08,8.843089725490839e-07,7.800738989209874e-07,-1.0423507362809648e-07
pccv1_n04_grid_r03,4,grid,3,18,13,L18H13,1.0,3,3,False,False,-4.885283946990967,-4.885283946990967,0.0,-4.875,-4.875,0.0,0.04567947942050226,0.04567947942050226,0.0,0.019838345848537282,0.019838345848537282,0.0,3.007655444004712,3.007655444004712,0.0,0.9923261797544003,0.9923261797544003,0.984749675876134,0.984749675876134,0.9974226661443595,0.9974226661443595,0.0,0.0,0.0,0.0,0.0,False,0,3.50861737445503e-05,3.50861737445503e-05,0.0,4.460706414794146e-06,4.460706414794146e-06,0.0,0.9923261797544003,0.9923261797544003,0.0,0.007576503878266212,0.007576503878266212,0.0,3.734903753570307e-05,3.734903753570307e-05,0.0,1.1390812876332004e-05,1.1390812876332004e-05,0.0,3.936559594395068e-06,3.936559594395068e-06,0.0,2.8800485235392854e-06,2.8800485235392854e-06,0.0,9.350148592788012e-07,9.350148592788012e-07,0.0,1.2780137852235434e-06,1.2780137852235434e-06,0.0
pccv1_n04_grid_r03,4,grid,3,18,13,L18H13,0.5,3,3,False,False,-4.885283946990967,-5.506440162658691,-0.6211562156677246,-4.875,-5.5,-0.625,0.04567947942050226,0.027345482477135728,-0.018333996943366532,0.019838345848537282,0.011875992144802111,-0.007962353703735171,3.007655444004712,3.0041363807023296,-0.003519063302382275,0.9923261797544003,0.9958566807312716,0.984749675876134,0.9917868420916555,0.9974226661443595,0.997714429061773,0.00029176291741350724,0.007061033694371523,0.004976076119357378,0.0035305168471857617,0.00027058778606215924,False,1,3.50861737445503e-05,2.4200145156926567e-05,-1.088602858762373e-05,4.460706414794146e-06,4.476576729088247e-06,1.5870314294100662e-08,0.9923261797544003,0.9958566807312716,0.0035305009768713536,0.007576503878266212,0.00406983863961619,-0.0035066652386500224,3.734903753570307e-05,2.9190947128663472e-05,-8.1580904070396e-06,1.1390812876332004e-05,8.363346377254276e-06,-3.027466499077728e-06,3.936559594395068e-06,3.07670319158751e-06,-8.598564028075583e-07,2.8800485235392854e-06,2.3961388548866435e-06,-4.839096686526419e-07,9.350148592788012e-07,7.779123913721595e-07,-1.5710246790664162e-07,1.2780137852235434e-06,9.988592824781945e-07,-2.791545027453489e-07
pccv1_n04_grid_r03,4,grid,3,18,13,L18H13,1.5,3,3,False,False,-4.885283946990967,-4.267421722412109,0.6178622245788574,-4.875,-4.25,0.625,0.04567947942050226,0.07539351439918753,0.029714034978685265,0.019838345848537282,0.0327429872748605,0.012904641426323214,3.007655444004712,3.014176031676186,0.006520587671474232,0.9923261797544003,0.9858088756960053,0.984749675876134,0.9717470673035099,0.9974226661443595,0.9968761085980304,-0.0005465575463290406,0.01303520368107975,0.009194281666055102,0.006517601840539875,0.0005001157320044556,False,1,3.50861737445503e-05,4.47556537158328e-05,9.669479971282505e-06,4.460706414794146e-06,4.162924269667521e-06,-2.9778214512662535e-07,0.9923261797544003,0.9858088756960053,-0.006517304058395013,0.007576503878266212,0.01406180839249539,0.006485304514229178,3.734903753570307e-05,5.398562334464804e-05,1.6636585808944967e-05,1.1390812876332004e-05,1.5467140049729124e-05,4.07632717339712e-06,3.936559594395068e-06,5.0214451801217075e-06,1.0848855857266392e-06,2.8800485235392854e-06,3.451185436334252e-06,5.711369127949667e-07,9.350148592788012e-07,1.1204358672171177e-06,1.8542100793831655e-07,1.2780137852235434e-06,1.3515036355735167e-06,7.34898503499733e-08
pccv1_n04_grid_r04,4,grid,4,18,13,L18H13,1.0,3,3,False,False,-5.881370544433594,-5.881370544433594,0.0,-5.875,-5.875,0.0,0.020175079960426966,0.020175079960426966,0.0,0.008761925898770307,0.008761925898770307,0.0,3.002842367275042,3.002842367275042,0.0,0.9971223896965862,0.9971223896965862,0.994321678117175,0.994321678117175,0.996517369587707,0.996517369587707,0.0,0.0,0.0,0.0,0.0,False,0,3.111309524029391e-05,3.111309524029391e-05,0.0,4.771347689018374e-06,4.771347689018374e-06,0.0,0.9971223896965862,0.9971223896965862,0.0,0.002800711579411177,0.002800711579411177,0.0,2.7457210179378894e-05,2.7457210179378894e-05,0.0,6.94226992368013e-06,6.94226992368013e-06,0.0,2.8939686615386633e-06,2.8939686615386633e-06,0.0,1.9889936342325833e-06,1.9889936342325833e-06,0.0,7.317098666550388e-07,7.317098666550388e-07,0.0,1.0001288076753262e-06,1.0001288076753262e-06,0.0
pccv1_n04_grid_r04,4,grid,4,18,13,L18H13,0.5,3,3,False,False,-5.881370544433594,-6.505045413970947,-0.6236748695373535,-5.875,-6.5,-0.625,0.020175079960426966,0.011979939621421107,-0.008195140339005858,0.008761925898770307,0.005202821671117318,-0.003559104227652989,3.002842367275042,3.0015416702661835,-0.0013006970088587089,0.9971223896965862,0.9984401016476568,0.994321678117175,0.9969390076669993,0.996517369587707,0.9965217543969516,4.384809244584176e-06,0.0026354365129535604,0.0018508117092565742,0.0013177182564767802,0.00010062593421571513,False,1,3.111309524029391e-05,2.141195565949079e-05,-9.701139580803117e-06,4.771347689018374e-06,4.777653095393258e-06,6.305406374883832e-09,0.9971223896965862,0.9984401016476568,0.0013177119510706659,0.002800711579411177,0.0015010939806575985,-0.0012996175987535785,2.7457210179378894e-05,2.141195565949079e-05,-6.045254519888103e-06,6.94226992368013e-06,5.413790214334805e-06,-1.528479709345325e-06,2.8939686615386633e-06,2.4023548449543425e-06,-4.916138165843208e-07,1.9889936342325833e-06,1.7576003508442836e-06,-2.313932833882997e-07,7.317098666550388e-07,6.882861868397374e-07,-4.3423679815301405e-08,1.0001288076753262e-06,9.407756745583897e-07,-5.9353133116936546e-08
pccv1_n04_grid_r04,4,grid,4,18,13,L18H13,1.5,3,3,False,False,-5.881370544433594,-5.259045124053955,0.6223254203796387,-5.875,-5.25,0.625,0.020175079960426966,0.0337827391436458,0.013607659183218837,0.008761925898770307,0.014671657193662358,0.005909731294892051,3.002842367275042,3.0052750654109888,0.0024326981359465982,0.9971223896965862,0.9946817061054584,0.994321678117175,0.9894620955513408,0.996517369587707,0.9962942910055403,-0.0002230785821666359,0.0048813905401708215,0.003436304538178611,0.0024406952700854107,0.0001867392906827497,False,1,3.111309524029391e-05,3.985221836644314e-05,8.739123126149235e-06,4.771347689018374e-06,4.759668731517784e-06,-1.1678957500589733e-08,0.9971223896965862,0.9946817061054584,-0.0024406835911278124,0.002800711579411177,0.005219610554117523,0.002418898974706346,2.7457210179378894e-05,3.74376945155318e-05,9.98048433615291e-06,6.94226992368013e-06,8.892231866374656e-06,1.9499619426945257e-06,2.8939686615386633e-06,3.4822480325870485e-06,5.882793710483852e-07,1.9889936342325833e-06,2.248308310896254e-06,2.5931467666367073e-07,7.317098666550388e-07,8.80450185051183e-07,1.4874031839614427e-07,1.0001288076753262e-06,1.1305204157331443e-06,1.3039160805781815e-07
pccv1_n04_grid_r05,4,grid,5,18,13,L18H13,1.0,4,4,True,True,-0.483051598072052,-0.483051598072052,0.0,0.5,0.5,0.0,0.667020581508391,0.667020581508391,0.0,0.28968335786499244,0.28968335786499244,0.0,3.6224533564119454,3.6224533564119454,0.0,0.6221809174752887,0.6221809174752887,0.24480911513839032,0.24480911513839032,0.991509044146369,0.991509044146369,0.0,0.0,0.0,0.0,0.0,False,0,0.00018419338176049846,0.00018419338176049846,0.0,5.920886554650398e-06,5.920886554650398e-06,0.0,0.3773718023368984,0.3773718023368984,0.0,0.6221809174752887,0.6221809174752887,0.0,0.00018419338176049846,0.00018419338176049846,0.0,4.1099098770500893e-05,4.1099098770500893e-05,0.0,1.511951348834178e-05,1.511951348834178e-05,0.0,9.761891604054508e-06,9.761891604054508e-06,0.0,3.1692221953410542e-06,3.1692221953410542e-06,0.0,3.822811679156748e-06,3.822811679156748e-06,0.0
pccv1_n04_grid_r05,4,grid,5,18,13,L18H13,0.5,4,3,True,False,-0.483051598072052,-1.0620107650756836,-0.5789591670036316,0.5,-0.625,-1.125,0.667020581508391,0.6501311226040779,-0.016889458904313148,0.28968335786499244,0.2823483590605175,-0.007334998804474968,3.6224533564119454,3.348857045286728,-0.27359631112521754,0.6221809174752887,0.6511153767443998,0.24480911513839032,0.3025984300575118,0.991509044146369,0.9920891696258423,0.0005801254794732813,0.5474893495541198,0.38707559628105076,0.2737446747770599,0.03799174744159256,True,1,0.00018419338176049846,0.0001244547424686566,-5.9738639291841866e-05,5.920886554650398e-06,7.021256113018413e-06,1.100369558368015e-06,0.3773718023368984,0.6511153767443998,0.2737435744075014,0.6221809174752887,0.348516946686888,-0.2736639707884007,0.00018419338176049846,0.00017010946396517362,-1.408391779532484e-05,4.1099098770500893e-05,3.565688070926973e-05,-5.442218061231161e-06,1.511951348834178e-05,1.3963435115493437e-05,-1.1560783728483439e-06,9.761891604054508e-06,9.59691924997202e-06,-1.6497235408248872e-07,3.1692221953410542e-06,3.1156635135422592e-06,-5.3558681798794994e-08,3.822811679156748e-06,3.758207577051929e-06,-6.46041021048191e-08
pccv1_n04_grid_r05,4,grid,5,18,13,L18H13,1.5,4,4,True,True,-0.483051598072052,-0.18627093732357025,0.29678066074848175,0.5,1.625,1.125,0.667020581508391,0.4509678646254815,-0.21605271688290956,0.28968335786499244,0.19585285512253928,-0.09383050274245316,3.6224533564119454,3.8353699453298837,0.2129165889179383,0.6221809174752887,0.8351455096527152,0.24480911513839032,0.6706956083077387,0.991509044146369,0.9938970626160426,0.002388018469673625,0.42592918435485316,0.301147229604922,0.21296459217742658,0.02930184128511784,False,1,0.00018419338176049846,0.00016992569473560113,-1.426768702489733e-05,5.920886554650398e-06,3.996269303197652e-06,-1.924617251452746e-06,0.3773718023368984,0.16444990134497656,-0.21292190099192182,0.6221809174752887,0.8351455096527152,0.21296459217742647,0.00018419338176049846,0.00016992569473560113,-1.426768702489733e-05,4.1099098770500893e-05,3.561836058614336e-05,-5.480738184357535e-06,1.511951348834178e-05,1.2309376040523329e-05,-2.810137447818452e-06,9.761891604054508e-06,7.4660139705094995e-06,-2.295877633545009e-06,3.1692221953410542e-06,2.423859856857818e-06,-7.453623384832362e-07,3.822811679156748e-06,2.9237330796991087e-06,-8.990785994576396e-07
pccv1_n04_random_sparse_r00,4,random_sparse,0,18,13,L18H13,1.0,3,3,False,False,-1.14530348777771,-1.14530348777771,0.0,-0.75,-0.75,0.0,0.6315639177898508,0.6315639177898508,0.0,0.27428472446533114,0.27428472446533114,0.0,3.320975611940907,3.320975611940907,0.0,0.6788845336254267,0.6788845336254267,0.3582021867675924,0.3582021867675924,0.9920326557539738,0.9920326557539738,0.0,0.0,0.0,0.0,0.0,False,0,0.00015652352818323485,0.00015652352818323485,0.0,1.8694069574503284e-05,1.8694069574503284e-05,0.0,0.6788845336254267,0.6788845336254267,0.0,0.32068234685783426,0.32068234685783426,0.0,0.0002009801884969136,0.0002009801884969136,0.0,2.8953941361765183e-05,2.8953941361765183e-05,0.0,1.36768734693225e-05,1.36768734693225e-05,0.0,7.320702830863039e-06,7.320702830863039e-06,0.0,3.918489855010767e-06,3.918489855010767e-06,0.0,3.0517229675397408e-06,3.0517229675397408e-06,0.0
pccv1_n04_random_sparse_r00,4,random_sparse,0,18,13,L18H13,0.5,3,3,False,False,-1.14530348777771,-1.8116730451583862,-0.6663695573806763,-0.75,-1.625,-0.875,0.6315639177898508,0.4503654790787399,-0.18119843871111085,0.27428472446533114,0.19559124240361114,-0.07869348206172,3.320975611940907,3.1646169957294585,-0.15635861621144853,0.6788845336254267,0.8352073303998961,0.3582021867675924,0.6707452558280298,0.9920326557539738,0.9934239232445634,0.0013912674905895983,0.31265141586364925,0.22100134758631698,0.15632570793182463,0.01684955730866377,False,1,0.00015652352818323485,0.00013234806032155663,-2.4175467861678224e-05,1.8694069574503284e-05,2.1605226929479908e-05,2.9111573549766233e-06,0.6788845336254267,0.8352073303998961,0.15632279677446947,0.32068234685783426,0.16446207457186635,-0.1562202722859679,0.0002009801884969136,0.00013234806032155663,-6.863212817535697e-05,2.8953941361765183e-05,2.1605226929479908e-05,-7.348714432285275e-06,1.36768734693225e-05,1.0205586565865762e-05,-3.4712869034567377e-06,7.320702830863039e-06,6.58922192758352e-06,-7.314809032795187e-07,3.918489855010767e-06,3.3132688594475467e-06,-6.052209955632199e-07,3.0517229675397408e-06,2.58037638226385e-06,-4.7134658527589086e-07
pccv1_n04_random_sparse_r00,4,random_sparse,0,18,13,L18H13,1.5,3,4,False,True,-1.14530348777771,-0.5835038423538208,0.5617996454238892,-0.75,0.25,1.0,0.6315639177898508,0.6901076065244077,0.05854368873455695,0.27428472446533114,0.2997099254330108,0.02542520096767964,3.320975611940907,3.5622439902501153,0.24126837830920822,0.6788845336254267,0.5618869599179525,0.3582021867675924,0.12428895553623998,0.9920326557539738,0.9929755430086971,0.0009428872547232459,0.48257950188295334,0.34117276759471743,0.24128975094147667,0.029833558059289972,True,1,0.00015652352818323485,0.0001884920761582297,3.196854797499484e-05,1.8694069574503284e-05,1.547237181206411e-05,-3.2216977624391757e-06,0.6788845336254267,0.4375980043817125,-0.2412865292437142,0.32068234685783426,0.5618869599179525,0.2412046130601182,0.0002009801884969136,0.00024202861663140835,4.104842813449475e-05,2.8953941361765183e-05,3.711629047903353e-05,8.162349117268346e-06,1.36768734693225e-05,1.6470254060259125e-05,2.793380590936625e-06,7.320702830863039e-06,7.779997133213304e-06,4.592943023502649e-07,3.918489855010767e-06,4.432908742960759e-06,5.144188879499925e-07,3.0517229675397408e-06,3.2431853180443032e-06,1.914623505045625e-07
pccv1_n04_random_sparse_r01,4,random_sparse,1,18,13,L18H13,1.0,4,4,True,True,-0.02569855935871601,-0.02569855935871601,0.0,4.375,4.375,0.0,0.07558839780619075,0.07558839780619075,0.0,0.03282762406313651,0.03282762406313651,0.0,4.01062564599549,4.01062564599549,0.0,0.9866002397207295,0.9866002397207295,0.9741807755667055,0.9741807755667055,0.9878660336912617,0.9878660336912617,0.0,0.0,0.0,0.0,0.0,False,0,0.0007006582222755815,0.0007006582222755815,0.0,2.552147388079041e-05,2.552147388079041e-05,0.0,7.861167385683208e-05,7.861167385683208e-05,0.0,0.9866002397207295,0.9866002397207295,0.0,0.012419464154024024,0.012419464154024024,0.0,0.00012960873881310024,0.00012960873881310024,0.0,2.3975205945867446e-05,2.3975205945867446e-05,0.0,8.285609466020284e-06,8.285609466020284e-06,0.0,8.285609466020284e-06,8.285609466020284e-06,0.0,5.34959154229299e-06,5.34959154229299e-06,0.0
pccv1_n04_random_sparse_r01,4,random_sparse,1,18,13,L18H13,0.5,4,4,True,True,-0.02569855935871601,-0.018513968214392662,0.007184591144323349,4.375,4.875,0.5,0.07558839780619075,0.051131522257118506,-0.02445687554907225,0.03282762406313651,0.022206137967579868,-0.010621486095556642,4.01062564599549,4.0063153072339155,-0.004310338761574606,0.9866002397207295,0.991719039633156,0.9741807755667055,0.9841471713269195,0.9878660336912617,0.9898533079062872,0.0019872742150255363,0.010238415550235844,0.007053359919113954,0.005119207775117922,0.0003123881023787022,False,1,0.0007006582222755815,0.0004840533461565525,-0.00021660487611902896,2.552147388079041e-05,2.12678197402687e-05,-4.253654140521709e-06,7.861167385683208e-05,7.901953654837972e-05,4.0786269154764515e-07,0.9866002397207295,0.991719039633156,0.005118799912426475,0.012419464154024024,0.007571868306236462,-0.004847595847787562,0.00012960873881310024,8.954086560185404e-05,-4.00678732112462e-05,2.3975205945867446e-05,1.7631641844894675e-05,-6.343564100972771e-06,8.285609466020284e-06,6.904650154010851e-06,-1.3809593120094332e-06,8.285609466020284e-06,6.486318548834871e-06,-1.7992909171854128e-06,5.34959154229299e-06,4.187882012997137e-06,-1.161709529295853e-06
pccv1_n04_random_sparse_r01,4,random_sparse,1,18,13,L18H13,1.5,4,4,True,True,-0.02569855935871601,-0.040183745324611664,-0.014485185965895653,4.375,3.75,-0.625,0.07558839780619075,0.12177230129122152,0.046183903485030764,0.03282762406313651,0.05288503849943773,0.02005741443630122,4.01062564599549,4.019965160564381,0.00933951456889126,0.9866002397207295,0.9755615352529563,0.9741807755667055,0.9526185269999792,0.9878660336912617,0.9846768856605195,-0.003189148030742217,0.02207916804932006,0.01525766439019538,0.01103958402466003,0.0008402154654446837,False,1,0.0007006582222755815,0.0011422651204554375,0.000441606898179856,2.552147388079041e-05,3.240356727398927e-05,6.882093393198861e-06,7.861167385683208e-05,7.773211696997366e-05,-8.79556886858421e-07,0.9866002397207295,0.9755615352529563,-0.01103870446777322,0.012419464154024024,0.022943008252977095,0.01052354409895307,0.00012960873881310024,0.0001864696549470304,5.686091613393016e-05,2.3975205945867446e-05,3.0440334378940772e-05,6.465128433073326e-06,8.285609466020284e-06,9.88252966333632e-06,1.5969201973160367e-06,8.285609466020284e-06,9.88252966333632e-06,1.5969201973160367e-06,5.34959154229299e-06,6.380640714513028e-06,1.031049172220038e-06
pccv1_n04_random_sparse_r02,4,random_sparse,2,18,13,L18H13,1.0,4,4,True,True,-0.011822160333395004,-0.011822160333395004,0.0,6.0,6.0,0.0,0.021292794334943473,0.021292794334943473,0.0,0.009247343083966771,0.009247343083966771,0.0,3.9970343025253268,3.9970343025253268,0.0,0.997118256102818,0.997118256102818,0.9946466470551094,0.9946466470551094,0.9911035607759686,0.9911035607759686,0.0,0.0,0.0,0.0,0.0,False,0,0.00022989545310107202,0.00022989545310107202,0.0,4.771327909286942e-06,4.771327909286942e-06,0.0,0.0024716090477086236,0.0024716090477086236,0.0,0.997118256102818,0.997118256102818,0.0,0.00015800468015915957,0.00015800468015915957,0.0,1.0752353424779392e-05,1.0752353424779392e-05,0.0,3.4907780692636314e-06,3.4907780692636314e-06,0.0,1.5490233783257619e-06,1.5490233783257619e-06,0.0,1.0646271605198682e-06,1.0646271605198682e-06,0.0,6.066062708062724e-07,6.066062708062724e-07,0.0
pccv1_n04_random_sparse_r02,4,random_sparse,2,18,13,L18H13,0.5,4,4,True,True,-0.011822160333395004,-0.015698423609137535,-0.003876263275742531,6.0,5.25,-0.75,0.021292794334943473,0.03632266799782653,0.01502987366288306,0.009247343083966771,0.015774734279459898,0.006527391195493127,3.9970343025253268,3.9942565189558845,-0.0027777835694422492,0.997118256102818,0.9944056116628225,0.9946466470551094,0.9891874499193726,0.9911035607759686,0.9899624076869031,-0.001141153089065483,0.005497168793973768,0.0038604712544929773,0.002748584396986884,0.00025282488279934314,False,1,0.00022989545310107202,0.00022927002615816128,-6.254269429107413e-07,4.771327909286942e-06,5.739662796938117e-06,9.683348876511758e-07,0.0024716090477086236,0.00521816174344988,0.002746552695741256,0.997118256102818,0.9944056116628225,-0.0027126444399955263,0.00015800468015915957,0.00012271940171800367,-3.52852784411559e-05,1.0752353424779392e-05,1.0723101817403759e-05,-2.9251607375633046e-08,3.4907780692636314e-06,3.944808704210972e-06,4.540306349473409e-07,1.5490233783257619e-06,1.8633956888308862e-06,3.1437231050512433e-07,1.0646271605198682e-06,1.2806918790787867e-06,2.1606471855891856e-07,6.066062708062724e-07,6.855049646883813e-07,7.889869388210892e-08
pccv1_n04_random_sparse_r02,4,random_sparse,2,18,13,L18H13,1.5,4,4,True,True,-0.011822160333395004,-0.01020877156406641,0.0016133887693285942,6.0,6.625,0.625,0.021292794334943473,0.014066583808804076,-0.007226210526139396,0.009247343083966771,0.006109039727393237,-0.003138303356573534,3.9970343025253268,3.9981786474226584,0.0011443448973316173,0.997118256102818,0.9982670193136234,0.9946466470551094,0.9969425381674584,0.9911035607759686,0.9915615466598524,0.0004579858838837936,0.002298420208079322,0.0016234409865725596,0.001149210104039661,8.823040554669777e-05,False,1,0.00022989545310107202,0.0002301603117948504,2.648586937783646e-07,4.771327909286942e-06,3.960126914740693e-06,-8.11200994546249e-07,0.0024716090477086236,0.0013244811461649592,-0.0011471279015436643,0.997118256102818,0.9982670193136234,0.0011487632108053702,0.00015800468015915957,0.000158186714699788,1.820345406284337e-07,1.0752353424779392e-05,1.0112538342073096e-05,-6.398150827062955e-07,3.4907780692636314e-06,3.2830605240099458e-06,-2.0771754525368568e-07,1.5490233783257619e-06,1.285664973922775e-06,-2.633584044029869e-07,1.0646271605198682e-06,9.406125885111788e-07,-1.240145720086893e-07,6.066062708062724e-07,5.705103738436931e-07,-3.6095896962579254e-08
pccv1_n04_random_sparse_r03,4,random_sparse,3,18,13,L18H13,1.0,4,4,True,True,-0.004151179920881987,-0.004151179920881987,0.0,8.375,8.375,0.0,0.005682710000336872,0.005682710000336872,0.0,0.0024679695954027293,0.0024679695954027293,0.0,3.9997553441921108,3.9997553441921108,0.0,0.9994217243314588,0.9994217243314588,0.999191297791028,0.999191297791028,0.996433630896945,0.996433630896945,0.0,0.0,0.0,0.0,0.0,False,0,0.0001233384391997168,0.0001233384391997168,0.0,1.0777192709734316e-05,1.0777192709734316e-05,0.0,0.00017945637012799695,0.00017945637012799695,0.0,0.9994217243314588,0.9994217243314588,0.0,0.00023042654043087084,0.00023042654043087084,0.0,2.013444671242916e-05,2.013444671242916e-05,0.0,6.536697804085339e-06,6.536697804085339e-06,0.0,3.7244981392241662e-06,3.7244981392241662e-06,0.0,2.122155070472212e-06,2.122155070472212e-06,0.0,1.7593283467156433e-06,1.7593283467156433e-06,0.0
pccv1_n04_random_sparse_r03,4,random_sparse,3,18,13,L18H13,0.5,4,4,True,True,-0.004151179920881987,-0.004197952803224325,-4.677288234233856e-05,8.375,8.25,-0.125,0.005682710000336872,0.005652900250453659,-2.980974988321238e-05,0.0024679695954027293,0.002455023385521534,-1.2946209881195114e-05,3.9997553441921108,3.9996988230799135,-5.652111219722755e-05,0.9994217243314588,0.9994216736884718,0.999191297791028,0.999160566223868,0.996433630896945,0.9963871032002771,-4.652769666790846e-05,0.000164283275461268,0.00010010637870429855,8.2141637730634e-05,6.331657930825749e-06,False,1,0.0001233384391997168,9.605606816416315e-05,-2.728237103555364e-05,1.0777192709734316e-05,1.0777192163629287e-05,-5.461050296191481e-13,0.00017945637012799695,0.0002611074646038681,8.165109447587113e-05,0.9994217243314588,0.9994216736884718,-5.064298702617265e-08,0.00023042654043087084,0.0001794563610345318,-5.097017939633905e-05,2.013444671242916e-05,1.669204175723139e-05,-3.442404955197771e-06,6.536697804085339e-06,6.140658993660664e-06,-3.960388104246753e-07,3.7244981392241662e-06,3.96470743055319e-06,2.402092913290238e-07,2.122155070472212e-06,2.259022199012276e-06,1.3686712854006407e-07,1.7593283467156433e-06,1.8727951815970963e-06,1.13466834881453e-07
pccv1_n04_random_sparse_r03,4,random_sparse,3,18,13,L18H13,1.5,4,4,True,True,-0.004151179920881987,-0.003984014969319105,0.00016716495156288147,8.375,8.125,-0.25,0.005682710000336872,0.005941743645880137,0.0002590336455432652,0.0024679695954027293,0.0025804664782894523,0.00011249688288672306,3.9997553441921108,3.999842321989272,8.697779716104748e-05,0.9994217243314588,0.9993900013681666,0.999191297791028,0.9990941372249901,0.996433630896945,0.996631837429959,0.00019820653301394486,0.00017569030245494205,9.341721522318173e-05,8.784515122747103e-05,5.043914962728775e-06,False,1,0.0001233384391997168,0.00013975632539198527,1.6417886192268482e-05,1.0777192709734316e-05,1.0776850627427718e-05,-3.4208230659860713e-10,0.00017945637012799695,0.00012333452427503184,-5.6121845852965104e-05,0.9994217243314588,0.9993900013681666,-3.172296329223556e-05,0.00023042654043087084,0.0002958641431765592,6.543760274568838e-05,2.013444671242916e-05,2.4286007785508858e-05,4.151561073079698e-06,6.536697804085339e-06,7.884512349849542e-06,1.347814545764203e-06,3.7244981392241662e-06,3.964581786406217e-06,2.4008364718205037e-07,2.122155070472212e-06,2.258950609135303e-06,1.3679553866309108e-07,1.7593283467156433e-06,1.8727358315045184e-06,1.1340748478887512e-07
pccv1_n04_random_sparse_r04,4,random_sparse,4,18,13,L18H13,1.0,4,4,True,True,-0.21305705606937408,-0.21305705606937408,0.0,1.5,1.5,0.0,0.4801942864265151,0.4801942864265151,0.0,0.20854572883650507,0.20854572883650507,0.0,3.817397397921055,3.817397397921055,0.0,0.8171266888227207,0.8171266888227207,0.6348010798841508,0.6348010798841508,0.9889654381613582,0.9889654381613582,0.0,0.0,0.0,0.0,0.0,False,0,0.00022724970335748906,0.00022724970335748906,0.0,2.549671008838079e-05,2.549671008838079e-05,0.0,0.18232560893856983,0.18232560893856983,0.0,0.8171266888227207,0.8171266888227207,0.0,0.00021348133985451263,0.00021348133985451263,0.0,3.949007710037474e-05,3.949007710037474e-05,0.0,2.1137515081071644e-05,2.1137515081071644e-05,0.0,9.379715459023802e-06,9.379715459023802e-06,0.0,6.446577873097001e-06,6.446577873097001e-06,0.0,5.020599895698736e-06,5.020599895698736e-06,0.0
pccv1_n04_random_sparse_r04,4,random_sparse,4,18,13,L18H13,0.5,4,4,True,True,-0.21305705606937408,-0.5356303453445435,-0.3225732892751694,1.5,0.375,-1.125,0.4801942864265151,0.6806167055884215,0.20042241916190634,0.20854572883650507,0.2955880795282216,0.08704235069171651,3.817397397921055,3.5926523522727685,-0.22474504564828646,0.8171266888227207,0.5923649023741698,0.6348010798841508,0.185238855840342,0.9889654381613582,0.988073832092141,-0.0008916060692172323,0.44961864790301437,0.3178885000790083,0.22480932395150718,0.030985080024082415,False,1,0.00022724970335748906,0.0001987162868276539,-2.8533416529835166e-05,2.549671008838079e-05,3.2439542076128145e-05,6.942831987747355e-06,0.18232560893856983,0.40712604653382783,0.224800437595258,0.8171266888227207,0.5923649023741698,-0.22476178644855083,0.00021348133985451263,0.0001987162868276539,-1.4765053026858727e-05,3.949007710037474e-05,3.675881692176083e-05,-2.731260178613908e-06,2.1137515081071644e-05,1.9675576856209732e-05,-1.461938224861912e-06,9.379715459023802e-06,1.0531577374990005e-05,1.1518619159662028e-06,6.446577873097001e-06,7.2382402185882e-06,7.916623454911991e-07,5.020599895698736e-06,4.9747648995492924e-06,-4.583499614944366e-08
pccv1_n04_random_sparse_r04,4,random_sparse,4,18,13,L18H13,1.5,4,4,True,True,-0.21305705606937408,-0.06964284181594849,0.1434142142534256,1.5,2.75,1.25,0.4801942864265151,0.23111659832493925,-0.24907768810157588,0.20854572883650507,0.10037266332877144,-0.10817306550773363,3.817397397921055,3.9397593312300003,0.1223619333089454,0.8171266888227207,0.9395421739169781,0.6348010798841508,0.8794792522249653,0.9889654381613582,0.9927461347890585,0.0037806966277003085,0.2448309701885152,0.173013649099098,0.1224154850942576,0.018289803834010583,False,1,0.00022724970335748906,0.00015848310373195112,-6.876659962553794e-05,2.549671008838079e-05,1.3848099272525681e-05,-1.1648610815855109e-05,0.18232560893856983,0.06006292169201288,-0.12226268724655695,0.8171266888227207,0.9395421739169781,0.12241548509425748,0.00021348133985451263,0.00016870438575476628,-4.4776954099746345e-05,3.949007710037474e-05,2.75402339057671e-05,-1.1949843194607639e-05,2.1137515081071644e-05,1.3848099272525681e-05,-7.289415808545963e-06,9.379715459023802e-06,5.422993593899944e-06,-3.956721865123858e-06,6.446577873097001e-06,3.967546868974716e-06,-2.479031004122285e-06,5.020599895698736e-06,3.0899286084300097e-06,-1.9306712872687264e-06
pccv1_n04_random_sparse_r05,4,random_sparse,5,18,13,L18H13,1.0,4,4,True,True,-0.0029785337392240763,-0.0029785337392240763,0.0,8.125,8.125,0.0,0.004524150629212606,0.004524150629212606,0.0,0.0019648136535661592,0.0019648136535661592,0.0,3.999551094558357,3.999551094558357,0.0,0.9995352180010373,0.9995352180010373,0.9992393108672418,0.9992393108672418,0.9974895222089231,0.9974895222089231,0.0,0.0,0.0,0.0,0.0,False,0,8.477881325754282e-05,8.477881325754282e-05,0.0,3.499239530616797e-06,3.499239530616797e-06,0.0,0.00029590713379543717,0.00029590713379543717,0.0,0.9995352180010373,0.9995352180010373,0.0,6.602580615283874e-05,6.602580615283874e-05,0.0,7.88565801103657e-06,7.88565801103657e-06,0.0,3.0880680471708965e-06,3.0880680471708965e-06,0.0,1.6529237142925427e-06,1.6529237142925427e-06,0.0,1.0025489108845121e-06,1.0025489108845121e-06,0.0,9.418075429943341e-07,9.418075429943341e-07,0.0
pccv1_n04_random_sparse_r05,4,random_sparse,5,18,13,L18H13,0.5,4,4,True,True,-0.0029785337392240763,-0.0034265159629285336,-0.0004479822237044573,8.125,7.75,-0.375,0.004524150629212606,0.005408786276624033,0.0008846356474114274,0.0019648136535661592,0.0023490060337318527,0.0003841923801656934,3.999551094558357,3.99943525874748,-0.00011583581087704076,0.9995352180010373,0.9994194338301845,0.9992393108672418,0.9989889413641557,0.9974895222089231,0.9971582654127928,-0.0003312567961302193,0.0002696211646118605,0.000177988576177728,0.00013481058230593025,6.570861020985978e-06,False,1,8.477881325754282e-05,7.480837344751901e-05,-9.97043981002381e-06,3.499239530616797e-06,3.7244896033203264e-06,2.252500727035294e-07,0.00029590713379543717,0.0004304924660287289,0.0001345853322332917,0.9995352180010373,0.9994194338301845,-0.00011578417085278403,6.602580615283874e-05,5.8260819821225895e-05,-7.76498633161285e-06,7.88565801103657e-06,6.958262644901542e-06,-9.273953661350282e-07,3.0880680471708965e-06,2.724894803638429e-06,-3.6317324353246757e-07,1.6529237142925427e-06,1.6527322428983432e-06,-1.9147139419949149e-10,1.0025489108845121e-06,1.0024327776134722e-06,-1.1613327103993393e-10,9.418075429943341e-07,9.416984458824919e-07,-1.090971118422029e-10
pccv1_n04_random_sparse_r05,4,random_sparse,5,18,13,L18H13,1.5,4,4,True,True,-0.0029785337392240763,-0.0029419257771223783,3.660796210169792e-05,8.125,8.375,0.25,0.004524150629212606,0.004183347341018739,-0.000340803288193867,0.0019648136535661592,0.001816804666089079,-0.00014800898747708018,3.999551094558357,3.9996388320674647,8.773750910773259e-05,0.9995352180010373,0.99958013586976,0.9992393108672418,0.9993496728059859,0.9974895222089231,0.9974811916447379,-8.330564185143885e-06,0.00013100953813128424,8.15784833997958e-05,6.550476906564212e-05,2.6645495352589505e-06,False,1,8.477881325754282e-05,8.478262311189891e-05,3.809854356095436e-09,3.499239530616797e-06,3.499396782086315e-06,1.5725146951804216e-10,0.00029590713379543717,0.00023046306377416667,-6.54440700212705e-05,0.9995352180010373,0.99958013586976,4.4917868722738064e-05,6.602580615283874e-05,8.478262311189891e-05,1.875681695906017e-05,7.88565801103657e-06,9.512346683313287e-06,1.6266886722767176e-06,3.0880680471708965e-06,3.2873790490593264e-06,1.9931100188842992e-07,1.6529237142925427e-06,1.6529979946271123e-06,7.428033456963759e-11,1.0025489108845121e-06,9.418498666531872e-07,-6.069904423132494e-08,9.418075429943341e-07,9.418498666531872e-07,4.232365885314477e-11
pccv1_n04_row_r00,4,row,0,18,13,L18H13,1.0,4,4,True,True,-0.002538555534556508,-0.002538555534556508,0.0,6.875,6.875,0.0,0.009373189755943217,0.009373189755943217,0.0,0.004070724588838226,0.004070724588838226,0.0,3.9989262383601414,3.9989262383601414,0.0,0.9988584421261104,0.9988584421261104,0.9978263240565183,0.9978263240565183,0.9986046217377975,0.9986046217377975,0.0,0.0,0.0,0.0,0.0,False,0,4.534810311519046e-05,4.534810311519046e-05,0.0,7.329838192859689e-07,7.329838192859689e-07,0.0,0.0010321180695921674,0.0010321180695921674,0.0,0.9988584421261104,0.9988584421261104,0.0,4.534810311519046e-05,4.534810311519046e-05,0.0,1.0771118596345332e-05,1.0771118596345332e-05,0.0,2.8990072419353586e-06,2.8990072419353586e-06,0.0,2.558364911578265e-06,2.558364911578265e-06,0.0,6.468559501644944e-07,6.468559501644944e-07,0.0,1.1352675477186747e-06,1.1352675477186747e-06,0.0
pccv1_n04_row_r00,4,row,0,18,13,L18H13,0.5,4,4,True,True,-0.002538555534556508,-0.004131116904318333,-0.0015925613697618246,6.875,6.0,-0.875,0.009373189755943217,0.01843149428563595,0.009058304529692732,0.004070724588838226,0.008004696261483011,0.003933971672644785,3.9989262383601414,3.997523003317478,-0.0014032350426633755,0.9988584421261104,0.997430431618258,0.9978263240565183,0.994958048764811,0.9986046217377975,0.9984429526927556,-0.00016166904504189006,0.0028819293857339457,0.0020282323730235747,0.0014409646928669729,0.00015320568499090125,False,1,4.534810311519046e-05,3.312994918735285e-05,-1.221815392783761e-05,7.329838192859689e-07,9.398243175351475e-07,2.068404982491786e-07,0.0010321180695921674,0.0024723828534470222,0.0014402647838548548,0.9988584421261104,0.997430431618258,-0.0014280105078524619,4.534810311519046e-05,4.528327153843386e-05,-6.483157675659691e-08,1.0771118596345332e-05,1.0104063630415581e-05,-6.670549659297507e-07,2.8990072419353586e-06,2.894862697894651e-06,-4.1445440407074525e-09,2.558364911578265e-06,2.894862697894651e-06,3.3649778631638617e-07,6.468559501644944e-07,7.319359144459215e-07,8.507996428142711e-08,1.1352675477186747e-06,1.20675831093634e-06,7.149076321766537e-08
pccv1_n04_row_r00,4,row,0,18,13,L18H13,1.5,4,4,True,True,-0.002538555534556508,-0.0020475867204368114,0.0004909688141196966,6.875,7.625,0.75,0.009373189755943217,0.005572459213877673,-0.003800730542065544,0.004070724588838226,0.0024200882872180054,-0.0016506363016202206,3.9989262383601414,3.999429580657981,0.0005033422978395485,0.9988584421261104,0.9993903720801796,0.9978263240565183,0.9989025743931441,0.9986046217377975,0.9985632398635857,-4.1381874211765535e-05,0.001089744812145227,0.0007611839232385267,0.0005448724060726135,5.027979826609386e-05,False,1,4.534810311519046e-05,5.825912567628193e-05,1.2911022561091469e-05,7.329838192859689e-07,6.889412667102156e-07,-4.404255257575329e-08,0.0010321180695921674,0.0004877976870354316,-0.0005443203825567358,0.9988584421261104,0.9993903720801796,0.0005319299540691436,4.534810311519046e-05,4.537225269774376e-05,2.4149582553298842e-08,1.0771118596345332e-05,1.0776854624974206e-05,5.736028628874147e-09,2.8990072419353586e-06,2.900551073097026e-06,1.5438311616674342e-09,2.558364911578265e-06,2.2589514470665675e-06,-2.9941346451169745e-07,6.468559501644944e-07,5.71152370818858e-07,-7.570357934563638e-08,1.1352675477186747e-06,1.002403628239552e-06,-1.3286391947912261e-07
pccv1_n04_row_r01,4,row,1,18,13,L18H13,1.0,4,4,True,True,-0.007093601860105991,-0.007093601860105991,0.0,5.25,5.25,0.0,0.033923871854717784,0.033923871854717784,0.0,0.014732950351296965,0.014732950351296965,0.0,3.9947471133244665,3.9947471133244665,0.0,0.994667657298152,0.994667657298152,0.9894481204654093,0.9894481204654093,0.998254520318369,0.998254520318369,0.0,0.0,0.0,0.0,0.0,False,0,4.515784177835146e-05,4.515784177835146e-05,0.0,1.5452163726711253e-06,1.5452163726711253e-06,0.0,0.005219536832742696,0.005219536832742696,0.0,0.994667657298152,0.994667657298152,0.0,4.515784177835146e-05,4.515784177835146e-05,0.0,1.2154068231133489e-05,1.2154068231133489e-05,0.0,3.4821988495857905e-06,3.4821988495857905e-06,0.0,2.8868442416009126e-06,2.8868442416009126e-06,0.0,7.769835869767555e-07,7.769835869767555e-07,0.0,1.644874266537567e-06,1.644874266537567e-06,0.0
pccv1_n04_row_r01,4,row,1,18,13,L18H13,0.5,4,4,True,True,-0.007093601860105991,-0.011620570905506611,-0.0045269690454006195,5.25,4.625,-0.625,0.033923871854717784,0.05587198509160076,0.021948113236882977,0.014732950351296965,0.02426489481826296,0.009531944466965994,3.9947471133244665,3.9902848881704567,-0.004462225154009847,0.994667657298152,0.990186797851222,0.9894481204654093,0.9804793480640636,0.998254520318369,0.9982426699123153,-1.1850406053781626e-05,0.008978045286328324,0.006341886685473822,0.004489022643164162,0.0003453482618103148,False,1,4.515784177835146e-05,3.726851577115103e-05,-7.889326007200427e-06,1.5452163726711253e-06,1.9751589754458495e-06,4.2994260277472414e-07,0.005219536832742696,0.009707449787158423,0.004487912954415727,0.994667657298152,0.990186797851222,-0.004480859446929997,4.515784177835146e-05,4.495441107418527e-05,-2.0343070416619128e-07,1.2154068231133489e-05,1.2099315599887753e-05,-5.47526312457358e-08,3.4821988495857905e-06,3.46651195809317e-06,-1.5686891492620494e-08,2.8868442416009126e-06,3.256486615831844e-06,3.6964237423093125e-07,7.769835869767555e-07,8.764714823365973e-07,9.948789535984182e-08,1.644874266537567e-06,1.855490142667112e-06,2.1061587612954494e-07
pccv1_n04_row_r01,4,row,1,18,13,L18H13,1.5,4,4,True,True,-0.007093601860105991,-0.004539185669273138,0.0025544161908328533,5.25,6.0,0.75,0.033923871854717784,0.01859254414235996,-0.015331327712357824,0.014732950351296965,0.008074639325569557,-0.006658311025727408,3.9947471133244665,3.9974820027708358,0.0027348894463692375,0.994667657298152,0.9974150991350114,0.9894481204654093,0.9949427542869905,0.998254520318369,0.9980509828776007,-0.00020353744076828661,0.005501060471531794,0.0038852949423476774,0.002750530235765897,0.00025180380050097626,False,1,4.515784177835146e-05,4.8203050646489057e-05,3.0452088681375976e-06,1.5452163726711253e-06,1.1336270945884652e-06,-4.115892780826601e-07,0.005219536832742696,0.002472344848020801,-0.002747191984721895,0.994667657298152,0.9974150991350114,0.0027474418368593767,4.515784177835146e-05,4.253904289065498e-05,-2.6187988876964823e-06,1.2154068231133489e-05,1.2187639842014018e-05,3.357161088052899e-08,3.4821988495857905e-06,3.4918172771413855e-06,9.618427555595076e-09,2.8868442416009126e-06,2.719430029779972e-06,-1.674142118209408e-07,7.769835869767555e-07,7.319246631397752e-07,-4.5058923836980326e-08,1.644874266537567e-06,1.5494845240261303e-06,-9.538974251143683e-08
pccv1_n04_row_r02,4,row,2,18,13,L18H13,1.0,4,4,True,True,-0.007866119034588337,-0.007866119034588337,0.0,5.25,5.25,0.0,0.034800923349890496,0.034800923349890496,0.0,0.015113848975995471,0.015113848975995471,0.0,3.994749665861906,3.994749665861906,0.0,0.9945810537770887,0.9945810537770887,0.9893619713979163,0.9893619713979163,0.9975705121640885,0.9975705121640885,0.0,0.0,0.0,0.0,0.0,False,0,7.444621184685264e-05,7.444621184685264e-05,0.0,1.7508070901568948e-06,1.7508070901568948e-06,0.0,0.005219082379172483,0.005219082379172483,0.0,0.9945810537770887,0.9945810537770887,0.0,8.435860979094632e-05,8.435860979094632e-05,0.0,2.270481180910318e-05,2.270481180910318e-05,0.0,6.924576368603843e-06,6.924576368603843e-06,0.0,5.740675440636483e-06,5.740675440636483e-06,0.0,1.545081834086608e-06,1.545081834086608e-06,0.0,2.3930695585025352e-06,2.3930695585025352e-06,0.0
pccv1_n04_row_r02,4,row,2,18,13,L18H13,0.5,4,4,True,True,-0.007866119034588337,-0.015136734582483768,-0.0072706155478954315,5.25,4.375,-0.875,0.034800923349890496,0.06900345728343639,0.034202533933545894,0.015113848975995471,0.029967820730443174,0.014853971754447703,3.994749665861906,3.9875776365794215,-0.0071720292824846155,0.9945810537770887,0.9873771797233786,0.9893619713979163,0.9749479353380873,0.9975705121640885,0.9975693843514364,-1.127812652157445e-06,0.014427746101224562,0.010192267990133532,0.007213873050612281,0.0007652239421972208,False,1,7.444621184685264e-05,6.522268859973753e-05,-9.223523247115113e-06,1.7508070901568948e-06,2.528958083109909e-06,7.78150992953014e-07,0.005219082379172483,0.012429244385291208,0.0072101620061187244,0.9945810537770887,0.9873771797233786,-0.0072038740537101464,8.435860979094632e-05,8.374758990677279e-05,-6.110198841735294e-07,2.270481180910318e-05,2.2540358038276948e-05,-1.6445377082623287e-07,6.924576368603843e-06,7.3177828522672225e-06,3.9320648366337906e-07,5.740675440636483e-06,7.3177828522672225e-06,1.5771074116307393e-06,1.545081834086608e-06,1.8502252585541495e-06,3.0514342446754146e-07,2.3930695585025352e-06,3.0505057393648705e-06,6.574361808623352e-07
pccv1_n04_row_r02,4,row,2,18,13,L18H13,1.5,4,4,True,True,-0.007866119034588337,-0.0055263834074139595,0.0023397356271743774,5.25,5.875,0.625,0.034800923349890496,0.021941121220069984,-0.012859802129820512,0.015113848975995471,0.009528907872646738,-0.005584941103348734,3.994749665861906,3.997099393853875,0.002349727991968642,0.9945810537770887,0.996945753958154,0.9893619713979163,0.9941455385121795,0.9975705121640885,0.9975355545377624,-3.495762632610422e-05,0.00483813796978369,0.00338290780917386,0.002419068984891845,0.00018800926179707384,False,1,7.444621184685264e-05,0.00010857613567581429,3.412992382896165e-05,1.7508070901568948e-06,1.548755396215054e-06,-2.0205169394184086e-07,0.005219082379172483,0.0028002154459745234,-0.00241886693319796,0.9945810537770887,0.996945753958154,0.0023647001810652712,8.435860979094632e-05,9.58181034285109e-05,1.1459493637564581e-05,2.270481180910318e-05,2.9222870476269898e-05,6.518058667166717e-06,6.924576368603843e-06,8.372492569475353e-06,1.4479162008715093e-06,5.740675440636483e-06,6.125446417067796e-06,3.847709764313124e-07,1.545081834086608e-06,1.648641537490059e-06,1.0355970340345089e-07,2.3930695585025352e-06,2.7181503706196226e-06,3.250808121170874e-07
pccv1_n04_row_r03,4,row,3,18,13,L18H13,1.0,4,4,True,True,-0.1038745865225792,-0.1038745865225792,0.0,2.25,2.25,0.0,0.3170466775667119,0.3170466775667119,0.0,0.13769162257298245,0.13769162257298245,0.0,3.9046501712175647,3.9046501712175647,0.0,0.9044522968039718,0.9044522968039718,0.8091237260676359,0.8091237260676359,0.9965570732911146,0.9965570732911146,0.0,0.0,0.0,0.0,0.0,False,0,8.16616786760187e-05,8.16616786760187e-05,0.0,2.6250103596649e-06,2.6250103596649e-06,0.0,0.09532857073633579,0.09532857073633579,0.0,0.9044522968039718,0.9044522968039718,0.0,8.692840445655262e-05,8.692840445655262e-05,0.0,2.4905404860205053e-05,2.4905404860205053e-05,0.0,9.162186422120758e-06,9.162186422120758e-06,0.0,8.085601138424207e-06,8.085601138424207e-06,0.0,2.176210023687407e-06,2.176210023687407e-06,0.0,3.5879637555642583e-06,3.5879637555642583e-06,0.0
pccv1_n04_row_r03,4,row,3,18,13,L18H13,0.5,4,4,True,True,-0.1038745865225792,-0.25604620575904846,-0.15217161923646927,2.25,1.25,-1.0,0.3170466775667119,0.5329085109652699,0.21586183339855802,0.13769162257298245,0.23143922567149527,0.09374760309851282,3.9046501712175647,3.7773764013343056,-0.1272737698832591,0.9044522968039718,0.7771009767182053,0.8091237260676359,0.5544578192437006,0.9965570732911146,0.9961462272949575,-0.0004108459961571498,0.2547026401715331,0.18007599295165005,0.12735132008576655,0.015523044887881018,False,1,8.16616786760187e-05,8.463311142755037e-05,2.971432751531681e-06,2.6250103596649e-06,4.774673420935415e-06,2.149663061270515e-06,0.09532857073633579,0.22264315747450472,0.12731458673816892,0.9044522968039718,0.7771009767182053,-0.12735132008576644,8.692840445655262e-05,0.00010867106616634042,2.1742661709787803e-05,2.4905404860205053e-05,2.9248420671178076e-05,4.343015810973023e-06,9.162186422120758e-06,1.0759892651660253e-05,1.5977062295394944e-06,8.085601138424207e-06,1.010798371144037e-05,2.0223825730161628e-06,2.176210023687407e-06,2.8959858199123335e-06,7.197757962249264e-07,3.5879637555642583e-06,4.774673420935415e-06,1.1867096653711565e-06
pccv1_n04_row_r03,4,row,3,18,13,L18H13,1.5,4,4,True,True,-0.1038745865225792,-0.04645702615380287,0.05741756036877632,2.25,3.125,0.875,0.3170466775667119,0.1767486576663457,-0.1402980199003662,0.13769162257298245,0.07676096670830082,-0.06093065586468163,3.9046501712175647,3.9578826538618217,0.05323248264425695,0.9044522968039718,0.9577124401605998,0.8091237260676359,0.9156334922469519,0.9965570732911146,0.9967559582449894,0.00019888495387476723,0.10652028671325582,0.07531377854153105,0.05326014335662791,0.005677577620164119,False,1,8.16616786760187e-05,8.123147904801177e-05,-4.3019962800692243e-07,2.6250103596649e-06,1.794637129159807e-06,-8.30373230505093e-07,0.09532857073633579,0.04207894791364782,-0.05324962282268796,0.9044522968039718,0.9577124401605998,0.05326014335662799,8.692840445655262e-05,8.123147904801177e-05,-5.696925408540848e-06,2.4905404860205053e-05,2.477420138655703e-05,-1.312034736480216e-07,9.162186422120758e-06,8.043005606978388e-06,-1.11918081514237e-06,8.085601138424207e-06,6.66788584587331e-06,-1.4177152925508967e-06,2.176210023687407e-06,1.91038127975887e-06,-2.6582874392853725e-07,3.5879637555642583e-06,2.958856408033987e-06,-6.291073475302711e-07
pccv1_n04_row_r04,4,row,4,18,13,L18H13,1.0,4,4,True,True,-0.036211851984262466,-0.036211851984262466,0.0,3.375,3.375,0.0,0.14674136522911338,0.14674136522911338,0.0,0.06372896518595364,0.06372896518595364,0.0,3.9669595545596077,3.9669595545596077,0.0,0.9667910757416056,0.9667910757416056,0.9337093043292165,0.9337093043292165,0.9975639625826034,0.9975639625826034,0.0,0.0,0.0,0.0,0.0,False,0,3.41833162827026e-05,3.41833162827026e-05,0.0,2.635934312780164e-06,2.635934312780164e-06,0.0,0.03308177141238914,0.03308177141238914,0.0,0.9667910757416056,0.9667910757416056,0.0,5.999358843230401e-05,5.999358843230401e-05,0.0,1.718845086671111e-05,1.718845086671111e-05,0.0,4.345920969648982e-06,4.345920969648982e-06,0.0,4.924573623908425e-06,4.924573623908425e-06,0.0,1.2451272045797218e-06,1.2451272045797218e-06,0.0,2.635934312780164e-06,2.635934312780164e-06,0.0
pccv1_n04_row_r04,4,row,4,18,13,L18H13,0.5,4,4,True,True,-0.036211851984262466,-0.0729730948805809,-0.036761242896318436,3.375,2.625,-0.75,0.14674136522911338,0.2488852830161846,0.10214391778707121,0.06372896518595364,0.10808950504085808,0.04436053985490444,3.9669595545596077,3.9325211402845714,-0.034438414275036244,0.9667910757416056,0.9323148614983285,0.9337093043292165,0.8647781994519679,0.9975639625826034,0.9971157885744333,-0.0004481740081700991,0.0689524284865541,0.048741655272690226,0.03447621424327705,0.0031671449751885083,False,1,3.41833162827026e-05,3.735347218979852e-05,3.1701559070959205e-06,2.635934312780164e-06,4.748961064406442e-06,2.113026751626278e-06,0.03308177141238914,0.06753666204636072,0.03445489063397158,0.9667910757416056,0.9323148614983285,-0.03447621424327707,5.999358843230401e-05,6.978547341464803e-05,9.791884982344021e-06,1.718845086671111e-05,1.999387288445593e-05,2.8054220177448172e-06,4.345920969648982e-06,5.38127788380675e-06,1.035356914157768e-06,4.924573623908425e-06,6.097786709558343e-06,1.1732130856499182e-06,1.2451272045797218e-06,1.6411970282069724e-06,3.960698236272506e-07,2.635934312780164e-06,3.474414135978833e-06,8.384798231986689e-07
pccv1_n04_row_r04,4,row,4,18,13,L18H13,1.5,4,4,True,True,-0.036211851984262466,-0.016591429710388184,0.019620422273874283,3.375,4.25,0.875,0.14674136522911338,0.0752917288080737,-0.07144963642103969,0.06372896518595364,0.0326987823543025,-0.03103018283165114,3.9669595545596077,3.9859537385344064,0.018994183974798684,0.9667910757416056,0.9858184290317457,0.9337093043292165,0.9717564843682347,0.9975639625826034,0.9976942945305609,0.00013033194795752934,0.03806054814711666,0.026903420456079328,0.01903027407355833,0.0020206723687147933,False,1,3.41833162827026e-05,3.710409970077305e-05,2.9207834180704526e-06,2.635934312780164e-06,1.966445242945507e-06,-6.694890698346571e-07,0.03308177141238914,0.014061944663511003,-0.019019826748878137,0.9667910757416056,0.9858184290317457,0.019027353290140048,5.999358843230401e-05,5.398614651176256e-05,-6.007441920541446e-06,1.718845086671111e-05,1.5467289939616993e-05,-1.7211609270941189e-06,4.345920969648982e-06,3.910743336527581e-06,-4.351776331214003e-07,4.924573623908425e-06,3.910743336527581e-06,-1.0138302873808436e-06,1.2451272045797218e-06,1.0525622898433846e-06,-1.9256491473633724e-07,2.635934312780164e-06,2.22827438508432e-06,-4.0765992769584385e-07
pccv1_n04_row_r05,4,row,5,18,13,L18H13,1.0,4,4,True,True,-0.001760838902555406,-0.001760838902555406,0.0,8.125,8.125,0.0,0.0047595547091527045,0.0047595547091527045,0.0,0.002067048346501656,0.002067048346501656,0.0,3.9996451726834277,3.9996451726834277,0.0,0.9995135769861364,0.9995135769861364,0.9992176762590493,0.9992176762590493,0.9987265128648914,0.9987265128648914,0.0,0.0,0.0,0.0,0.0,False,0,7.481542023501342e-05,7.481542023501342e-05,0.0,1.7594900391975666e-06,1.7594900391975666e-06,0.0,0.0002959007270870227,0.0002959007270870227,0.0,0.9995135769861364,0.9995135769861364,0.0,8.477697770484999e-05,8.477697770484999e-05,0.0,1.669357669861062e-05,1.669357669861062e-05,0.0,4.4930152156616325e-06,4.4930152156616325e-06,0.0,4.782789800905438e-06,4.782789800905438e-06,0.0,9.417871518458236e-07,9.417871518458236e-07,0.0,2.259229930738586e-06,2.259229930738586e-06,0.0
pccv1_n04_row_r05,4,row,5,18,13,L18H13,0.5,4,4,True,True,-0.001760838902555406,-0.0017020514933392406,5.878740921616554e-05,8.125,7.75,-0.375,0.0047595547091527045,0.005544384218885489,0.0007848295097327845,0.002067048346501656,0.0024078954718134388,0.0003408471253117827,3.9996451726834277,3.9995437192026975,-0.00010145348073020699,0.9995135769861364,0.9994080307753265,0.9992176762590493,0.9989775432210786,0.9987265128648914,0.9988907324530487,0.00016421958815726612,0.0002694002134765481,0.00017213729439849413,0.00013470010673827406,6.984618971443355e-06,False,1,7.481542023501342e-05,5.826015508397745e-05,-1.6555265151035974e-05,1.7594900391975666e-06,1.872769616430086e-06,1.132795772325194e-07,0.0002959007270870227,0.00043048755424790903,0.00013458682716088635,0.9995135769861364,0.9994080307753265,-0.00010554621080993698,8.477697770484999e-05,7.480751990799658e-05,-9.969457796853403e-06,1.669357669861062e-05,1.4730474062954702e-05,-1.963102635655918e-06,4.4930152156616325e-06,3.964653309094204e-06,-5.283619065674286e-07,4.782789800905438e-06,4.782284749896418e-06,-5.050510090200968e-10,9.417871518458236e-07,9.41687701405574e-07,-9.94504402496336e-11,2.259229930738586e-06,2.1221259938083055e-06,-1.3710393693028042e-07
pccv1_n04_row_r05,4,row,5,18,13,L18H13,1.5,4,4,True,True,-0.001760838902555406,-0.0015767297009006143,0.00018410920165479183,8.125,8.625,0.5,0.0047595547091527045,0.003985975698446074,-0.0007735790107066308,0.002067048346501656,0.0017310872508355898,-0.0003359610956660663,3.9996451726834277,3.9997417840609955,9.661137756777904e-05,0.9995135769861364,0.9996085813675112,0.9992176762590493,0.9994290914452955,0.9987265128648914,0.9988154850152569,8.897215036540729e-05,0.0002346996214892231,0.00015101578115650746,0.00011734981074461155,7.5563292052783155e-06,False,1,7.481542023501342e-05,8.478503580881888e-05,9.969615573805456e-06,1.7594900391975666e-06,1.552892099042723e-06,-2.0659794015484355e-07,0.0002959007270870227,0.00017948992221577577,-0.00011641080487124691,0.9995135769861364,0.9996085813675112,9.500438137477474e-05,8.477697770484999e-05,9.607403216997858e-05,1.1297054465128598e-05,1.669357669861062e-05,1.7771908965542025e-05,1.0783322669314053e-06,4.4930152156616325e-06,4.493442279526396e-06,4.270638647635154e-10,4.782789800905438e-06,4.493442279526396e-06,-2.89347521379042e-07,9.417871518458236e-07,8.84811246694895e-07,-5.697590515092856e-08,2.259229930738586e-06,1.8731454239521741e-06,-3.8608450678641177e-07
pccv1_n05_dense_r00,5,dense,0,18,13,L18H13,1.0,5,5,True,True,-0.003731551580131054,-0.003731551580131054,0.0,7.375,7.375,0.0,0.01150774399789484,0.01150774399789484,0.0,0.004997749717440995,0.004997749717440995,0.0,4.99837579489195,4.99837579489195,0.0,0.9986866297947968,0.9986866297947968,0.9980607262205209,0.9980607262205209,0.9975856241326255,0.9975856241326255,0.0,0.0,0.0,0.0,0.0,False,0,0.0003350220412820655,0.0003350220412820655,0.0,4.778832761517787e-06,4.778832761517787e-06,0.0,2.557924850583362e-06,2.557924850583362e-06,0.0,0.0006259035742759101,0.0006259035742759101,0.0,0.9986866297947968,0.9986866297947968,0.0,0.0003350220412820655,0.0003350220412820655,0.0,6.953160639904572e-06,6.953160639904572e-06,0.0,1.2862053889499152e-06,1.2862053889499152e-06,0.0,7.801230030857364e-07,7.801230030857364e-07,0.0,1.066301719400027e-06,1.066301719400027e-06,0.0
pccv1_n05_dense_r00,5,dense,0,18,13,L18H13,0.5,5,5,True,True,-0.003731551580131054,-0.004492784850299358,-0.0007612332701683044,7.375,6.625,-0.75,0.01150774399789484,0.01579774567538232,0.004290001677487481,0.004997749717440995,0.006860873773329502,0.0018631240558885072,4.99837579489195,4.997601308354073,-0.0007744865378764842,0.9986866297947968,0.9980597354706877,0.9980607262205209,0.9967355293446692,0.9975856241326255,0.9974526353908004,-0.0001329887418251019,0.0014027587660954178,0.0009413511572369232,0.0007013793830477089,6.639305213173313e-05,False,1,0.0003350220412820655,0.0003348117416646827,-2.1029961738282428e-07,4.778832761517787e-06,6.1322909560384845e-06,1.3534581945206978e-06,2.557924850583362e-06,3.4940740630035e-06,9.361492124201381e-07,0.0006259035742759101,0.0013242061260184841,0.0006983025517425741,0.9986866297947968,0.9980597354706877,-0.0006268943241091174,0.0003350220412820655,0.0002607516465899558,-7.42703946921097e-05,6.953160639904572e-06,6.948796010590699e-06,-4.364629313872959e-09,1.2862053889499152e-06,1.5504859666818729e-06,2.642805777319577e-07,7.801230030857364e-07,1.0010689796352769e-06,2.2094597654954046e-07,1.066301719400027e-06,1.368299063097635e-06,3.019973436976079e-07
pccv1_n05_dense_r00,5,dense,0,18,13,L18H13,1.5,5,5,True,True,-0.003731551580131054,-0.0033544006291776896,0.00037715095095336437,7.375,7.875,0.5,0.01150774399789484,0.009963311463655065,-0.0015444325342397758,0.004997749717440995,0.004327011190148806,-0.0006707385272921888,4.99837579489195,4.998670050290341,0.000294255398391563,0.9986866297947968,0.9988902256722579,0.9980607262205209,0.9985105185717471,0.9975856241326255,0.9977585190453055,0.00017289491268002166,0.000496701305989258,0.00032258758260058344,0.000248350652994629,1.5999642406867323e-05,False,1,0.0003350220412820655,0.00033509034009014877,6.82988080832436e-08,4.778832761517787e-06,3.4969814984702928e-06,-1.2818512630474939e-06,2.557924850583362e-06,1.9925199962301796e-06,-5.654048543531824e-07,0.0006259035742759101,0.0003797071005107888,-0.0002461964737651213,0.9986866297947968,0.9988902256722579,0.00020359587746110464,0.0003350220412820655,0.0003797071005107888,4.4685059228723254e-05,6.953160639904572e-06,6.954578136443902e-06,1.4174965393300623e-09,1.2862053889499152e-06,1.2085244678041046e-06,-7.768092114581063e-08,7.801230030857364e-07,7.330071427360827e-07,-4.7115860349653697e-08,1.066301719400027e-06,8.841753886099056e-07,-1.8212633079012147e-07
pccv1_n05_dense_r01,5,dense,1,18,13,L18H13,1.0,5,5,True,True,-0.23654498159885406,-0.23654498159885406,0.0,1.375,1.375,0.0,0.5118250947230335,0.5118250947230335,0.0,0.2222828143378226,0.2222828143378226,0.0,4.795322591905989,4.795322591905989,0.0,0.7973024162219935,0.7973024162219935,0.5957127955702769,0.5957127955702769,0.990026333361925,0.990026333361925,0.0,0.0,0.0,0.0,0.0,False,0,0.0008238507039702414,0.0008238507039702414,0.0,1.1751599147525223e-05,1.1751599147525223e-05,0.0,1.9375111479266333e-05,1.9375111479266333e-05,0.0,0.20158962065171657,0.20158962065171657,0.0,0.7973024162219935,0.7973024162219935,0.0,0.0002360371785841186,0.0002360371785841186,0.0,1.1039605748132901e-05,1.1039605748132901e-05,0.0,2.1738272614586996e-06,2.1738272614586996e-06,0.0,1.6929783734860029e-06,1.6929783734860029e-06,0.0,2.0421217257143476e-06,2.0421217257143476e-06,0.0
pccv1_n05_dense_r01,5,dense,1,18,13,L18H13,0.5,5,5,True,True,-0.23654498159885406,-0.4423038959503174,-0.20575891435146332,1.375,0.625,-0.75,0.5118250947230335,0.6555453298888372,0.14372023516580368,0.2222828143378226,0.2846997194081688,0.062416905070346196,4.795322591905989,4.6484534007849625,-0.14686919112102625,0.7973024162219935,0.6506171409553555,0.5957127955702769,0.30236688066865064,0.990026333361925,0.9876074714966308,-0.002418861865294275,0.29343255655418415,0.20742689272451975,0.14671627827709208,0.013622155655454613,False,1,0.0008238507039702414,0.0008632260907102954,3.9375386740054066e-05,1.1751599147525223e-05,1.4852625323062832e-05,3.1010261755376095e-06,1.9375111479266333e-05,2.9537972501641847e-05,1.0162861022375514e-05,0.20158962065171657,0.34825026028670486,0.1466606396349883,0.7973024162219935,0.6506171409553555,-0.146685275266638,0.0002360371785841186,0.0002050341681300796,-3.1003010454039016e-05,1.1039605748132901e-05,1.2313258874242664e-05,1.2736531261097625e-06,2.1738272614586996e-06,2.7474594245588403e-06,5.736321631001407e-07,1.6929783734860029e-06,2.139723551303336e-06,4.467451778173332e-07,2.0421217257143476e-06,2.7474594245588403e-06,7.053376988444927e-07
pccv1_n05_dense_r01,5,dense,1,18,13,L18H13,1.5,5,5,True,True,-0.23654498159885406,-0.10955669730901718,0.12698828428983688,1.375,2.25,0.875,0.5118250947230335,0.32376323256748146,-0.18806186215555204,0.2222828143378226,0.14060858534721637,-0.08167422899060622,4.795322591905989,4.90167908734928,0.10635649544329162,0.7973024162219935,0.9036569118569082,0.5957127955702769,0.8084121740772211,0.990026333361925,0.9917827674673845,0.001756434105459448,0.2127094485888374,0.1504011731883405,0.1063547242944187,0.011403803763400985,False,1,0.0008238507039702414,0.0008240284409710017,1.777370007603014e-07,1.1751599147525223e-05,9.744519701210127e-06,-2.0070794463150963e-06,1.9375111479266333e-05,1.3319179246129548e-05,-6.055932233136784e-06,0.20158962065171657,0.09524473777968712,-0.10634488287202945,0.7973024162219935,0.9036569118569082,0.10635449563491473,0.0002360371785841186,0.000236088101087416,5.092250329738544e-08,1.1039605748132901e-05,1.0372987226754098e-05,-6.666185213788036e-07,2.1738272614586996e-06,1.802554895754156e-06,-3.7127236570454355e-07,1.6929783734860029e-06,1.4038311643425312e-06,-2.8914720914347166e-07,2.0421217257143476e-06,1.590749112241741e-06,-4.513726134726066e-07
pccv1_n05_dense_r02,5,dense,2,18,13,L18H13,1.0,4,4,False,False,-9.003573417663574,-9.003573417663574,0.0,-9.0,-9.0,0.0,0.005198158246159207,0.005198158246159207,0.0,0.002257531442366829,0.002257531442366829,0.0,3.9994644478967207,3.9994644478967207,0.0,0.9994634377166759,0.9994634377166759,0.9992023193408622,0.9992023193408622,0.9969681935694155,0.9969681935694155,0.0,0.0,0.0,0.0,0.0,False,0,0.00013976659485055883,0.00013976659485055883,0.0,2.5599144799908498e-06,2.5599144799908498e-06,0.0,0.0002611183758136238,0.0002611183758136238,0.0,0.9994634377166759,0.9994634377166759,0.0,0.00012334358704041423,0.00012334358704041423,0.0,6.14091560071868e-06,6.14091560071868e-06,0.0,1.6528050117875155e-06,1.6528050117875155e-06,0.0,1.0024769141758286e-06,1.0024769141758286e-06,0.0,4.7353656415168626e-07,4.7353656415168626e-07,0.0,5.040770486344714e-07,5.040770486344714e-07,0.0
pccv1_n05_dense_r02,5,dense,2,18,13,L18H13,0.5,4,4,False,False,-9.003573417663574,-9.128971099853516,-0.1253976821899414,-9.0,-9.125,-0.125,0.005198158246159207,0.0057292300727579135,0.0005310718265987063,0.002257531442366829,0.0024881730061529278,0.00023064156378609871,3.9994644478967207,3.9994222268827984,-4.222101392237221e-05,0.9994634377166759,0.9993913270114079,0.9992023193408622,0.9990114294277672,0.9969681935694155,0.9966438153741706,-0.00032437819524488987,0.00023755841565399063,0.00014309320155124461,0.00011877920782699531,6.743391817455381e-06,False,1,0.00013976659485055883,0.00010884248002863487,-3.092411482192396e-05,2.5599144799908498e-06,2.2589536055257043e-06,-3.009608744651455e-07,0.0002611183758136238,0.00037989758364062685,0.00011877920782700307,0.9994634377166759,0.9993913270114079,-7.211070526802477e-05,0.00012334358704041423,0.00010884248002863487,-1.4501107011779364e-05,6.14091560071868e-06,5.41894799451351e-06,-7.219676062051705e-07,1.6528050117875155e-06,1.5525545943640277e-06,-1.0025041742348783e-07,1.0024769141758286e-06,9.416719623594938e-07,-6.080495181633486e-08,4.7353656415168626e-07,4.448143386726206e-07,-2.8722225479065668e-08,5.040770486344714e-07,4.7350239876421675e-07,-3.057464987025469e-08
pccv1_n05_dense_r02,5,dense,2,18,13,L18H13,1.5,4,4,False,False,-9.003573417663574,-8.754081726074219,0.24949169158935547,-9.0,-8.75,0.25,0.005198158246159207,0.005205132544829426,6.974298670218634e-06,0.002257531442366829,0.00226056034179445,3.028899427620895e-06,3.9994644478967207,3.9995036331870493,3.9185290328536126e-05,0.9994634377166759,0.9994662854802787,0.9992023193408622,0.999262925705291,0.9969681935694155,0.9964587411122636,-0.0005094524571518377,0.00011551720165152947,7.013255155020994e-05,5.7758600825764736e-05,3.2008083753957096e-06,False,1,0.00013976659485055883,0.0001583767520057227,1.861015715516387e-05,2.5599144799908498e-06,2.725022543617823e-06,1.651080636269734e-07,0.0002611183758136238,0.00020335977498779918,-5.77586008258246e-05,0.9994634377166759,0.9994662854802787,2.8477636028201303e-06,0.00012334358704041423,0.0001583767520057227,3.5033164965308464e-05,6.14091560071868e-06,6.958588840366296e-06,8.176732396476158e-07,1.6528050117875155e-06,1.8728787786922343e-06,2.200737669047188e-07,1.0024769141758286e-06,1.0671341609018624e-06,6.465724672603377e-08,4.7353656415168626e-07,4.735379133958318e-07,1.3492441455175135e-12,5.040770486344714e-07,5.040784848973881e-07,1.4362629166126122e-12
pccv1_n05_dense_r03,5,dense,3,18,13,L18H13,1.0,5,5,True,True,-0.023277591913938522,-0.023277591913938522,0.0,4.0,4.0,0.0,0.09662828616942712,0.09662828616942712,0.0,0.0419651314791505,0.0419651314791505,0.0,4.980869700060989,4.980869700060989,0.0,0.9813008795243211,0.9813008795243211,0.9633277269737563,0.9633277269737563,0.9956082354972295,0.9956082354972295,0.0,0.0,0.0,0.0,0.0,False,0,0.00037302088068996833,0.00037302088068996833,0.0,4.695639905523322e-06,4.695639905523322e-06,0.0,6.418178780959018e-06,6.418178780959018e-06,0.0,0.017973152550564708,0.017973152550564708,0.0,0.9813008795243211,0.9813008795243211,0.0,0.0003291897718082749,0.0003291897718082749,0.0,8.77261027105137e-06,8.77261027105137e-06,0.0,1.6227697287802785e-06,1.6227697287802785e-06,0.0,9.842595941587935e-07,9.842595941587935e-07,0.0,1.2638143355186521e-06,1.2638143355186521e-06,0.0
pccv1_n05_dense_r03,5,dense,3,18,13,L18H13,0.5,5,5,True,True,-0.023277591913938522,-0.04978689178824425,-0.026509299874305725,4.0,3.125,-0.875,0.09662828616942712,0.1817569823511614,0.08512869618173427,0.0419651314791505,0.07893605448249612,0.03697092300334562,4.980869700060989,4.956398668780619,-0.024471031280369537,0.9813008795243211,0.9571255835526126,0.9633277269737563,0.9150724203187963,0.9956082354972295,0.994051550052518,-0.0015566854447115475,0.048366811760051025,0.03412185228589977,0.024183405880025512,0.002562795888948849,False,1,0.00037302088068996833,0.0004671684447866031,9.414756409663479e-05,4.695639905523322e-06,7.0935781448279e-06,2.3979382393045777e-06,6.418178780959018e-06,1.0321095299647902e-05,3.902916518688884e-06,0.017973152550564708,0.042053163233816235,0.024080010683251527,0.9813008795243211,0.9571255835526126,-0.024175295971708533,0.0003291897718082749,0.0003210798634912846,-8.10990831699032e-06,8.77261027105137e-06,1.0321095299647902e-05,1.5484850285965314e-06,1.6227697287802785e-06,2.1634191026778724e-06,5.406493738975938e-07,9.842595941587935e-07,1.3121800155821231e-06,3.2792042142332963e-07,1.2638143355186521e-06,1.7935374309476695e-06,5.297230954290173e-07
pccv1_n05_dense_r03,5,dense,3,18,13,L18H13,1.5,5,5,True,True,-0.023277591913938522,-0.011926298029720783,0.011351293884217739,4.0,4.875,0.875,0.09662828616942712,0.05014247864942774,-0.04648580751999938,0.0419651314791505,0.021776601786398085,-0.020188529692752415,4.980869700060989,4.9917314856037684,0.0108617855427795,0.9813008795243211,0.9918185476158045,0.9633277269737563,0.9842459195567449,0.9956082354972295,0.9962956621513399,0.000687426654110368,0.021042392752121233,0.014792067089293554,0.010521196376060617,0.0011094819701328064,False,1,0.00037302088068996833,0.0002591210828551403,-0.00011389979783482803,4.695639905523322e-06,3.064227363202958e-06,-1.631412542320364e-06,6.418178780959018e-06,3.934545816862658e-06,-2.48363296409636e-06,0.017973152550564708,0.007572628059059512,-0.010400524491505195,0.9813008795243211,0.9918185476158045,0.010517668091483356,0.0003291897718082749,0.00033271805638565035,3.5282845773754287e-06,8.77261027105137e-06,7.350699316685521e-06,-1.4219109543658492e-06,1.6227697287802785e-06,1.1272662499973464e-06,-4.955034787829321e-07,9.842595941587935e-07,6.837215422826768e-07,-3.0053805187611666e-07,1.2638143355186521e-06,8.247256064821309e-07,-4.3908872903652125e-07
pccv1_n05_dense_r04,5,dense,4,18,13,L18H13,1.0,4,4,False,False,-1.2373601198196411,-1.2373601198196411,0.0,-0.875,-0.875,0.0,0.6181298932116841,0.6181298932116841,0.0,0.2684504017212807,0.2684504017212807,0.0,4.290845544680484,4.290845544680484,0.0,0.7046431257973813,0.7046431257973813,0.4109041692249077,0.4109041692249077,0.9877790169704213,0.9877790169704213,0.0,0.0,0.0,0.0,0.0,False,0,0.0012004439780846222,0.0012004439780846222,0.0,1.1768738650971295e-05,1.1768738650971295e-05,0.0,3.8588208444395754e-05,3.8588208444395754e-05,0.0,0.7046431257973813,0.7046431257973813,0.0,0.2937389565724736,0.2937389565724736,0.0,0.00034393295808317315,0.00034393295808317315,0.0,1.6085958507906088e-05,1.6085958507906088e-05,0.0,3.3718000764971985e-06,3.3718000764971985e-06,0.0,1.9211937720145162e-06,1.9211937720145162e-06,0.0,1.8047945256263311e-06,1.8047945256263311e-06,0.0
pccv1_n05_dense_r04,5,dense,4,18,13,L18H13,0.5,4,4,False,False,-1.2373601198196411,-2.361048936843872,-1.123688817024231,-0.875,-2.25,-1.375,0.6181298932116841,0.3225815406144489,-0.2955483525972352,0.2684504017212807,0.14009538305270486,-0.12835501866857585,4.290845544680484,4.093364769702244,-0.19748077497823946,0.7046431257973813,0.9038065969182834,0.4109041692249077,0.8085460824491988,0.9877790169704213,0.990139943460008,0.0023609264895867454,0.39832694224180415,0.2811761803386641,0.19916347112090207,0.03278161998412684,False,1,0.0012004439780846222,0.0007273230033085331,-0.0004731209747760891,1.1768738650971295e-05,8.600932907766873e-06,-3.167805743204422e-06,3.8588208444395754e-05,3.854670700744979e-05,-4.1501436945963076e-08,0.7046431257973813,0.9038065969182834,0.19916347112090205,0.2937389565724736,0.09526051446908455,-0.19847844210338905,0.00034393295808317315,0.00014321839099602884,-0.0002007145670871443,1.6085958507906088e-05,9.746133819367593e-06,-6.339824688538496e-06,3.3718000764971985e-06,2.464208535547872e-06,-9.075915409493264e-07,1.9211937720145162e-06,1.4946180287353532e-06,-4.2657574327916307e-07,1.8047945256263311e-06,1.4946180287353532e-06,-3.1017649689097795e-07
pccv1_n05_dense_r04,5,dense,4,18,13,L18H13,1.5,4,5,False,True,-1.2373601198196411,-0.5384169816970825,0.6989431381225586,-0.875,0.375,1.25,0.6181298932116841,0.6899432893886934,0.07181339617700933,0.2684504017212807,0.2996385634076879,0.0311881616864072,4.290845544680484,4.588763001740832,0.2979174570603478,0.7046431257973813,0.5915369199029368,0.4109041692249077,0.18497993684461422,0.9877790169704213,0.986703443024453,-0.0010755739459682445,0.5961806709330468,0.42135379723156724,0.2980903354665234,0.0457888456066175,True,1,0.0012004439780846222,0.001293981758364935,9.353778028031268e-05,1.1768738650971295e-05,1.2685750781655978e-05,9.170121306846826e-07,3.8588208444395754e-05,3.4483445830135574e-05,-4.10476261426018e-06,0.7046431257973813,0.40655698305832255,-0.29808614273905876,0.2937389565724736,0.5915369199029368,0.29779796333046316,0.00034393295808317315,0.0005394118492191545,0.00019547889113598132,1.6085958507906088e-05,1.8457658475295584e-05,2.3716999673894955e-06,3.3718000764971985e-06,3.414323503771097e-06,4.252342727389867e-08,1.9211937720145162e-06,1.945422890523878e-06,2.422911850936165e-08,1.8047945256263311e-06,1.7168296751044927e-06,-8.796485052183838e-08
pccv1_n05_dense_r05,5,dense,5,18,13,L18H13,1.0,4,4,False,False,-1.7292124032974243,-1.7292124032974243,0.0,-1.5,-1.5,0.0,0.4944760620522586,0.4944760620522586,0.0,0.21474822518254583,0.21474822518254583,0.0,4.175902111046677,4.175902111046677,0.0,0.8153123019824687,0.8153123019824687,0.6333915374701355,0.6333915374701355,0.9752822822006237,0.9752822822006237,0.0,0.0,0.0,0.0,0.0,False,0,0.0022900444605335898,0.0022900444605335898,0.0,1.981276667413144e-05,1.981276667413144e-05,0.0,3.477248841870219e-05,3.477248841870219e-05,0.0,0.8153123019824687,0.8153123019824687,0.0,0.18192076451233322,0.18192076451233322,0.0,0.00037383948150215455,0.00037383948150215455,0.0,3.06866133246634e-05,3.06866133246634e-05,0.0,7.75879090962444e-06,7.75879090962444e-06,0.0,5.009451917661144e-06,5.009451917661144e-06,0.0,5.009451917661144e-06,5.009451917661144e-06,0.0
pccv1_n05_dense_r05,5,dense,5,18,13,L18H13,0.5,4,4,False,False,-1.7292124032974243,-2.6017956733703613,-0.872583270072937,-1.5,-2.5,-1.0,0.4944760620522586,0.2825840498548708,-0.2118920121973878,0.21474822518254583,0.12272469352584378,-0.09202353165670205,4.175902111046677,4.071468365256254,-0.10443374579042342,0.8153123019824687,0.9224333632193272,0.6333915374701355,0.8467154218688304,0.9752822822006237,0.9791646667063105,0.0038823845056867867,0.2142421224737172,0.1508459751637397,0.1071210612368586,0.012977742309789451,False,1,0.0022900444605335898,0.0015714757378891917,-0.000718568722644398,1.981276667413144e-05,1.54062060314292e-05,-4.406560642702241e-06,3.477248841870219e-05,2.8782582137585522e-05,-5.989906281116667e-06,0.8153123019824687,0.9224333632193272,0.1071210612368585,0.18192076451233322,0.07571794135049682,-0.1062028231618364,0.00037383948150215455,0.00019979071972145383,-0.00017404876178070072,3.06866133246634e-05,1.9781960119083073e-05,-1.0904653205580326e-05,7.75879090962444e-06,5.667626465414278e-06,-2.091164444210162e-06,5.009451917661144e-06,3.895298905871206e-06,-1.114153011789938e-06,5.009451917661144e-06,3.895298905871206e-06,-1.114153011789938e-06
pccv1_n05_dense_r05,5,dense,5,18,13,L18H13,1.5,4,4,False,False,-1.7292124032974243,-1.0070863962173462,0.7221260070800781,-1.5,-0.5,1.0,0.4944760620522586,0.685985890314933,0.19150982826267438,0.21474822518254583,0.2979198868272647,0.0831716616447189,4.175902111046677,4.368768717116636,0.1928666060699582,0.8153123019824687,0.6202738646953483,0.6333915374701355,0.24405874833917396,0.9752822822006237,0.9709383994763812,-0.004343882724242576,0.39007930641208743,0.27530101922196676,0.19503965320604372,0.02393674987099582,False,1,0.0022900444605335898,0.002872437859938754,0.0005823933994051644,1.981276667413144e-05,2.1931333698452863e-05,2.118567024321423e-06,3.477248841870219e-05,3.3967914121619574e-05,-8.045742970826147e-07,0.8153123019824687,0.6202738646953483,-0.19503843728712045,0.18192076451233322,0.37621511635617433,0.1942943518438411,0.00037383948150215455,0.000531347576478212,0.00015750809497605745,3.06866133246634e-05,3.3967914121619574e-05,3.281300796956175e-06,7.75879090962444e-06,7.579266117865087e-06,-1.7952479175935357e-07,5.009451917661144e-06,4.893542000404443e-06,-1.1590991725670128e-07,5.009451917661144e-06,4.893542000404443e-06,-1.1590991725670128e-07
pccv1_n05_distractors_r00,5,distractors,0,18,13,L18H13,1.0,6,6,False,False,-6.268972873687744,-6.268972873687744,0.0,-5.875,-5.875,0.0,0.664424322961143,0.664424322961143,0.0,0.2885558171043284,0.2885558171043284,0.0,6.281505976543814,6.281505976543814,0.0,0.6990943180529439,0.6990943180529439,0.4076684486836242,0.4076684486836242,0.964637165352201,0.964637165352201,0.0,0.0,0.0,0.0,0.0,False,0,0.003237448973978027,0.003237448973978027,0.0,3.828434036987515e-05,3.828434036987515e-05,0.0,1.6988573057360595e-05,1.6988573057360595e-05,0.0,1.595928744864561e-05,1.595928744864561e-05,0.0,0.0019636120619728813,0.0019636120619728813,0.0,0.6990943180529439,0.6990943180529439,0.0,0.2914258693693197,0.2914258693693197,0.0,0.004156966767817437,0.004156966767817437,0.0,4.915806609604426e-05,4.915806609604426e-05,0.0,1.3945069960354485e-06,1.3945069960354485e-06,0.0
pccv1_n05_distractors_r00,5,distractors,0,18,13,L18H13,0.5,6,6,False,False,-6.268972873687744,-4.418423652648926,1.8505492210388184,-5.875,-4.25,1.625,0.664424322961143,0.4299592221966816,-0.23446510076446136,0.2885558171043284,0.18672891764343294,-0.10182689946089549,6.281505976543814,6.0825305733745205,-0.1989754031692934,0.6990943180529439,0.8786234240116451,0.4076684486836242,0.7736868204932658,0.964637165352201,0.9617269177297203,-0.0029102476224807106,0.3802436192815691,0.25909321096325116,0.19012180964078454,0.030509745345362767,False,1,0.003237448973978027,0.0024678723725380367,-0.0007695766014399904,3.828434036987515e-05,3.306950870859897e-05,-5.214831661276177e-06,1.6988573057360595e-05,1.884243808444938e-05,1.8538650270887848e-06,1.595928744864561e-05,3.747266263682887e-05,2.1513375188183258e-05,0.0019636120619728813,0.012532890038027938,0.010569277976055056,0.6990943180529439,0.8786234240116451,0.1795291059587012,0.2914258693693197,0.10493660351837934,-0.18648926585094033,0.004156966767817437,0.001320956891527259,-0.002836009876290178,4.915806609604426e-05,2.7415585643348874e-05,-2.1742480452695386e-05,1.3945069960354485e-06,1.4529728090884066e-06,5.8465813052958113e-08
pccv1_n05_distractors_r00,5,distractors,0,18,13,L18H13,1.5,6,7,False,False,-6.268972873687744,-7.731416702270508,-1.4624438285827637,-5.875,-7.25,-1.375,0.664424322961143,0.7425722229444184,0.07814789998327543,0.2885558171043284,0.32249501883939213,0.033939201735063707,6.281505976543814,6.649365569959809,0.3678595934159947,0.6990943180529439,0.638697652134813,0.4076684486836242,0.29682743446140786,0.964637165352201,0.9674491835022536,0.0028120181500526087,0.7174863992990704,0.49832455959586547,0.3587431996495352,0.06639480252337042,True,1,0.003237448973978027,0.003797835064662001,0.0005603860906839737,3.828434036987515e-05,3.963396543090975e-05,1.3496250610345987e-06,1.6988573057360595e-05,1.4580521054131341e-05,-2.408052003229254e-06,1.595928744864561e-05,9.413891933150755e-06,-6.545395515494854e-06,0.0019636120619728813,0.0004535867147600118,-0.0015100253472128695,0.6990943180529439,0.34187021767340514,-0.3572241003795387,0.2914258693693197,0.638697652134813,0.3472717827654933,0.004156966767817437,0.015020729061736245,0.010863762293918808,4.915806609604426e-05,9.507694047415542e-05,4.591887437811116e-05,1.3945069960354485e-06,1.274031731131821e-06,-1.2047526490362746e-07
pccv1_n05_distractors_r01,5,distractors,1,18,13,L18H13,1.0,6,6,False,False,-3.6391305923461914,-3.6391305923461914,0.0,-3.5,-3.5,0.0,0.27032739550247936,0.27032739550247936,0.0,0.11740169617400471,0.11740169617400471,0.0,5.982214741793462,5.982214741793462,0.0,0.9429716081257944,0.9429716081257944,0.9144963329188596,0.9144963329188596,0.9227366321515547,0.9227366321515547,0.0,0.0,0.0,0.0,0.0,False,0,0.0030012719259966177,0.0030012719259966177,0.0,1.3898646386525142e-05,1.3898646386525142e-05,0.0,2.0222411167208368e-05,2.0222411167208368e-05,0.0,2.9423434631167414e-05,2.9423434631167414e-05,0.0,0.02847527520693488,0.02847527520693488,0.0,0.9429716081257944,0.9429716081257944,0.0,0.025129342170363955,0.025129342170363955,0.0,0.0003367333777028237,0.0003367333777028237,0.0,2.0222411167208368e-05,2.0222411167208368e-05,0.0,2.0022898550000034e-06,2.0022898550000034e-06,0.0
pccv1_n05_distractors_r01,5,distractors,1,18,13,L18H13,0.5,6,6,False,False,-3.6391305923461914,-1.5329612493515015,2.10616934299469,-3.5,-1.125,2.375,0.27032739550247936,0.6233958686192643,0.35306847311678496,0.11740169617400471,0.270737385782631,0.1533356896086263,5.982214741793462,5.755926134375139,-0.22628860741832302,0.9429716081257944,0.7458245644936723,0.9144963329188596,0.5036907794143349,0.9227366321515547,0.8916368493019036,-0.031099782849651092,0.4276750556474821,0.29114487442404996,0.21383752782374105,0.05597349691369044,False,1,0.0030012719259966177,0.002229975066144348,-0.0007712968598522696,1.3898646386525142e-05,2.053736034397724e-05,6.638713957452096e-06,2.0222411167208368e-05,3.8368840438964315e-05,1.8146429271755948e-05,2.9423434631167414e-05,0.00018304750023578748,0.00015362406560462006,0.02847527520693488,0.24213378507933736,0.21365850987240248,0.9429716081257944,0.7458245644936723,-0.1971470436321221,0.025129342170363955,0.009388545705747736,-0.01574079646461622,0.0003367333777028237,0.00016153885198393544,-0.00017519452571888825,2.0222411167208368e-05,1.7026069735720575e-05,-3.196341431487793e-06,2.0022898550000034e-06,2.6110323598208688e-06,6.087425048208654e-07
pccv1_n05_distractors_r01,5,distractors,1,18,13,L18H13,1.5,6,6,False,False,-3.6391305923461914,-5.6869635581970215,-2.04783296585083,-3.5,-5.5,-2.0,0.27032739550247936,0.37641237432401325,0.10608497882153389,0.11740169617400471,0.1634738170890202,0.04607212091501549,5.982214741793462,6.0698129337632745,0.08759819196981233,0.9429716081257944,0.8958661880548924,0.9144963329188596,0.8014425865227134,0.9227366321515547,0.9258906692680284,0.0031540371164737735,0.1438922372063018,0.08740769860004807,0.0719461186031509,0.01667974689770051,False,1,0.0030012719259966177,0.004701074305022538,0.0016998023790259203,1.3898646386525142e-05,1.3204350215980362e-05,-6.9429617054478e-07,2.0222411167208368e-05,1.4055957638521938e-05,-6.16645352868643e-06,2.9423434631167414e-05,9.660508988096198e-06,-1.9762925643071217e-05,0.02847527520693488,0.0036612003500284124,-0.024814074856906468,0.9429716081257944,0.8958661880548924,-0.047105420070902015,0.025129342170363955,0.09442360153217898,0.06929425936181502,0.0003367333777028237,0.0012652769843014017,0.000928543606598578,2.0222411167208368e-05,4.329539754585337e-05,2.3072986378645004e-05,2.0022898550000034e-06,2.4425591878183634e-06,4.4026933281836e-07
pccv1_n05_distractors_r02,5,distractors,2,18,13,L18H13,1.0,5,5,True,True,-0.55040442943573,-0.55040442943573,0.0,0.5,0.5,0.0,0.7049647927372557,0.7049647927372557,0.0,0.30616231942185973,0.30616231942185973,0.0,5.375261124181657,5.375261124181657,0.0,0.6182850594032259,0.6182850594032259,0.24327621443292252,0.24327621443292252,0.9327680393089395,0.9327680393089395,0.0,0.0,0.0,0.0,0.0,False,0,0.0019678658138374263,0.0019678658138374263,0.0,3.1807588432197874e-05,3.1807588432197874e-05,0.0,1.9292277595648902e-05,1.9292277595648902e-05,0.0,0.0004124870829656869,0.0004124870829656869,0.0,0.6182850594032259,0.6182850594032259,0.0,0.37500884497030335,0.37500884497030335,0.0,0.004165971960585346,0.004165971960585346,0.0,9.797426981230616e-05,9.797426981230616e-05,0.0,9.113026662379384e-06,9.113026662379384e-06,0.0,1.5836065798907138e-06,1.5836065798907138e-06,0.0
pccv1_n05_distractors_r02,5,distractors,2,18,13,L18H13,0.5,5,5,True,True,-0.55040442943573,-0.20514211058616638,0.3452623188495636,0.5,1.875,1.375,0.7049647927372557,0.4226063287871011,-0.28235846395015457,0.30616231942185973,0.18353559660962934,-0.12262672281223039,5.375261124181657,5.129936559157074,-0.24532456502458277,0.6182850594032259,0.8633868228767193,0.24327621443292252,0.7309821652801118,0.9327680393089395,0.943414405663134,0.01064636635419447,0.4919754870861012,0.34487588386111245,0.2459877435430506,0.04085837423621401,False,1,0.0019678658138374263,0.0011455247409993983,-0.000822341072838028,3.1807588432197874e-05,2.0981017494255733e-05,-1.0826570937942141e-05,1.9292277595648902e-05,1.9709841905221893e-05,4.1756430957299074e-07,0.0004124870829656869,0.0012980495882132452,0.0008855625052475583,0.6182850594032259,0.8633868228767193,0.24510176347349344,0.37500884497030335,0.1324046575966074,-0.24260418737369593,0.004165971960585346,0.0016667286633868634,-0.0024992432971984824,9.797426981230616e-05,5.033084450926154e-05,-4.764342530304462e-05,9.113026662379384e-06,6.011162155111833e-06,-3.1018645072675506e-06,1.5836065798907138e-06,1.1836680098871242e-06,-3.9993857000358964e-07
pccv1_n05_distractors_r02,5,distractors,2,18,13,L18H13,1.5,5,6,True,False,-0.55040442943573,-1.4934555292129517,-0.9430510997772217,0.5,-1.125,-1.625,0.7049647927372557,0.6343335739496134,-0.07063121878764222,0.30616231942185973,0.2754875708522854,-0.030674748569574306,5.375261124181657,5.7587514376905435,0.3834903135088865,0.6182850594032259,0.7437551824204192,0.24327621443292252,0.5022932273370706,0.9327680393089395,0.9301474257915743,-0.0026206135173652,0.7542379067589685,0.5272869083308926,0.37711895337948426,0.0747431030859669,True,1,0.0019678658138374263,0.0023672097119122547,0.0003993438980748284,3.1807588432197874e-05,3.594418087102499e-05,4.136592438827118e-06,1.9292277595648902e-05,1.807386918625041e-05,-1.2184084093984913e-06,0.0004124870829656869,0.00011785643176804693,-0.00029463065119763996,0.6182850594032259,0.24146195508334858,-0.3768231043198773,0.37500884497030335,0.7437551824204192,0.3687463374501158,0.004165971960585346,0.012021682865972768,0.007855710905387423,9.797426981230616e-05,0.0002068444794272344,0.00010887020961492825,9.113026662379384e-06,1.3223125172197923e-05,4.110098509818539e-06,1.5836065798907138e-06,2.0278319223687514e-06,4.442253424780376e-07
pccv1_n05_distractors_r03,5,distractors,3,18,13,L18H13,1.0,5,5,True,True,-0.13928674161434174,-0.13928674161434174,0.0,2.375,2.375,0.0,0.30763841516212087,0.30763841516212087,0.0,0.13360566612637076,0.13360566612637076,0.0,5.0836601183294245,5.0836601183294245,0.0,0.9130378436181089,0.9130378436181089,0.8281120949639649,0.8281120949639649,0.9528395236659435,0.9528395236659435,0.0,0.0,0.0,0.0,0.0,False,0,0.000609130547509636,0.000609130547509636,0.0,4.650769121821824e-06,4.650769121821824e-06,0.0,5.609898397814535e-06,5.609898397814535e-06,0.0,0.0005722251932892765,0.0005722251932892765,0.0,0.9130378436181089,0.9130378436181089,0.0,0.08492574865414404,0.08492574865414404,0.0,0.0007821391050832924,0.0007821391050832924,0.0,5.0000480154103186e-05,5.0000480154103186e-05,0.0,9.249158814943393e-06,9.249158814943393e-06,0.0,3.402575376147295e-06,3.402575376147295e-06,0.0
pccv1_n05_distractors_r03,5,distractors,3,18,13,L18H13,0.5,5,5,True,True,-0.13928674161434174,-0.0653264969587326,0.07396024465560913,2.375,3.75,1.375,0.30763841516212087,0.13270348385263053,-0.17493493130949034,0.13360566612637076,0.057632390766534716,-0.07597327535983604,5.0836601183294245,5.01941940218186,-0.06424071614756421,0.9130378436181089,0.9739498310846789,0.8281120949639649,0.9510447264807265,0.9528395236659435,0.9618170557375834,0.008977532071639871,0.12551203289046148,0.08695125910449239,0.06275601644523074,0.010363515586435109,False,1,0.000609130547509636,0.00041952162463467635,-0.00018960892287495963,4.650769121821824e-06,4.378101019447418e-06,-2.72668102374406e-07,5.609898397814535e-06,7.68380658282382e-06,2.0739081850092853e-06,0.0005722251932892765,0.00241418026376498,0.0018419550704757036,0.9130378436181089,0.9739498310846789,0.060911987466570006,0.08492574865414404,0.022905104603952477,-0.06202064405019156,0.0007821391050832924,0.000270863518750014,-0.0005112755863332784,5.0000480154103186e-05,2.2233831563859288e-05,-2.77666485902439e-05,9.249158814943393e-06,4.378101019447418e-06,-4.871057795495975e-06,3.402575376147295e-06,1.8250640333233872e-06,-1.5775113428239079e-06
pccv1_n05_distractors_r03,5,distractors,3,18,13,L18H13,1.5,5,5,True,True,-0.13928674161434174,-0.277773380279541,-0.13848663866519928,2.375,1.375,-1.0,0.30763841516212087,0.5248447889303677,0.2172063737682468,0.13360566612637076,0.22793719568813556,0.0943315295617648,5.0836601183294245,5.2026269566571095,0.11896683832768495,0.9130378436181089,0.7957843958649314,0.8281120949639649,0.5945785908667178,0.9528395236659435,0.9518513670932407,-0.0009881565727027919,0.23523553492655994,0.16513927895657968,0.11761776746327997,0.01436062437664753,False,1,0.000609130547509636,0.0006816958350319809,7.256528752234493e-05,4.650769121821824e-06,5.204811929073592e-06,5.540428072517679e-07,5.609898397814535e-06,6.278201591395734e-06,6.683031935811985e-07,0.0005722251932892765,0.00020790548318685108,-0.0003643197101024254,0.9130378436181089,0.7957843958649314,-0.11725344775317748,0.08492574865414404,0.2012058049982136,0.11628005634406957,0.0007821391050832924,0.001972552303407322,0.0011904131983240297,5.0000480154103186e-05,0.00011128378592752481,6.128330577342163e-05,9.249158814943393e-06,1.933822232272114e-05,1.0089063507777746e-05,3.402575376147295e-06,5.540493458208414e-06,2.1379180820611186e-06
pccv1_n05_distractors_r04,5,distractors,4,18,13,L18H13,1.0,7,7,False,False,-7.393564701080322,-7.393564701080322,0.0,-6.875,-6.875,0.0,0.8766307807420087,0.8766307807420087,0.0,0.3807159107427938,0.3807159107427938,0.0,7.2246541637822075,7.2246541637822075,0.0,0.625222177639433,0.625222177639433,0.3298881328906637,0.3298881328906637,0.9522604646490436,0.9522604646490436,0.0,0.0,0.0,0.0,0.0,False,0,0.00032484961422316435,0.00032484961422316435,0.0,1.5193418638406373e-05,1.5193418638406373e-05,0.0,1.9508735698091037e-05,1.9508735698091037e-05,0.0,3.216446750990961e-05,3.216446750990961e-05,0.0,0.0006460405997849596,0.0006460405997849596,0.0,0.07467214050165974,0.07467214050165974,0.0,0.625222177639433,0.625222177639433,0.0,0.2953340447487693,0.2953340447487693,0.0,0.0037177069643308754,0.0037177069643308754,0.0,1.617330995260291e-05,1.617330995260291e-05,0.0
pccv1_n05_distractors_r04,5,distractors,4,18,13,L18H13,0.5,7,7,False,False,-7.393564701080322,-5.166079998016357,2.227484703063965,-6.875,-4.5,2.375,0.8766307807420087,1.0258539423927338,0.14922316165072502,0.3807159107427938,0.44552270641986064,0.06480679567706682,7.2246541637822075,6.854002132637933,-0.3706520311442745,0.625222177639433,0.5444139456739093,0.3298881328906637,0.25301015940683264,0.9522604646490436,0.9436171070619821,-0.008643357587061473,0.4445181595708193,0.2701037701394827,0.22225907978540965,0.04807773147594499,False,1,0.00032484961422316435,0.00022029447323079881,-0.00010455514099236553,1.5193418638406373e-05,1.8082871532002627e-05,2.8894528935962546e-06,1.9508735698091037e-05,4.0750380050075335e-05,2.1241644351984298e-05,3.216446750990961e-05,0.00013361535217972347,0.00010145088466981386,0.0006460405997849596,0.006047892637862293,0.005401852038077333,0.07467214050165974,0.2914037862670767,0.21673164576541695,0.625222177639433,0.5444139456739093,-0.08080823196552367,0.2953340447487693,0.15597720691315795,-0.13935683783561134,0.0037177069643308754,0.001732750251642976,-0.0019849567126878995,1.617330995260291e-05,1.1675179358222377e-05,-4.498130594380533e-06
pccv1_n05_distractors_r04,5,distractors,4,18,13,L18H13,1.5,7,8,False,False,-7.393564701080322,-8.717329025268555,-1.3237643241882324,-6.875,-8.0625,-1.1875,0.8766307807420087,0.8140986418004513,-0.0625321389415574,0.3807159107427938,0.353558547858868,-0.02715736288392584,7.2246541637822075,7.546475276509451,0.32182111272724345,0.625222177639433,0.5468023836317272,0.3298881328906637,0.12095225907402729,0.9522604646490436,0.9501253105618161,-0.00213515408722742,0.5160489961100323,0.32620251644624465,0.25802449805501615,0.03945113007337315,True,1,0.00032484961422316435,0.000565009611813563,0.00024015999759039868,1.5193418638406373e-05,1.816220421092568e-05,2.9687855725193066e-06,1.9508735698091037e-05,1.6028088960250807e-05,-3.4806467378402302e-06,3.216446750990961e-05,1.7061811885229498e-05,-1.5102655624680111e-05,0.0006460405997849596,0.00017231819575926129,-0.0004737224040256983,0.07467214050165974,0.01651200123476496,-0.058160139266894784,0.625222177639433,0.4258501245576999,-0.1993720530817331,0.2953340447487693,0.5468023836317272,0.2514683388829579,0.0037177069643308754,0.010015035002097808,0.006297328037766933,1.617330995260291e-05,3.187566108104906e-05,1.5702351128446153e-05
pccv1_n05_distractors_r05,5,distractors,5,18,13,L18H13,1.0,6,6,False,False,-5.306827545166016,-5.306827545166016,0.0,-5.25,-5.25,0.0,0.07405184073669031,0.07405184073669031,0.0,0.032160305806723036,0.032160305806723036,0.0,5.994927857195801,5.994927857195801,0.0,0.9885076627876936,0.9885076627876936,0.9833204506394835,0.9833204506394835,0.9557406185788864,0.9557406185788864,0.0,0.0,0.0,0.0,0.0,False,0,0.0010214226337436185,0.0010214226337436185,0.0,7.326161240741971e-06,7.326161240741971e-06,0.0,7.798658045908617e-06,7.798658045908617e-06,0.0,1.9914570973069873e-05,1.9914570973069873e-05,0.0,0.00518721214821021,0.00518721214821021,0.0,0.9885076627876936,0.9885076627876936,0.0,0.00518721214821021,0.00518721214821021,0.0,5.762472179759566e-05,5.762472179759566e-05,0.0,3.053998371306105e-06,3.053998371306105e-06,0.0,7.721717137893896e-07,7.721717137893896e-07,0.0
pccv1_n05_distractors_r05,5,distractors,5,18,13,L18H13,0.5,6,6,False,False,-5.306827545166016,-4.061178207397461,1.2456493377685547,-5.25,-4.0,1.25,0.07405184073669031,0.11618492306001983,0.04213308232332952,0.032160305806723036,0.05045847096532048,0.018298165158597446,5.994927857195801,5.981027460949901,-0.01390039624590056,0.9885076627876936,0.9784659014392708,0.9833204506394835,0.9605446733235694,0.9557406185788864,0.961357497371182,0.005616878792295665,0.025562975992476613,0.01640189308331464,0.012781487996238306,0.0020778452447124678,False,1,0.0010214226337436185,0.0007396974249823472,-0.0002817252087612713,7.326161240741971e-06,7.251738385412627e-06,-7.442285532934344e-08,7.798658045908617e-06,1.0551217091832628e-05,2.7525590459240114e-06,1.9914570973069873e-05,6.463404067421751e-05,4.4719469701147636e-05,0.00518721214821021,0.017921228115701453,0.012734015967491243,0.9885076627876936,0.9784659014392708,-0.010041761348422829,0.00518721214821021,0.0027483093435037966,-0.0024389028047064132,5.762472179759566e-05,3.9202527330026334e-05,-1.8422194467569327e-05,3.053998371306105e-06,2.506133726106084e-06,-5.478646452000212e-07,7.721717137893896e-07,7.180193341024948e-07,-5.4152379686894797e-08
pccv1_n05_distractors_r05,5,distractors,5,18,13,L18H13,1.5,6,6,False,False,-5.306827545166016,-6.313351154327393,-1.006523609161377,-5.25,-6.25,-1.0,0.07405184073669031,0.07951080452898268,0.005458963792292368,0.032160305806723036,0.03453110365862526,0.0023707978519022233,5.994927857195801,6.00134358162497,0.006415724429168712,0.9885076627876936,0.9869998810501952,0.9833204506394835,0.9773236746959819,0.9557406185788864,0.950976460875836,-0.004764157703050387,0.009607637548061357,0.00576878404543539,0.004803818774030679,0.0007505507379360265,False,1,0.0010214226337436185,0.0013095321276033673,0.0002881094938597488,7.326161240741971e-06,6.871793933917814e-06,-4.543673068241563e-07,7.798658045908617e-06,5.69691726535331e-06,-2.101740780555307e-06,1.9914570973069873e-05,8.288965710879266e-06,-1.1625605262190607e-05,0.00518721214821021,0.0019053580028296063,-0.0032818541453806032,0.9885076627876936,0.9869998810501952,-0.001507781737498437,0.00518721214821021,0.009676206354213292,0.004488994206003082,5.762472179759566e-05,8.371558809915254e-05,2.609086630155688e-05,3.053998371306105e-06,3.6782062375569808e-06,6.242078662508757e-07,7.721717137893896e-07,7.709939116821392e-07,-1.177802107250394e-09
pccv1_n05_grid_r00,5,grid,0,18,13,L18H13,1.0,5,5,True,True,-0.010382214561104774,-0.010382214561104774,0.0,5.5,5.5,0.0,0.04075310158889584,0.04075310158889584,0.0,0.01769884714050011,0.01769884714050011,0.0,4.992562898417886,4.992562898417886,0.0,0.9941709818843445,0.9941709818843445,0.9901080323106298,0.9901080323106298,0.9954741054897909,0.9954741054897909,0.0,0.0,0.0,0.0,0.0,False,0,0.001027274527993096,0.001027274527993096,0.0,6.502355428101038e-06,6.502355428101038e-06,0.0,2.8854027304109443e-06,2.8854027304109443e-06,0.0,0.004062949573714716,0.004062949573714716,0.0,0.9941709818843445,0.9941709818843445,0.0,0.0007060347694647113,0.0007060347694647113,0.0,1.8815189294316396e-05,1.8815189294316396e-05,0.0,2.5463589722967924e-06,2.5463589722967924e-06,0.0,1.1299399444575247e-06,1.1299399444575247e-06,0.0,8.799981135671799e-07,8.799981135671799e-07,0.0
pccv1_n05_grid_r00,5,grid,0,18,13,L18H13,0.5,5,5,True,True,-0.010382214561104774,-0.011735332198441029,-0.0013531176373362541,5.5,5.25,-0.25,0.04075310158889584,0.04492353255004927,0.00417043096115343,0.01769884714050011,0.019510042294087517,0.0018111951535874082,4.992562898417886,4.991739629768312,-0.0008232686495741603,0.9941709818843445,0.9933002444343709,0.9901080323106298,0.9880878831257902,0.9954741054897909,0.9949995384583872,-0.00047456703140369427,0.0023001193568176416,0.001455553686905865,0.0011500596784088208,4.263002292673789e-05,False,1,0.001027274527993096,0.0009057725792805956,-0.00012150194871250037,6.502355428101038e-06,6.496660387220288e-06,-5.695040880749529e-09,2.8854027304109443e-06,3.4774117194662677e-06,5.920089890553234e-07,0.004062949573714716,0.005212361308580728,0.0011494117348660121,0.9941709818843445,0.9933002444343709,-0.0008707374499735687,0.0007060347694647113,0.0005493788400606733,-0.000156655929404038,1.8815189294316396e-05,1.7659753876250615e-05,-1.155435418065781e-06,2.5463589722967924e-06,2.5441287622437366e-06,-2.2302100530558756e-09,1.1299399444575247e-06,1.1289502947455652e-06,-9.8964971195947e-10,8.799981135671799e-07,9.35932667322419e-07,5.5934553755239084e-08
pccv1_n05_grid_r00,5,grid,0,18,13,L18H13,1.5,5,5,True,True,-0.010382214561104774,-0.009363781660795212,0.0010184329003095627,5.5,5.875,0.375,0.04075310158889584,0.03520664804385581,-0.005546453545040034,0.01769884714050011,0.015290052971756491,-0.002408794168743617,4.992562898417886,4.993379381588363,0.0008164831704764453,0.9941709818843445,0.9952032867619369,0.9901080323106298,0.9924079655477073,0.9954741054897909,0.9954548313840519,-1.927410573898669e-05,0.002535600725285722,0.0016433431195501502,0.001267800362642861,6.275452499819723e-05,False,1,0.001027274527993096,0.0011652632470139472,0.00013798871902085123,6.502355428101038e-06,6.509107197511513e-06,6.751769410475067e-09,2.8854027304109443e-06,2.7133995726585646e-06,-1.7200315775237968e-07,0.004062949573714716,0.0027953212142296374,-0.0012676283594850787,0.9941709818843445,0.9952032867619369,0.001032304877592427,0.0007060347694647113,0.0008008729366418422,9.483816717713095e-05,1.8815189294316396e-05,2.1342540842621312e-05,2.5273515483049163e-06,2.5463589722967924e-06,2.549003003187959e-06,2.644030891166365e-09,1.1299399444575247e-06,1.2040637615423897e-06,7.412381708486503e-08,8.799981135671799e-07,9.377258003571144e-07,5.772768678993451e-08
pccv1_n05_grid_r01,5,grid,1,18,13,L18H13,1.0,5,5,True,True,-0.39804333448410034,-0.39804333448410034,0.0,0.75,0.75,0.0,0.6525831571413352,0.6525831571413352,0.0,0.28341326412948453,0.28341326412948453,0.0,4.666688802740318,4.666688802740318,0.0,0.676474740327262,0.676474740327262,0.35693069922250015,0.35693069922250015,0.9928426261230925,0.9928426261230925,0.0,0.0,0.0,0.0,0.0,False,0,0.0035498136464487567,0.0035498136464487567,0.0,8.265997280849886e-06,8.265997280849886e-06,0.0,9.366602031849641e-06,9.366602031849641e-06,0.0,0.3195440411047618,0.3195440411047618,0.0,0.676474740327262,0.676474740327262,0.0,0.000374147605674823,0.000374147605674823,0.0,2.71031616500311e-05,2.71031616500311e-05,0.0,6.0475327995002214e-06,6.0475327995002214e-06,0.0,3.237011045275936e-06,3.237011045275936e-06,0.0,3.237011045275936e-06,3.237011045275936e-06,0.0
pccv1_n05_grid_r01,5,grid,1,18,13,L18H13,0.5,5,5,True,True,-0.39804333448410034,-0.6431756019592285,-0.24513226747512817,0.75,0.125,-0.625,0.6525831571413352,0.7137529340275943,0.06116977688625913,0.28341326412948453,0.30997896069043995,0.02656569656095542,4.666688802740318,4.520663714211994,-0.14602508852832408,0.676474740327262,0.5293290801767427,0.35693069922250015,0.06219780647281431,0.9928426261230925,0.9929940314450505,0.00015140532195800915,0.29518110544057713,0.2084082536385385,0.14759055272028856,0.011470428032263568,False,1,0.0035498136464487567,0.0031475057638323564,-0.0004023078826164003,8.265997280849886e-06,8.305065228498381e-06,3.906794764849526e-08,9.366602031849641e-06,1.2083798605309294e-05,2.7171965734596528e-06,0.3195440411047618,0.46713127370392843,0.14758723259916662,0.676474740327262,0.5293290801767427,-0.14714566015051922,0.000374147605674823,0.0003317446668119289,-4.240293886289409e-05,2.71031616500311e-05,2.723126051874295e-05,1.280988687118484e-07,6.0475327995002214e-06,6.467991303413635e-06,4.204585039134136e-07,3.237011045275936e-06,3.055262755152361e-06,-1.8174829012357484e-07,3.237011045275936e-06,3.252310273397801e-06,1.5299228121865003e-08
pccv1_n05_grid_r01,5,grid,1,18,13,L18H13,1.5,5,5,True,True,-0.39804333448410034,-0.21136747300624847,0.18667586147785187,0.75,1.5,0.75,0.6525831571413352,0.49968643504232624,-0.15289672209900895,0.28341326412948453,0.21701106142078996,-0.06640220270869457,4.666688802740318,4.805403207307314,0.13871440456699524,0.676474740327262,0.8144879560882462,0.35693069922250015,0.6327511280073086,0.9928426261230925,0.993847185919094,0.0010045597960015584,0.27607323170516634,0.19503467684466405,0.13803661585258317,0.012794813479995348,False,1,0.0035498136464487567,0.0033286261159144194,-0.00022118753053433724,8.265997280849886e-06,6.4257600534225655e-06,-1.8402372274273207e-06,9.366602031849641e-06,6.84018597120405e-06,-2.526416060645592e-06,0.3195440411047618,0.18173682808093763,-0.13780721302382418,0.676474740327262,0.8144879560882462,0.13801321576098424,0.000374147605674823,0.0003975476972737811,2.34000915989581e-05,2.71031616500311e-05,2.5414374014364473e-05,-1.6887876356666268e-06,6.0475327995002214e-06,5.004386961434447e-06,-1.0431458380657745e-06,3.237011045275936e-06,2.678655313839211e-06,-5.583557314367252e-07,3.237011045275936e-06,2.678655313839211e-06,-5.583557314367252e-07
pccv1_n05_grid_r02,5,grid,2,18,13,L18H13,1.0,5,5,True,True,-0.007328177336603403,-0.007328177336603403,0.0,6.375,6.375,0.0,0.02216431713362984,0.02216431713362984,0.0,0.009625840626289137,0.009625840626289137,0.0,4.9943252431098575,4.9943252431098575,0.0,0.9971213536004987,0.9971213536004987,0.9954226379236875,0.9954226379236875,0.9955644881437138,0.9955644881437138,0.0,0.0,0.0,0.0,0.0,False,0,0.0010303231401205307,0.0010303231401205307,0.0,2.7186291391293687e-06,2.7186291391293687e-06,0.0,1.0001277684553114e-06,1.0001277684553114e-06,0.0,0.0016987156768112678,0.0016987156768112678,0.0,0.9971213536004987,0.9971213536004987,0.0,0.00013943907399344824,0.00013943907399344824,0.0,4.771342731176965e-06,4.771342731176965e-06,0.0,7.31709106345434e-07,7.31709106345434e-07,0.0,5.0289582398494e-07,5.0289582398494e-07,0.0,4.438040069894375e-07,4.438040069894375e-07,0.0
pccv1_n05_grid_r02,5,grid,2,18,13,L18H13,0.5,5,5,True,True,-0.007328177336603403,-0.00910901091992855,-0.0017808335833251476,6.375,5.75,-0.625,0.02216431713362984,0.030893462749226677,0.008729145615596838,0.009625840626289137,0.013416860398872809,0.003791019772583672,4.9943252431098575,4.992843606515397,-0.0014816365944607668,0.9971213536004987,0.9956675283441399,0.9954226379236875,0.9924985368552178,0.9955644881437138,0.9952442129254564,-0.00032027521825739313,0.0029437828598961858,0.00206775145987929,0.0014718914299480929,0.00011334592383489925,False,1,0.0010303231401205307,0.001028820905916129,-1.5022342044017627e-06,2.7186291391293687e-06,3.274511422397534e-06,5.558822832681654e-07,1.0001277684553114e-06,1.4530556355186764e-06,4.5292786706336496e-07,0.0016987156768112678,0.003168991488921973,0.0014702758121107053,0.9971213536004987,0.9956675283441399,-0.0014538252563588427,0.00013943907399344824,0.00012287513460841878,-1.6563939385029464e-05,4.771342731176965e-06,5.071662504232852e-06,3.003197730558872e-07,7.31709106345434e-07,8.813227932103027e-07,1.496136868648687e-07,5.0289582398494e-07,5.690247627435458e-07,6.612893875860571e-08,4.438040069894375e-07,5.345492951856257e-07,9.074528819618818e-08
pccv1_n05_grid_r02,5,grid,2,18,13,L18H13,1.5,5,5,True,True,-0.007328177336603403,-0.006250713020563126,0.0010774643160402775,6.375,6.75,0.375,0.02216431713362984,0.01819747579832684,-0.003966841335302999,0.009625840626289137,0.007903063323781318,-0.0017227773025078191,4.9943252431098575,4.995380079150196,0.0010548360403381807,0.9971213536004987,0.9977328103718358,0.9954226379236875,0.9965645853571767,0.9955644881437138,0.9960269932295773,0.00046250508586354044,0.0013036188362164673,0.0008193899718804111,0.0006518094181082336,2.787141321158965e-05,False,1,0.0010303231401205307,0.0009098145562201011,-0.0001205085839004296,2.7186291391293687e-06,2.255204811593312e-06,-4.634243275360566e-07,1.0001277684553114e-06,7.793779280537469e-07,-2.2074984040156457e-07,0.0016987156768112678,0.001168225014659088,-0.0005304906621521799,0.9971213536004987,0.9977328103718358,0.0006114567713371155,0.00013943907399344824,0.0001791531083904605,3.971403439701225e-05,4.771342731176965e-06,5.409955105366921e-06,6.386123741899559e-07,7.31709106345434e-07,6.877986074502312e-07,-4.3910498895202845e-08,5.0289582398494e-07,4.727166088679044e-07,-3.0179215117035635e-08,4.438040069894375e-07,3.91895833398988e-07,-5.19081735904495e-08
pccv1_n05_grid_r03,5,grid,3,18,13,L18H13,1.0,5,5,True,True,-0.06528450548648834,-0.06528450548648834,0.0,2.875,2.875,0.0,0.23152681215185905,0.23152681215185905,0.0,0.10055081693020312,0.10055081693020312,0.0,4.9351065493069965,4.9351065493069965,0.0,0.9434167620738098,0.9434167620738098,0.8901928304144517,0.8901928304144517,0.992987339263891,0.992987339263891,0.0,0.0,0.0,0.0,0.0,False,0,0.0030026887534338517,0.0030026887534338517,0.0,8.433934738612051e-06,8.433934738612051e-06,0.0,6.568354978804189e-06,6.568354978804189e-06,0.0,0.05322393165935797,0.05322393165935797,0.0,0.9434167620738098,0.9434167620738098,0.0,0.000316481066212559,0.000316481066212559,0.0,1.7854639981751925e-05,1.7854639981751925e-05,0.0,3.515787068974552e-06,3.515787068974552e-06,0.0,1.8818652089079125e-06,1.8818652089079125e-06,0.0,1.8818652089079125e-06,1.8818652089079125e-06,0.0
pccv1_n05_grid_r03,5,grid,3,18,13,L18H13,0.5,5,5,True,True,-0.06528450548648834,-0.12514463067054749,-0.05986012518405914,2.875,2.125,-0.75,0.23152681215185905,0.36302368215032144,0.13149686999846238,0.10055081693020312,0.1576591819580846,0.05710836502788147,4.9351065493069965,4.8811282788388,-0.05397827046819614,0.9434167620738098,0.890162489311703,0.8901928304144517,0.7838477409735143,0.992987339263891,0.9912451859383964,-0.0017421533254946553,0.10661445182892842,0.07519772842662975,0.05330722591446421,0.0048921829167039915,False,1,0.0030026887534338517,0.003210427219015585,0.00020773846558173317,8.433934738612051e-06,1.0877096035552553e-05,2.443161296940502e-06,6.568354978804189e-06,9.59900356049031e-06,3.0306485816861206e-06,0.05322393165935797,0.10631474833818877,0.053090816678830796,0.9434167620738098,0.890162489311703,-0.0532542727621067,0.000316481066212559,0.00026352791385502155,-5.2953152357537454e-05,1.7854639981751925e-05,1.908989805140091e-05,1.2352580696489849e-06,3.515787068974552e-06,4.534248221617534e-06,1.0184611526429816e-06,1.8818652089079125e-06,2.2799631881878775e-06,3.9809797927996496e-07,1.8818652089079125e-06,2.427008180362692e-06,5.451429714547796e-07
pccv1_n05_grid_r03,5,grid,3,18,13,L18H13,1.5,5,5,True,True,-0.06528450548648834,-0.031061533838510513,0.03422297164797783,2.875,3.75,0.875,0.23152681215185905,0.12908184335885173,-0.10244496879300732,0.10055081693020312,0.056059532284649216,-0.04449128464555391,4.9351065493069965,4.967733073570469,0.032626524263472234,0.9434167620738098,0.9743534911169978,0.8901928304144517,0.951438893338993,0.992987339263891,0.9949324488611637,0.0019451095972726762,0.06187345808637599,0.04331377274945422,0.030936729043187994,0.0032431902932322067,False,1,0.0030026887534338517,0.0024151808369487237,-0.0005875079164851279,8.433934738612051e-06,5.986634756629526e-06,-2.4472999819825253e-06,6.568354978804189e-06,3.865261908879855e-06,-2.7030930699243338e-06,0.05322393165935797,0.02291459777800478,-0.030309333881353193,0.9434167620738098,0.9743534911169978,0.030936729043188005,0.000316481066212559,0.00028845221625768626,-2.8028849954872743e-05,1.7854639981751925e-05,1.3491089682404317e-05,-4.363550299347608e-06,3.515787068974552e-06,2.3443998555550115e-06,-1.1713872134195405e-06,1.8818652089079125e-06,1.3357987719969022e-06,-5.460664369110104e-07,1.8818652089079125e-06,1.2548668157040898e-06,-6.269983932038227e-07
pccv1_n05_grid_r04,5,grid,4,18,13,L18H13,1.0,4,4,False,False,-5.506547927856445,-5.506547927856445,0.0,-5.5,-5.5,0.0,0.029568458347701273,0.029568458347701273,0.0,0.012841418298792805,0.012841418298792805,0.0,4.003229274255801,4.003229274255801,0.0,0.9956029971487623,0.9956029971487623,0.9915341952559655,0.9915341952559655,0.9978608286723158,0.9978608286723158,0.0,0.0,0.0,0.0,0.0,False,0,0.0002947430205347015,0.0002947430205347015,0.0,1.4529614600891873e-06,1.4529614600891873e-06,0.0,8.900468002138677e-06,8.900468002138677e-06,0.0,0.9956029971487623,0.9956029971487623,0.0,0.004068801892796783,0.004068801892796783,0.0,1.7700694212671428e-05,1.7700694212671428e-05,0.0,2.714489374116444e-06,2.714489374116444e-06,0.0,1.3649309753723231e-06,1.3649309753723231e-06,0.0,4.4312820892846366e-07,4.4312820892846366e-07,0.0,8.81265672924926e-07,8.81265672924926e-07,0.0
pccv1_n05_grid_r04,5,grid,4,18,13,L18H13,0.5,4,4,False,False,-5.506547927856445,-5.88054895401001,-0.37400102615356445,-5.5,-5.875,-0.375,0.029568458347701273,0.022405923462041392,-0.00716253488565988,0.012841418298792805,0.00973076892151118,-0.0031106493772816244,4.003229274255801,4.001955501924705,-0.0012737723310962679,0.9956029971487623,0.9968684650902342,0.9915341952559655,0.9940684667327832,0.9978608286723158,0.9975902338719038,-0.0002705948004120273,0.0025397096614544756,0.001792005494235293,0.0012698548307272378,5.928357911793762e-05,False,1,0.0002947430205347015,0.0002951176556498301,3.7463511512860013e-07,1.4529614600891873e-06,1.7548337262263747e-06,3.0187226613718737e-07,8.900468002138677e-06,1.2180960397448855e-05,3.280492395310178e-06,0.9956029971487623,0.9968684650902342,0.001265467941471865,0.004068801892796783,0.0027999983574510086,-0.0012688035353457744,1.7700694212671428e-05,1.6649398831168543e-05,-1.0512953815028848e-06,2.714489374116444e-06,2.7179396442444445e-06,3.4502701280005166e-09,1.3649309753723231e-06,1.5486353279457595e-06,1.8370435257343638e-07,4.4312820892846366e-07,5.027682802558979e-07,5.964007132743421e-08,8.81265672924926e-07,1.0643604576540618e-06,1.8309478472913583e-07
pccv1_n05_grid_r04,5,grid,4,18,13,L18H13,1.5,4,4,False,False,-5.506547927856445,-5.009554862976074,0.4969930648803711,-5.5,-5.0,0.5,0.029568458347701273,0.044402482129931364,0.014834023782230091,0.012841418298792805,0.01928375297183694,0.0064423346730441335,4.003229274255801,4.005466929509423,0.002237655253622073,0.9956029971487623,0.9928423942765487,0.9915341952559655,0.9861526748454682,0.9978608286723158,0.9976313263941279,-0.0002295022781879652,0.005522330616491918,0.003808916604667595,0.002761165308245959,0.00016861632249111258,False,1,0.0002947430205347015,0.00042765945530192907,0.00013291643476722755,1.4529614600891873e-06,1.6418558430954565e-06,1.8889438300626917e-07,8.900468002138677e-06,8.338031969881319e-06,-5.624360322573576e-07,0.9956029971487623,0.9928423942765487,-0.00276060287221358,0.004068801892796783,0.006689719431080501,0.0026209175382837183,1.7700694212671428e-05,2.4126895490423065e-05,6.4262012777516366e-06,2.714489374116444e-06,3.265220234816559e-06,5.507308607001149e-07,1.3649309753723231e-06,1.44893269602216e-06,8.400172064983675e-08,4.4312820892846366e-07,4.7039957479977996e-07,2.7271365871316304e-08,8.81265672924926e-07,9.355012600799004e-07,5.4235587154974386e-08
pccv1_n05_grid_r05,5,grid,5,18,13,L18H13,1.0,4,4,False,False,-2.3648509979248047,-2.3648509979248047,0.0,-2.25,-2.25,0.0,0.33739096362676047,0.33739096362676047,0.0,0.1465270337471228,0.1465270337471228,0.0,4.085569544431416,4.085569544431416,0.0,0.9015534483138777,0.9015534483138777,0.8065304139605202,0.8065304139605202,0.9888476227242791,0.9888476227242791,0.0,0.0,0.0,0.0,0.0,False,0,0.0032515094318366945,0.0032515094318366945,0.0,1.034884177931989e-05,1.034884177931989e-05,0.0,1.602859970358142e-05,1.602859970358142e-05,0.0,0.9015534483138777,0.9015534483138777,0.0,0.09502303435335754,0.09502303435335754,0.0,0.00011843622239706629,0.00011843622239706629,0.0,1.7062355568674866e-05,1.7062355568674866e-05,0.0,4.314039085460618e-06,4.314039085460618e-06,0.0,2.458065376113359e-06,2.458065376113359e-06,0.0,3.3597770179573767e-06,3.3597770179573767e-06,0.0
pccv1_n05_grid_r05,5,grid,5,18,13,L18H13,0.5,4,4,False,False,-2.3648509979248047,-3.059729814529419,-0.6948788166046143,-2.25,-3.0,-0.75,0.33739096362676047,0.20664763042013504,-0.13074333320662543,0.1465270337471228,0.0897459255898472,-0.056781108157275606,4.085569544431416,4.041271777031632,-0.04429776739978397,0.9015534483138777,0.9504855634383509,0.8065304139605202,0.903163673708778,0.9888476227242791,0.9910923005199948,0.0022446777957156883,0.0978642302489465,0.0683456489103831,0.04893211512447325,0.0044662950801380216,False,1,0.0032515094318366945,0.002079178727982448,-0.0011723307038542467,1.034884177931989e-05,7.498689353529574e-06,-2.8501524257903164e-06,1.602859970358142e-05,1.4912924490122079e-05,-1.1156752134593417e-06,0.9015534483138777,0.9504855634383509,0.04893211512447315,0.09502303435335754,0.04732188972957286,-0.047701144623784685,0.00011843622239706629,7.11455837052027e-05,-4.729063869186359e-05,1.7062355568674866e-05,1.1614197270791805e-05,-5.448158297883061e-06,4.314039085460618e-06,3.542130040002513e-06,-7.719090454581049e-07,2.458065376113359e-06,1.8959655852117734e-06,-5.620997909015854e-07,3.3597770179573767e-06,2.758613648894704e-06,-6.011633690626727e-07
pccv1_n05_grid_r05,5,grid,5,18,13,L18H13,1.5,4,4,False,False,-2.3648509979248047,-1.926537036895752,0.43831396102905273,-2.25,-1.75,0.5,0.33739096362676047,0.44554988297479975,0.10815891934803928,0.1465270337471228,0.19349985558859512,0.046972821841472306,4.085569544431416,4.136047883012272,0.05047833858085582,0.9015534483138777,0.848417366533922,0.8065304139605202,0.7009845350594807,0.9888476227242791,0.9879190939716409,-0.000928528752638158,0.1062721635599117,0.07463706100334001,0.05313608177995585,0.0032759635960910184,False,1,0.0032515094318366945,0.003928951876536881,0.0006774424447001867,1.034884177931989e-05,1.1035617221386912e-05,6.867754420670219e-07,1.602859970358142e-05,1.6056728312130728e-05,2.8128608549307015e-08,0.9015534483138777,0.848417366533922,-0.05313608177995577,0.09502303435335754,0.1474328314744413,0.05240979712108376,0.00011843622239706629,0.00016216721126425656,4.373098886719027e-05,1.7062355568674866e-05,2.0617247261625514e-05,3.5548916929506484e-06,4.314039085460618e-06,4.600329683306277e-06,2.8629059784565885e-07,2.458065376113359e-06,2.790240997711366e-06,3.321756215980073e-07,3.3597770179573767e-06,3.5827403597455563e-06,2.2296334178817954e-07
pccv1_n05_random_sparse_r00,5,random_sparse,0,18,13,L18H13,1.0,5,5,True,True,-0.00964068342000246,-0.00964068342000246,0.0,5.375,5.375,0.0,0.035197561262535336,0.035197561262535336,0.0,0.015286106632770748,0.015286106632770748,0.0,4.994108507560095,4.994108507560095,0.0,0.9947622767091521,0.9947622767091521,0.9901556134465275,0.9901556134465275,0.9956204038779788,0.9956204038779788,0.0,0.0,0.0,0.0,0.0,False,0,0.00037813794757330505,0.00037813794757330505,0.0,6.506222780079476e-06,6.506222780079476e-06,0.0,5.741721450945472e-06,5.741721450945472e-06,0.0,0.004606663262624594,0.004606663262624594,0.0,0.9947622767091521,0.9947622767091521,0.0,0.00022935225880401787,0.00022935225880401787,0.0,7.848002726803731e-06,7.848002726803731e-06,0.0,1.281151226877138e-06,1.281151226877138e-06,0.0,1.1306119894615286e-06,1.1306119894615286e-06,0.0,1.0621116718736917e-06,1.0621116718736917e-06,0.0
pccv1_n05_random_sparse_r00,5,random_sparse,0,18,13,L18H13,0.5,5,5,True,True,-0.00964068342000246,-0.013311679475009441,-0.003670996055006981,5.375,4.875,-0.5,0.035197561262535336,0.05077043125822168,0.015572869995686342,0.015286106632770748,0.022049318139294043,0.006763211506523295,4.994108507560095,4.990658010494856,-0.0034504970652387,0.9947622767091521,0.991737993028042,0.9901556134465275,0.9841659800108498,0.9956204038779788,0.9949972042201125,-0.0006231996578662802,0.006152114325169247,0.004237151222346573,0.0030760571625846234,0.00018854842572050488,False,1,0.00037813794757330505,0.000484062597218445,0.00010592464964513995,6.506222780079476e-06,8.32875705074943e-06,1.8225342706699539e-06,5.741721450945472e-06,8.32875705074943e-06,2.587035599803958e-06,0.004606663262624594,0.007572013017192184,0.0029653497545675898,0.9947622767091521,0.991737993028042,-0.0030242836811100737,0.00022935225880401787,0.00017807667775671853,-5.1275581047299345e-05,7.848002726803731e-06,7.350102299665982e-06,-4.979004271377486e-07,1.281151226877138e-06,1.4473209567494275e-06,1.6616972987228955e-07,1.1306119894615286e-06,1.1998712164979913e-06,6.925922703646278e-08,1.0621116718736917e-06,1.1998712164979913e-06,1.3775954462429968e-07
pccv1_n05_random_sparse_r00,5,random_sparse,0,18,13,L18H13,1.5,5,5,True,True,-0.00964068342000246,-0.006435503717511892,0.003205179702490568,5.375,6.0,0.625,0.035197561262535336,0.02271751518971897,-0.012480046072816366,0.015286106632770748,0.009866091489448253,-0.005420015143322495,4.994108507560095,4.996425418944004,0.002316911383909215,0.9947622767091521,0.9969458549160958,0.9901556134465275,0.994474673208204,0.9956204038779788,0.9966290191075018,0.0010086152295230022,0.004368163304891918,0.003054539708343507,0.002184081652445959,0.00016507956026721543,False,1,0.00037813794757330505,0.0003344380763666698,-4.3699871206635224e-05,6.506222780079476e-06,4.481472786828329e-06,-2.024749993251147e-06,5.741721450945472e-06,3.954885853393155e-06,-1.786835597552317e-06,0.004606663262624594,0.002471181707891776,-0.0021354815547328185,0.9947622767091521,0.9969458549160958,0.0021835782069437037,0.00022935225880401787,0.00022985570430628856,5.034455022706857e-07,7.848002726803731e-06,7.388699507707647e-06,-4.5930321909608394e-07,1.281151226877138e-06,1.1330937680316454e-06,-1.4805745884549257e-07,1.1306119894615286e-06,8.824543138363743e-07,-2.4815767562515426e-07,1.0621116718736917e-06,8.289891097539925e-07,-2.3312256211969914e-07
pccv1_n05_random_sparse_r01,5,random_sparse,1,18,13,L18H13,1.0,5,5,True,True,-0.006484064739197493,-0.006484064739197493,0.0,6.0,6.0,0.0,0.03125216338539176,0.03125216338539176,0.0,0.01357264210581449,0.01357264210581449,0.0,4.996779928486922,4.996779928486922,0.0,0.9958189589817092,0.9958189589817092,0.9933505705695677,0.9933505705695677,0.9977083493420196,0.9977083493420196,0.0,0.0,0.0,0.0,0.0,False,0,0.00048605449728941096,0.00048605449728941096,0.0,1.4677574018790612e-05,1.4677574018790612e-05,0.0,9.476554036768471e-06,9.476554036768471e-06,0.0,0.002468388412141539,0.002468388412141539,0.0,0.9958189589817092,0.9958189589817092,0.0,0.0011659841250691659,0.0011659841250691659,0.0,2.742131832551778e-05,2.742131832551778e-05,0.0,3.7110718823052666e-06,3.7110718823052666e-06,0.0,3.0765866500916138e-06,3.0765866500916138e-06,0.0,2.2508788770156174e-06,2.2508788770156174e-06,0.0
pccv1_n05_random_sparse_r01,5,random_sparse,1,18,13,L18H13,0.5,5,5,True,True,-0.006484064739197493,-0.00871402956545353,-0.0022299648262560368,6.0,5.375,-0.625,0.03125216338539176,0.042025376559456665,0.010773213174064905,0.01357264210581449,0.018251389139678293,0.004678747033863803,4.996779928486922,4.9947254456012775,-0.002054482885644582,0.9958189589817092,0.9938733616496843,0.9933505705695677,0.9892708148804611,0.9977083493420196,0.9974347510608368,-0.0002735982811827853,0.004285237989422173,0.002891832074826772,0.0021426189947110867,0.0001674576541902008,False,1,0.00048605449728941096,0.0004281035368074841,-5.7950960481926875e-05,1.4677574018790612e-05,1.7669943251539088e-05,2.992369232748476e-06,9.476554036768471e-06,1.3761365641125929e-05,4.2848116043574574e-06,0.002468388412141539,0.004602546769223186,0.002134158357081647,0.9958189589817092,0.9938733616496843,-0.0019455973320249287,0.0011659841250691659,0.0010269669977074078,-0.00013901712736175804,2.742131832551778e-05,2.7367743483129473e-05,-5.3574842388307654e-08,3.7110718823052666e-06,4.196979394475827e-06,4.859075121705603e-07,3.0765866500916138e-06,3.479418126423606e-06,4.0283147633199204e-07,2.2508788770156174e-06,2.5455966809317524e-06,2.9471780391613496e-07
pccv1_n05_random_sparse_r01,5,random_sparse,1,18,13,L18H13,1.5,5,5,True,True,-0.006484064739197493,-0.005487023387104273,0.0009970413520932198,6.0,6.5,0.5,0.03125216338539176,0.02690503627764789,-0.004347127107743869,0.01357264210581449,0.011684708790789285,-0.0018879333150252052,4.996779928486922,4.998326606914181,0.001546678427258641,0.9958189589817092,0.9965192567564435,0.9933505705695677,0.9950210506492789,0.9977083493420196,0.9980017834445789,0.0002934341025593312,0.0020686176146491914,0.0012430989476430352,0.0010343088073245957,7.153418693849132e-05,False,1,0.00048605449728941096,0.0004292432363878663,-5.6811260901544654e-05,1.4677574018790612e-05,1.0745894158153782e-05,-3.931679860636829e-06,9.476554036768471e-06,6.938070728362083e-06,-2.538483308406388e-06,0.002468388412141539,0.0014982061071645177,-0.0009701823049770213,0.9958189589817092,0.9965192567564435,0.0007002977747342376,0.0011659841250691659,0.0014982061071645177,0.0003322219820953518,2.742131832551778e-05,2.9210368820653637e-05,1.7890504951358565e-06,3.7110718823052666e-06,3.488681052416302e-06,-2.2239082988896474e-07,3.0765866500916138e-06,2.7169875355081886e-06,-3.5959911458342516e-07,2.2508788770156174e-06,1.9877905446310097e-06,-2.630883323846077e-07
pccv1_n05_random_sparse_r02,5,random_sparse,2,18,13,L18H13,1.0,5,5,True,True,-0.008587692864239216,-0.008587692864239216,0.0,5.75,5.75,0.0,0.029903854110840584,0.029903854110840584,0.0,0.012987078827977937,0.012987078827977937,0.0,5.001004495296103,5.001004495296103,0.0,0.9958701682302086,0.9958701682302086,0.9927005317829486,0.9927005317829486,0.9955605558305933,0.9955605558305933,0.0,0.0,0.0,0.0,0.0,False,0,0.0004289636463470174,0.0004289636463470174,0.0,8.363459647193169e-06,8.363459647193169e-06,0.0,5.399855397049408e-06,5.399855397049408e-06,0.0,0.00048607949228002793,0.00048607949228002793,0.0,0.9958701682302086,0.9958701682302086,0.0,0.0031696364472599595,0.0031696364472599595,0.0,2.5761269320530456e-05,2.5761269320530456e-05,0.0,2.715217810113256e-06,2.715217810113256e-06,0.0,1.5470844736060418e-06,1.5470844736060418e-06,0.0,1.365297255994051e-06,1.365297255994051e-06,0.0
pccv1_n05_random_sparse_r02,5,random_sparse,2,18,13,L18H13,0.5,5,5,True,True,-0.008587692864239216,-0.007916267029941082,0.0006714258342981339,5.75,6.125,0.375,0.029903854110840584,0.026307443570453667,-0.003596410540386917,0.012987078827977937,0.011425177575629207,-0.0015619012523487297,5.001004495296103,4.999678671047169,-0.0013258242489335714,0.9958701682302086,0.9965489289275803,0.9927005317829486,0.9943689869967165,0.9955605558305933,0.9955506774919058,-9.878338687485666e-06,0.001992803230143781,0.0012409767958463046,0.0009964016150718904,6.58865626526574e-05,False,1,0.0004289636463470174,0.0004292560174542462,2.9237110722881267e-07,8.363459647193169e-06,9.483500680608571e-06,1.1200410334154023e-06,5.399855397049408e-06,5.752033924194724e-06,3.5217852714531647e-07,0.00048607949228002793,0.000801955819312351,0.000315876327032323,0.9958701682302086,0.9965489289275803,0.0006787606973717164,0.0031696364472599595,0.0021799419308637493,-0.0009896945163962102,2.5761269320530456e-05,2.0076571098394658e-05,-5.684698222135798e-06,2.715217810113256e-06,2.1160550256319338e-06,-5.99162784481322e-07,1.5470844736060418e-06,1.28345225068477e-06,-2.636322229212717e-07,1.365297255994051e-06,1.205691809790629e-06,-1.5960544620342193e-07
pccv1_n05_random_sparse_r02,5,random_sparse,2,18,13,L18H13,1.5,5,5,True,True,-0.008587692864239216,-0.009939581155776978,-0.0013518882915377617,5.75,5.375,-0.375,0.029903854110840584,0.03642007796741538,0.006516223856574795,0.012987078827977937,0.0158170388917347,0.0028299600637567614,5.001004495296103,5.002648825190754,0.0016443298946509088,0.9958701682302086,0.9946209827356035,0.9927005317829486,0.9900149737938879,0.9955605558305933,0.9954643018336355,-9.625399695778469e-05,0.0028846855088427927,0.0019132121085837128,0.0014423427544213963,7.893902023853047e-05,False,1,0.0004289636463470174,0.0004284255690134209,-5.380773335965177e-07,8.363459647193169e-06,7.371469101612091e-06,-9.91990545581078e-07,5.399855397049408e-06,5.740905908722161e-06,3.410505116727531e-07,0.00048607949228002793,0.000294452300342846,-0.00019162719193718195,0.9958701682302086,0.9946209827356035,-0.0012491854946050651,0.0031696364472599595,0.004606008941715554,0.001436372494455594,2.5761269320530456e-05,3.103504412659314e-05,5.273774806062681e-06,2.715217810113256e-06,2.886708777065463e-06,1.7149096695220735e-07,1.5470844736060418e-06,1.6447970811719079e-06,9.77126075658661e-08,1.365297255994051e-06,1.451528329514392e-06,8.62310735203411e-08
pccv1_n05_random_sparse_r03,5,random_sparse,3,18,13,L18H13,1.0,5,5,True,True,-0.005831371992826462,-0.005831371992826462,0.0,5.625,5.625,0.0,0.027283353411941085,0.027283353411941085,0.0,0.011849009834622271,0.011849009834622271,0.0,5.002508964639768,5.002508964639768,0.0,0.996050644671631,0.996050644671631,0.9924583251349536,0.9924583251349536,0.9981275868196917,0.9981275868196917,0.0,0.0,0.0,0.0,0.0,False,0,0.0002602267544263062,0.0002602267544263062,0.0,2.114996977328044e-06,2.114996977328044e-06,0.0,1.9868557883129813e-06,1.9868557883129813e-06,0.0,7.455621341449544e-05,7.455621341449544e-05,0.0,0.996050644671631,0.996050644671631,0.0,0.0035923195366774074,0.0035923195366774074,0.0,1.4680988880329698e-05,1.4680988880329698e-05,0.0,1.7533940790684805e-06,1.7533940790684805e-06,0.0,7.780639060987305e-07,7.780639060987305e-07,0.0,9.385242195189342e-07,9.385242195189342e-07,0.0
pccv1_n05_random_sparse_r03,5,random_sparse,3,18,13,L18H13,0.5,5,5,True,True,-0.005831371992826462,-0.004634591285139322,0.0011967807076871395,5.625,6.0,0.375,0.027283353411941085,0.020959288835313648,-0.0063240645766274375,0.011849009834622271,0.00910250348579315,-0.002746506348829121,5.002508964639768,5.001456145759928,-0.0010528188798399896,0.996050644671631,0.9971547856777646,0.9924583251349536,0.9946830860822926,0.9981275868196917,0.9982162495213629,8.866270167118273e-05,0.0023058274379471316,0.0015742272350836467,0.0011529137189735658,5.573205778749597e-05,False,1,0.0002602267544263062,0.00022990387535503493,-3.0322879071271287e-05,2.114996977328044e-06,2.2538982853793418e-06,1.3890130805129773e-07,1.9868557883129813e-06,2.117341491538249e-06,1.3048570322526775e-07,7.455621341449544e-05,0.00012305867674458789,4.850246333009245e-05,0.996050644671631,0.9971547856777646,0.001104141006133652,0.0035923195366774074,0.0024716995954720353,-0.001120619941205372,1.4680988880329698e-05,1.2970289104488688e-05,-1.7106997758410098e-06,1.7533940790684805e-06,1.5490801270265769e-06,-2.0431395204190367e-07,7.780639060987305e-07,7.789264046761994e-07,8.624985774688192e-10,9.385242195189342e-07,8.8263925051174e-07,-5.5884969007194136e-08
pccv1_n05_random_sparse_r03,5,random_sparse,3,18,13,L18H13,1.5,5,5,True,True,-0.005831371992826462,-0.007504960056394339,-0.0016735880635678768,5.625,5.25,-0.375,0.027283353411941085,0.03591601552870195,0.008632662116760868,0.011849009834622271,0.015598127356066761,0.0037491175214444897,5.002508964639768,5.004170450119187,0.0016614854794188005,0.996050644671631,0.9944447178906948,0.9924583251349536,0.9892263509365946,0.9981275868196917,0.9980676810657201,-5.990575397163411e-05,0.00326069143751137,0.0022855187528072756,0.001630345718755685,7.701591933281302e-05,False,1,0.0002602267544263062,0.0002598071923123867,-4.195621139195223e-07,2.114996977328044e-06,1.7505670917820668e-06,-3.6442988554597726e-07,1.9868557883129813e-06,1.7505670917820668e-06,-2.3628869653091458e-07,7.455621341449544e-05,5.115906946833027e-05,-2.3397143946165168e-05,0.996050644671631,0.9944447178906948,-0.0016059267809361844,0.0035923195366774074,0.005218366954100162,0.0016260474174227546,1.4680988880329698e-05,1.8820369886860337e-05,4.139381006530639e-06,1.7533940790684805e-06,1.863468969165962e-06,1.100748900974814e-07,7.780639060987305e-07,8.269093424869584e-07,4.884543638822784e-08,9.385242195189342e-07,9.370110422656033e-07,-1.5131772533308804e-09
pccv1_n05_random_sparse_r04,5,random_sparse,4,18,13,L18H13,1.0,5,5,True,True,-0.006640983745455742,-0.006640983745455742,0.0,6.875,6.875,0.0,0.019776746452861444,0.019776746452861444,0.0,0.008588931854477433,0.008588931854477433,0.0,4.996291312426041,4.996291312426041,0.0,0.9975795886354245,0.9975795886354245,0.9965487920021244,0.9965487920021244,0.9957912478030266,0.9957912478030266,0.0,0.0,0.0,0.0,0.0,False,0,0.0008027852252014586,0.0008027852252014586,0.0,1.5651820133270286e-05,1.5651820133270286e-05,0.0,4.7735354396122714e-06,4.7735354396122714e-06,0.0,0.0010307966333000652,0.0010307966333000652,0.0,0.9975795886354245,0.9975795886354245,0.0,0.0005517456784527587,0.0005517456784527587,0.0,1.0105574604960371e-05,1.0105574604960371e-05,0.0,1.5497400584926488e-06,1.5497400584926488e-06,0.0,1.869343337293273e-06,1.869343337293273e-06,0.0,1.1338140475979048e-06,1.1338140475979048e-06,0.0
pccv1_n05_random_sparse_r04,5,random_sparse,4,18,13,L18H13,0.5,5,5,True,True,-0.006640983745455742,-0.008117304183542728,-0.0014763204380869865,6.875,6.375,-0.5,0.019776746452861444,0.023811755838288953,0.0040350093854275085,0.008588931854477433,0.010341314164996432,0.0017523823105189996,4.996291312426041,4.995544415238085,-0.0007468971879562858,0.9975795886354245,0.9969669385890958,0.9965487920021244,0.9952684859767548,0.9957912478030266,0.9949332178107397,-0.0008580299922869017,0.0013565478476438753,0.0009085090028629176,0.0006782739238219376,4.27253209974068e-05,False,1,0.0008027852252014586,0.0008022922054855235,-4.930197159351123e-07,1.5651820133270286e-05,2.1380363076183033e-05,5.728542942912746e-06,4.7735354396122714e-06,7.388855765867053e-06,2.615320326254781e-06,0.0010307966333000652,0.0016984526123410726,0.0006676559790410074,0.9975795886354245,0.9969669385890958,-0.000612650046328711,0.0005517456784527587,0.0004866148206754382,-6.513085777732047e-05,1.0105574604960371e-05,1.1444083682412404e-05,1.3385090774520324e-06,1.5497400584926488e-06,1.868195305301396e-06,3.1845524680874713e-07,1.869343337293273e-06,2.253473689080808e-06,3.8413035178753496e-07,1.1338140475979048e-06,1.3668008832832441e-06,2.3298683568533936e-07
pccv1_n05_random_sparse_r04,5,random_sparse,4,18,13,L18H13,1.5,5,5,True,True,-0.006640983745455742,-0.006590535398572683,5.044834688305855e-05,6.875,7.125,0.25,0.019776746452861444,0.017403668627610756,-0.0023730778252506884,0.008588931854477433,0.00755831724984409,-0.0010306146046333425,4.996291312426041,4.996778556851882,0.0004872444258410269,0.9975795886354245,0.9979146617732296,0.9965487920021244,0.9971116069036133,0.9957912478030266,0.9955071197991856,-0.0002841280038410332,0.0008193444637544028,0.0005310754919906697,0.0004096722318772014,2.6337671166001975e-05,False,1,0.0008027852252014586,0.0008030548696162564,2.696444147977893e-07,1.5651820133270286e-05,1.2980173039042613e-05,-2.671647094227674e-06,4.7735354396122714e-06,3.71888183976102e-06,-1.0546535998512513e-06,0.0010307966333000652,0.0006254197613064454,-0.0004053768719936198,0.9975795886354245,0.9979146617732296,0.0003350731378051197,0.0005517456784527587,0.0006254197613064454,7.367408285368672e-05,1.0105574604960371e-05,1.0760941408386505e-05,6.553668034261335e-07,1.5497400584926488e-06,1.3681001729939094e-06,-1.816398854987394e-07,1.869343337293273e-06,1.550260594668506e-06,-3.190827426247672e-07,1.1338140475979048e-06,1.0654774860477812e-06,-6.833656155012355e-08
pccv1_n05_random_sparse_r05,5,random_sparse,5,18,13,L18H13,1.0,5,5,True,True,-0.43467453122138977,-0.43467453122138977,0.0,0.625,0.625,0.0,0.6554447713752194,0.6554447713752194,0.0,0.28465604740059625,0.28465604740059625,0.0,4.649287700790701,4.649287700790701,0.0,0.6506494945316627,0.6506494945316627,0.30238191662348596,0.30238191662348596,0.9951216207200559,0.9951216207200559,0.0,0.0,0.0,0.0,0.0,False,0,0.0006723145862868456,0.0006723145862868456,0.0,1.907209678025004e-05,1.907209678025004e-05,0.0,4.575158177029125e-05,4.575158177029125e-05,0.0,0.3482675779081767,0.3482675779081767,0.0,0.6506494945316627,0.6506494945316627,0.0,0.00031757892348181874,0.00031757892348181874,0.0,1.7916576850609718e-05,1.7916576850609718e-05,0.0,4.255560008943544e-06,4.255560008943544e-06,0.0,3.113434212463407e-06,3.113434212463407e-06,0.0,2.9248007693985117e-06,2.9248007693985117e-06,0.0
pccv1_n05_random_sparse_r05,5,random_sparse,5,18,13,L18H13,0.5,5,4,True,False,-0.43467453122138977,-0.8318825960159302,-0.3972080647945404,0.625,-0.25,-0.875,0.6554447713752194,0.6928806196729226,0.03743584829770319,0.28465604740059625,0.30091422974165594,0.01625818234105969,4.649287700790701,4.436115220793397,-0.21317247999730426,0.6506494945316627,0.5616723732557682,0.30238191662348596,0.12424148913460153,0.9951216207200559,0.994966663070727,-0.00015495764932893508,0.4268348332152679,0.30166836415233883,0.21341741660763394,0.023150162712743262,True,1,0.0006723145862868456,0.0005803747369787995,-9.193984930804607e-05,1.907209678025004e-05,1.9859331415042617e-05,7.872346347925771e-07,4.575158177029125e-05,5.746488083653016e-05,1.1713299066238904e-05,0.3482675779081767,0.5616723732557682,0.21340479534759155,0.6506494945316627,0.4374308841211667,-0.21321861041049595,0.00031757892348181874,0.00021350793390978361,-0.00010407098957203513,1.7916576850609718e-05,1.546646285730974e-05,-2.4501139932999766e-06,4.255560008943544e-06,4.162742005800458e-06,-9.281800314308627e-08,3.113434212463407e-06,2.8610079509594817e-06,-2.524262615039255e-07,2.9248007693985117e-06,3.045527110716307e-06,1.2072634131779544e-07
pccv1_n05_random_sparse_r05,5,random_sparse,5,18,13,L18H13,1.5,5,5,True,True,-0.43467453122138977,-0.20642241835594177,0.228252112865448,0.625,1.5,0.875,0.6554447713752194,0.48399035298458104,-0.17145441839063835,0.28465604740059625,0.21019433959561057,-0.07446170780498568,4.649287700790701,4.815446235216812,0.16615853442611073,0.6506494945316627,0.8166928890334072,0.30238191662348596,0.6344640739112992,0.9951216207200559,0.9960774684209355,0.0009558477008795307,0.33215519989631004,0.2348175488542818,0.16607759994815502,0.0179217927417294,False,1,0.0006723145862868456,0.0006572197269392205,-1.509485934762507e-05,1.907209678025004e-05,1.5456326509712292e-05,-3.6157702705377475e-06,4.575158177029125e-05,3.073857567196292e-05,-1.5013006098328331e-05,0.3482675779081767,0.18222881512210798,-0.16603876278606872,0.6506494945316627,0.8166928890334072,0.16604339450174455,0.00031757892348181874,0.0003517843698923479,3.4205446410529136e-05,1.7916576850609718e-05,1.5456326509712292e-05,-2.460250340897426e-06,4.255560008943544e-06,3.448772609418525e-06,-8.067873995250192e-07,3.113434212463407e-06,2.2266949532559467e-06,-8.867392592074605e-07,2.9248007693985117e-06,1.9650513992491234e-06,-9.597493701493883e-07
pccv1_n05_row_r00,5,row,0,18,13,L18H13,1.0,4,4,False,False,-2.252662420272827,-2.252662420272827,0.0,-2.125,-2.125,0.0,0.3592459320476692,0.3592459320476692,0.0,0.15601852593449328,0.15601852593449328,0.0,4.098072197127905,4.098072197127905,0.0,0.8906777486328715,0.8906777486328715,0.7843014613445285,0.7843014613445285,0.9881805642394283,0.9881805642394283,0.0,0.0,0.0,0.0,0.0,False,0,0.002834832034227168,0.002834832034227168,0.0,5.4725132259846476e-06,5.4725132259846476e-06,0.0,1.0883392105300332e-05,1.0883392105300332e-05,0.0,0.8906777486328715,0.8906777486328715,0.0,0.10637628728834302,0.10637628728834302,0.0,7.554571481233843e-05,7.554571481233843e-05,0.0,1.2332498928240781e-05,1.2332498928240781e-05,0.0,2.92922524692961e-06,2.92922524692961e-06,0.0,1.3836680320940874e-06,1.3836680320940874e-06,0.0,2.5850322073879774e-06,2.5850322073879774e-06,0.0
pccv1_n05_row_r00,5,row,0,18,13,L18H13,0.5,4,4,False,False,-2.252662420272827,-2.706482410430908,-0.45381999015808105,-2.125,-2.625,-0.5,0.3592459320476692,0.26237152022430116,-0.09687441182336803,0.15601852593449328,0.11394650344198141,-0.042072022492511865,4.098072197127905,4.061445703753555,-0.03662649337435031,0.8906777486328715,0.9304746564565045,0.7843014613445285,0.8630712984162667,0.9881805642394283,0.990622231506336,0.0024416672669076434,0.07959478822203411,0.055707473736780595,0.039797394111017056,0.0024551262352663153,False,1,0.002834832034227168,0.002035405046692875,-0.0007994269875342933,5.4725132259846476e-06,4.739587555032043e-06,-7.32925670952605e-07,1.0883392105300332e-05,1.136967948936029e-05,4.86287384059958e-07,0.8906777486328715,0.9304746564565045,0.03979690782363299,0.10637628728834302,0.06740335804023778,-0.038972929248105234,7.554571481233843e-05,5.424170720822761e-05,-2.1304007604110814e-05,1.2332498928240781e-05,1.003370693274006e-05,-2.2987919955007208e-06,2.92922524692961e-06,2.5369184052972793e-06,-3.923068416323306e-07,1.3836680320940874e-06,1.2756426849191542e-06,-1.0802534717493327e-07,2.5850322073879774e-06,2.383214289228196e-06,-2.0181791815978123e-07
pccv1_n05_row_r00,5,row,0,18,13,L18H13,1.5,4,4,False,False,-2.252662420272827,-1.5220354795455933,0.7306269407272339,-2.125,-1.25,0.875,0.3592459320476692,0.5562447818363152,0.196998849788646,0.15601852593449328,0.24157403933898983,0.08555551340449655,4.098072197127905,4.2098863770051045,0.11181417987719922,0.8906777486328715,0.7740141494910439,0.7843014613445285,0.5522553828241995,0.9881805642394283,0.984254856299458,-0.00392570793997038,0.2333271982836553,0.1640884494491096,0.11666359914182765,0.012466661951393457,False,1,0.002834832034227168,0.004061653490680983,0.0012268214564538148,5.4725132259846476e-06,5.7364780013900995e-06,2.6396477540545196e-07,1.0883392105300332e-05,1.2144124024241084e-05,1.2607319189407516e-06,0.8906777486328715,0.7740141494910439,-0.11666359914182767,0.10637628728834302,0.22175876666684433,0.11538247937850131,7.554571481233843e-05,0.00012265130778669198,4.7105592974353556e-05,1.2332498928240781e-05,1.659904947865292e-05,4.266550550412139e-06,2.92922524692961e-06,3.479349786610146e-06,5.501245396805361e-07,1.3836680320940874e-06,1.7495269435140363e-06,3.6585891141994887e-07,2.5850322073879774e-06,3.0705154096918264e-06,4.85483202303849e-07
pccv1_n05_row_r01,5,row,1,18,13,L18H13,1.0,5,5,True,True,-0.2870471179485321,-0.2870471179485321,0.0,1.125,1.125,0.0,0.5690505136484474,0.5690505136484474,0.0,0.24713549800173176,0.24713549800173176,0.0,4.749715355855226,4.749715355855226,0.0,0.7536574710939475,0.7536574710939475,0.5089807135602433,0.5089807135602433,0.9957790998182645,0.9957790998182645,0.0,0.0,0.0,0.0,0.0,False,0,0.0014549011823722262,0.0014549011823722262,0.0,4.63063154407353e-06,4.63063154407353e-06,0.0,7.172062437272043e-06,7.172062437272043e-06,0.0,0.24467675753370421,0.24467675753370421,0.0,0.7536574710939475,0.7536574710939475,0.0,0.00017376316674547494,0.00017376316674547494,0.0,1.7204883387561354e-05,1.7204883387561354e-05,0.0,3.606339472639614e-06,3.606339472639614e-06,0.0,1.5033459562108766e-06,1.5033459562108766e-06,0.0,2.9897604328615894e-06,2.9897604328615894e-06,0.0
pccv1_n05_row_r01,5,row,1,18,13,L18H13,0.5,5,5,True,True,-0.2870471179485321,-0.4804862439632416,-0.19343912601470947,1.125,0.5,-0.625,0.5690505136484474,0.6742631030091034,0.10521258936065603,0.24713549800173176,0.29282874498781747,0.045693246986085706,4.749715355855226,4.617810612014629,-0.13190474384059758,0.7536574710939475,0.6214852692401559,0.5089807135602433,0.24453539888624054,0.9957790998182645,0.9951685462157229,-0.0006105536025415859,0.2645581914745773,0.1869911135935215,0.13227909573728866,0.010272505545137913,False,1,0.0014549011823722262,0.0013594935065443401,-9.54076758278861e-05,4.63063154407353e-06,5.555939233322771e-06,9.253076892492408e-07,7.172062437272043e-06,1.0379861012394349e-05,3.207798575122306e-06,0.24467675753370421,0.37694987035391536,0.13227311282021115,0.7536574710939475,0.6214852692401559,-0.13217220185379164,0.00017376316674547494,0.00016236834482592156,-1.139482191955338e-05,1.7204883387561354e-05,1.7113497638045528e-05,-9.138574951582566e-08,3.606339472639614e-06,4.326969825608915e-06,7.206303529693012e-07,1.5033459562108766e-06,1.8037493805912957e-06,3.0040342438041906e-07,2.9897604328615894e-06,3.818537468676874e-06,8.287770358152847e-07
pccv1_n05_row_r01,5,row,1,18,13,L18H13,1.5,5,5,True,True,-0.2870471179485321,-0.1327248066663742,0.1543223112821579,1.125,2.0,0.875,0.5690505136484474,0.3780831325763674,-0.19096738107208,0.24713549800173176,0.16419941817861194,-0.08293607982311982,4.749715355855226,4.875226485799785,0.1255111299445586,0.7536574710939475,0.8792916568416641,0.5089807135602433,0.760292471415407,0.9957790998182645,0.9959221320508505,0.0001430322325859379,0.25136481622156104,0.17770425613265234,0.12568240811078052,0.013504117657728026,False,1,0.0014549011823722262,0.0014979786728795028,4.3077490507276595e-05,4.63063154407353e-06,3.7131178959998503e-06,-9.175136480736801e-07,7.172062437272043e-06,5.0752304203040145e-06,-2.0968320169680283e-06,0.24467675753370421,0.11899918542625708,-0.12567757210744712,0.7536574710939475,0.8792916568416641,0.12563418574771656,0.00017376316674547494,0.00017890803930224042,5.1448725567654785e-06,1.7204883387561354e-05,1.66410398913792e-05,-5.638434961821534e-07,3.606339472639614e-06,3.0782828550206193e-06,-5.280566176189949e-07,1.5033459562108766e-06,1.3659797365841066e-06,-1.3736621962676998e-07,2.9897604328615894e-06,2.397369098005338e-06,-5.923913348562514e-07
pccv1_n05_row_r02,5,row,2,18,13,L18H13,1.0,5,5,True,True,-0.059351611882448196,-0.059351611882448196,0.0,3.0,3.0,0.0,0.20408443581997276,0.20408443581997276,0.0,0.08863274431895252,0.08863274431895252,0.0,4.946324056314569,4.946324056314569,0.0,0.9508917111278941,0.9508917111278941,0.9035496004955345,0.9035496004955345,0.9910438274588387,0.9910438274588387,0.0,0.0,0.0,0.0,0.0,False,0,0.001619957942742063,0.001619957942742063,0.0,3.3289450986719728e-06,3.3289450986719728e-06,0.0,3.3289450986719728e-06,3.3289450986719728e-06,0.0,0.047342110632359595,0.047342110632359595,0.0,0.9508917111278941,0.9508917111278941,0.0,0.0001249177432411764,0.0001249177432411764,0.0,1.0253872782052507e-05,1.0253872782052507e-05,0.0,2.019107266844649e-06,2.019107266844649e-06,0.0,6.977847998824804e-07,6.977847998824804e-07,0.0,1.6738987169438579e-06,1.6738987169438579e-06,0.0
pccv1_n05_row_r02,5,row,2,18,13,L18H13,0.5,5,5,True,True,-0.059351611882448196,-0.1405811309814453,-0.08122951909899712,3.0,2.0,-1.0,0.20408443581997276,0.38163002252292827,0.1775455867029555,0.08863274431895252,0.16573981291032144,0.07710706859136893,4.946324056314569,4.872507257390199,-0.0738167989243701,0.9508917111278941,0.8787436222516543,0.9035496004955345,0.7598186052418596,0.9910438274588387,0.9887447587354927,-0.002299068723345954,0.14430024336045744,0.10163548030166404,0.07215012168022872,0.008694803454563424,False,1,0.001619957942742063,0.002178187666387968,0.0005582297236459051,3.3289450986719728e-06,5.399187419246992e-06,2.0702423205750196e-06,3.3289450986719728e-06,6.1180808719376e-06,2.789135773265627e-06,0.047342110632359595,0.11892501700979463,0.07158290637743503,0.9508917111278941,0.8787436222516543,-0.0721480888762398,0.0001249177432411764,0.00012288493925235086,-2.032803988825531e-06,1.0253872782052507e-05,1.2167256671957003e-05,1.913383889904496e-06,2.019107266844649e-06,2.889976770867905e-06,8.70869504023256e-07,6.977847998824804e-07,9.98749247174214e-07,3.0096444729173366e-07,1.6738987169438579e-06,2.7148819297808174e-06,1.0409832128369596e-06
pccv1_n05_row_r02,5,row,2,18,13,L18H13,1.5,5,5,True,True,-0.059351611882448196,-0.03270949423313141,0.026642117649316788,3.0,3.75,0.75,0.20408443581997276,0.12292434381157624,-0.08116009200839652,0.08863274431895252,0.0533853642089457,-0.03524738011000682,4.946324056314569,4.970556069295613,0.02423201298104427,0.9508917111278941,0.9752664807920546,0.9035496004955345,0.9523304115549026,0.9910438274588387,0.9923643531369066,0.001320525678067952,0.048832590008557004,0.034493274789182064,0.024416295004278502,0.002241221175907358,False,1,0.001619957942742063,0.0016614832828600549,4.152534011799187e-05,3.3289450986719728e-06,2.346596607433914e-06,-9.823484912380588e-07,3.3289450986719728e-06,1.945396916186057e-06,-1.3835481824859157e-06,0.047342110632359595,0.022936069237151926,-0.02440604139520767,0.9508917111278941,0.9752664807920546,0.024374769664160523,0.0001249177432411764,0.0001203574453268529,-4.560297914323497e-06,1.0253872782052507e-05,8.19042694276081e-06,-2.0634458392916974e-06,2.019107266844649e-06,1.4232827883863193e-06,-5.958244784583299e-07,6.977847998824804e-07,5.235964768204914e-07,-1.74188323061989e-07,1.6738987169438579e-06,1.1799428749772516e-06,-4.939558419666063e-07
pccv1_n05_row_r03,5,row,3,18,13,L18H13,1.0,4,4,False,False,-5.506711483001709,-5.506711483001709,0.0,-5.5,-5.5,0.0,0.03208952043772805,0.03208952043772805,0.0,0.013936301653026914,0.013936301653026914,0.0,4.002251317455492,4.002251317455492,0.0,0.995275715378179,0.995275715378179,0.9912082510111746,0.9912082510111746,0.9980261263096963,0.9980261263096963,0.0,0.0,0.0,0.0,0.0,False,0,0.0006237658631448929,0.0006237658631448929,0.0,1.5461609910005732e-06,1.5461609910005732e-06,0.0,5.396632126041072e-06,5.396632126041072e-06,0.0,0.995275715378179,0.995275715378179,0.0,0.004067464367004434,0.004067464367004434,0.0,2.0050920815095973e-05,2.0050920815095973e-05,0.0,3.2732228436340827e-06,3.2732228436340827e-06,0.0,1.2818124829341392e-06,1.2818124829341392e-06,0.0,4.429825406397694e-07,4.429825406397694e-07,0.0,1.0626598723995187e-06,1.0626598723995187e-06,0.0
pccv1_n05_row_r03,5,row,3,18,13,L18H13,0.5,4,4,False,False,-5.506711483001709,-5.880006790161133,-0.37329530715942383,-5.5,-5.875,-0.375,0.03208952043772805,0.023378382049855397,-0.008711138387872654,0.013936301653026914,0.010153102320078232,-0.0037831993329486818,4.002251317455492,4.0015552351616295,-0.0006960822938628652,0.995275715378179,0.9967422241721703,0.9912082510111746,0.993942580399477,0.9980261263096963,0.9982576476931513,0.00023152138345494677,0.002934480403542184,0.0019482912939197171,0.001467240201771092,6.830663917627874e-05,False,1,0.0006237658631448929,0.0004293392779389821,-0.0001944265852059108,1.5461609910005732e-06,1.5484392126583447e-06,2.2782216577715316e-09,5.396632126041072e-06,6.124195886842485e-06,7.275637608014129e-07,0.995275715378179,0.9967422241721703,0.0014665087939912391,0.004067464367004434,0.002799643772693239,-0.0012678205943111947,2.0050920815095973e-05,1.563868205575331e-05,-4.412238759342664e-06,3.2732228436340827e-06,2.892865299378486e-06,-3.803575442555968e-07,1.2818124829341392e-06,1.1328623284546777e-06,-1.4895015447946151e-07,4.429825406397694e-07,3.9150674465675577e-07,-5.147579598301363e-08,1.0626598723995187e-06,1.0642256697196146e-06,1.5657973200959018e-09
pccv1_n05_row_r03,5,row,3,18,13,L18H13,1.5,4,4,False,False,-5.506711483001709,-4.762027263641357,0.7446842193603516,-5.5,-4.75,0.75,0.03208952043772805,0.057091915572200135,0.025002395134472083,0.013936301653026914,0.02479470389429285,0.010858402241265936,4.002251317455492,4.0059420596037985,0.0036907421483061142,0.995275715378179,0.990482261545004,0.9912082510111746,0.981912910914019,0.9980261263096963,0.9975391148799986,-0.000487011429697759,0.009587610430301825,0.006581974175735772,0.004793805215150913,0.0004262806891718304,False,1,0.0006237658631448929,0.0009032029115045407,0.0002794370483596478,1.5461609910005732e-06,1.6379529097214328e-06,9.179191872085958e-08,5.396632126041072e-06,5.045250150258272e-06,-3.513819757828e-07,0.995275715378179,0.990482261545004,-0.0047934538331750876,0.004067464367004434,0.008569350630984988,0.0045018862639805545,2.0050920815095973e-05,3.090590408530359e-05,1.085498327020762e-05,3.2732228436340827e-06,4.45241763036739e-06,1.1791947867333073e-06,1.2818124829341392e-06,1.4454883694085899e-06,1.6367588647445068e-07,4.429825406397694e-07,4.995474134251782e-07,5.656487278540883e-08,1.0626598723995187e-06,1.1983519482308281e-06,1.3569207583130945e-07
pccv1_n05_row_r04,5,row,4,18,13,L18H13,1.0,4,4,False,False,-4.886155128479004,-4.886155128479004,0.0,-4.875,-4.875,0.0,0.048681307323044015,0.048681307323044015,0.0,0.021142023142234376,0.021142023142234376,0.0,4.006348734947985,4.006348734947985,0.0,0.9919660067620334,0.9919660067620334,0.984392252838499,0.984392252838499,0.996915956602578,0.996915956602578,0.0,0.0,0.0,0.0,0.0,False,0,0.0004272819579173979,0.0004272819579173979,0.0,1.2001470828238817e-06,1.2001470828238817e-06,0.0,5.378686063889903e-06,5.378686063889903e-06,0.0,0.9919660067620334,0.9919660067620334,0.0,0.0075737539235344025,0.0075737539235344025,0.0,1.998424310523327e-05,1.998424310523327e-05,0.0,3.4727407312687545e-06,3.4727407312687545e-06,0.0,1.447653715056513e-06,1.447653715056513e-06,0.0,4.147597335561658e-07,4.147597335561658e-07,0.0,1.0591260832380133e-06,1.0591260832380133e-06,0.0
pccv1_n05_row_r04,5,row,4,18,13,L18H13,0.5,4,4,False,False,-4.886155128479004,-5.258635520935059,-0.3724803924560547,-4.875,-5.25,-0.375,0.048681307323044015,0.036017476522030085,-0.01266383080101393,0.021142023142234376,0.015642191305597592,-0.005499831836636784,4.006348734947985,4.00426516718576,-0.0020835677622255133,0.9919660067620334,0.9944179117325889,0.984392252838499,0.9891996854442966,0.996915956602578,0.9969668894147503,5.093281217227741e-05,0.004906208631903779,0.0034013437689617712,0.0024531043159518894,0.00011281894763271673,False,1,0.0004272819579173979,0.0003335900459031423,-9.369191201425559e-05,1.2001470828238817e-06,1.2031135620960686e-06,2.9664792721869093e-09,5.378686063889903e-06,6.5039704678360025e-06,1.1252844039460997e-06,0.9919660067620334,0.9944179117325889,0.002451904970555474,0.0075737539235344025,0.0052182262882922905,-0.002355527635242112,1.998424310523327e-05,1.660847042221862e-05,-3.375772683014652e-06,3.4727407312687545e-06,3.072258109021057e-06,-4.004826222476975e-07,1.447653715056513e-06,1.363306271752879e-06,-8.434744330363402e-08,4.147597335561658e-07,3.9059378644678174e-07,-2.4165947109384034e-08,1.0591260832380133e-06,1.1302205962810986e-06,7.109451304308533e-08
pccv1_n05_row_r04,5,row,4,18,13,L18H13,1.5,4,4,False,False,-4.886155128479004,-4.515337944030762,0.3708171844482422,-4.875,-4.5,0.375,0.048681307323044015,0.06611389503734501,0.017432587714300993,0.021142023142234376,0.02871289979184972,0.007570876649615345,4.006348734947985,4.009192152924047,0.0028434179760621348,0.9919660067620334,0.9883626918065285,0.984392252838499,0.9773829740847219,0.996915956602578,0.9963740530960763,-0.0005419035065017397,0.007208517917276201,0.004961997828459531,0.0036042589586381007,0.0001679122637075175,False,1,0.0004272819579173979,0.000619433286705536,0.0001921513287881381,1.2001470828238817e-06,1.1957875504378265e-06,-4.359532386055241e-09,5.378686063889903e-06,4.442889736695008e-06,-9.35796327194895e-07,0.9919660067620334,0.9883626918065285,-0.0036033149555049215,0.0075737539235344025,0.010979717721806573,0.0034059637982721703,1.998424310523327e-05,2.5567065167983485e-05,5.582822062750214e-06,3.4727407312687545e-06,3.920836431158233e-06,4.4809569988947836e-07,1.447653715056513e-06,1.535421607720944e-06,8.776789266443088e-08,4.147597335561658e-07,4.3990565581483547e-07,2.5145922258669688e-08,1.0591260832380133e-06,1.0552788094106026e-06,-3.84727382741072e-09
pccv1_n05_row_r05,5,row,5,18,13,L18H13,1.0,4,4,False,False,-4.518063545227051,-4.518063545227051,0.0,-4.5,-4.5,0.0,0.07001324843572627,0.07001324843572627,0.0,0.030406367455757397,0.030406367455757397,0.0,4.007598446772294,4.007598446772294,0.0,0.9878180071162717,0.9878180071162717,0.9768443402948036,0.9768443402948036,0.9942099191732154,0.9942099191732154,0.0,0.0,0.0,0.0,0.0,False,0,0.001156615973582994,0.001156615973582994,0.0,1.633547052632207e-06,1.633547052632207e-06,0.0,6.06936360216385e-06,6.06936360216385e-06,0.0,0.9878180071162717,0.9878180071162717,0.0,0.010973666821468076,0.010973666821468076,0.0,3.4926776026663865e-05,3.4926776026663865e-05,0.0,5.356194579569279e-06,5.356194579569279e-06,0.0,1.851051315702059e-06,1.851051315702059e-06,0.0,6.009483768495931e-07,6.009483768495931e-07,0.0,1.2722077237739484e-06,1.2722077237739484e-06,0.0
pccv1_n05_row_r05,5,row,5,18,13,L18H13,0.5,4,4,False,False,-4.518063545227051,-5.136280059814453,-0.6182165145874023,-4.5,-5.125,-0.625,0.07001324843572627,0.043156020189667306,-0.02685722824605897,0.030406367455757397,0.018742421429277838,-0.01166394602647956,4.007598446772294,4.003571410927786,-0.004027035844507587,0.9878180071162717,0.9932572976375007,0.9768443402948036,0.987351173854846,0.9942099191732154,0.9954955104436749,0.001285591270459463,0.010878647882770407,0.007442694127747702,0.0054393239413852035,0.0004071374654334513,False,1,0.001156615973582994,0.0007993069349560649,-0.000357309038626929,1.633547052632207e-06,1.4495381970048317e-06,-1.8400885562737538e-07,6.06936360216385e-06,6.102783758177726e-06,3.342015601387633e-08,0.9878180071162717,0.9932572976375007,0.0054392905212290454,0.010973666821468076,0.0059061237826546755,-0.0050675430388134,3.4926776026663865e-05,2.267459241781642e-05,-1.2252183608847446e-05,5.356194579569279e-06,3.9402533405755215e-06,-1.4159412389937579e-06,1.851051315702059e-06,1.543025378701428e-06,-3.0802593700063106e-07,6.009483768495931e-07,5.009469963919705e-07,-1.000013804576226e-07,1.2722077237739484e-06,1.060504799683871e-06,-2.1170292409007734e-07
pccv1_n05_row_r05,5,row,5,18,13,L18H13,1.5,4,4,False,False,-4.518063545227051,-4.27247953414917,0.24558401107788086,-4.5,-4.25,0.25,0.07001324843572627,0.0856267138906913,0.015613465454965031,0.030406367455757397,0.037187209346235754,0.006780841890478357,4.007598446772294,4.009712087137478,0.002113640365184466,0.9878180071162717,0.9844198215824123,0.9768443402948036,0.9703778269827055,0.9942099191732154,0.9932463568222261,-0.0009635623509893776,0.006798222010021977,0.004589873408217439,0.0033991110050109884,0.00010590812318634569,False,1,0.001156615973582994,0.0014800153421109876,0.00032339936852799375,1.633547052632207e-06,1.5292963581655583e-06,-1.0425069446664874e-07,6.06936360216385e-06,5.337768773595198e-06,-7.315948285686515e-07,0.9878180071162717,0.9844198215824123,-0.003398185533859399,0.010973666821468076,0.014041994599706842,0.003068327778238766,3.4926776026663865e-05,4.1984803567763847e-05,7.058027541099981e-06,5.356194579569279e-06,5.682025282476867e-06,3.2583070290758744e-07,1.851051315702059e-06,1.8446835275486389e-06,-6.367788153420212e-09,6.009483768495931e-07,5.9888105871397e-07,-2.0673181356230807e-09,1.2722077237739484e-06,1.1910172012875846e-06,-8.119052248636387e-08
pccv1_n06_dense_r00,6,dense,0,18,13,L18H13,1.0,5,5,False,False,-2.2453505992889404,-2.2453505992889404,0.0,-2.125,-2.125,0.0,0.3458717004112511,0.3458717004112511,0.0,0.150210170935101,0.150210170935101,0.0,5.1045052702766185,5.1045052702766185,0.0,0.8926574483782732,0.8926574483782732,0.78604471967306,0.78604471967306,0.993224907744434,0.993224907744434,0.0,0.0,0.0,0.0,0.0,False,0,0.0005594522554675396,0.0005594522554675396,0.0,2.9357360040294385e-06,2.9357360040294385e-06,0.0,5.152377145477884e-06,5.152377145477884e-06,0.0,6.276880345805092e-05,6.276880345805092e-05,0.0,0.8926574483782732,0.8926574483782732,0.0,0.10661272870521321,0.10661272870521321,0.0,9.132807013732136e-05,9.132807013732136e-05,0.0,4.8402103950035325e-06,4.8402103950035325e-06,0.0,1.6727319530401657e-06,1.6727319530401657e-06,0.0,1.6727319530401657e-06,1.6727319530401657e-06,0.0
pccv1_n06_dense_r00,6,dense,0,18,13,L18H13,0.5,5,5,False,False,-2.2453505992889404,-2.7021501064300537,-0.4567995071411133,-2.125,-2.625,-0.5,0.3458717004112511,0.25335759446862677,-0.09251410594262433,0.150210170935101,0.11003180522600643,-0.04017836570909457,5.1045052702766185,5.065496053210383,-0.03900921706623528,0.8926574483782732,0.9318102869506834,0.78604471967306,0.8643101761619597,0.993224907744434,0.9934971404546786,0.00027223271024467977,0.07835951271864683,0.05534207058118641,0.039179756359323414,0.0024278775696363435,False,1,0.0005594522554675396,0.0005153697056553908,-4.40825498121488e-05,2.9357360040294385e-06,3.064500288767999e-06,1.287642847385606e-07,5.152377145477884e-06,4.746390897416927e-06,-4.059862480609568e-07,6.276880345805092e-05,8.955782608663243e-05,2.6789022628581508e-05,0.8926574483782732,0.9318102869506834,0.03915283857241014,0.10661272870521321,0.06750011078872363,-0.03911261791648958,9.132807013732136e-05,6.974770508644203e-05,-2.158036505087933e-05,4.8402103950035325e-06,3.9348962602250336e-06,-9.053141347784989e-07,1.6727319530401657e-06,1.5409275158936173e-06,-1.318044371465484e-07,1.6727319530401657e-06,1.6403088022628173e-06,-3.242315077734841e-08
pccv1_n06_dense_r00,6,dense,0,18,13,L18H13,1.5,5,5,False,False,-2.2453505992889404,-1.9184906482696533,0.3268599510192871,-2.125,-1.75,0.375,0.3458717004112511,0.4266920399150547,0.08082033950380363,0.150210170935101,0.18530999840715032,0.035099827472049316,5.1045052702766185,5.145421501334255,0.04091623105763631,0.8926574483782732,0.8512003980349386,0.78604471967306,0.7032839482018188,0.993224907744434,0.9926443007807393,-0.0005806069636946631,0.0829520585226617,0.05852095712591666,0.04147602926133085,0.0019357250637172558,False,1,0.0005594522554675396,0.000684989058529925,0.00012553680306238546,2.9357360040294385e-06,2.979939103333844e-06,4.42030993044057e-08,5.152377145477884e-06,5.567259183197656e-06,4.148820377197722e-07,6.276880345805092e-05,4.378988546181434e-05,-1.8978917996236583e-05,0.8926574483782732,0.8512003980349386,-0.04145705034333458,0.10661272870521321,0.1479164498331198,0.04130372112790659,9.132807013732136e-05,0.0001348823430116713,4.3554272874349944e-05,4.8402103950035325e-06,6.715396433139753e-06,1.8751860381362205e-06,1.6727319530401657e-06,2.180170021308282e-06,5.074380682681164e-07,1.6727319530401657e-06,2.048080197171334e-06,3.7534824413116826e-07
pccv1_n06_dense_r01,6,dense,1,18,13,L18H13,1.0,5,5,False,False,-2.5844321250915527,-2.5844321250915527,0.0,-2.5,-2.5,0.0,0.27148211996466587,0.27148211996466587,0.0,0.11790318663605101,0.11790318663605101,0.0,5.074966012450745,5.074966012450745,0.0,0.9238575730893687,0.9238575730893687,0.8480227254736493,0.8480227254736493,0.9947790135158812,0.9947790135158812,0.0,0.0,0.0,0.0,0.0,False,0,0.00024136569669754834,0.00024136569669754834,0.0,1.5277761740523172e-06,1.5277761740523172e-06,0.0,2.854261661034509e-06,2.854261661034509e-06,0.0,9.962352087345135e-06,9.962352087345135e-06,0.0,0.9238575730893687,0.9238575730893687,0.0,0.0758348476157193,0.0758348476157193,0.0,4.46481644647143e-05,4.46481644647143e-05,0.0,3.6649445186456803e-06,3.6649445186456803e-06,0.0,1.1898332807097796e-06,1.1898332807097796e-06,0.0,2.3662660279035637e-06,2.3662660279035637e-06,0.0
pccv1_n06_dense_r01,6,dense,1,18,13,L18H13,0.5,5,5,False,False,-2.5844321250915527,-2.9344892501831055,-0.35005712509155273,-2.5,-2.875,-0.375,0.27148211996466587,0.2108989270436172,-0.06058319292104866,0.11790318663605101,0.09159224025435943,-0.026310946381691583,5.074966012450745,5.052691612809569,-0.0222743996411765,0.9238575730893687,0.9463594121481632,0.8480227254736493,0.8929694675316997,0.9947790135158812,0.9956530185734209,0.0008740050575397618,0.04500837257053754,0.031782210464274825,0.02250418628526877,0.0010489776116274026,False,1,0.00024136569669754834,0.00019255420608765877,-4.881149060988958e-05,1.5277761740523172e-06,1.4701695057170531e-06,-5.760666833526404e-08,2.854261661034509e-06,2.746638235796013e-06,-1.0762342523849588e-07,9.962352087345135e-06,1.2309578561539616e-05,2.3472264741944816e-06,0.9238575730893687,0.9463594121481632,0.022501839058794548,0.0758348476157193,0.0533899446164635,-0.022444902999255806,4.46481644647143e-05,3.561894660013469e-05,-9.029217864579605e-06,3.6649445186456803e-06,2.923781182656781e-06,-7.411633359888994e-07,1.1898332807097796e-06,1.0104317392847536e-06,-1.79401541425026e-07,2.3662660279035637e-06,2.0094834603707947e-06,-3.56782567532769e-07
pccv1_n06_dense_r01,6,dense,1,18,13,L18H13,1.5,5,5,False,False,-2.5844321250915527,-2.024277687072754,0.5601544380187988,-2.5,-1.875,0.625,0.27148211996466587,0.3955314246426694,0.12404930467800351,0.11790318663605101,0.17177711514164318,0.05387392850559217,5.074966012450745,5.131903495744711,0.056937483293966196,0.9238575730893687,0.8667035220875989,0.8480227254736493,0.7337902321934725,0.9947790135158812,0.9937998931935681,-0.0009791203223130651,0.11430933463678479,0.08077460712214324,0.057154667318392395,0.004410613804679189,False,1,0.00024136569669754834,0.00029074664113186866,4.938094443432032e-05,1.5277761740523172e-06,1.6240974383199536e-06,9.632126426763646e-08,2.854261661034509e-06,3.0342134736172818e-06,1.7995181258277273e-07,9.962352087345135e-06,9.346035464650056e-06,-6.163166226950785e-07,0.9238575730893687,0.8667035220875989,-0.057154051001769735,0.0758348476157193,0.13291328989412646,0.05707844227840715,4.46481644647143e-05,6.905838035089466e-05,2.4410215886180364e-05,3.6649445186456803e-06,5.002572293797734e-06,1.337627775152054e-06,1.1898332807097796e-06,1.5256983488396678e-06,3.358650681298882e-07,2.3662660279035637e-06,2.850379772480726e-06,4.841137445771624e-07
pccv1_n06_dense_r02,6,dense,2,18,13,L18H13,1.0,5,5,False,False,-3.655238151550293,-3.655238151550293,0.0,-3.625,-3.625,0.0,0.12293778856426493,0.12293778856426493,0.0,0.05339120319084895,0.05339120319084895,0.0,5.025414520479285,5.025414520479285,0.0,0.9738022269063951,0.9738022269063951,0.9478512765752068,0.9478512765752068,0.9963158010660891,0.9963158010660891,0.0,0.0,0.0,0.0,0.0,False,0,0.00015430999127625684,0.00015430999127625684,0.0,1.7142291589041377e-06,1.7142291589041377e-06,0.0,3.202601696235094e-06,3.202601696235094e-06,0.0,3.2345131322689996e-05,3.2345131322689996e-05,0.0,0.9738022269063951,0.9738022269063951,0.0,0.02595095033118825,0.02595095033118825,0.0,4.706188837921222e-05,4.706188837921222e-05,0.0,4.377437508881684e-06,4.377437508881684e-06,0.0,1.6103692645303044e-06,1.6103692645303044e-06,0.0,2.201113810060162e-06,2.201113810060162e-06,0.0
pccv1_n06_dense_r02,6,dense,2,18,13,L18H13,0.5,5,5,False,False,-3.655238151550293,-4.144533634185791,-0.48929548263549805,-3.625,-4.125,-0.5,0.12293778856426493,0.0840128010142281,-0.03892498755003683,0.05339120319084895,0.03648629588971518,-0.016904907301133774,5.025414520479285,5.015378178713794,-0.010036341765490953,0.9738022269063951,0.9838705228240788,0.9478512765752068,0.9679677369529559,0.9963158010660891,0.9967325633622295,0.00041676229614040494,0.020167257360259126,0.014224520100721998,0.010083628680129563,0.0006238761107978641,False,1,0.00015430999127625684,0.00013758605623744884,-1.6723935038808e-05,1.7142291589041377e-06,1.8436542081983115e-06,1.294250492941738e-07,3.202601696235094e-06,2.855507497861867e-06,-3.470941983732268e-07,3.2345131322689996e-05,4.754846871919788e-05,1.5203337396507885e-05,0.9738022269063951,0.9838705228240788,0.010068295917683767,0.02595095033118825,0.015902785871122926,-0.010048164460065324,4.706188837921222e-05,3.0699598762452826e-05,-1.636228961675939e-05,4.377437508881684e-06,3.2357139039228982e-06,-1.141723604958786e-06,1.6103692645303044e-06,1.190352622765822e-06,-4.200166417644825e-07,2.201113810060162e-06,1.7319528464925295e-06,-4.691609635676326e-07
pccv1_n06_dense_r02,6,dense,2,18,13,L18H13,1.5,5,5,False,False,-3.655238151550293,-3.1721785068511963,0.4830596446990967,-3.625,-3.125,0.5,0.12293778856426493,0.17706574667285083,0.054127958108585894,0.05339120319084895,0.07689867671409818,0.02350747352324923,5.025414520479285,5.041588633322587,0.01617411284330217,0.9738022269063951,0.9576743548376848,0.9478512765752068,0.9155970802763419,0.9963158010660891,0.9960767362351817,-0.0002390648309074095,0.03227936826449031,0.022807166266477136,0.016139684132245154,0.0009992824580569875,False,1,0.00015430999127625684,0.0001517543472969517,-2.5556439793051353e-06,1.7142291589041377e-06,1.583698726340804e-06,-1.305304325633338e-07,3.202601696235094e-06,3.1495609976037085e-06,-5.304069863138534e-08,3.2345131322689996e-05,2.327228289829779e-05,-9.072848424392208e-06,0.9738022269063951,0.9576743548376848,-0.016127872068710247,0.02595095033118825,0.04207727456134288,0.01612632423015463,4.706188837921222e-05,5.942785627415137e-05,1.2365967894939152e-05,4.377437508881684e-06,5.1927482101167495e-06,8.153107012350654e-07,1.6103692645303044e-06,1.6858385187850572e-06,7.54692542547528e-08,2.201113810060162e-06,2.30426805016765e-06,1.0315424010748779e-07
pccv1_n06_dense_r03,6,dense,3,18,13,L18H13,1.0,6,6,True,True,-0.12108059227466583,-0.12108059227466583,0.0,2.125,2.125,0.0,0.34776439975814905,0.34776439975814905,0.0,0.15103215981736068,0.15103215981736068,0.0,5.89053971891345,5.89053971891345,0.0,0.8924389101517854,0.8924389101517854,0.7858522821156414,0.7858522821156414,0.9927430742775414,0.9927430742775414,0.0,0.0,0.0,0.0,0.0,False,0,0.0006337872575963548,0.0006337872575963548,0.0,2.9350172842776204e-06,2.9350172842776204e-06,0.0,7.978204150065072e-06,7.978204150065072e-06,0.0,1.0244216908207172e-05,1.0244216908207172e-05,0.0,0.10658662803614403,0.10658662803614403,0.0,0.8924389101517854,0.8924389101517854,0.0,0.0002993799020419716,0.0002993799020419716,0.0,1.2356884316309365e-05,1.2356884316309365e-05,0.0,3.768636791430295e-06,3.768636791430295e-06,0.0,4.01169298215153e-06,4.01169298215153e-06,0.0
pccv1_n06_dense_r03,6,dense,3,18,13,L18H13,0.5,6,6,True,True,-0.12108059227466583,-0.2102610021829605,-0.08918040990829468,2.125,1.5,-0.625,0.34776439975814905,0.48352973301280633,0.13576533325465728,0.15103215981736068,0.20999429488361437,0.058962135066253696,5.89053971891345,5.814255489622304,-0.07628422929114631,0.8924389101517854,0.816728473169373,0.7858522821156414,0.6344917181533083,0.9927430742775414,0.9922180319113068,-0.0005250423662346293,0.15153971891109816,0.10702816291116239,0.07576985945554908,0.0058548507098121075,False,1,0.0006337872575963548,0.0007447599654380268,0.00011097270784167208,2.9350172842776204e-06,3.671359290665228e-06,7.363420063876075e-07,7.978204150065072e-06,9.375144381404111e-06,1.3969402313390394e-06,1.0244216908207172e-05,1.6453890806258463e-05,6.20967389805129e-06,0.10658662803614403,0.18223675501606476,0.07565012697992073,0.8924389101517854,0.816728473169373,-0.07571043698241242,0.0002993799020419716,0.0002417881603691747,-5.759174167279692e-05,1.2356884316309365e-05,1.0623430353066215e-05,-1.7334539632431497e-06,3.768636791430295e-06,3.671359290665228e-06,-9.727750076506686e-08,4.01169298215153e-06,4.428504632893152e-06,4.168116507416219e-07
pccv1_n06_dense_r03,6,dense,3,18,13,L18H13,1.5,6,6,True,True,-0.12108059227466583,-0.07674703001976013,0.0443335622549057,2.125,2.625,0.5,0.34776439975814905,0.25422501584744595,-0.0935393839107031,0.15103215981736068,0.11040852154431251,-0.04062363827304817,5.89053971891345,5.9308683684295715,0.04032864951612147,0.8924389101517854,0.9317149532204041,0.7858522821156414,0.8642217483839391,0.9927430742775414,0.993999395434912,0.0012563211573706212,0.07866475341131127,0.055416246292089126,0.03933237670565563,0.002439690153684778,False,1,0.0006337872575963548,0.0004013292660425147,-0.00023245799155384005,2.9350172842776204e-06,1.9783876656614544e-06,-9.56629618616166e-07,7.978204150065072e-06,6.093863021462025e-06,-1.8843411286030468e-06,1.0244216908207172e-05,6.905251455970829e-06,-3.3389654522363435e-06,0.10658662803614403,0.06749320483646504,-0.039093423199679,0.8924389101517854,0.9317149532204041,0.03927604306861865,0.0002993799020419716,0.0003541718341990683,5.479193215709668e-05,1.2356884316309365e-05,1.3732732307376863e-05,1.375847991067498e-06,3.768636791430295e-06,3.9344936800603775e-06,1.6585688863008268e-07,4.01169298215153e-06,3.696114758605783e-06,-3.15578223545747e-07
pccv1_n06_dense_r04,6,dense,4,18,13,L18H13,1.0,5,5,False,False,-3.172147274017334,-3.172147274017334,0.0,-3.125,-3.125,0.0,0.17814774122897004,0.17814774122897004,0.0,0.07736858097927012,0.07736858097927012,0.0,5.0408677112129805,5.0408677112129805,0.0,0.9575409716389335,0.9575409716389335,0.9154695575263406,0.9154695575263406,0.9962466130776875,0.9962466130776875,0.0,0.0,0.0,0.0,0.0,False,0,0.0003212192106703212,0.0003212192106703212,0.0,2.3039471157688543e-06,2.3039471157688543e-06,0.0,3.7985666163363207e-06,3.7985666163363207e-06,0.0,1.245502043407273e-05,1.245502043407273e-05,0.0,0.9575409716389335,0.9575409716389335,0.0,0.04207141411259287,0.04207141411259287,0.0,4.083843978042123e-05,4.083843978042123e-05,0.0,3.568423099353524e-06,3.568423099353524e-06,0.0,1.397414564070302e-06,1.397414564070302e-06,0.0,2.033226193384726e-06,2.033226193384726e-06,0.0
pccv1_n06_dense_r04,6,dense,4,18,13,L18H13,0.5,5,5,False,False,-3.172147274017334,-3.8987300395965576,-0.7265827655792236,-3.125,-3.875,-0.75,0.17814774122897004,0.10258188886323981,-0.07556585236573023,0.07736858097927012,0.044550748276517685,-0.03281783270275243,5.0408677112129805,5.019211918753127,-0.021655792459853274,0.9575409716389335,0.9793326629153332,0.9154695575263406,0.9590072619384382,0.9962466130776875,0.9971579869018115,0.0009113738241239844,0.04358734167036491,0.030785842092077624,0.021793670835182456,0.001997564501185282,False,1,0.0003212192106703212,0.00028992627382863113,-3.129293684169009e-05,2.3039471157688543e-06,2.213614417204592e-06,-9.033269856426247e-08,3.7985666163363207e-06,3.2207899723077544e-06,-5.777766440285664e-07,1.245502043407273e-05,1.44345792167461e-05,1.9795587826733703e-06,0.9575409716389335,0.9793326629153332,0.021791691276399683,0.04207141411259287,0.020325400976894923,-0.021746013135697944,4.083843978042123e-05,2.6967344268921077e-05,-1.3871095511500154e-05,3.568423099353524e-06,2.5083537525418075e-06,-1.0600693468117165e-06,1.397414564070302e-06,1.0456374113527433e-06,-3.5177715271755876e-07,2.033226193384726e-06,1.6195149040884914e-06,-4.1371128929623467e-07
pccv1_n06_dense_r04,6,dense,4,18,13,L18H13,1.5,5,5,False,False,-3.172147274017334,-2.6992571353912354,0.47289013862609863,-3.125,-2.625,0.5,0.17814774122897004,0.2506498537635464,0.07250211253457639,0.07736858097927012,0.10885584837936522,0.03148726740009511,5.0408677112129805,5.06655115816355,0.025683446950569788,0.9575409716389335,0.9321177937428239,0.9154695575263406,0.8645954072367912,0.9962466130776875,0.996046798504608,-0.00019981457307949313,0.050945830745551396,0.035973496682498524,0.025472915372775698,0.0015788289258404779,False,1,0.0003212192106703212,0.0002759485606297859,-4.527065004053532e-05,2.3039471157688543e-06,1.7466758614108416e-06,-5.572712543580127e-07,3.7985666163363207e-06,3.473679732802667e-06,-3.2488688353365364e-07,1.245502043407273e-05,8.870351946371735e-06,-3.5846684877009955e-06,0.9575409716389335,0.9321177937428239,-0.025423177896109594,0.04207141411259287,0.06752238650603268,0.02545097239343981,4.083843978042123e-05,6.157244652605283e-05,2.0734006745631595e-05,3.568423099353524e-06,4.460293066351707e-06,8.91869966998183e-07,1.397414564070302e-06,1.640850120710325e-06,2.4343555664002285e-07,2.033226193384726e-06,2.1068932599672056e-06,7.366706658247957e-08
pccv1_n06_dense_r05,6,dense,5,18,13,L18H13,1.0,5,5,False,False,-4.639087200164795,-4.639087200164795,0.0,-4.625,-4.625,0.0,0.059343484174268046,0.059343484174268046,0.0,0.025772547713797563,0.025772547713797563,0.0,5.008057310593635,5.008057310593635,0.0,0.9897871749229652,0.9897871749229652,0.9800836429011398,0.9800836429011398,0.9961853718482416,0.9961853718482416,0.0,0.0,0.0,0.0,0.0,False,0,0.00042634344235555044,0.00042634344235555044,0.0,4.179724035638605e-06,4.179724035638605e-06,0.0,5.041709566019223e-06,5.041709566019223e-06,0.0,2.725522440929556e-05,2.725522440929556e-05,0.0,0.9897871749229652,0.9897871749229652,0.0,0.009703532021825388,0.009703532021825388,0.0,3.7253474817831345e-05,3.7253474817831345e-05,0.0,4.736247825230118e-06,4.736247825230118e-06,0.0,2.1016972323232297e-06,2.1016972323232297e-06,0.0,2.381534967621898e-06,2.381534967621898e-06,0.0
pccv1_n06_dense_r05,6,dense,5,18,13,L18H13,0.5,5,5,False,False,-4.639087200164795,-5.258546829223633,-0.6194596290588379,-4.625,-5.25,-0.625,0.059343484174268046,0.0364204637890923,-0.022923020385175748,0.025772547713797563,0.015817206451959984,-0.009955341261837579,5.008057310593635,5.003904747912216,-0.00415256268141917,0.9897871749229652,0.9943826085190388,0.9800836429011398,0.9891645674850091,0.9961853718482416,0.9970906975290745,0.0009053256808329024,0.009194652220403986,0.006422341093629568,0.004597326110201993,0.00034895026626334557,False,1,0.00042634344235555044,0.00033357820299435143,-9.276523936119902e-05,4.179724035638605e-06,3.705719102297339e-06,-4.740049333412662e-07,5.041709566019223e-06,3.944717450701582e-06,-1.0969921153176409e-06,2.725522440929556e-05,2.9147738537664693e-05,1.8925141283691315e-06,0.9897871749229652,0.9943826085190388,0.004595433596073617,0.009703532021825388,0.005218041034029636,-0.004485490987795751,3.7253474817831345e-05,2.2700281597893827e-05,-1.4553193219937518e-05,4.736247825230118e-06,3.072149039601828e-06,-1.6640987856282905e-06,2.1016972323232297e-06,1.4511804513433345e-06,-6.505167809798952e-07,2.381534967621898e-06,1.7504577577787218e-06,-6.31077209843176e-07
pccv1_n06_dense_r05,6,dense,5,18,13,L18H13,1.5,5,5,False,False,-4.639087200164795,-4.022932052612305,0.6161551475524902,-4.625,-4.0,0.625,0.059343484174268046,0.0948799091144216,0.03553642494015355,0.025772547713797563,0.04120582097187534,0.015433273258077779,5.008057310593635,5.016404754175121,0.00834744358148587,0.9897871749229652,0.9815028993403314,0.9800836429011398,0.9635260466677683,0.9961853718482416,0.9957472760142991,-0.00043809583394249785,0.016594091521359825,0.011708012159051387,0.008297045760679913,0.0006380724319701951,False,1,0.00042634344235555044,0.00042277505244425767,-3.5683899112927777e-06,4.179724035638605e-06,3.6577208932310583e-06,-5.220031424075469e-07,5.041709566019223e-06,5.665188943383369e-06,6.234793773641455e-07,2.725522440929556e-05,1.857543941687594e-05,-8.679784992419621e-06,0.9897871749229652,0.9815028993403314,-0.008284275582633782,0.009703532021825388,0.01797685267256312,0.008273320650737733,3.7253474817831345e-05,5.7216381467917397e-05,1.9962906650086052e-05,4.736247825230118e-06,6.833522272194303e-06,2.0972744469641845e-06,2.1016972323232297e-06,2.6760457718125134e-06,5.743485394892837e-07,2.381534967621898e-06,2.848635895904987e-06,4.6710092828308913e-07
pccv1_n06_distractors_r00,6,distractors,0,18,13,L18H13,1.0,7,7,False,False,-3.737751007080078,-3.737751007080078,0.0,-3.25,-3.25,0.0,0.7736781008467771,0.7736781008467771,0.0,0.33600412996714285,0.33600412996714285,0.0,7.30770328134266,7.30770328134266,0.0,0.6326503028505753,0.6326503028505753,0.29401699799380454,0.29401699799380454,0.9705294534437598,0.9705294534437598,0.0,0.0,0.0,0.0,0.0,False,0,0.0017769844978115035,0.0017769844978115035,0.0,1.6365461440031164e-05,1.6365461440031164e-05,0.0,7.262129492249466e-06,7.262129492249466e-06,0.0,4.991183741214784e-06,4.991183741214784e-06,0.0,9.417672819687194e-05,9.417672819687194e-05,0.0,0.02453051432753008,0.02453051432753008,0.0,0.6326503028505753,0.6326503028505753,0.0,0.3386333048567708,0.3386333048567708,0.0,0.002281693260250073,0.002281693260250073,0.0,4.40470419185264e-06,4.40470419185264e-06,0.0
pccv1_n06_distractors_r00,6,distractors,0,18,13,L18H13,0.5,7,7,False,False,-3.737751007080078,-1.594244122505188,2.14350688457489,-3.25,-1.125,2.125,0.7736781008467771,0.8984880239133581,0.12480992306658101,0.33600412996714285,0.39020839084172837,0.05420426087458552,7.30770328134266,6.903443372702488,-0.4042599086401726,0.6326503028505753,0.6544333319619597,0.29401699799380454,0.44196993601896356,0.9705294534437598,0.9557503124583491,-0.014779140985410777,0.4221310673809328,0.28248644837641534,0.2110655336904664,0.06758783874219934,False,1,0.0017769844978115035,0.0020829178415643617,0.0003059333437528582,1.6365461440031164e-05,2.313912709138163e-05,6.773665651350464e-06,7.262129492249466e-06,1.2385482221615399e-05,5.123352729365933e-06,4.991183741214784e-06,1.5903273970488328e-05,1.0912090229273544e-05,9.417672819687194e-05,0.001114905579363432,0.00102072885116656,0.02453051432753008,0.21246339594299618,0.1879328816154661,0.6326503028505753,0.6544333319619597,0.02178302911138441,0.3386333048567708,0.12886556370609192,-0.20976774115067887,0.002281693260250073,0.0009839007204625126,-0.0012977925397875602,4.40470419185264e-06,4.556364278326707e-06,1.5166008647406657e-07
pccv1_n06_distractors_r00,6,distractors,0,18,13,L18H13,1.5,7,8,False,False,-3.737751007080078,-5.890228271484375,-2.152477264404297,-3.25,-5.5,-2.25,0.7736781008467771,0.6704720101851175,-0.10320609066165964,0.33600412996714285,0.29118229429397735,-0.0448218356731655,7.30770328134266,7.70058609247419,0.39288281113152923,0.6326503028505753,0.6979572031979919,0.29401699799380454,0.40700535382371394,0.9705294534437598,0.969833372440462,-0.000696081003297877,0.7277739480526473,0.49634910041506786,0.36388697402632364,0.06970253885615962,True,1,0.0017769844978115035,0.0013473743698234873,-0.0004296101279880162,1.6365461440031164e-05,1.3209193525857293e-05,-3.1562679141738713e-06,7.262129492249466e-06,6.239581210298139e-06,-1.0225482819513265e-06,4.991183741214784e-06,3.339807151984432e-06,-1.651376589230352e-06,9.417672819687194e-05,1.921926317415269e-05,-7.495746502271926e-05,0.02453051432753008,0.0028523915632998145,-0.021678122764230263,0.6326503028505753,0.290951849374278,-0.34169845347629735,0.3386333048567708,0.6979572031979919,0.35932389834122114,0.002281693260250073,0.006842531649920112,0.0045608383896700395,4.40470419185264e-06,6.64199962433036e-06,2.23729543247772e-06
pccv1_n06_distractors_r01,6,distractors,1,18,13,L18H13,1.0,8,8,False,False,-5.235894203186035,-5.235894203186035,0.0,-4.625,-4.625,0.0,0.7519031591509521,0.7519031591509521,0.0,0.326547392944881,0.326547392944881,0.0,7.552414666022088,7.552414666022088,0.0,0.5556905899280372,0.5556905899280372,0.12291832334667091,0.12291832334667091,0.9769200244456897,0.9769200244456897,0.0,0.0,0.0,0.0,0.0,False,0,0.0012155682299253893,0.0012155682299253893,0.0,1.5301745783684515e-05,1.5301745783684515e-05,0.0,7.22803290675841e-06,7.22803290675841e-06,0.0,3.868887219053776e-06,3.868887219053776e-06,0.0,3.0431155190036247e-05,3.0431155190036247e-05,0.0,0.005447798850306804,0.005447798850306804,0.0,0.4327722665813663,0.4327722665813663,0.0,0.5556905899280372,0.5556905899280372,0.0,0.004807665611299675,0.004807665611299675,0.0,9.280977964933176e-06,9.280977964933176e-06,0.0
pccv1_n06_distractors_r01,6,distractors,1,18,13,L18H13,0.5,8,7,False,False,-5.235894203186035,-3.376751184463501,1.8591430187225342,-4.625,-3.0,1.625,0.7519031591509521,0.7333249211362782,-0.018578238014673842,0.326547392944881,0.31847896669162296,-0.008068426253258043,7.552414666022088,7.220151168748075,-0.3322634972740133,0.5556905899280372,0.7034456007373633,0.12291832334667091,0.44466242624359253,0.9769200244456897,0.9753232554030546,-0.00159676904263506,0.6006782838305622,0.4028690210695027,0.3003391419152811,0.0504591309121687,True,1,0.0012155682299253893,0.001057587686276205,-0.00015798054364918432,1.5301745783684515e-05,1.4171683102659704e-05,-1.1300626810248105e-06,7.22803290675841e-06,8.074781629424937e-06,8.467487226665271e-07,3.868887219053776e-06,5.907636440418513e-06,2.038749221364737e-06,3.0431155190036247e-05,0.00011865804985279503,8.822689466275879e-05,0.005447798850306804,0.03502249421698423,0.029574695366677426,0.4327722665813663,0.7034456007373633,0.270673334155997,0.5556905899280372,0.25878317449377075,-0.29690741543426646,0.004807665611299675,0.0015387810037378062,-0.0032688846075618685,9.280977964933176e-06,5.5497108424820555e-06,-3.7312671224511206e-06
pccv1_n06_distractors_r01,6,distractors,1,18,13,L18H13,1.5,8,8,False,False,-5.235894203186035,-7.048027038574219,-1.8121328353881836,-4.625,-6.875,-2.25,0.7519031591509521,0.4655424749051968,-0.2863606842457553,0.326547392944881,0.20218252794291003,-0.12436486500197097,7.552414666022088,7.890112140902952,0.3376974748808639,0.5556905899280372,0.8630381842056775,0.12291832334667091,0.7462386671021902,0.9769200244456897,0.9745976602725932,-0.0023223641730965028,0.6410944069122153,0.4410145174687905,0.32054720345610765,0.06802698522886913,False,1,0.0012155682299253893,0.001297525431171013,8.19572012456238e-05,1.5301745783684515e-05,1.4414205523160142e-05,-8.875402605243722e-07,7.22803290675841e-06,7.715368239293018e-06,4.873353325346076e-07,3.868887219053776e-06,3.2162439867951042e-06,-6.52643232258672e-07,3.0431155190036247e-05,1.354089295853479e-05,-1.6890262231501456e-05,0.005447798850306804,0.0008917753178024709,-0.004556023532504333,0.4327722665813663,0.11679951710348728,-0.315972749477879,0.5556905899280372,0.8630381842056775,0.30734759427764025,0.004807665611299675,0.017911786072908945,0.01310412046160927,9.280977964933176e-06,2.2325158245009894e-05,1.3044180280076717e-05
pccv1_n06_distractors_r02,6,distractors,2,18,13,L18H13,1.0,8,8,False,False,-5.518006801605225,-5.518006801605225,0.0,-5.125,-5.125,0.0,0.6639467042947361,0.6639467042947361,0.0,0.28834838995305395,0.28834838995305395,0.0,7.703014246958034,7.703014246958034,0.0,0.6987908011266333,0.6987908011266333,0.40749145643622203,0.40749145643622203,0.9659887283667103,0.9659887283667103,0.0,0.0,0.0,0.0,0.0,False,0,0.0003630740083880954,0.0003630740083880954,0.0,8.021349650682048e-06,8.021349650682048e-06,0.0,6.649932427521601e-06,6.649932427521601e-06,0.0,3.7890172828230215e-06,3.7890172828230215e-06,0.0,2.9802929478910234e-05,2.9802929478910234e-05,0.0,0.004155161990202226,0.004155161990202226,0.0,0.29129934469041124,0.29129934469041124,0.0,0.6987908011266333,0.6987908011266333,0.0,0.005335333605874479,0.005335333605874479,0.0,8.021349650682048e-06,8.021349650682048e-06,0.0
pccv1_n06_distractors_r02,6,distractors,2,18,13,L18H13,0.5,8,7,False,False,-5.518006801605225,-3.185176134109497,2.3328306674957275,-5.125,-2.625,2.5,0.6639467042947361,0.8274873177422314,0.16354061344749526,0.28834838995305395,0.3593731759403739,0.07102478598731993,7.703014246958034,7.318389016228959,-0.38462523072907473,0.6987908011266333,0.5943033570760133,0.40749145643622203,0.2338401498392662,0.9659887283667103,0.9609713937343258,-0.005017334632384518,0.6840620505333987,0.4558545275562129,0.3420310252666994,0.06380042667300839,True,1,0.0003630740083880954,0.0003286998979251299,-3.437411046296548e-05,8.021349650682048e-06,7.73028066229934e-06,-2.910689883827075e-07,6.649932427521601e-06,8.228840930897528e-06,1.578908503375927e-06,3.7890172828230215e-06,7.73028066229934e-06,3.941263379476319e-06,2.9802929478910234e-05,0.00015526683766921702,0.0001254639081903068,0.004155161990202226,0.04305119079122639,0.03889602880102417,0.29129934469041124,0.5943033570760133,0.3030040123856021,0.6987908011266333,0.36046320723674713,-0.33832759388988615,0.005335333605874479,0.0016692758191421291,-0.00366605778673235,8.021349650682048e-06,5.312939021243513e-06,-2.708410629438535e-06
pccv1_n06_distractors_r02,6,distractors,2,18,13,L18H13,1.5,8,8,False,False,-5.518006801605225,-7.68058967590332,-2.1625828742980957,-5.125,-7.5625,-2.4375,0.6639467042947361,0.3276474839842978,-0.3362992203104383,0.28834838995305395,0.14229549430386462,-0.14605289564918933,7.703014246958034,7.9454119173884585,0.24239767043042448,0.6987908011266333,0.917888048070842,0.40749145643622203,0.8513964608839469,0.9659887283667103,0.9681095745877428,0.0021208462210324797,0.4572042194585462,0.31407950855884637,0.2286021097292731,0.047561397308397355,False,1,0.0003630740083880954,0.0002717359194135463,-9.133808897454908e-05,8.021349650682048e-06,5.6396990839291855e-06,-2.3816505667528624e-06,6.649932427521601e-06,5.2980069897802696e-06,-1.3519254377413313e-06,3.7890172828230215e-06,2.664005214772288e-06,-1.1250120680507334e-06,2.9802929478910234e-05,9.897980141104645e-06,-1.990494933780559e-05,0.004155161990202226,0.0004769113908301328,-0.003678250599372093,0.29129934469041124,0.06649158718689512,-0.22480775750351611,0.6987908011266333,0.917888048070842,0.21909724694420873,0.005335333605874479,0.014836278497535193,0.009500944891660715,8.021349650682048e-06,1.193924305436857e-05,3.917893403686522e-06
pccv1_n06_distractors_r03,6,distractors,3,18,13,L18H13,1.0,7,7,False,False,-1.2545053958892822,-1.2545053958892822,0.0,-0.625,-0.625,0.0,0.9350708411278408,0.9350708411278408,0.0,0.40609610649045347,0.40609610649045347,0.0,6.768771423828808,6.768771423828808,0.0,0.5827073518287564,0.5827073518287564,0.2708065822803784,0.2708065822803784,0.914447468433309,0.914447468433309,0.0,0.0,0.0,0.0,0.0,False,0,0.0034649045691880426,0.0034649045691880426,0.0,1.1739278663554165e-05,1.1739278663554165e-05,0.0,6.283583067236503e-06,6.283583067236503e-06,0.0,3.1595839890100166e-06,3.1595839890100166e-06,0.0,0.00025099684513884955,0.00025099684513884955,0.0,0.31190076954837803,0.31190076954837803,0.0,0.5827073518287564,0.5827073518287564,0.0,0.10125935440484894,0.10125935440484894,0.0,0.0003887515186126296,0.0003887515186126296,0.0,6.688839357223346e-06,6.688839357223346e-06,0.0
pccv1_n06_distractors_r03,6,distractors,3,18,13,L18H13,0.5,7,6,False,True,-1.2545053958892822,-0.30294278264045715,0.9515626132488251,-0.625,1.5,2.125,0.9350708411278408,0.5705168132963504,-0.3645540278314904,0.40609610649045347,0.24777230384763274,-0.15832380264282073,6.768771423828808,6.196046409886168,-0.5727250139426401,0.5827073518287564,0.8024994577891438,0.2708065822803784,0.623437625253624,0.914447468433309,0.9204259508821906,0.00597848244888155,0.9834377198792413,0.6411804702357817,0.49171885993962067,0.13066714609040234,True,1,0.0034649045691880426,0.002254055818148019,-0.0012108487510400236,1.1739278663554165e-05,9.211810938311079e-06,-2.5274677252430862e-06,6.283583067236503e-06,5.947592158052885e-06,-3.3599090918361874e-07,3.1595839890100166e-06,7.1741655722624005e-06,4.014581583252384e-06,0.00025099684513884955,0.0013671539624104175,0.0011161571172715679,0.31190076954837803,0.8024994577891438,0.49059868824076575,0.5827073518287564,0.17906183253551974,-0.40364551929323667,0.10125935440484894,0.014698290277270935,-0.08656106412757801,0.0003887515186126296,9.303599472570559e-05,-0.000295715523886924,6.688839357223346e-06,3.8400541126409315e-06,-2.8487852445824148e-06
pccv1_n06_distractors_r03,6,distractors,3,18,13,L18H13,1.5,7,7,False,False,-1.2545053958892822,-3.1389505863189697,-1.8844451904296875,-0.625,-2.625,-2.0,0.9350708411278408,0.8152659384859379,-0.11980490264190291,0.40609610649045347,0.35406549836811874,-0.05203060812233473,6.768771423828808,7.2393782055412785,0.47060678171247083,0.5827073518287564,0.6444335005632156,0.2708065822803784,0.3400246694313447,0.914447468433309,0.9281453558571684,0.013697887423859356,0.5310388253792973,0.3397366125469481,0.2655194126896486,0.08245128589988146,False,1,0.0034649045691880426,0.003381676651254341,-8.322791793370166e-05,1.1739278663554165e-05,8.922952737078179e-06,-2.8163259264759866e-06,6.283583067236503e-06,3.959536275059051e-06,-2.324046792177452e-06,3.1595839890100166e-06,1.2854732212928104e-06,-1.8741107677172063e-06,0.00025099684513884955,3.99898997569064e-05,-0.00021100694538194316,0.31190076954837803,0.04668260620553148,-0.26521816334284654,0.5827073518287564,0.6444335005632156,0.06172614873445914,0.10125935440484894,0.3044088311318709,0.20314947672702194,0.0003887515186126296,0.0010313531079850923,0.0006426015893724626,6.688839357223346e-06,7.87447815238023e-06,1.1856387951568836e-06
pccv1_n06_distractors_r04,6,distractors,4,18,13,L18H13,1.0,6,6,True,True,-0.12465370446443558,-0.12465370446443558,0.0,3.625,3.625,0.0,0.2665689942546841,0.2665689942546841,0.0,0.11576944325130893,0.11576944325130893,0.0,5.978673232709587,5.978673232709587,0.0,0.9448218921063134,0.9448218921063134,0.9196432415380527,0.9196432415380527,0.9343586926657963,0.9343586926657963,0.0,0.0,0.0,0.0,0.0,False,0,0.004375393400007454,0.004375393400007454,0.0,2.9481168829398583e-05,2.9481168829398583e-05,0.0,1.0845515914040097e-05,1.0845515914040097e-05,0.0,3.138254086131671e-05,3.138254086131671e-05,0.0,0.025178650568260706,0.025178650568260706,0.0,0.9448218921063134,0.9448218921063134,0.0,0.025178650568260706,0.025178650568260706,0.0,0.0003591541612186278,0.0003591541612186278,0.0,1.30821893660918e-05,1.30821893660918e-05,0.0,1.4677809680738068e-06,1.4677809680738068e-06,0.0
pccv1_n06_distractors_r04,6,distractors,4,18,13,L18H13,0.5,6,6,True,True,-0.12465370446443558,-0.24535894393920898,-0.12070523947477341,3.625,1.875,-1.75,0.2665689942546841,0.48506191194052,0.2184929176858359,0.11576944325130893,0.21065971173720888,0.09489026848589995,5.978673232709587,5.865779616019856,-0.11289361668973097,0.9448218921063134,0.8517123659373058,0.9196432415380527,0.7210980442975747,0.9343586926657963,0.9186477172182776,-0.01571097544751865,0.21110818875781512,0.14112806270555805,0.10555409437890756,0.021645751689203872,False,1,0.004375393400007454,0.003480753770899237,-0.0008946396291082174,2.9481168829398583e-05,3.0114420702932987e-05,6.332518735344047e-07,1.0845515914040097e-05,1.6119087844473767e-05,5.27357193043367e-06,3.138254086131671e-05,0.00014366786610321456,0.00011228532524189784,0.025178650568260706,0.1306143216397311,0.1054356710714704,0.9448218921063134,0.8517123659373058,-0.09310952616900758,0.025178650568260706,0.013766648217501596,-0.01141200235075911,0.0003591541612186278,0.00022251714396077045,-0.00013663701725785733,1.30821893660918e-05,1.1792976591380843e-05,-1.2892127747109574e-06,1.4677809680738068e-06,1.6989393594521084e-06,2.311583913783016e-07
pccv1_n06_distractors_r04,6,distractors,4,18,13,L18H13,1.5,6,6,True,True,-0.12465370446443558,-0.1686643362045288,-0.04401063174009323,3.625,2.5,-1.125,0.2665689942546841,0.3531723664253167,0.08660337217063258,0.11576944325130893,0.1533808098992283,0.03761136664791938,5.978673232709587,6.0318206486826185,0.05314741597303119,0.9448218921063134,0.9108530029525959,0.9196432415380527,0.8360856354586579,0.9343586926657963,0.9274739383688484,-0.006884754296947904,0.10750266903367532,0.06337335653872807,0.05375133451683766,0.010385172812004052,False,1,0.004375393400007454,0.007880422556393,0.003505029156385545,2.9481168829398583e-05,3.649359644455829e-05,7.012427615159709e-06,1.0845515914040097e-05,1.0455590436045929e-05,-3.899254779941679e-07,3.138254086131671e-05,1.1847736128505747e-05,-1.9534804732810963e-05,0.025178650568260706,0.005416129935351453,-0.01976252063290925,0.9448218921063134,0.9108530029525959,-0.03396888915371754,0.025178650568260706,0.07476736749393792,0.04958871692567721,0.0003591541612186278,0.0010018832975211692,0.0006427291363025414,1.30821893660918e-05,2.0793424466770793e-05,7.711235100678992e-06,1.4677809680738068e-06,1.6034167246639746e-06,1.356357565901678e-07
pccv1_n06_distractors_r05,6,distractors,5,18,13,L18H13,1.0,6,6,True,True,-0.12617428600788116,-0.12617428600788116,0.0,3.0,3.0,0.0,0.31181142582870786,0.31181142582870786,0.0,0.1354179816317929,0.1354179816317929,0.0,6.022785472172339,6.022785472172339,0.0,0.9292445788147575,0.9292445788147575,0.8829802154388403,0.8829802154388403,0.9485782578030921,0.9485782578030921,0.0,0.0,0.0,0.0,0.0,False,0,0.000960186229015407,0.000960186229015407,0.0,1.1354648893484684e-05,1.1354648893484684e-05,0.0,1.0020442478435837e-05,1.0020442478435837e-05,0.0,2.7238386702251254e-05,2.7238386702251254e-05,0.0,0.021853737842639692,0.021853737842639692,0.0,0.9292445788147575,0.9292445788147575,0.0,0.046264363375917265,0.046264363375917265,0.0,0.001583079459611046,0.001583079459611046,0.0,4.218763861035981e-05,4.218763861035981e-05,0.0,3.2531613746466117e-06,3.2531613746466117e-06,0.0
pccv1_n06_distractors_r05,6,distractors,5,18,13,L18H13,0.5,6,6,True,True,-0.12617428600788116,-0.3126838505268097,-0.18650956451892853,3.0,1.375,-1.625,0.31181142582870786,0.5713477484075926,0.25953632257888476,0.1354179816317929,0.2481331743812649,0.112715192749472,6.022785472172339,5.807449047752464,-0.215336424419875,0.9292445788147575,0.7879662769447627,0.8829802154388403,0.588737201974278,0.9485782578030921,0.9283152713007894,-0.020262986502302738,0.35509648543918754,0.22945545914447021,0.17754824271959377,0.04983919892178408,False,1,0.000960186229015407,0.0009821171240499407,2.193089503453366e-05,1.1354648893484684e-05,1.4009148383481996e-05,2.6544994899973117e-06,1.0020442478435837e-05,1.491266082837467e-05,4.892218349938834e-06,2.7238386702251254e-05,0.00017066636557636823,0.00014342797887411697,0.021853737842639692,0.19922907497048473,0.17737533712784503,0.9292445788147575,0.7879662769447627,-0.1412783018699948,0.046264363375917265,0.011239735286743383,-0.03502462808917388,0.001583079459611046,0.00036130069876039633,-0.0012217787608506498,4.218763861035981e-05,1.914823553407675e-05,-2.3039403076283062e-05,3.2531613746466117e-06,2.7585648763755666e-06,-4.945964982710451e-07
pccv1_n06_distractors_r05,6,distractors,5,18,13,L18H13,1.5,6,6,True,True,-0.12617428600788116,-0.3467969298362732,-0.22062264382839203,3.0,1.125,-1.875,0.31181142582870786,0.6439471366758248,0.33213571084711696,0.1354179816317929,0.2796626880957098,0.14424470646391693,6.022785472172339,6.255609929585939,0.23282445741359936,0.9292445788147575,0.7426163917057607,0.8829802154388403,0.5015241478377307,0.9485782578030921,0.9519704659360286,0.003392208132936503,0.4116463031244012,0.2706741506314869,0.2058231515622006,0.04797755447138448,False,1,0.000960186229015407,0.0014335868849988825,0.00047340065598347545,1.1354648893484684e-05,1.0945570937888427e-05,-4.090779555962568e-07,1.0020442478435837e-05,9.07419702261866e-06,-9.462454558171765e-07,2.7238386702251254e-05,9.07419702261866e-06,-1.8164189679632594e-05,0.021853737842639692,0.002678292902527014,-0.01917544494011268,0.9292445788147575,0.7426163917057607,-0.18662818710899687,0.046264363375917265,0.24109224386802994,0.19482788049211267,0.001583079459611046,0.012003276028419331,0.010420196568808285,4.218763861035981e-05,0.00014194432366942004,9.975668505906023e-05,3.2531613746466117e-06,5.170321611712592e-06,1.91716023706598e-06
pccv1_n06_grid_r00,6,grid,0,18,13,L18H13,1.0,6,6,True,True,-0.2996894121170044,-0.2996894121170044,0.0,1.25,1.25,0.0,0.5732959077991732,0.5732959077991732,0.0,0.2489792492548963,0.2489792492548963,0.0,5.746254929461064,5.746254929461064,0.0,0.771482736239993,0.771482736239993,0.5504492316124101,0.5504492316124101,0.960550771873045,0.960550771873045,0.0,0.0,0.0,0.0,0.0,False,0,0.006674633488417929,0.006674633488417929,0.0,2.2614008822756782e-05,2.2614008822756782e-05,0.0,7.3416937611714785e-06,7.3416937611714785e-06,0.0,1.0682101391260514e-05,1.0682101391260514e-05,0.0,0.2210335046275828,0.2210335046275828,0.0,0.771482736239993,0.771482736239993,0.0,0.0007488731227634464,0.0007488731227634464,0.0,1.3716089690013985e-05,1.3716089690013985e-05,0.0,4.452962360371462e-06,4.452962360371462e-06,0.0,1.4456652173484561e-06,1.4456652173484561e-06,0.0
pccv1_n06_grid_r00,6,grid,0,18,13,L18H13,0.5,6,6,True,True,-0.2996894121170044,-0.4440998136997223,-0.1444104015827179,1.25,0.75,-0.5,0.5732959077991732,0.6716723525651309,0.09837644476595775,0.2489792492548963,0.2917035963660118,0.042724347111115474,5.746254929461064,5.6447377615826,-0.10151716787846432,0.771482736239993,0.6737058852226441,0.5504492316124101,0.35546975865868996,0.960550771873045,0.9520495933088569,-0.008501178564188194,0.19603925048384432,0.137874490485446,0.09801962524192216,0.006082649536707042,False,1,0.006674633488417929,0.0074841963467318215,0.0008095628583138928,2.2614008822756782e-05,2.5356850306450883e-05,2.742841483694101e-06,7.3416937611714785e-06,7.26485924606396e-06,-7.683451510751876e-08,1.0682101391260514e-05,1.5379707144606146e-05,4.697605753345632e-06,0.2210335046275828,0.3182361265639541,0.0972026219363713,0.771482736239993,0.6737058852226441,-0.0977768510173489,0.0007488731227634464,0.0005093059530859618,-0.00023956716967748462,1.3716089690013985e-05,1.1252034115616185e-05,-2.4640555743977995e-06,4.452962360371462e-06,3.88859893803759e-06,-5.643634223338721e-07,1.4456652173484561e-06,1.3438638334664345e-06,-1.0180138388202161e-07
pccv1_n06_grid_r00,6,grid,0,18,13,L18H13,1.5,6,6,True,True,-0.2996894121170044,-0.1992645114660263,0.10042490065097809,1.25,1.75,0.5,0.5732959077991732,0.4569571046817304,-0.11633880311744277,0.2489792492548963,0.1984539490297621,-0.05052530022513421,5.746254929461064,5.828603072150501,0.0823481426894368,0.771482736239993,0.8467706761357293,0.5504492316124101,0.699623996545424,0.960550771873045,0.9675974194854007,0.007046647612355628,0.15106456693011935,0.1055001602197683,0.07553228346505968,0.004674443625356714,False,1,0.006674633488417929,0.005035082491389884,-0.0016395509970280444,2.2614008822756782e-05,1.9330519894900174e-05,-3.283488927856608e-06,7.3416937611714785e-06,7.569940357430713e-06,2.2824659625923426e-07,1.0682101391260514e-05,8.058159564823673e-06,-2.6239418264368406e-06,0.2210335046275828,0.1471466795903054,-0.07388682503727742,0.771482736239993,0.8467706761357293,0.07528793989573634,0.0007488731227634464,0.000991466528170889,0.00024259340540744268,1.3716089690013985e-05,1.5054624031325625e-05,1.3385343413116403e-06,4.452962360371462e-06,4.591400918977738e-06,1.384385586062754e-07,1.4456652173484561e-06,1.490609636977517e-06,4.494441962906095e-08
pccv1_n06_grid_r01,6,grid,1,18,13,L18H13,1.0,6,6,True,True,-0.11343618482351303,-0.11343618482351303,0.0,2.5,2.5,0.0,0.3161576085686268,0.3161576085686268,0.0,0.13730550481308285,0.13730550481308285,0.0,5.890514786218813,5.890514786218813,0.0,0.9167799411688303,0.9167799411688303,0.8415260609595688,0.8415260609595688,0.9738009438259496,0.9738009438259496,0.0,0.0,0.0,0.0,0.0,False,0,0.0069997012287849126,0.0069997012287849126,0.0,3.0451119099735025e-05,3.0451119099735025e-05,0.0,1.052362516648851e-05,1.052362516648851e-05,0.0,1.2693915009386345e-05,1.2693915009386345e-05,0.0,0.07525388020926146,0.07525388020926146,0.0,0.9167799411688303,0.9167799411688303,0.0,0.0008899121460268399,0.0008899121460268399,0.0,1.4384090156247907e-05,1.4384090156247907e-05,0.0,6.794563081422787e-06,6.794563081422787e-06,0.0,1.71793458317679e-06,1.71793458317679e-06,0.0
pccv1_n06_grid_r01,6,grid,1,18,13,L18H13,0.5,6,6,True,True,-0.11343618482351303,-0.18691618740558624,-0.07348000258207321,2.5,1.875,-0.625,0.3161576085686268,0.4480578767631916,0.1319002681945648,0.13730550481308285,0.19458906345154134,0.05728355863845849,5.890514786218813,5.821155430155492,-0.06935935606332144,0.9167799411688303,0.8581583363933246,0.8415260609595688,0.7265554931680274,0.9738009438259496,0.9666202952147387,-0.007180648611210927,0.11780598922093642,0.08135229587196174,0.05890299461046821,0.004482075297534386,False,1,0.0069997012287849126,0.009533277988257219,0.0025335767594723063,3.0451119099735025e-05,4.1473053483697954e-05,1.1021934383962928e-05,1.052362516648851e-05,1.1162320915787463e-05,6.386957492989527e-07,1.2693915009386345e-05,2.0853960926481075e-05,8.16004591709473e-06,0.07525388020926146,0.13160284322529728,0.056348963016035813,0.9167799411688303,0.8581583363933246,-0.05862160477550571,0.0008899121460268399,0.0006094420720782679,-0.000280470073948572,1.4384090156247907e-05,1.3464329142367343e-05,-9.197610138805636e-07,6.794563081422787e-06,7.206936050793414e-06,4.1237296937062705e-07,1.71793458317679e-06,1.9397205235957715e-06,2.2178594041898143e-07
pccv1_n06_grid_r01,6,grid,1,18,13,L18H13,1.5,6,6,True,True,-0.11343618482351303,-0.08229919523000717,0.03113698959350586,2.5,2.875,0.375,0.3161576085686268,0.2510436973061839,-0.06511391126244287,0.13730550481308285,0.10902689245666591,-0.028278612356416932,5.890514786218813,5.920006726476342,0.02949194025752888,0.9167799411688303,0.9401943083903336,0.8415260609595688,0.8871521751275271,0.9738009438259496,0.9795808840998461,0.0057799402738965,0.04725458999105681,0.03230517573354139,0.023627294995528406,0.0010853244860574468,False,1,0.0069997012287849126,0.005590599715006878,-0.0014091015137780343,3.0451119099735025e-05,2.7559349530837286e-05,-2.8917695688977394e-06,1.052362516648851e-05,1.013851810445287e-05,-3.8510706203564094e-07,1.2693915009386345e-05,9.524256344893946e-06,-3.1696586644923984e-06,0.07525388020926146,0.053042133262806525,-0.02221174694645494,0.9167799411688303,0.9401943083903336,0.02341436722150325,0.0008899121460268399,0.0011008543552780943,0.00021094220925125444,1.4384090156247907e-05,1.5702844023427307e-05,1.3187538671794003e-06,6.794563081422787e-06,7.417498299576201e-06,6.229352181534147e-07,1.71793458317679e-06,1.7618102717545074e-06,4.387568857771736e-08
pccv1_n06_grid_r02,6,grid,2,18,13,L18H13,1.0,6,6,True,True,-0.11673906445503235,-0.11673906445503235,0.0,2.5,2.5,0.0,0.31735864747315695,0.31735864747315695,0.0,0.13782710938187143,0.13782710938187143,0.0,5.890763786714873,5.890763786714873,0.0,0.9166130447126809,0.9166130447126809,0.8413728641987928,0.8413728641987928,0.9707666303972928,0.9707666303972928,0.0,0.0,0.0,0.0,0.0,False,0,0.0069984269586174175,0.0069984269586174175,0.0,2.5240268679048264e-05,2.5240268679048264e-05,0.0,9.285375936665334e-06,9.285375936665334e-06,0.0,1.0521709378776257e-05,1.0521709378776257e-05,0.0,0.0752401805138881,0.0752401805138881,0.0,0.9166130447126809,0.9166130447126809,0.0,0.0010732435342054277,0.0010732435342054277,0.0,1.9657141012175442e-05,1.9657141012175442e-05,0.0,8.194315503440695e-06,8.194315503440695e-06,0.0,2.205470098086007e-06,2.205470098086007e-06,0.0
pccv1_n06_grid_r02,6,grid,2,18,13,L18H13,0.5,6,6,True,True,-0.11673906445503235,-0.1265469342470169,-0.009807869791984558,2.5,2.375,-0.125,0.31735864747315695,0.33742289883920534,0.02006425136604839,0.13782710938187143,0.14654090303366601,0.008713793651794588,5.890763786714873,5.881576395730361,-0.009187390984512156,0.9166130447126809,0.9077772347904962,0.8413728641987928,0.8233407989793897,0.9707666303972928,0.9706486867492004,-0.00011794364809247782,0.01840642934490688,0.012756748270987139,0.00920321467245344,0.00015536499891542765,False,1,0.0069984269586174175,0.006930964717361599,-6.746224125581818e-05,2.5240268679048264e-05,3.0152091523065882e-05,4.911822844017618e-06,9.285375936665334e-06,9.195868355133893e-06,-8.95075815314412e-08,1.0521709378776257e-05,1.2569261769836475e-05,2.0475523910602184e-06,0.0752401805138881,0.08443643581110653,0.00919625529721843,0.9166130447126809,0.9077772347904962,-0.00883580992218469,0.0010732435342054277,0.0007776326895941846,-0.0002956108446112431,1.9657141012175442e-05,1.613925158147158e-05,-3.517889430703862e-06,8.194315503440695e-06,7.6236426333596994e-06,-5.706728700809954e-07,2.205470098086007e-06,2.0518755787849034e-06,-1.535945193011035e-07
pccv1_n06_grid_r02,6,grid,2,18,13,L18H13,1.5,6,6,True,True,-0.11673906445503235,-0.07648059725761414,0.04025846719741821,2.5,3.0,0.5,0.31735864747315695,0.2331150315781744,-0.08424361589498255,0.13782710938187143,0.10124057186310342,-0.036586537518768,5.890763786714873,5.929522325183543,0.03875853846866928,0.9166130447126809,0.9463332102886453,0.8413728641987928,0.8992180540492243,0.9707666303972928,0.9789056374008851,0.008139007003592269,0.060330082983296646,0.0409711014130916,0.030165041491648323,0.001855271867700888,False,1,0.0069984269586174175,0.004965900932746053,-0.0020325260258713647,2.5240268679048264e-05,2.1603385030018674e-05,-3.6368836490295896e-06,9.285375936665334e-06,9.005630715506038e-06,-2.7974522115929606e-07,1.0521709378776257e-05,7.013592253287999e-06,-3.5081171254882583e-06,0.0752401805138881,0.04711515623942095,-0.028125024274467156,0.9166130447126809,0.9463332102886453,0.029720165575964352,0.0010732435342054277,0.0015145142156137228,0.00044127068140829514,1.9657141012175442e-05,2.2996683658323913e-05,3.339542646148471e-06,8.194315503440695e-06,8.460007133020642e-06,2.6569162957994723e-07,2.205470098086007e-06,2.1390247840182107e-06,-6.644531406779626e-08
pccv1_n06_grid_r03,6,grid,3,18,13,L18H13,1.0,6,6,True,True,-0.03487961366772652,-0.03487961366772652,0.0,4.375,4.375,0.0,0.09616449509833587,0.09616449509833587,0.0,0.041763709576219575,0.041763709576219575,0.0,5.975089914324185,5.975089914324185,0.0,0.983509224881068,0.983509224881068,0.9711286708615191,0.9711286708615191,0.9819141933811579,0.9819141933811579,0.0,0.0,0.0,0.0,0.0,False,0,0.0027624750011082306,0.0027624750011082306,0.0,1.2017720831120383e-05,1.2017720831120383e-05,0.0,5.676769360800218e-06,5.676769360800218e-06,0.0,3.6651977726716667e-06,3.6651977726716667e-06,0.0,0.01238055401954889,0.01238055401954889,0.0,0.983509224881068,0.983509224881068,0.0,0.0013049007933067258,0.0013049007933067258,0.0,1.54310589978163e-05,1.54310589978163e-05,0.0,4.706207097297719e-06,4.706207097297719e-06,0.0,1.3483509083932677e-06,1.3483509083932677e-06,0.0
pccv1_n06_grid_r03,6,grid,3,18,13,L18H13,0.5,6,6,True,True,-0.03487961366772652,-0.04976976662874222,-0.014890152961015701,4.375,3.875,-0.5,0.09616449509833587,0.13293385706031605,0.036769361961980176,0.041763709576219575,0.05773244057941089,0.015968731003191315,5.975089914324185,5.960745458150224,-0.014344456173961184,0.983509224881068,0.9747926317760086,0.9711286708615191,0.9545614561393363,0.9819141933811579,0.976052145886456,-0.005862047494701983,0.018156876198817097,0.011799638026763998,0.009078438099408549,0.0005571075453219977,False,1,0.0027624750011082306,0.003983754685967412,0.0012212796848591815,1.2017720831120383e-05,1.628069486845901e-05,4.262974037338627e-06,5.676769360800218e-06,5.989332930091469e-06,3.125635692912511e-07,3.6651977726716667e-06,5.6264575920668366e-06,1.96125981939517e-06,0.01238055401954889,0.02023117563667226,0.00785062161712337,0.983509224881068,0.9747926317760086,-0.008716593105059345,0.0013049007933067258,0.0009462246760863494,-0.00035867611722037636,1.54310589978163e-05,1.267941791250248e-05,-2.7516410853138222e-06,4.706207097297719e-06,4.381889578619703e-06,-3.243175186780158e-07,1.3483509083932677e-06,1.255432383586222e-06,-9.291852480704585e-08
pccv1_n06_grid_r03,6,grid,3,18,13,L18H13,1.5,6,6,True,True,-0.03487961366772652,-0.025640232488512993,0.009239381179213524,4.375,4.875,0.5,0.09616449509833587,0.07417856270206102,-0.021985932396274846,0.041763709576219575,0.032215340457019466,-0.009548369119200109,5.975089914324185,5.983542466919009,0.008452552594824247,0.983509224881068,0.9883409715943454,0.9711286708615191,0.980794895155863,0.9819141933811579,0.9861836113242362,0.004269417943078224,0.01087459201970303,0.006887830399674156,0.005437296009851515,0.00034604714268986973,False,1,0.0027624750011082306,0.002161987097098874,-0.0006004879040093568,1.2017720831120383e-05,1.0657704204822469e-05,-1.3600166262979138e-06,5.676769360800218e-06,5.7046579774061245e-06,2.7888616605906784e-08,3.6651977726716667e-06,2.6946896233538602e-06,-9.705081493178064e-07,0.01238055401954889,0.0075460764384824245,-0.004834477581066466,0.983509224881068,0.9883409715943454,0.004831746713277463,0.0013049007933067258,0.001907946916617617,0.0006030461233108913,1.54310589978163e-05,1.7571583619321e-05,2.140524621504699e-06,4.706207097297719e-06,5.034342995365407e-06,3.2813589806768796e-07,1.3483509083932677e-06,1.3549750354529419e-06,6.624127059674137e-09
pccv1_n06_grid_r04,6,grid,4,18,13,L18H13,1.0,6,6,True,True,-0.5815476179122925,-0.5815476179122925,0.0,0.375,0.375,0.0,0.7397670644085664,0.7397670644085664,0.0,0.32127675396640787,0.32127675396640787,0.0,5.537856026714274,5.537856026714274,0.0,0.5849870722755472,0.5849870722755472,0.182931729269244,0.182931729269244,0.9556323287069972,0.9556323287069972,0.0,0.0,0.0,0.0,0.0,False,0,0.012141019349753118,0.012141019349753118,0.0,3.2035511673659064e-05,3.2035511673659064e-05,0.0,1.040040790794063e-05,1.040040790794063e-05,0.0,1.4215672132257244e-05,1.4215672132257244e-05,0.0,0.40205534300630325,0.40205534300630325,0.0,0.5849870722755472,0.5849870722755472,0.0,0.0007291248849599311,0.0007291248849599311,0.0,1.94305200296562e-05,1.94305200296562e-05,0.0,9.17832776437394e-06,9.17832776437394e-06,0.0,2.180043928520683e-06,2.180043928520683e-06,0.0
pccv1_n06_grid_r04,6,grid,4,18,13,L18H13,0.5,6,5,True,False,-0.5815476179122925,-0.8154274225234985,-0.23387980461120605,0.375,-0.125,-0.5,0.7397670644085664,0.7538810421759903,0.014113977767423846,0.32127675396640787,0.3274063766285052,0.006129622662097323,5.537856026714274,5.414317057097214,-0.12353896961706035,0.5849870722755472,0.5243595679628287,0.182931729269244,0.06161387339503571,0.9556323287069972,0.9561410817913156,0.000508753084318414,0.24500377377072827,0.17292014715347298,0.12250188688536413,0.00763609901883399,True,1,0.012141019349753118,0.01233175505651654,0.00019073570676342126,3.2035511673659064e-05,3.463736201105429e-05,2.6018503373952283e-06,1.040040790794063e-05,8.227094596171522e-06,-2.173313311769108e-06,1.4215672132257244e-05,1.8540043870166325e-05,4.3243717379090806e-06,0.40205534300630325,0.5243595679628287,0.12230422495652543,0.5849870722755472,0.46274569456779296,-0.12224137770775428,0.0007291248849599311,0.00047815403349126115,-0.00025097085146867,1.94305200296562e-05,1.4439000684263735e-05,-4.991519345392465e-06,9.17832776437394e-06,7.2603854983918295e-06,-1.9179422659821103e-06,2.180043928520683e-06,1.7244927105268134e-06,-4.555512179938696e-07
pccv1_n06_grid_r04,6,grid,4,18,13,L18H13,1.5,6,6,True,True,-0.5815476179122925,-0.40152305364608765,0.18002456426620483,0.375,0.875,0.5,0.7397670644085664,0.6638401633401378,-0.07592690106842859,0.32127675396640787,0.2883021198043752,-0.03297463416203267,5.537856026714274,5.660156426372186,0.12230039965791217,0.5849870722755472,0.698000644129752,0.182931729269244,0.40703068588092384,0.9556323287069972,0.9588814919018205,0.003249163194823268,0.22655458748701526,0.15848302258254165,0.11327729374350763,0.007026782256603933,False,1,0.012141019349753118,0.00995644445649893,-0.0021845748932541875,3.2035511673659064e-05,2.796560338752992e-05,-4.069908286129144e-06,1.040040790794063e-05,1.0951487639968469e-05,5.51079732027838e-07,1.4215672132257244e-05,1.0951487639968469e-05,-3.2641844922887756e-06,0.40205534300630325,0.2909699582488282,-0.11108538475747504,0.5849870722755472,0.698000644129752,0.1130135718542048,0.0007291248849599311,0.0009858215008230833,0.0002566966158631522,1.94305200296562e-05,2.4679558368404422e-05,5.249038338748222e-06,9.17832776437394e-06,1.0287970546226701e-05,1.109642781852761e-06,2.180043928520683e-06,2.295556515581893e-06,1.1551258706121001e-07
pccv1_n06_grid_r05,6,grid,5,18,13,L18H13,1.0,6,6,True,True,-0.5736193060874939,-0.5736193060874939,0.0,0.375,0.375,0.0,0.7292620342162526,0.7292620342162526,0.0,0.3167144773216589,0.3167144773216589,0.0,5.549911804533787,5.549911804533787,0.0,0.5865973890990228,0.5865973890990228,0.1834352926044881,0.1834352926044881,0.9605946951887745,0.9605946951887745,0.0,0.0,0.0,0.0,0.0,False,0,0.009481463724134286,0.009481463724134286,0.0,4.124764353028678e-05,4.124764353028678e-05,0.0,1.3391149244825273e-05,1.3391149244825273e-05,0.0,2.3502198844180982e-05,2.3502198844180982e-05,0.0,0.4031620964945347,0.4031620964945347,0.0,0.5865973890990228,0.5865973890990228,0.0,0.000645221703834492,0.000645221703834492,0.0,2.2078272599063386e-05,2.2078272599063386e-05,0.0,1.0429037518095975e-05,1.0429037518095975e-05,0.0,3.1806767372604246e-06,3.1806767372604246e-06,0.0
pccv1_n06_grid_r05,6,grid,5,18,13,L18H13,0.5,6,5,True,False,-0.5736193060874939,-0.8813463449478149,-0.30772703886032104,0.375,-0.25,-0.625,0.7292620342162526,0.7401383164820999,0.010876282265847359,0.3167144773216589,0.3214379866933386,0.004723509371679702,5.549911804533787,5.393188507220996,-0.15672329731279078,0.5865973890990228,0.5561323316636467,0.1834352926044881,0.12301603627267238,0.9605946951887745,0.9563825411262314,-0.00421215406254305,0.30736941635426257,0.21669534923080247,0.15368470817713129,0.01193723090375707,True,1,0.009481463724134286,0.010185918961101102,0.0007044552369668156,4.124764353028678e-05,4.431226723638064e-05,3.064623706093862e-06,1.3391149244825273e-05,1.1926484930583692e-05,-1.464664314241581e-06,2.3502198844180982e-05,3.0455346190484878e-05,6.953147346303896e-06,0.4031620964945347,0.5561323316636467,0.152970235169112,0.5865973890990228,0.43311629539097435,-0.15348109370804847,0.000645221703834492,0.00044753804528730617,-0.0001976836585471858,2.2078272599063386e-05,1.9663449389737873e-05,-2.414823209325513e-06,1.0429037518095975e-05,8.725602773611635e-06,-1.7034347444843397e-06,3.1806767372604246e-06,2.8327884696418767e-06,-3.478882676185479e-07
pccv1_n06_grid_r05,6,grid,5,18,13,L18H13,1.5,6,6,True,True,-0.5736193060874939,-0.39276596903800964,0.18085333704948425,0.375,0.875,0.5,0.7292620342162526,0.6539258685075254,-0.07533616570872714,0.3167144773216589,0.2839963962666097,-0.0327180810550492,5.549911804533787,5.670186378264795,0.1202745737310078,0.5865973890990228,0.6996505760109697,0.1834352926044881,0.4079928238258051,0.9605946951887745,0.9650342336913127,0.004439538502538198,0.2264596628649513,0.1587992226253337,0.11322983143247566,0.0070284892467669564,False,1,0.009481463724134286,0.007772415826885098,-0.0017090478972491881,4.124764353028678e-05,3.3812694613856973e-05,-7.434948916429805e-06,1.3391149244825273e-05,1.2438995199046341e-05,-9.521540457789324e-07,2.3502198844180982e-05,1.597198599363229e-05,-7.53021285054869e-06,0.4031620964945347,0.2916577521851646,-0.11150434430937012,0.5865973890990228,0.6996505760109697,0.11305318691194688,0.000645221703834492,0.0008192066011260509,0.00017398489729155895,2.2078272599063386e-05,2.4737895836297694e-05,2.659623237234308e-06,1.0429037518095975e-05,1.0312289220915621e-05,-1.1674829718035391e-07,3.1806767372604246e-06,2.7755149908487595e-06,-4.051617464116651e-07
pccv1_n06_random_sparse_r00,6,random_sparse,0,18,13,L18H13,1.0,6,6,True,True,-0.013034850358963013,-0.013034850358963013,0.0,4.75,4.75,0.0,0.05505618300444632,0.05505618300444632,0.0,0.02391059647348663,0.02391059647348663,0.0,5.99079108966979,5.99079108966979,0.0,0.9908132805643006,0.9908132805643006,0.9822410660576543,0.9822410660576543,0.9962015826001789,0.9962015826001789,0.0,0.0,0.0,0.0,0.0,False,0,0.00020159916219050403,0.00020159916219050403,0.0,2.701430318638723e-06,2.701430318638723e-06,0.0,7.34324894600397e-06,7.34324894600397e-06,0.0,8.320991183649e-06,8.320991183649e-06,0.0,0.00857221450664638,0.00857221450664638,0.0,0.9908132805643006,0.9908132805643006,0.0,0.00037663681978413214,0.00037663681978413214,0.0,1.2106970733323042e-05,1.2106970733323042e-05,0.0,3.2585469670449864e-06,3.2585469670449864e-06,0.0,2.537758929609587e-06,2.537758929609587e-06,0.0
pccv1_n06_random_sparse_r00,6,random_sparse,0,18,13,L18H13,0.5,6,6,True,True,-0.013034850358963013,-0.01834099367260933,-0.0053061433136463165,4.75,4.25,-0.5,0.05505618300444632,0.0795216410321624,0.024465458027716082,0.02391059647348663,0.03453580989215934,0.010625213418672709,5.99079108966979,5.98512065200812,-0.005670437661669858,0.9908132805643006,0.9853462685926773,0.9822410660576543,0.9712910589361117,0.9962015826001789,0.9964275676459238,0.00022598504574489198,0.011027832403999445,0.007743012985340924,0.005513916201999722,0.0003406034280121923,False,1,0.00020159916219050403,0.00022718130521943408,2.558214302893005e-05,2.701430318638723e-06,3.2405672774017614e-06,5.391369587630383e-07,7.34324894600397e-06,8.275078437716818e-06,9.318294917128482e-07,8.320991183649e-06,1.204016808217017e-05,3.719176898521169e-06,0.00857221450664638,0.014055209656565554,0.005482995149919175,0.9908132805643006,0.9853462685926773,-0.005467011971623359,0.00037663681978413214,0.00033054684865603377,-4.608997112809837e-05,1.2106970733323042e-05,1.1310691174860532e-05,-7.962795584625106e-07,3.2585469670449864e-06,3.2405672774017614e-06,-1.797968964322495e-08,2.537758929609587e-06,2.686524632388643e-06,1.4876570277905607e-07
pccv1_n06_random_sparse_r00,6,random_sparse,0,18,13,L18H13,1.5,6,6,True,True,-0.013034850358963013,-0.010946226306259632,0.0020886240527033806,4.75,5.0,0.25,0.05505618300444632,0.047229690995137935,-0.007826492009308385,0.02391059647348663,0.020511594181184107,-0.003399002292302524,5.99079108966979,5.992860208789462,0.0020691191196720027,0.9908132805643006,0.9925229316009756,0.9822410660576543,0.9858353646924713,0.9962015826001789,0.9965648336496997,0.00036325104952084075,0.003773272610833344,0.0025503942221936754,0.001886636305416672,6.69584405346282e-05,False,1,0.00020159916219050403,0.00020194702209851365,3.4785990800961417e-07,2.701430318638723e-06,2.542137839612052e-06,-1.592924790266712e-07,7.34324894600397e-06,7.3559197422269955e-06,1.267079622302573e-08,8.320991183649e-06,6.4915763881762e-06,-1.8294147954728004e-06,0.00857221450664638,0.006687566908504304,-0.0018846475981420755,0.9908132805643006,0.9925229316009756,0.001709651036674975,0.00037663681978413214,0.0005489489204818069,0.0001723121006976748,1.2106970733323042e-05,1.5572482216496052e-05,3.4655114831730102e-06,3.2585469670449864e-06,3.937340109295464e-06,6.787931422504775e-07,2.537758929609587e-06,2.706091644072447e-06,1.6833271446286033e-07
pccv1_n06_random_sparse_r01,6,random_sparse,1,18,13,L18H13,1.0,6,6,True,True,-0.01874786801636219,-0.01874786801636219,0.0,4.75,4.75,0.0,0.06184116157944541,0.06184116157944541,0.0,0.026857275228440523,0.026857275228440523,0.0,5.989589097708697,5.989589097708697,0.0,0.9899315444774948,0.9899315444774948,0.981366958482721,0.981366958482721,0.9914087306176498,0.9914087306176498,0.0,0.0,0.0,0.0,0.0,False,0,0.0005475156647668073,0.0005475156647668073,0.0,6.082349624527898e-06,6.082349624527898e-06,0.0,1.2096196601398414e-05,1.2096196601398414e-05,0.0,8.313586238288924e-06,8.313586238288924e-06,0.0,0.008564585994773742,0.008564585994773742,0.0,0.9899315444774948,0.9899315444774948,0.0,0.0009027007225425559,0.0009027007225425559,0.0,1.873495579448109e-05,1.873495579448109e-05,0.0,5.367654704082446e-06,5.367654704082446e-06,0.0,3.058397459472323e-06,3.058397459472323e-06,0.0
pccv1_n06_random_sparse_r01,6,random_sparse,1,18,13,L18H13,0.5,6,6,True,True,-0.01874786801636219,-0.025022832676768303,-0.006274964660406113,4.75,4.25,-0.5,0.06184116157944541,0.0849341779325144,0.02309301635306899,0.026857275228440523,0.03688644480107994,0.01002916957263942,5.989589097708697,5.983907349667742,-0.0056817480409545595,0.9899315444774948,0.9846562828480891,0.981366958482721,0.9706109153095783,0.9914087306176498,0.9904853431414722,-0.0009233874761775951,0.01096861680824336,0.00760978025332887,0.00548430840412168,0.0003456339263012059,False,1,0.0005475156647668073,0.0005445980000111425,-2.9176647556647525e-06,6.082349624527898e-06,6.4401247293052645e-06,3.577751047773667e-07,1.2096196601398414e-05,1.2031736990883847e-05,-6.445961051456722e-08,8.313586238288924e-06,1.1302770897572387e-05,2.9891846592834626e-06,0.008564585994773742,0.014045367538510876,0.005480781543737134,0.9899315444774948,0.9846562828480891,-0.005275261629405614,0.0009027007225425559,0.0006992776738916178,-0.0002034230486509381,1.873495579448109e-05,1.6445434617364283e-05,-2.2895211771168083e-06,5.367654704082446e-06,5.015574182260459e-06,-3.520805218219874e-07,3.058397459472323e-06,3.238298079966245e-06,1.7990062049392216e-07
pccv1_n06_random_sparse_r01,6,random_sparse,1,18,13,L18H13,1.5,6,6,True,True,-0.01874786801636219,-0.015031639486551285,0.0037162285298109055,4.75,5.375,0.625,0.06184116157944541,0.04385401983462384,-0.017987141744821564,0.026857275228440523,0.01904555882345289,-0.0078117164049876335,5.989589097708697,5.994593354277855,0.005004256569158372,0.9899315444774948,0.993595219464935,0.981366958482721,0.9889939607495658,0.9914087306176498,0.99143067477371,2.194415606027178e-05,0.00817434185464689,0.005414566690904409,0.004087170927323445,0.00032832676285750263,False,1,0.0005475156647668073,0.00042798372913618394,-0.00011953193563062336,6.082349624527898e-06,5.387520059813627e-06,-6.948295647142705e-07,1.2096196601398414e-05,1.1405380056126568e-05,-6.908165452718463e-07,8.313586238288924e-06,5.387520059813627e-06,-2.926066178475297e-06,0.008564585994773742,0.004601258715369244,-0.003963327279404498,0.9899315444774948,0.993595219464935,0.0036636749874402463,0.0009027007225425559,0.0013182826935480448,0.00041558197100548884,1.873495579448109e-05,2.5702420717868955e-05,6.967464923387864e-06,5.367654704082446e-06,6.104860021644308e-06,7.372053175618615e-07,3.058397459472323e-06,3.2676960960938054e-06,2.0929863662148245e-07
pccv1_n06_random_sparse_r02,6,random_sparse,2,18,13,L18H13,1.0,6,6,True,True,-0.020070325583219528,-0.020070325583219528,0.0,4.375,4.375,0.0,0.07900683698958665,0.07900683698958665,0.0,0.034312233337207204,0.034312233337207204,0.0,5.986748313481817,5.986748313481817,0.0,0.9861238374992531,0.9861238374992531,0.9737103703641576,0.9737103703641576,0.993921535649406,0.993921535649406,0.0,0.0,0.0,0.0,0.0,False,0,0.00037485422667882744,0.00037485422667882744,0.0,5.347008371123823e-06,5.347008371123823e-06,0.0,1.0633795897824124e-05,1.0633795897824124e-05,0.0,1.2826806278124195e-05,1.2826806278124195e-05,0.0,0.012413467135095469,0.012413467135095469,0.0,0.9861238374992531,0.9861238374992531,0.0,0.0010189594327021244,0.0010189594327021244,0.0,2.8905654156597656e-05,2.8905654156597656e-05,0.0,6.449723241156761e-06,6.449723241156761e-06,0.0,4.7187183256106766e-06,4.7187183256106766e-06,0.0
pccv1_n06_random_sparse_r02,6,random_sparse,2,18,13,L18H13,0.5,6,6,True,True,-0.020070325583219528,-0.02876948192715645,-0.00869915634393692,4.375,3.875,-0.5,0.07900683698958665,0.11110233368291998,0.032095496693333336,0.034312233337207204,0.04825113044506593,0.013938897107858728,5.986748313481817,5.977768104318444,-0.008980209163373054,0.9861238374992531,0.9782946293874988,0.9737103703641576,0.9579907721091647,0.993921535649406,0.9931981411427842,-0.0007233945066218439,0.016129878932982254,0.011119177909024417,0.008064939466491127,0.0005036538163124536,False,1,0.00037485422667882744,0.0005410794689137931,0.00016622524223496564,5.347008371123823e-06,6.398516462050508e-06,1.0515080909266849e-06,1.0633795897824124e-05,1.1954002513789388e-05,1.320206615965264e-06,1.2826806278124195e-05,1.8514721283305594e-05,5.687915005181398e-06,0.012413467135095469,0.020303857278334017,0.007890390143238548,0.9861238374992531,0.9782946293874988,-0.00782920811175436,0.0010189594327021244,0.0007872659818957448,-0.00023169345080637958,2.8905654156597656e-05,2.5306623520280087e-05,-3.59903063631757e-06,6.449723241156761e-06,6.010849947077313e-06,-4.3887329407944835e-07,4.7187183256106766e-06,4.983169631140211e-06,2.644513055295341e-07
pccv1_n06_random_sparse_r02,6,random_sparse,2,18,13,L18H13,1.5,6,6,True,True,-0.020070325583219528,-0.014268048107624054,0.005802277475595474,4.375,5.0,0.625,0.07900683698958665,0.05323924065491208,-0.025767596334674563,0.034312233337207204,0.02312150843714758,-0.011190724900059623,5.986748313481817,5.992629986340207,0.005881672858389919,0.9861238374992531,0.9917165605575596,0.9737103703641576,0.9850344269344075,0.993921535649406,0.9940675853845278,0.0001460497351217782,0.01147821811113786,0.008009181679096363,0.00573910905556893,0.0004433117049784731,False,1,0.00037485422667882744,0.000376980182666634,2.12595598780656e-06,5.347008371123823e-06,4.187871544229589e-06,-1.1591368268942339e-06,1.0633795897824124e-05,8.865724128705788e-06,-1.7680717691183352e-06,1.2826806278124195e-05,8.865724128705788e-06,-3.961082149418407e-06,0.012413467135095469,0.0066821336231521694,-0.005731333511943299,0.9861238374992531,0.9917165605575596,0.005592723058306492,0.0010189594327021244,0.0011611807103579631,0.00014222127765583874,2.8905654156597656e-05,3.0944417775427765e-05,2.038763618830108e-06,6.449723241156761e-06,6.093317142377922e-06,-3.564060987788396e-07,4.7187183256106766e-06,4.187871544229589e-06,-5.308467813810872e-07
pccv1_n06_random_sparse_r03,6,random_sparse,3,18,13,L18H13,1.0,6,6,True,True,-0.017003705725073814,-0.017003705725073814,0.0,5.125,5.125,0.0,0.04430836061633368,0.04430836061633368,0.0,0.01924287651785308,0.01924287651785308,0.0,5.993143583926498,5.993143583926498,0.0,0.9931892677542743,0.9931892677542743,0.987283548492092,0.987283548492092,0.989881871255875,0.989881871255875,0.0,0.0,0.0,0.0,0.0,False,0,0.00029402844866768,0.00029402844866768,0.0,5.7326421166459955e-06,5.7326421166459955e-06,0.0,1.4638814475914756e-05,1.4638814475914756e-05,0.0,1.4638814475914756e-05,1.4638814475914756e-05,0.0,0.005905719262182276,0.005905719262182276,0.0,0.9931892677542743,0.9931892677542743,0.0,0.0005493174605934608,0.0005493174605934608,0.0,1.7657780836510122e-05,1.7657780836510122e-05,0.0,5.0590389115660895e-06,5.0590389115660895e-06,0.0,3.939983465916379e-06,3.939983465916379e-06,0.0
pccv1_n06_random_sparse_r03,6,random_sparse,3,18,13,L18H13,0.5,6,6,True,True,-0.017003705725073814,-0.019728977233171463,-0.0027252715080976486,5.125,4.75,-0.375,0.04430836061633368,0.05653146769261167,0.012223107076277995,0.01924287651785308,0.024551304472793203,0.0053084279549401245,5.993143583926498,5.990344844168806,-0.0027987397576918482,0.9931892677542743,0.9906444082604917,0.987283548492092,0.9820736547855461,0.989881871255875,0.9897237911959564,-0.000158080059918575,0.005339317552645885,0.0036869718269712916,0.0026696587763229427,0.00012813200514063904,False,1,0.00029402844866768,0.0002932750564258105,-7.533922418695026e-07,5.7326421166459955e-06,6.4792899438297175e-06,7.46647827183722e-07,1.4638814475914756e-05,1.5543008568702575e-05,9.041940927878185e-07,1.4638814475914756e-05,1.7612536115629748e-05,2.9737216397149918e-06,0.005905719262182276,0.008570753474945575,0.0026650342127632985,0.9931892677542743,0.9906444082604917,-0.002544859493782581,0.0005493174605934608,0.00042671268922122284,-0.000122604771372238,1.7657780836510122e-05,1.6545446496296697e-05,-1.1123343402134252e-06,5.0590389115660895e-06,4.740349787382629e-06,-3.186891241834605e-07,3.939983465916379e-06,3.9298880041004695e-06,-1.0095461815909215e-08
pccv1_n06_random_sparse_r03,6,random_sparse,3,18,13,L18H13,1.5,6,6,True,True,-0.017003705725073814,-0.01290952879935503,0.004094176925718784,5.125,5.75,0.625,0.04430836061633368,0.02945764899505133,-0.014850711621282348,0.01924287651785308,0.012793294408393663,-0.006449582109459416,5.993143583926498,5.996303341211252,0.00315975728475415,0.9931892677542743,0.9959222339987808,0.987283548492092,0.9927524318375924,0.989881871255875,0.9912153826064696,0.0013335113505945628,0.005620479846677092,0.003868351714989592,0.002810239923338546,0.00021404835280197833,False,1,0.00029402844866768,0.00022961969840312756,-6.440875026455243e-05,5.7326421166459955e-06,4.4768714042533834e-06,-1.255770712392612e-06,1.4638814475914756e-05,1.21693981865299e-05,-2.4694162893848568e-06,1.4638814475914756e-05,8.903321908140195e-06,-5.735492567774561e-06,0.005905719262182276,0.003169802161188327,-0.0027359171009939494,0.9931892677542743,0.9959222339987808,0.002732966244506474,0.0005493174605934608,0.0006241710536254681,7.485359303200723e-05,1.7657780836510122e-05,2.006394564175141e-05,2.4061648052412893e-06,5.0590389115660895e-06,5.072959906308831e-06,1.3920994742741712e-08,3.939983465916379e-06,3.486590955342515e-06,-4.533925105738639e-07
pccv1_n06_random_sparse_r04,6,random_sparse,4,18,13,L18H13,1.0,6,6,True,True,-0.012030541896820068,-0.012030541896820068,0.0,5.375,5.375,0.0,0.034908309314461906,0.034908309314461906,0.0,0.015160486107842692,0.015160486107842692,0.0,5.994871761069297,5.994871761069297,0.0,0.9948014019236422,0.9948014019236422,0.9901945574753288,0.9901945574753288,0.9932047929873988,0.9932047929873988,0.0,0.0,0.0,0.0,0.0,False,0,0.00017862674408731583,0.00017862674408731583,0.0,2.7123038426072354e-06,2.7123038426072354e-06,0.0,7.37280624861889e-06,7.37280624861889e-06,0.0,7.848311398329779e-06,7.848311398329779e-06,0.0,0.004606844448313331,0.004606844448313331,0.0,0.9948014019236422,0.9948014019236422,0.0,0.0003781528202003156,0.0003781528202003156,0.0,1.1419225703819999e-05,1.1419225703819999e-05,0.0,3.0734429034975975e-06,3.0734429034975975e-06,0.0,2.5479736600644225e-06,2.5479736600644225e-06,0.0
pccv1_n06_random_sparse_r04,6,random_sparse,4,18,13,L18H13,0.5,6,6,True,True,-0.012030541896820068,-0.01476938184350729,-0.0027388399466872215,5.375,4.875,-0.5,0.034908309314461906,0.049192364410419145,0.014284055095957239,0.015160486107842692,0.021363972415218944,0.006203486307376252,5.994871761069297,5.991912697622953,-0.0029590634463438903,0.9948014019236422,0.9919404023748929,0.9901945574753288,0.9843668439432667,0.9932047929873988,0.993345126110853,0.0001403331234541838,0.005940363498300484,0.004122417309851316,0.002970181749150242,0.000186721564229692,False,1,0.00017862674408731583,0.00015718419059617702,-2.1442553491138815e-05,2.7123038426072354e-06,2.878928873977545e-06,1.6662503137030976e-07,7.37280624861889e-06,7.825740043559221e-06,4.52933794940331e-07,7.848311398329779e-06,1.0696518409299821e-05,2.8482070109700424e-06,0.004606844448313331,0.007573558431626169,0.0029667139833128384,0.9948014019236422,0.9919404023748929,-0.002860999548749299,0.0003781528202003156,0.0002936587286535637,-8.44940915467519e-05,1.1419225703819999e-05,8.86772522446225e-06,-2.5515004793577484e-06,3.0734429034975975e-06,2.540645814046541e-06,-5.327970894510566e-07,2.5479736600644225e-06,2.386715865697697e-06,-1.612577943667255e-07
pccv1_n06_random_sparse_r04,6,random_sparse,4,18,13,L18H13,1.5,6,6,True,True,-0.012030541896820068,-0.010086163878440857,0.0019443780183792114,5.375,5.75,0.375,0.034908309314461906,0.026946696043475868,-0.007961613270986038,0.015160486107842692,0.011702801397205757,-0.0034576847106369355,5.994871761069297,5.99656654151074,0.001694780441442667,0.9948014019236422,0.9962294261136267,0.9901945574753288,0.9930586462272745,0.9932047929873988,0.9937114072038185,0.0005066142164196208,0.002959496203607213,0.0020262489034226275,0.0014797481018036065,6.909913884014654e-05,False,1,0.00017862674408731583,0.0001393143454010962,-3.931239868621962e-05,2.7123038426072354e-06,1.987212409680351e-06,-7.250914329268843e-07,7.37280624861889e-06,6.121045146676419e-06,-1.2517611019424714e-06,7.848311398329779e-06,5.750189768858856e-06,-2.098121629470923e-06,0.004606844448313331,0.003170779886352298,-0.0014360645619610327,0.9948014019236422,0.9962294261136267,0.0014280241899845558,0.0003781528202003156,0.00042911839400044277,5.096557380012719e-05,1.1419225703819999e-05,1.217315183620023e-05,7.539261323802306e-07,3.0734429034975975e-06,3.0778547899346733e-06,4.4118864370758136e-09,2.5479736600644225e-06,2.25180666794449e-06,-2.961669921199326e-07
pccv1_n06_random_sparse_r05,6,random_sparse,5,18,13,L18H13,1.0,6,6,True,True,-0.49027514457702637,-0.49027514457702637,0.0,0.5,0.5,0.0,0.6758064012252742,0.6758064012252742,0.0,0.2934989908870316,0.2934989908870316,0.0,5.616525134933493,5.616525134933493,0.0,0.6213707521225951,0.6213707521225951,0.2444903399115423,0.2444903399115423,0.9856560966704819,0.9856560966704819,0.0,0.0,0.0,0.0,0.0,False,0,0.0013592430013667958,0.0013592430013667958,0.0,9.158507302087326e-06,9.158507302087326e-06,0.0,1.938856011066617e-05,1.938856011066617e-05,0.0,3.402798271397934e-05,3.402798271397934e-05,0.0,0.3768804122110528,0.3768804122110528,0.0,0.6213707521225951,0.6213707521225951,0.0,0.00030328810857560557,0.00030328810857560557,0.0,1.41849735997348e-05,1.41849735997348e-05,0.0,5.2183601609021005e-06,5.2183601609021005e-06,0.0,4.326172522540401e-06,4.326172522540401e-06,0.0
pccv1_n06_random_sparse_r05,6,random_sparse,5,18,13,L18H13,0.5,6,5,True,False,-0.49027514457702637,-0.7094399333000183,-0.21916478872299194,0.5,0.0,-0.5,0.6758064012252742,0.7048467046630336,0.02904030343775932,0.2934989908870316,0.3061110344228465,0.01261204353581491,5.616525134933493,5.494695552649551,-0.12182958228394192,0.6213707521225951,0.4992193555544726,0.2444903399115423,0.0,0.9856560966704819,0.9853777327762145,-0.00027836389426738606,0.24470140637942658,0.17288088742763166,0.12235070318971329,0.007624774558840792,True,1,0.0013592430013667958,0.0012374410642146257,-0.00012180193715217004,9.158507302087326e-06,9.447979115565007e-06,2.8947181347768134e-07,1.938856011066617e-05,1.8789550078955092e-05,-5.990100317110767e-07,3.402798271397934e-05,4.507378746916291e-05,1.1045804755183567e-05,0.3768804122110528,0.4992193555544726,0.12233894334341983,0.6213707521225951,0.4992193555544726,-0.12215139656812246,0.00030328810857560557,0.0002289035803612059,-7.438452821439967e-05,1.41849735997348e-05,1.2131445320720438e-05,-2.053528279014362e-06,5.2183601609021005e-06,4.750742247316047e-06,-4.6761791358605326e-07,4.326172522540401e-06,4.750742247316047e-06,4.2456972477564586e-07
pccv1_n06_random_sparse_r05,6,random_sparse,5,18,13,L18H13,1.5,6,6,True,True,-0.49027514457702637,-0.3286830484867096,0.16159209609031677,0.5,1.0,0.5,0.6758064012252742,0.5931330819129913,-0.08267331931228294,0.2934989908870316,0.25759442450908154,-0.03590456637795003,5.616525134933493,5.72688749303148,0.11036235809798711,0.6213707521225951,0.7300378215743932,0.2444903399115423,0.46147191573958835,0.9856560966704819,0.9860738120887618,0.0004177154182798404,0.21744316063419156,0.15342985312861596,0.10872158031709578,0.0067708142825552535,False,1,0.0013592430013667958,0.0009685998955744794,-0.0003906431057923164,9.158507302087326e-06,6.947289768522622e-06,-2.2112175335647034e-06,1.938856011066617e-05,1.666568178573932e-05,-2.72287832492685e-06,3.402798271397934e-05,2.2779286180277565e-05,-1.1248696533701777e-05,0.3768804122110528,0.2685659058348049,-0.1083145063762479,0.6213707521225951,0.7300378215743932,0.10866706945179816,0.00030328810857560557,0.00035632798830265687,5.30398797270513e-05,1.41849735997348e-05,1.5655959170216128e-05,1.4709855704813273e-06,5.2183601609021005e-06,5.082745773472248e-06,-1.3561438742985208e-07,4.326172522540401e-06,4.213744246516855e-06,-1.124282760235463e-07
pccv1_n06_row_r00,6,row,0,18,13,L18H13,1.0,5,5,False,False,-5.507277488708496,-5.507277488708496,0.0,-5.5,-5.5,0.0,0.03143331916550983,0.03143331916550983,0.0,0.013651317061484647,0.013651317061484647,0.0,5.001896596673253,5.001896596673253,0.0,0.9953580725393205,0.9953580725393205,0.9912902715974222,0.9912902715974222,0.9973787951961981,0.9973787951961981,0.0,0.0,0.0,0.0,0.0,False,0,0.0005505169926219717,0.0005505169926219717,0.0,8.276688231080174e-07,8.276688231080174e-07,0.0,3.2411976815406383e-07,3.2411976815406383e-07,0.0,5.070086219622437e-06,5.070086219622437e-06,0.0,0.9953580725393205,0.9953580725393205,0.0,0.00406780094189834,0.00406780094189834,0.0,1.467078092170062e-05,1.467078092170062e-05,0.0,1.646016000919992e-06,1.646016000919992e-06,0.0,5.68847908511682e-07,5.68847908511682e-07,0.0,5.020065173032846e-07,5.020065173032846e-07,0.0
pccv1_n06_row_r00,6,row,0,18,13,L18H13,0.5,5,5,False,False,-5.507277488708496,-6.129733562469482,-0.6224560737609863,-5.5,-6.125,-0.625,0.03143331916550983,0.019591390869635687,-0.011841928295874143,0.013651317061484647,0.008508432947492529,-0.005142884113992118,5.001896596673253,5.00048166982943,-0.001414926843823494,0.9953580725393205,0.9973667287752792,0.9912902715974222,0.9951849979145122,0.9973787951961981,0.9979052791940433,0.0005264839978451619,0.004022912740179474,0.0027580069714101623,0.002011456370089737,0.00014910789920049135,False,1,0.0005505169926219717,0.00042960827863832644,-0.00012090871398364529,8.276688231080174e-07,8.293390784550235e-07,1.670255347006118e-09,3.2411976815406383e-07,3.05096796723673e-07,-1.9022971430390833e-08,5.070086219622437e-06,7.868550095150282e-06,2.7984638755278446e-06,0.9953580725393205,0.9973667287752792,0.0020086562359586946,0.00406780094189834,0.0021817308607670416,-0.001886070081131298,1.467078092170062e-05,1.075503281207809e-05,-3.91574810962253e-06,1.646016000919992e-06,1.2845054925524507e-06,-3.615105083675412e-07,5.68847908511682e-07,4.7254316278184387e-07,-9.630474572983815e-08,5.020065173032846e-07,4.1701787749250544e-07,-8.49886398107792e-08
pccv1_n06_row_r00,6,row,0,18,13,L18H13,1.5,5,5,False,False,-5.507277488708496,-5.258350849151611,0.24892663955688477,-5.5,-5.25,0.25,0.03143331916550983,0.037586458242939415,0.0061531390774295855,0.013651317061484647,0.016323591409195582,0.0026722743477109352,5.001896596673253,5.003055547887834,0.0011589512145802061,0.9953580725393205,0.994210220265207,0.9912902715974222,0.9889930838417111,0.9973787951961981,0.9974587881210937,7.999292489557774e-05,0.0023025394045945668,0.0016243606263301406,0.0011512697022972834,3.6075631282307356e-05,False,1,0.0005505169926219717,0.0005498821334699209,-6.348591520508344e-07,8.276688231080174e-07,6.438457839171029e-07,-1.8382303919091442e-07,3.2411976815406383e-07,2.52133631694072e-07,-7.198613645999184e-08,5.070086219622437e-06,2.546459473121086e-06,-2.5236267465013513e-06,0.9953580725393205,0.994210220265207,-0.0011478522741135144,0.00406780094189834,0.005217136423495851,0.0011493354815975115,1.467078092170062e-05,1.660500162147372e-05,1.9342206997730987e-06,1.646016000919992e-06,1.6441178064289752e-06,-1.898194491016685e-09,5.68847908511682e-07,5.681919100489941e-07,-6.559984626879312e-10,5.020065173032846e-07,5.014276006918623e-07,-5.789166114223762e-10
pccv1_n06_row_r01,6,row,1,18,13,L18H13,1.0,5,5,False,False,-7.129328727722168,-7.129328727722168,0.0,-7.125,-7.125,0.0,0.012220381065105602,0.012220381065105602,0.0,0.005307244063330345,0.005307244063330345,0.0,4.998291910943943,4.998291910943943,0.0,0.9985336025844019,0.9985336025844019,0.9977300496326836,0.9977300496326836,0.9971427782042497,0.9971427782042497,0.0,0.0,0.0,0.0,0.0,False,0,0.0006258076680375665,0.0006258076680375665,0.0,1.2860083056839598e-06,1.2860083056839598e-06,0.0,3.6844754838050016e-07,3.6844754838050016e-07,0.0,2.5830167307341187e-05,2.5830167307341187e-05,0.0,0.9985336025844019,0.9985336025844019,0.0,0.0008035529517183201,0.0008035529517183201,0.0,7.877755941662804e-06,7.877755941662804e-06,0.0,8.83859720932729e-07,8.83859720932729e-07,0.0,3.4612443991024203e-07,3.4612443991024203e-07,0.0,4.4443257818155955e-07,4.4443257818155955e-07,0.0
pccv1_n06_row_r01,6,row,1,18,13,L18H13,0.5,5,5,False,False,-7.129328727722168,-7.379075527191162,-0.24974679946899414,-7.125,-7.375,-0.25,0.012220381065105602,0.01061778582775196,-0.001602595237353642,0.005307244063330345,0.004611245795023227,-0.0006959982683071185,4.998291910943943,4.998383718216005,9.180727206192785e-05,0.9985336025844019,0.9987621978908928,0.9977300496326836,0.9981362469560735,0.9971427782042497,0.9971672919501771,2.4513745927379205e-05,0.0005029710373934617,0.0002994842081111508,0.0002514855186967308,8.422495110189631e-06,False,1,0.0006258076680375665,0.0005523997611479504,-7.340790688961608e-05,1.2860083056839598e-06,1.5515772421696428e-06,2.65568936485683e-07,3.6844754838050016e-07,5.037233799674382e-07,1.3527583158693803e-07,2.5830167307341187e-05,4.826815319969072e-05,2.2437985892349532e-05,0.9985336025844019,0.9987621978908928,0.00022859530649088633,0.0008035529517183201,0.0006259509348192843,-0.00017760201689903578,7.877755941662804e-06,7.402161033604498e-06,-4.755949080583054e-07,8.83859720932729e-07,8.840620638316345e-07,2.02342898905497e-10,3.4612443991024203e-07,3.6853189745000555e-07,2.2407457539763527e-08,4.4443257818155955e-07,4.7320432318596745e-07,2.8771745004407896e-08
pccv1_n06_row_r01,6,row,1,18,13,L18H13,1.5,5,5,False,False,-7.129328727722168,-6.87953519821167,0.24979352951049805,-7.125,-6.875,0.25,0.012220381065105602,0.013664142259254332,0.00144376119414873,0.005307244063330345,0.005934261583135188,0.0006270175198048429,4.998291910943943,4.998537801753571,0.000245890809627447,0.9985336025844019,0.9983194457107422,0.9977300496326836,0.9972878845848733,0.9971427782042497,0.997150640707531,7.862503281330646e-06,0.0004581103413066184,0.00031314311361160585,0.0002290551706533092,8.555394031374183e-06,False,1,0.0006258076680375665,0.0006256734502071876,-1.342178303788931e-07,1.2860083056839598e-06,1.0013294729261814e-06,-2.846788327577784e-07,3.6844754838050016e-07,2.8688569723083686e-07,-8.15618511496633e-08,2.5830167307341187e-05,1.1459608976263256e-05,-1.4370558331077931e-05,0.9985336025844019,0.9983194457107422,-0.00021415687365977654,0.0008035529517183201,0.0010315611258689278,0.0002280081741506077,7.877755941662804e-06,8.924752444405924e-06,1.0469965027431203e-06,8.83859720932729e-07,8.836701583240207e-07,-1.8956260870831917e-10,3.4612443991024203e-07,3.460502061260643e-07,-7.423378417773188e-11,4.4443257818155955e-07,4.174162264476243e-07,-2.701635173393524e-08
pccv1_n06_row_r02,6,row,2,18,13,L18H13,1.0,5,5,False,False,-3.901143789291382,-3.901143789291382,0.0,-3.875,-3.875,0.0,0.10791228630173755,0.10791228630173755,0.0,0.04686571047040848,0.04686571047040848,0.0,5.0163707059188045,5.0163707059188045,0.0,0.9786175347958255,0.9786175347958255,0.9583069758295458,0.9583069758295458,0.9954808365791905,0.9954808365791905,0.0,0.0,0.0,0.0,0.0,False,0,0.0010112031878436983,0.0010112031878436983,0.0,2.5065221029195275e-06,2.5065221029195275e-06,0.0,9.815681588930495e-07,9.815681588930495e-07,0.0,3.4260095106611417e-06,3.4260095106611417e-06,0.0,0.9786175347958255,0.9786175347958255,0.0,0.020310558966279677,0.020310558966279677,0.0,4.7294602452093154e-05,4.7294602452093154e-05,0.0,3.882177377197907e-06,3.882177377197907e-06,0.0,1.4281732440519816e-06,1.4281732440519816e-06,0.0,1.1839972051252562e-06,1.1839972051252562e-06,0.0
pccv1_n06_row_r02,6,row,2,18,13,L18H13,0.5,5,5,False,False,-3.901143789291382,-4.269350528717041,-0.3682067394256592,-3.875,-4.25,-0.375,0.10791228630173755,0.08168656602098398,-0.026225720280753567,0.04686571047040848,0.035476024868539006,-0.011389685601869474,5.0163707059188045,5.010534853614092,-0.005835852304712397,0.9786175347958255,0.9849991887222458,0.9583069758295458,0.9709489298941372,0.9954808365791905,0.9957730795881616,0.000292243008971127,0.012768912647982043,0.008940343618924334,0.006384456323991022,0.0002940861443052656,False,1,0.0010112031878436983,0.0008982029962816454,-0.00011300019156205293,2.5065221029195275e-06,3.0431589266715224e-06,5.366368237519949e-07,9.815681588930495e-07,9.87969054107497e-07,6.400895214447588e-09,3.4260095106611417e-06,5.685369362577854e-06,2.259359851916712e-06,0.9786175347958255,0.9849991887222458,0.0063816539264203165,0.020310558966279677,0.014050258828108616,-0.006260300138171061,4.7294602452093154e-05,3.707326524563669e-05,-1.0221337206456466e-05,3.882177377197907e-06,3.2394258150482563e-06,-6.427515621496507e-07,1.4281732440519816e-06,1.2685773763749727e-06,-1.5959586767700894e-07,1.1839972051252562e-06,1.0516875836797494e-06,-1.3230962144550677e-07
pccv1_n06_row_r02,6,row,2,18,13,L18H13,1.5,5,5,False,False,-3.901143789291382,-3.2948591709136963,0.6062846183776855,-3.875,-3.25,0.625,0.10791228630173755,0.16983416762781206,0.06192188132607451,0.04686571047040848,0.07375804183939065,0.02689233136898217,5.0163707059188045,5.0323274370269155,0.015956731108111022,0.9786175347958255,0.9613658102543542,0.9583069758295458,0.92408961252524,0.9954808365791905,0.9945558556340757,-0.0009249809451148394,0.03450537643105519,0.024197627523573278,0.017252688215527594,0.0013153274732379044,False,1,0.0010112031878436983,0.001275521344103885,0.0002643181562601868,2.5065221029195275e-06,2.6211424473889593e-06,1.1462034446943183e-07,9.815681588930495e-07,1.163124910368189e-06,1.8155675147513954e-07,3.4260095106611417e-06,2.4623354545720723e-06,-9.636740560890694e-07,0.9786175347958255,0.9613658102543542,-0.01725172454147128,0.020310558966279677,0.037276197729114155,0.016965638762834478,4.7294602452093154e-05,6.760015468954458e-05,2.030555223745143e-05,3.882177377197907e-06,5.2127641982350536e-06,1.3305868210371466e-06,1.4281732440519816e-06,1.9176687802052133e-06,4.894955361532317e-07,1.1839972051252562e-06,1.4934819476954058e-06,3.094847425701496e-07
pccv1_n06_row_r03,6,row,3,18,13,L18H13,1.0,5,5,False,False,-7.378385543823242,-7.378385543823242,0.0,-7.375,-7.375,0.0,0.01367365083940483,0.01367365083940483,0.0,0.005938391107025284,0.005938391107025284,0.0,4.996908182368901,4.996908182368901,0.0,0.9983555287118558,0.9983555287118558,0.9974451463100119,0.9974451463100119,0.9982617910583258,0.9982617910583258,0.0,0.0,0.0,0.0,0.0,False,0,0.0009103824018439853,0.0009103824018439853,0.0,1.2857789649001076e-06,1.2857789649001076e-06,0.0,3.9214042866567476e-07,3.9214042866567476e-07,0.0,9.595359920912363e-05,9.595359920912363e-05,0.0,0.9983555287118558,0.9983555287118558,0.0,0.0006256960643873457,0.0006256960643873457,0.0,8.925075018361359e-06,8.925075018361359e-06,0.0,1.001365664720944e-06,1.001365664720944e-06,0.0,4.1743131343228485e-07,4.1743131343228485e-07,0.0,4.1743131343228485e-07,4.1743131343228485e-07,0.0
pccv1_n06_row_r03,6,row,3,18,13,L18H13,0.5,5,5,False,False,-7.378385543823242,-7.628495216369629,-0.2501096725463867,-7.375,-7.625,-0.25,0.01367365083940483,0.0133758724388892,-0.0002977784005156296,0.005938391107025284,0.00580906759085137,-0.00012932351617391414,4.996908182368901,4.996682761290577,-0.0002254210783236843,0.9983555287118558,0.998410910339405,0.9974451463100119,0.9975004774360536,0.9982617910583258,0.9980968691305918,-0.00016492192773398529,0.00027884947000914105,0.0001707599124476096,0.00013942473500457052,1.0759759333189257e-05,False,1,0.0009103824018439853,0.0009104329033513705,5.050150738512751e-08,1.2857789649001076e-06,1.7575489640324554e-06,4.7176999913234783e-07,3.9214042866567476e-07,5.360221491958723e-07,1.438817205301975e-07,9.595359920912363e-05,0.00017927486815993646,8.332126895081283e-05,0.9983555287118558,0.998410910339405,5.5381627549144774e-05,0.0006256960643873457,0.0004873196164185463,-0.00013837644796879943,8.925075018361359e-06,7.876787982688243e-06,-1.0482870356731153e-06,1.001365664720944e-06,1.0014212133293197e-06,5.554860837560307e-11,4.1743131343228485e-07,4.1745446953736266e-07,2.3156105077808403e-11,4.1743131343228485e-07,4.730378863820951e-07,5.560657294981024e-08
pccv1_n06_row_r03,6,row,3,18,13,L18H13,1.5,5,5,False,False,-7.378385543823242,-7.004552364349365,0.37383317947387695,-7.375,-7.0,0.375,0.01367365083940483,0.017075337183972316,0.0034016863445674866,0.005938391107025284,0.007415724715636588,0.0014773336086113037,4.996908182368901,4.996207931199912,-0.0007002511689888635,0.9983555287118558,0.9978566525058958,0.9974451463100119,0.9966882824870058,0.9982617910583258,0.9975960826142227,-0.0006657084441030747,0.0010870395887399523,0.000631042662590164,0.0005435197943699762,2.4737101571685257e-05,False,1,0.0009103824018439853,0.001168370018890054,0.00025798761704606864,1.2857789649001076e-06,1.285136463793773e-06,-6.425011063345617e-10,3.9214042866567476e-07,3.68197761496858e-07,-2.3942667168816764e-08,9.595359920912363e-05,5.1334595967551574e-05,-4.461900324157205e-05,0.9983555287118558,0.9978566525058958,-0.0004988762059600083,0.0006256960643873457,0.0009099274856287262,0.00028423142124138045,8.925075018361359e-06,1.0108381287901045e-05,1.1833062695396861e-06,1.001365664720944e-06,1.0654155493204296e-06,6.40498845994855e-08,4.1743131343228485e-07,4.4413127768660175e-07,2.66999642543169e-08,4.1743131343228485e-07,4.4413127768660175e-07,2.66999642543169e-08
pccv1_n06_row_r04,6,row,4,18,13,L18H13,1.0,5,5,False,False,-5.755932807922363,-5.755932807922363,0.0,-5.75,-5.75,0.0,0.025453281712637284,0.025453281712637284,0.0,0.011054219794127322,0.011054219794127322,0.0,5.001477591183113,5.001477591183113,0.0,0.996377483171109,0.996377483171109,0.9932062320515973,0.9932062320515973,0.9976989567706767,0.9976989567706767,0.0,0.0,0.0,0.0,0.0,False,0,0.0004291821684735328,0.0004291821684735328,0.0,7.31163238216986e-07,7.31163238216986e-07,0.0,4.1660425521068297e-07,4.1660425521068297e-07,0.0,6.516787005647096e-06,6.516787005647096e-06,0.0,0.996377483171109,0.996377483171109,0.0,0.0031712511195116397,0.0031712511195116397,0.0,1.2174960978747025e-05,1.2174960978747025e-05,0.0,1.2832314462308933e-06,1.2832314462308933e-06,0.0,3.9136347936859464e-07,3.9136347936859464e-07,0.0,5.694305024764127e-07,5.694305024764127e-07,0.0
pccv1_n06_row_r04,6,row,4,18,13,L18H13,0.5,5,5,False,False,-5.755932807922363,-6.129885673522949,-0.37395286560058594,-5.75,-6.125,-0.375,0.025453281712637284,0.01927206588903617,-0.006181215823601115,0.011054219794127322,0.008369751870484294,-0.002684467923643028,5.001477591183113,5.000677097948778,-0.0008004932343350646,0.996377483171109,0.9974107211652893,0.9932062320515973,0.9952288940715598,0.9976989567706767,0.9977094762955119,1.0519524835217453e-05,0.002081914894022868,0.0014314676763983944,0.001040957447011434,4.759830815998435e-05,False,1,0.0004291821684735328,0.00037914469800439163,-5.003747046914119e-05,7.31163238216986e-07,1.0004180084905812e-06,2.692547702735953e-07,4.1660425521068297e-07,5.35485172340792e-07,1.1888091713010898e-07,6.516787005647096e-06,1.381034461528573e-05,7.293557609638634e-06,0.996377483171109,0.9974107211652893,0.0010332379941803138,0.0031712511195116397,0.0021818270937294564,-0.0009894240257821833,1.2174960978747025e-05,1.0755507200870485e-05,-1.4194537778765394e-06,1.2832314462308933e-06,1.2067344639068347e-06,-7.64969823240586e-08,3.9136347936859464e-07,3.917693211537093e-07,4.0584178511466947e-10,5.694305024764127e-07,6.067841946781912e-07,3.7353692201778494e-08
pccv1_n06_row_r04,6,row,4,18,13,L18H13,1.5,5,5,False,False,-5.755932807922363,-5.3828229904174805,0.3731098175048828,-5.75,-5.375,0.375,0.025453281712637284,0.03436174234936394,0.008908460636726657,0.011054219794127322,0.014923115090910039,0.003868895296782717,5.001477591183113,5.00243998915325,0.0009623979701371965,0.996377483171109,0.9948191407521965,0.9932062320515973,0.9902122141568097,0.9976989567706767,0.9973746059279449,-0.0003243508427317465,0.003121125552194872,0.002122324464154967,0.001560562776097436,7.089855364039081e-05,False,1,0.0004291821684735328,0.0005502189178739377,0.00012103674940040483,7.31163238216986e-07,6.052075823553709e-07,-1.2595565586161506e-07,4.1660425521068297e-07,3.67076954189091e-07,-4.952730102159198e-08,6.516787005647096e-06,4.471912777522028e-06,-2.0448742281250684e-06,0.996377483171109,0.9948191407521965,-0.0015583424189125061,0.0031712511195116397,0.004606926595386794,0.001435675475875154,1.2174960978747025e-05,1.560850926940763e-05,3.433548290660606e-06,1.2832314462308933e-06,1.5454517022424257e-06,2.6222025601153236e-07,3.9136347936859464e-07,4.713361390591146e-07,7.997265969051995e-08,5.694305024764127e-07,6.442401179123664e-07,7.480961543595362e-08
pccv1_n06_row_r05,6,row,5,18,13,L18H13,1.0,5,5,False,False,-7.502610206604004,-7.502610206604004,0.0,-7.5,-7.5,0.0,0.009303305336411834,0.009303305336411834,0.0,0.004040374171064735,0.004040374171064735,0.0,4.998593292806724,4.998593292806724,0.0,0.998926907280028,0.998926907280028,0.9983744164206912,0.9983744164206912,0.9984648150335715,0.9984648150335715,0.0,0.0,0.0,0.0,0.0,False,0,0.00048757147207093704,0.00048757147207093704,0.0,6.469002878707425e-07,6.469002878707425e-07,0.0,2.8706026263331825e-07,2.8706026263331825e-07,0.0,2.427475421421581e-05,2.427475421421581e-05,0.0,0.998926907280028,0.998926907280028,0.0,0.0005524908593366977,0.0005524908593366977,0.0,6.533461463054555e-06,6.533461463054555e-06,0.0,6.886217719107736e-07,6.886217719107736e-07,0.0,2.533297926290238e-07,2.533297926290238e-07,0.0,3.4626077219503974e-07,3.4626077219503974e-07,0.0
pccv1_n06_row_r05,6,row,5,18,13,L18H13,0.5,5,5,False,False,-7.502610206604004,-7.7524895668029785,-0.2498793601989746,-7.5,-7.75,-0.25,0.009303305336411834,0.008613508748794216,-0.0006897965876176172,0.004040374171064735,0.0037407993194267107,-0.0002995748516380239,4.998593292806724,4.998444899420801,-0.00014839338592320672,0.998926907280028,0.9990255063835514,0.9983744164206912,0.998537886785727,0.9984648150335715,0.9984864321200178,2.1617086446212852e-05,0.00024587041493274314,0.0001588198493354825,0.00012293520746637157,5.850566557411317e-06,False,1,0.00048757147207093704,0.0004876195978243825,4.812575344546833e-08,6.469002878707425e-07,8.307183996749078e-07,1.8381811180416524e-07,2.8706026263331825e-07,3.4629494987258043e-07,5.923468723926218e-08,2.427475421421581e-05,4.828087836559033e-05,2.400612415137452e-05,0.998926907280028,0.9990255063835514,9.859910352338908e-05,0.0005524908593366977,0.00043032278471956365,-0.00012216807461713406,6.533461463054555e-06,5.7663286137269e-06,-7.671328493276551e-07,6.886217719107736e-07,6.886897423387221e-07,6.79704279485418e-11,2.533297926290238e-07,2.6969477813443847e-07,1.636498550541466e-08,3.4626077219503974e-07,3.686290552905997e-07,2.2368283095559954e-08
pccv1_n06_row_r05,6,row,5,18,13,L18H13,1.5,5,5,False,False,-7.502610206604004,-7.25313138961792,0.24947881698608398,-7.5,-7.25,0.25,0.009303305336411834,0.01084925279931931,0.0015459474629074769,0.004040374171064735,0.004711770623517784,0.0006713964524530493,4.998593292806724,4.998504650262257,-8.864254446727671e-05,0.998926907280028,0.9987145491402877,0.9983744164206912,0.9980052876457238,0.9984648150335715,0.9981565194184867,-0.0003082956150848304,0.0004459576600911308,0.0002719986364930855,0.0002229788300455654,6.659776197057558e-06,False,1,0.00048757147207093704,0.0005523734073687337,6.480193529779664e-05,6.469002878707425e-07,5.361851653658108e-07,-1.1071512250493176e-07,2.8706026263331825e-07,2.2351523095604687e-07,-6.354503167727138e-08,2.427475421421581e-05,1.3828397673340632e-05,-1.0446356540875177e-05,0.998926907280028,0.9987145491402877,-0.0002123581397402985,0.0005524908593366977,0.0007092614945638656,0.00015677063522716794,6.533461463054555e-06,7.879183487818549e-06,1.345722024763994e-06,6.886217719107736e-07,7.328782275165363e-07,4.425645560576266e-08,2.533297926290238e-07,2.696108327855005e-07,1.6281040156476683e-08,3.4626077219503974e-07,3.4618716191093134e-07,-7.361028410839571e-11
pccv1_n07_dense_r00,7,dense,0,18,13,L18H13,1.0,6,6,False,False,-8.082229614257812,-8.082229614257812,0.0,-8.0,-8.0,0.0,0.27337380744793643,0.27337380744793643,0.0,0.11872473607152087,0.11872473607152087,0.0,5.92354823930528,5.92354823930528,0.0,0.9236559832619409,0.9236559832619409,0.8478376831469285,0.8478376831469285,0.9971895380424485,0.9971895380424485,0.0,0.0,0.0,0.0,0.0,False,0,0.00018793477644122995,0.00018793477644122995,0.0,2.2224161697818544e-06,2.2224161697818544e-06,0.0,4.419802309850734e-06,4.419802309850734e-06,0.0,7.756994626747415e-06,7.756994626747415e-06,0.0,0.07581830011501231,0.07581830011501231,0.0,0.9236559832619409,0.9236559832619409,0.0,0.0003098520634229292,0.0003098520634229292,0.0,8.789826461746518e-06,8.789826461746518e-06,0.0,2.5183274448590097e-06,2.5183274448590097e-06,0.0,2.2224161697818544e-06,2.2224161697818544e-06,0.0
pccv1_n07_dense_r00,7,dense,0,18,13,L18H13,0.5,6,6,False,False,-8.082229614257812,-8.271636962890625,-0.1894073486328125,-8.0,-8.125,-0.125,0.27337380744793643,0.39694820008752135,0.12357439263958492,0.11872473607152087,0.1723924128994384,0.05366767682791754,5.92354823930528,5.866064810142397,-0.057483429162882516,0.9236559832619409,0.866562441004332,0.8478376831469285,0.7336707865950524,0.9971895380424485,0.9965897366848822,-0.0005998013575663208,0.11429510412613174,0.08072823487401341,0.05714755206306587,0.004411394225003257,False,1,0.00018793477644122995,0.00025654124392453714,6.860646748330719e-05,2.2224161697818544e-06,2.8499157906740577e-06,6.274996208922033e-07,4.419802309850734e-06,5.001757980367197e-06,5.819556705164631e-07,7.756994626747415e-06,1.1998593645505637e-05,4.241599018758221e-06,0.07581830011501231,0.1328916544092796,0.0570733542942673,0.9236559832619409,0.866562441004332,-0.057093542257608876,0.0003098520634229292,0.00025654124392453714,-5.331081949839204e-05,8.789826461746518e-06,8.246504773125512e-06,-5.433216886210059e-07,2.5183274448590097e-06,2.3626631748309125e-06,-1.5566427002809718e-07,2.2224161697818544e-06,2.3626631748309125e-06,1.4024700504905813e-07
pccv1_n07_dense_r00,7,dense,0,18,13,L18H13,1.5,6,6,False,False,-8.082229614257812,-7.926779270172119,0.15545034408569336,-8.0,-7.875,0.125,0.27337380744793643,0.19599067352950883,-0.0773831339184276,0.11872473607152087,0.0851176680183674,-0.03360706805315347,5.92354823930528,5.952115077802721,0.028566838497440905,0.9236559832619409,0.9520412199149507,0.8478376831469285,0.9046418786100204,0.9971895380424485,0.9973712356290889,0.0001816975866404391,0.056878008539091626,0.040166676281920236,0.028439004269545813,0.001762213099264765,False,1,0.00018793477644122995,0.00017094871702178917,-1.698605941944078e-05,2.2224161697818544e-06,1.7840099492322102e-06,-4.3840622054964415e-07,4.419802309850734e-06,3.776749092161766e-06,-6.43053217688968e-07,7.756994626747415e-06,5.849543424279099e-06,-1.9074512024683166e-06,0.07581830011501231,0.047399341304930245,-0.028418958810082065,0.9236559832619409,0.9520412199149507,0.02838523665300985,0.0003098520634229292,0.0003618984367750431,5.204637335211391e-05,8.789826461746518e-06,1.0266268427872523e-05,1.4764419661260054e-06,2.5183274448590097e-06,2.763128662435589e-06,2.448012175765794e-07,2.2224161697818544e-06,2.15192676603188e-06,-7.048940374997419e-08
pccv1_n07_dense_r01,7,dense,1,18,13,L18H13,1.0,6,6,False,False,-4.638734340667725,-4.638734340667725,0.0,-4.625,-4.625,0.0,0.06076875748610859,0.06076875748610859,0.0,0.026391536048333882,0.026391536048333882,0.0,6.008887331905095,6.008887331905095,0.0,0.9896313320281374,0.9896313320281374,0.9799293278362926,0.9799293278362926,0.996694166592988,0.996694166592988,0.0,0.0,0.0,0.0,0.0,False,0,9.51151022529429e-05,9.51151022529429e-05,0.0,2.381159992765796e-06,2.381159992765796e-06,0.0,5.040915744242627e-06,5.040915744242627e-06,0.0,2.872227211985147e-06,2.872227211985147e-06,0.0,0.00048303434600467524,0.00048303434600467524,0.0,0.9896313320281374,0.9896313320281374,0.0,0.009702004191844712,0.009702004191844712,0.0,6.53715900295547e-05,6.53715900295547e-05,0.0,7.80752303754481e-06,7.80752303754481e-06,0.0,5.040915744242627e-06,5.040915744242627e-06,0.0
pccv1_n07_dense_r01,7,dense,1,18,13,L18H13,0.5,6,6,False,False,-4.638734340667725,-5.383263111114502,-0.7445287704467773,-4.625,-5.375,-0.75,0.06076875748610859,0.03738679942541601,-0.023381958060692577,0.026391536048333882,0.01623688068648184,-0.010154655361852043,6.008887331905095,6.003485984896261,-0.005401347008834101,0.9896313320281374,0.9944580199850666,0.9799293278362926,0.9898527657106053,0.996694166592988,0.9972977485751926,0.0006035819822045596,0.01028952115942452,0.00702676722766906,0.00514476057971226,0.0004892472121397751,False,1,9.51151022529429e-05,7.923777674482e-05,-1.5877325508122908e-05,2.381159992765796e-06,1.9836789261784725e-06,-3.9748106658732347e-07,5.040915744242627e-06,4.7585983671727195e-06,-2.823173770699078e-07,2.872227211985147e-06,3.7060001346764228e-06,8.337729226912757e-07,0.00048303434600467524,0.0008002731958651454,0.00031723884986047015,0.9896313320281374,0.9944580199850666,0.004826687956929199,0.009702004191844712,0.004605254274461223,-0.005096749917383489,6.53715900295547e-05,3.742927544781276e-05,-2.7942314581741933e-05,7.80752303754481e-06,5.3921983785280925e-06,-2.415324659016718e-06,5.040915744242627e-06,3.945016608111893e-06,-1.0958991361307347e-06
pccv1_n07_dense_r01,7,dense,1,18,13,L18H13,1.5,6,6,False,False,-4.638734340667725,-3.777592420578003,0.8611419200897217,-4.625,-3.75,0.875,0.06076875748610859,0.11490460797220144,0.054135850486092846,0.026391536048333882,0.04990243718758348,0.023510901139249595,6.008887331905095,6.0224131651927015,0.013525833287606481,0.9896313320281374,0.976458922599402,0.9799293278362926,0.9534948098188768,0.996694166592988,0.9962372574711935,-0.00045690912179452425,0.02665693631339214,0.01869286360164644,0.01332846815669607,0.001419800183575723,False,1,9.51151022529429e-05,9.990182586991785e-05,4.786723616974952e-06,2.381159992765796e-06,2.50099327374001e-06,1.198332809742138e-07,5.040915744242627e-06,4.9738190346600385e-06,-6.709670958258882e-08,2.872227211985147e-06,2.349465751360004e-06,-5.227614606251432e-07,0.00048303434600467524,0.0003275654762140508,-0.00015546886979062442,0.9896313320281374,0.976458922599402,-0.013172409428735321,0.009702004191844712,0.022964112780525205,0.013262108588680493,6.53715900295547e-05,0.0001205046043366824,5.513301430712771e-05,7.80752303754481e-06,1.1931571598909248e-05,4.124048561364438e-06,5.040915744242627e-06,7.2368639932949465e-06,2.195948249052319e-06
pccv1_n07_dense_r02,7,dense,2,18,13,L18H13,1.0,6,6,False,False,-1.2406024932861328,-1.2406024932861328,0.0,-0.875,-0.875,0.0,0.6129209850743135,0.6129209850743135,0.0,0.2661882016604797,0.2661882016604797,0.0,6.290348457411258,6.290348457411258,0.0,0.7051720005425651,0.7051720005425651,0.4112125761756572,0.4112125761756572,0.9838429586773145,0.9838429586773145,0.0,0.0,0.0,0.0,0.0,False,0,0.0007286525630010628,0.0007286525630010628,0.0,7.604171850916888e-06,7.604171850916888e-06,0.0,1.2537159876665838e-05,1.2537159876665838e-05,0.0,5.922134992103606e-06,5.922134992103606e-06,0.0,4.110776464405287e-05,4.110776464405287e-05,0.0,0.7051720005425651,0.7051720005425651,0.0,0.2939594243669079,0.2939594243669079,0.0,6.777524595958466e-05,6.777524595958466e-05,0.0,2.178631711436919e-06,2.178631711436919e-06,0.0,2.797418491086917e-06,2.797418491086917e-06,0.0
pccv1_n07_dense_r02,7,dense,2,18,13,L18H13,0.5,6,6,False,False,-1.2406024932861328,-1.8220659494400024,-0.5814634561538696,-0.875,-1.625,-0.75,0.6129209850743135,0.454407466884768,-0.15851351818954545,0.2661882016604797,0.19734665540368937,-0.06884154625679031,6.290348457411258,6.160520900698493,-0.12982755671276536,0.7051720005425651,0.834737610982903,0.4112125761756572,0.6703680296483128,0.9838429586773145,0.9837060877160866,-0.00013687096122794173,0.25923091245032653,0.18325058445309475,0.12961545622516327,0.012017086408407204,False,1,0.0007286525630010628,0.0007611821734253707,3.2529610424308e-05,7.604171850916888e-06,7.943648798463772e-06,3.394769475468845e-07,1.2537159876665838e-05,1.3941537817000925e-05,1.4043779403350867e-06,5.922134992103606e-06,7.46236744767944e-06,1.540232455575834e-06,4.110776464405287e-05,5.513985170173731e-05,1.4032087057684436e-05,0.7051720005425651,0.834737610982903,0.12956561044033787,0.2939594243669079,0.1643695813345903,-0.12958984303231763,6.777524595958466e-05,4.294295968375416e-05,-2.4832286275830497e-05,2.178631711436919e-06,1.7724676285641039e-06,-4.061640828728149e-07,2.797418491086917e-06,2.422676004223761e-06,-3.7474248686315595e-07
pccv1_n07_dense_r02,7,dense,2,18,13,L18H13,1.5,6,6,False,False,-1.2406024932861328,-0.7115929126739502,0.5290095806121826,-0.875,0.0,0.875,0.6129209850743135,0.7004322093592813,0.08751122428496783,0.2661882016604797,0.30419384347203904,0.038005641811559354,6.290348457411258,6.495906805000971,0.20555834758971336,0.7051720005425651,0.4995437517312945,0.4112125761756572,0.0,0.9838429586773145,0.9826200054676519,-0.0012229532096625917,0.4112828206199716,0.2907712058636999,0.2056414103099858,0.022288955746752867,False,1,0.0007286525630010628,0.0007510336549598861,2.2381091958823397e-05,7.604171850916888e-06,7.362874873519162e-06,-2.412969773977261e-07,1.2537159876665838e-05,1.213932841747456e-05,-3.9783145919127836e-07,5.922134992103606e-06,5.386794331445147e-06,-5.353406606584592e-07,4.110776464405287e-05,2.912073502603243e-05,-1.1987029618020444e-05,0.7051720005425651,0.4995437517312945,-0.20562824881127062,0.2939594243669079,0.4995437517312945,0.2055843273643866,6.777524595958466e-05,0.00010164135241422465,3.386610645463999e-05,2.178631711436919e-06,2.544541468669583e-06,3.6590975723266417e-07,2.797418491086917e-06,3.2672559195876997e-06,4.698374285007828e-07
pccv1_n07_dense_r03,7,dense,3,18,13,L18H13,1.0,6,6,False,False,-1.322540044784546,-1.322540044784546,0.0,-1.0,-1.0,0.0,0.589925431755684,0.589925431755684,0.0,0.2562013597458869,0.2562013597458869,0.0,6.266821989349727,6.266821989349727,0.0,0.7304066433878217,0.7304066433878217,0.46170505559040087,0.46170505559040087,0.9916488499834486,0.9916488499834486,0.0,0.0,0.0,0.0,0.0,False,0,0.0004577653441352694,0.0004577653441352694,0.0,1.0765609025061815e-05,1.0765609025061815e-05,0.0,1.5663868704601166e-05,1.5663868704601166e-05,0.0,8.925003356721958e-06,8.925003356721958e-06,0.0,0.00010214125454730376,0.00010214125454730376,0.0,0.7304066433878217,0.7304066433878217,0.0,0.2687015877974208,0.2687015877974208,0.0,0.00027764871617194566,0.00027764871617194566,0.0,1.1459931154054404e-05,1.1459931154054404e-05,0.0,7.399087662580317e-06,7.399087662580317e-06,0.0
pccv1_n07_dense_r03,7,dense,3,18,13,L18H13,0.5,6,6,False,False,-1.322540044784546,-1.8122690916061401,-0.48972904682159424,-1.0,-1.625,-0.625,0.589925431755684,0.4536209614006384,-0.13630447035504561,0.2562013597458869,0.19700508041194523,-0.0591962793339417,6.266821989349727,6.162707789070735,-0.10411420027899165,0.7304066433878217,0.8348827634519868,0.46170505559040087,0.6704845999015492,0.9916488499834486,0.9932180032096767,0.0015691532262280816,0.20905060771554465,0.14762956968351854,0.10452530385777233,0.008100167192070037,False,1,0.0004577653441352694,0.00035961952261215954,-9.814582152310985e-05,1.0765609025061815e-05,1.0201620609195193e-05,-5.639884158666215e-07,1.5663868704601166e-05,1.5800579094691916e-05,1.3671039009074994e-07,8.925003356721958e-06,1.0201620609195193e-05,1.2766172524732357e-06,0.00010214125454730376,0.00014991172051192586,4.77704659646221e-05,0.7304066433878217,0.8348827634519868,0.10447612006416507,0.2687015877974208,0.1643981635504376,-0.10430342424698322,0.00027764871617194566,0.00015958019581178789,-0.00011806852036015778,1.1459931154054404e-05,7.945030119038598e-06,-3.5149010350158053e-06,7.399087662580317e-06,5.812708207540437e-06,-1.5863794550398803e-06
pccv1_n07_dense_r03,7,dense,3,18,13,L18H13,1.5,6,6,False,False,-1.322540044784546,-0.7660648822784424,0.5564751625061035,-1.0,-0.125,0.875,0.589925431755684,0.6987139085724212,0.1087884768167372,0.2562013597458869,0.3034475949220557,0.04724623517616877,6.266821989349727,6.467154785223275,0.2003327958735479,0.7304066433878217,0.5307418116039514,0.46170505559040087,0.062363806791327414,0.9916488499834486,0.9924433792580203,0.000794529274571687,0.39955777006994964,0.28237693558301824,0.19977888503497482,0.021636760911849295,False,1,0.0004577653441352694,0.0003769192416890235,-8.084610244624591e-05,1.0765609025061815e-05,9.435988581779141e-06,-1.3296204432826732e-06,1.5663868704601166e-05,1.3729282374924026e-05,-1.9345863296771392e-06,8.925003356721958e-06,6.903516720991676e-06,-2.0214866357302813e-06,0.00010214125454730376,7.421979929768011e-05,-2.792145524962365e-05,0.7304066433878217,0.5307418116039514,-0.1996648317838703,0.2687015877974208,0.468378004812624,0.19967641701520317,0.00027764871617194566,0.0003769192416890235,9.927052551707781e-05,1.1459931154054404e-05,1.3729282374924026e-05,2.269351220869623e-06,7.399087662580317e-06,8.3272306962437e-06,9.281430336633837e-07
pccv1_n07_dense_r04,7,dense,4,18,13,L18H13,1.0,6,6,False,False,-7.757634162902832,-7.757634162902832,0.0,-7.75,-7.75,0.0,0.03163872625963637,0.03163872625963637,0.0,0.013740524229007582,0.013740524229007582,0.0,5.995753582100805,5.995753582100805,0.0,0.9953653909477898,0.9953653909477898,0.9912975600972287,0.9912975600972287,0.9970155825862435,0.9970155825862435,0.0,0.0,0.0,0.0,0.0,False,0,0.00012283784789152795,0.00012283784789152795,0.0,6.861665995958412e-07,6.861665995958412e-07,0.0,2.549418198818906e-06,2.549418198818906e-06,0.0,2.7138415461070755e-06,2.7138415461070755e-06,0.0,0.004067830850561047,0.004067830850561047,0.0,0.9953653909477898,0.9953653909477898,0.0,0.0004287462172979634,0.0004287462172979634,0.0,6.510167436697734e-06,6.510167436697734e-06,0.0,1.2819279758199447e-06,1.2819279758199447e-06,0.0,1.4526147027434582e-06,1.4526147027434582e-06,0.0
pccv1_n07_dense_r04,7,dense,4,18,13,L18H13,0.5,6,6,False,False,-7.757634162902832,-8.134398460388184,-0.37676429748535156,-7.75,-8.125,-0.375,0.03163872625963637,0.04033270085094623,0.008693974591309862,0.013740524229007582,0.017516269419820533,0.003775745190812951,5.995753582100805,5.993772436484438,-0.001981145616366753,0.9953653909477898,0.9936591409914209,0.9912975600972287,0.9877506277608405,0.9970155825862435,0.9969671557893776,-4.8426796865896904e-05,0.003684769948890866,0.0025134667189137703,0.001842384974445433,9.215512022899754e-05,False,1,0.00012283784789152795,0.00012262727991868956,-2.1056797283838433e-07,6.861665995958412e-07,8.262561127341478e-07,1.4008951313830662e-07,2.549418198818906e-06,2.88391720414143e-06,3.344990053225239e-07,2.7138415461070755e-06,3.941847453824363e-06,1.2280059077172877e-06,0.004067830850561047,0.005908513230580339,0.0018406823800192927,0.9953653909477898,0.9936591409914209,-0.0017062499563688105,0.0004287462172979634,0.000294167552163332,-0.0001345786651346314,6.510167436697734e-06,5.387866658206464e-06,-1.1223007784912701e-06,1.2819279758199447e-06,1.0609338494442577e-06,-2.2099412637568702e-07,1.4526147027434582e-06,1.4501246384959796e-06,-2.490064247478607e-09
pccv1_n07_dense_r04,7,dense,4,18,13,L18H13,1.5,6,6,False,False,-7.757634162902832,-7.381551742553711,0.3760824203491211,-7.75,-7.375,0.375,0.03163872625963637,0.025575324046963055,-0.006063402212673312,0.013740524229007582,0.011107222106483596,-0.0026333021225239863,5.995753582100805,5.997417051120436,0.0016634690196317692,0.9953653909477898,0.9964757588401544,0.9912975600972287,0.9936768635137387,0.9970155825862435,0.9969830856832118,-3.249690303164243e-05,0.002616531466530108,0.001697914326080985,0.001308265733265054,7.013444205210628e-05,False,1,0.00012283784789152795,8.45193153307081e-05,-3.831853256081985e-05,6.861665995958412e-07,5.694866670973028e-07,-1.1667993249853832e-07,2.549418198818906e-06,2.2523634610501623e-06,-2.970547377687439e-07,2.7138415461070755e-06,2.1158996575142937e-06,-5.979418885927818e-07,0.004067830850561047,0.0027988953264156307,-0.001268935524145416,0.9953653909477898,0.9964757588401544,0.0011103678923646276,0.0004287462172979634,0.0006245179624218114,0.000195771745123848,6.510167436697734e-06,8.368545483470403e-06,1.8583780467726694e-06,1.2819279758199447e-06,1.454235149607064e-06,1.7230717378711924e-07,1.4526147027434582e-06,1.548025258720304e-06,9.541055597684586e-08
pccv1_n07_dense_r05,7,dense,5,18,13,L18H13,1.0,6,6,False,False,-4.0217108726501465,-4.0217108726501465,0.0,-4.0,-4.0,0.0,0.09365482601231477,0.09365482601231477,0.0,0.04067377414075743,0.04067377414075743,0.0,6.016907435494234,6.016907435494234,0.0,0.9816636172461946,0.9816636172461946,0.9636838209225047,0.9636838209225047,0.9968009786022094,0.9968009786022094,0.0,0.0,0.0,0.0,0.0,False,0,0.00019973749511817247,0.00019973749511817247,0.0,2.849102350763209e-06,2.849102350763209e-06,0.0,6.834641239229443e-06,6.834641239229443e-06,0.0,5.322823949124007e-06,5.322823949124007e-06,0.0,0.00010691177696575784,0.00010691177696575784,0.0,0.9816636172461946,0.9816636172461946,0.0,0.017979796323689866,0.017979796323689866,0.0,3.0630736941536396e-05,3.0630736941536396e-05,0.0,2.67648396559954e-06,2.67648396559954e-06,0.0,1.6233695853653743e-06,1.6233695853653743e-06,0.0
pccv1_n07_dense_r05,7,dense,5,18,13,L18H13,0.5,6,6,False,False,-4.0217108726501465,-4.637864589691162,-0.6161537170410156,-4.0,-4.625,-0.625,0.09365482601231477,0.05768751306580168,-0.03596731294651309,0.04067377414075743,0.02505336859919941,-0.015620405541558021,6.016907435494234,6.008900139428203,-0.008007296066031344,0.9816636172461946,0.9899977399695333,0.9636838209225047,0.9802921436406288,0.9968009786022094,0.9971920175087234,0.0003910389065140407,0.016699555540653863,0.011744110027612964,0.008349777770326932,0.000640416885494827,False,1,0.00019973749511817247,0.0001384428962618189,-6.129459885635357e-05,2.849102350763209e-06,2.3820416098921416e-06,-4.6706074087106755e-07,6.834641239229443e-06,6.0827563436878155e-06,-7.518848955416279e-07,5.322823949124007e-06,5.7142207671718705e-06,3.913968180478636e-07,0.00010691177696575784,0.00012217542713589564,1.52636501701378e-05,0.9816636172461946,0.9899977399695333,0.008334122723338777,0.017979796323689866,0.009705596328904545,-0.008274199994785321,3.0630736941536396e-05,1.8736208577690247e-05,-1.189452836384615e-05,2.67648396559954e-06,1.8551358710926697e-06,-8.213480945068703e-07,1.6233695853653743e-06,1.2750149949025429e-06,-3.4835459046283145e-07
pccv1_n07_dense_r05,7,dense,5,18,13,L18H13,1.5,6,6,False,False,-4.0217108726501465,-3.291692018508911,0.7300188541412354,-4.0,-3.25,0.75,0.09365482601231477,0.1629835681798703,0.06932874216755554,0.04067377414075743,0.07078286430142008,0.030109090160662655,6.016907435494234,6.036184796627259,0.019277361133024584,0.9816636172461946,0.9623195816539242,0.9636838209225047,0.9250064021943392,0.9968009786022094,0.9967219337261213,-7.904487608811905e-05,0.03873976165312124,0.02734908988193125,0.01936988082656062,0.0017761109554460435,False,1,0.00019973749511817247,0.00022187227532774259,2.2134780209570116e-05,2.849102350763209e-06,3.1648380331968043e-06,3.1573568243359516e-07,6.834641239229443e-06,6.69996216885406e-06,-1.3467907037538324e-07,5.322823949124007e-06,4.901797036084869e-06,-4.2102691303913756e-07,0.00010691177696575784,8.162224865900633e-05,-2.5289528306751504e-05,0.9816636172461946,0.9623195816539242,-0.01934403559227038,0.017979796323689866,0.03731317945958503,0.019333383135895166,3.0630736941536396e-05,4.368924141615196e-05,1.3058504474615567e-05,2.67648396559954e-06,3.368952549710495e-06,6.924685841109551e-07,1.6233695853653743e-06,1.919571300158491e-06,2.9620171479311685e-07
pccv1_n07_distractors_r00,7,distractors,0,18,13,L18H13,1.0,6,6,False,False,-1.578229308128357,-1.578229308128357,0.0,-1.25,-1.25,0.0,0.6567494754875504,0.6567494754875504,0.0,0.28522267319709804,0.28522267319709804,0.0,6.258346406446368,6.258346406446368,0.0,0.7550312743455231,0.7550312743455231,0.5387111924660686,0.5387111924660686,0.9538649259898193,0.9538649259898193,0.0,0.0,0.0,0.0,0.0,False,0,0.0018715354147351398,0.0018715354147351398,0.0,1.72362452802611e-05,1.72362452802611e-05,0.0,7.1851360192038e-06,7.1851360192038e-06,0.0,4.358005289852686e-06,4.358005289852686e-06,0.0,0.0007329037989351774,0.0007329037989351774,0.0,0.7550312743455231,0.7550312743455231,0.0,0.21632008187945453,0.21632008187945453,0.0,0.02583574947456308,0.02583574947456308,0.0,0.00017407991064125627,0.00017407991064125627,0.0,5.595789558230476e-06,5.595789558230476e-06,0.0
pccv1_n07_distractors_r00,7,distractors,0,18,13,L18H13,0.5,6,6,False,False,-1.578229308128357,-2.862769842147827,-1.2845405340194702,-1.25,-2.75,-1.5,0.6567494754875504,0.2810069349205665,-0.37574254056698386,0.28522267319709804,0.12203976121254823,-0.16318291198454982,6.258346406446368,6.058111986861647,-0.20023441958472077,0.7550312743455231,0.932309723850201,0.5387111924660686,0.8727091572222415,0.9538649259898193,0.9582181985642819,0.004353272574462608,0.3590337196524497,0.23765351983517574,0.17951685982622484,0.03330838082449902,False,1,0.0018715354147351398,0.0012369702972606252,-0.0006345651174745146,1.72362452802611e-05,1.462774927678994e-05,-2.608496003471161e-06,7.1851360192038e-06,6.909659500237135e-06,-2.7547651896666523e-07,4.358005289852686e-06,8.334640302385088e-06,3.976635012532402e-06,0.0007329037989351774,0.002967337485469651,0.0022344336865344734,0.7550312743455231,0.932309723850201,0.17727844950467797,0.21632008187945453,0.05960056662795952,-0.15671951525149502,0.02583574947456308,0.003810136751233323,-0.022025612723329757,0.00017407991064125627,4.2326795979680776e-05,-0.0001317531146615755,5.595789558230476e-06,3.0661428168064068e-06,-2.5296467414240695e-06
pccv1_n07_distractors_r00,7,distractors,0,18,13,L18H13,1.5,6,7,False,True,-1.578229308128357,-0.6006002426147461,0.9776290655136108,-1.25,0.625,1.875,0.6567494754875504,0.9495483132657984,0.292798837778248,0.28522267319709804,0.4123835927518765,0.12716091955477848,6.258346406446368,6.790122999100665,0.531776592654297,0.7550312743455231,0.5753110213180508,0.5387111924660686,0.26736922220463166,0.9538649259898193,0.9533665816777557,-0.0004983443120636366,0.8953132031001427,0.5800104019719834,0.44765660155007136,0.10575093023805085,True,1,0.0018715354147351398,0.002664218586229906,0.0007926831714947663,1.72362452802611e-05,1.4882203158652838e-05,-2.3540421216082625e-06,7.1851360192038e-06,6.603937619732348e-06,-5.81198399471452e-07,4.358005289852686e-06,2.7529307739925075e-06,-1.6050745158601781e-06,0.0007329037989351774,0.00017031779600483612,-0.0005625860029303412,0.7550312743455231,0.3079417991134191,-0.44708947523210396,0.21632008187945453,0.5753110213180508,0.3589909394385963,0.02583574947456308,0.11328545697117318,0.0874497074966101,0.00017407991064125627,0.0005944675198159022,0.000420387609174646,5.595789558230476e-06,8.47962375395668e-06,2.8838341957262036e-06
pccv1_n07_distractors_r01,7,distractors,1,18,13,L18H13,1.0,8,8,False,False,-1.8218567371368408,-1.8218567371368408,0.0,-1.5,-1.5,0.0,0.7304517064856061,0.7304517064856061,0.0,0.31723114542351244,0.31723114542351244,0.0,7.880391940868287,7.880391940868287,0.0,0.7558684591865138,0.7558684591865138,0.5872114088370801,0.5872114088370801,0.9588996779687022,0.9588996779687022,0.0,0.0,0.0,0.0,0.0,False,0,0.0024057636165861875,0.0024057636165861875,0.0,1.62099077408859e-05,1.62099077408859e-05,0.0,7.193102956680593e-06,7.193102956680593e-06,0.0,3.3977812471584123e-06,3.3977812471584123e-06,0.0,2.3585276594742104e-05,2.3585276594742104e-05,0.0,0.0024057636165861875,0.0024057636165861875,0.0,0.1686570503494337,0.1686570503494337,0.0,0.7558684591865138,0.7558684591865138,0.0,0.07030671864168482,0.07030671864168482,0.0,0.00030585852065590955,0.00030585852065590955,0.0
pccv1_n07_distractors_r01,7,distractors,1,18,13,L18H13,0.5,8,7,False,True,-1.8218567371368408,-0.6643363237380981,1.1575204133987427,-1.5,0.25,1.75,0.7304517064856061,0.8990999546255712,0.16864824813996515,0.31723114542351244,0.39047414897334964,0.0732430035498372,7.880391940868287,7.394624776369623,-0.48576716449866364,0.7558684591865138,0.5315628231276612,0.5872114088370801,0.11758128022419195,0.9588996779687022,0.9681168840306782,0.009217206061975958,0.7983295286289008,0.5030340290494082,0.3991647643144504,0.09464003662278667,True,1,0.0024057636165861875,0.001493050571626567,-0.0009127130449596206,1.62099077408859e-05,1.3750520383303306e-05,-2.459387357582594e-06,7.193102956680593e-06,7.834810345518692e-06,6.417073888380996e-07,3.3977812471584123e-06,6.495285911856039e-06,3.097504664697627e-06,2.3585276594742104e-05,0.00017831946154168334,0.00015473418494694124,0.0024057636165861875,0.03850628175580856,0.03610051813922237,0.1686570503494337,0.5315628231276612,0.36290577277822755,0.7558684591865138,0.4139815429034693,-0.3418869162830445,0.07030671864168482,0.014165669413916959,-0.05614104922776786,0.00030585852065590955,8.42321493350789e-05,-0.00022162637132083063
pccv1_n07_distractors_r01,7,distractors,1,18,13,L18H13,1.5,8,8,False,False,-1.8218567371368408,-3.625495672225952,-1.8036389350891113,-1.5,-3.25,-1.75,0.7304517064856061,0.7090156858977423,-0.021436020587863758,0.31723114542351244,0.3079215999682387,-0.009309545455273738,7.880391940868287,8.180420697878166,0.30002875700987897,0.7558684591865138,0.7288588606075392,0.5872114088370801,0.4922330331553061,0.9588996779687022,0.9424988687048881,-0.016400809263814153,0.3390916786773509,0.2193457229084115,0.16954583933867545,0.05252661703606758,False,1,0.0024057636165861875,0.004333953207363025,0.0019281895907768375,1.62099077408859e-05,2.420926437696796e-05,7.999356636082061e-06,7.193102956680593e-06,8.90609065017068e-06,1.712987693490087e-06,3.3977812471584123e-06,3.7126109358700293e-06,3.14829688711617e-07,2.3585276594742104e-05,1.217318260818649e-05,-1.1412093986555614e-05,0.0024057636165861875,0.00027706035911666857,-0.002128703257469519,0.1686570503494337,0.028260924941188828,-0.14039612540824487,0.7558684591865138,0.7288588606075392,-0.02700959857897456,0.07030671864168482,0.23662582745223312,0.1663191088105483,0.00030585852065590955,0.0015943722839878896,0.00128851376333198
pccv1_n07_distractors_r02,7,distractors,2,18,13,L18H13,1.0,8,8,False,False,-1.5420113801956177,-1.5420113801956177,0.0,-1.25,-1.25,0.0,0.6166906806097533,0.6166906806097533,0.0,0.26782535962997656,0.26782535962997656,0.0,7.782860448847001,7.782860448847001,0.0,0.7642193513761701,0.7642193513761701,0.5452668413535142,0.5452668413535142,0.9771540907238432,0.9771540907238432,0.0,0.0,0.0,0.0,0.0,False,0,0.0013019392153398464,0.0013019392153398464,0.0,1.446323823621226e-05,1.446323823621226e-05,0.0,6.02917470223887e-06,6.02917470223887e-06,0.0,2.218009420184633e-06,2.218009420184633e-06,0.0,1.1263981264110393e-05,1.1263981264110393e-05,0.0,0.0014752904078493849,0.0014752904078493849,0.0,0.21895251002265587,0.21895251002265587,0.0,0.7642193513761701,0.7642193513761701,0.0,0.013997165671588591,0.013997165671588591,0.0,1.9768902773490493e-05,1.9768902773490493e-05,0.0
pccv1_n07_distractors_r02,7,distractors,2,18,13,L18H13,0.5,8,7,False,True,-1.5420113801956177,-0.6705247163772583,0.8714866638183594,-1.25,0.125,1.375,0.6166906806097533,0.7857683198433989,0.1690776392336456,0.26782535962997656,0.34125484536237755,0.07342948573240099,7.782860448847001,7.457022557246524,-0.32583789160047694,0.7642193513761701,0.5214590284693318,0.5452668413535142,0.061273051020374114,0.9771540907238432,0.980786834645869,0.0036327439220258384,0.6237758454783661,0.42905626474640857,0.31188792273918303,0.0536125773994723,True,1,0.0013019392153398464,0.0008883679236003317,-0.00041357129173951476,1.446323823621226e-05,1.1904136985709686e-05,-2.559101250502574e-06,6.02917470223887e-06,5.9857759849066425e-06,-4.339871733222727e-08,2.218009420184633e-06,3.4105923488866294e-06,1.1925829287019965e-06,1.1263981264110393e-05,4.4229234548107044e-05,3.296525328399665e-05,0.0014752904078493849,0.010822536864143724,0.00934724645629434,0.21895251002265587,0.5214590284693318,0.3025065184466759,0.7642193513761701,0.4601859774489577,-0.30403337392721247,0.013997165671588591,0.006564200423973389,-0.007432965247615202,1.9768902773490493e-05,1.4359130125414115e-05,-5.409772648076377e-06
pccv1_n07_distractors_r02,7,distractors,2,18,13,L18H13,1.5,8,8,False,False,-1.5420113801956177,-2.5319089889526367,-0.989897608757019,-1.25,-2.375,-1.125,0.6166906806097533,0.4457665895508964,-0.17092409105885692,0.26782535962997656,0.19359397005878604,-0.07423138957119052,7.782860448847001,7.939510145329478,0.15664969648247684,0.7642193513761701,0.8816994438729545,0.5452668413535142,0.7996886204637856,0.9771540907238432,0.9694707298665435,-0.007683360857299704,0.27617507970500665,0.1815590684475164,0.13808753985250333,0.020653739850201594,False,1,0.0013019392153398464,0.001702080338334216,0.0004001411229943696,1.446323823621226e-05,1.5675617980432497e-05,1.2123797442202369e-06,6.02917470223887e-06,6.534569771031831e-06,5.053950687929615e-07,2.218009420184633e-06,1.9929311811048804e-06,-2.250782390797525e-07,1.1263981264110393e-05,5.76673758265852e-06,-5.497243681451873e-06,0.0014752904078493849,0.0003351594907535119,-0.001140130917095873,0.21895251002265587,0.08201082340916892,-0.13694168661348693,0.7642193513761701,0.8816994438729545,0.11748009249678437,0.013997165671588591,0.03418719748184365,0.02019003181025506,1.9768902773490493e-05,3.532555042996949e-05,1.5556647656479e-05
pccv1_n07_distractors_r03,7,distractors,3,18,13,L18H13,1.0,8,8,False,False,-1.7727822065353394,-1.7727822065353394,0.0,-1.5,-1.5,0.0,0.6646780126614206,0.6646780126614206,0.0,0.28866599314127467,0.28866599314127467,0.0,7.871401627241376,7.871401627241376,0.0,0.7752790331586379,0.7752790331586379,0.6022908983302312,0.6022908983302312,0.9819155682203018,0.9819155682203018,0.0,0.0,0.0,0.0,0.0,False,0,0.0002768506763597715,0.0002768506763597715,0.0,7.377820621947401e-06,7.377820621947401e-06,0.0,5.745852477732996e-06,5.745852477732996e-06,0.0,3.075533205290743e-06,3.075533205290743e-06,0.0,2.4190942501860324e-05,2.4190942501860324e-05,0.0,0.0016959159991479348,0.0016959159991479348,0.0,0.1729881348284067,0.1729881348284067,0.0,0.7752790331586379,0.7752790331586379,0.0,0.04956193042823584,0.04956193042823584,0.0,0.00015774476040493718,0.00015774476040493718,0.0
pccv1_n07_distractors_r03,7,distractors,3,18,13,L18H13,0.5,8,8,False,False,-1.7727822065353394,-0.8726257085800171,0.9001564979553223,-1.5,-0.25,1.25,0.6646780126614206,0.8159260759636049,0.15124806330218432,0.28866599314127467,0.35435219243196703,0.06568619929069236,7.871401627241376,7.5664589015575885,-0.30494272568378733,0.7752790331586379,0.5463040748231582,0.6022908983302312,0.12084203355578321,0.9819155682203018,0.9821157411652166,0.00020017294491481152,0.5243132365993722,0.34257682539583706,0.2621566182996861,0.0437911292650338,False,1,0.0002768506763597715,0.00025049300933864137,-2.6357667021130135e-05,7.377820621947401e-06,7.564233447609362e-06,1.8641282566196034e-07,5.745852477732996e-06,5.891030932333083e-06,1.4517845460008715e-07,3.075533205290743e-06,4.048842400818514e-06,9.73309195527771e-07,2.4190942501860324e-05,6.333455123309667e-05,3.9143608731236345e-05,0.0016959159991479348,0.011338179350658771,0.009642263351510836,0.1729881348284067,0.425462041267375,0.25247390643896833,0.7752790331586379,0.5463040748231582,-0.22897495833547965,0.04956193042823584,0.016496953612609885,-0.03306497681562595,0.00015774476040493718,6.741927884568069e-05,-9.032548155925649e-05
pccv1_n07_distractors_r03,7,distractors,3,18,13,L18H13,1.5,8,8,False,False,-1.7727822065353394,-3.223339319229126,-1.4505571126937866,-1.5,-3.0,-1.5,0.6646780126614206,0.5825445679359758,-0.08213344472544482,0.28866599314127467,0.25299589131730826,-0.035670101823966405,7.871401627241376,8.099505462232163,0.22810383499078668,0.7752790331586379,0.8162869980613611,0.6022908983302312,0.6744375874209125,0.9819155682203018,0.979855580690355,-0.0020599875299467385,0.2673645677124442,0.16648247776646766,0.1336822838562221,0.03421571852125273,False,1,0.0002768506763597715,0.0002738337814923168,-3.0168948674547135e-06,7.377820621947401e-06,7.297423096971049e-06,-8.039752497635203e-08,5.745852477732996e-06,5.68323882232441e-06,-6.261365540858596e-08,3.075533205290743e-06,2.857711945015095e-06,-2.178212602756477e-07,2.4190942501860324e-05,1.4512658744341576e-05,-9.678283757518748e-06,0.0016959159991479348,0.0003742864021187935,-0.0013216295970291413,0.1729881348284067,0.040640536580279406,-0.13234759824812728,0.7752790331586379,0.8162869980613611,0.04100796490272318,0.04956193042823584,0.14184941064044856,0.09228748021221272,0.00015774476040493718,0.0005445835016911803,0.00038683874128624313
pccv1_n07_distractors_r04,7,distractors,4,18,13,L18H13,1.0,8,8,False,False,-2.068430185317993,-2.068430185317993,0.0,-1.875,-1.875,0.0,0.5021234504499739,0.5021234504499739,0.0,0.21806944376464452,0.21806944376464452,0.0,7.886254072372913,7.886254072372913,0.0,0.8462747434920562,0.8462747434920562,0.7164943082621316,0.7164943082621316,0.9738295085344362,0.9738295085344362,0.0,0.0,0.0,0.0,0.0,False,0,0.0007717026764946802,0.0007717026764946802,0.0,5.535043038150699e-06,5.535043038150699e-06,0.0,2.7831944250103866e-06,2.7831944250103866e-06,0.0,9.618462559073794e-07,9.618462559073794e-07,0.0,5.892022643983292e-06,5.892022643983292e-06,0.0,0.0005645897390234623,0.0005645897390234623,0.0,0.12978043522992463,0.12978043522992463,0.0,0.8462747434920562,0.8462747434920562,0.0,0.022552458012619077,0.022552458012619077,0.0,4.0898743518891055e-05,4.0898743518891055e-05,0.0
pccv1_n07_distractors_r04,7,distractors,4,18,13,L18H13,0.5,8,8,False,False,-2.068430185317993,-1.0913947820663452,0.977035403251648,-1.875,-0.625,1.25,0.5021234504499739,0.7194215083020422,0.21729805785206835,0.21806944376464452,0.3124407912180914,0.09437134745344686,7.886254072372913,7.653103734623582,-0.23315033774933092,0.8462747434920562,0.6426636670213383,0.7164943082621316,0.29867059455424405,0.9738295085344362,0.9760309438358945,0.002201435301458332,0.4340647215077542,0.29585735852908435,0.2170323607538771,0.03411238362283244,False,1,0.0007717026764946802,0.0007524817907382101,-1.9220885756470146e-05,5.535043038150699e-06,5.7452693702627e-06,2.1022633211200098e-07,2.7831944250103866e-06,3.273555810628332e-06,4.903613856179453e-07,9.618462559073794e-07,1.4526315853666113e-06,4.907853294592319e-07,5.892022643983292e-06,1.6624488147966394e-05,1.0732465503983101e-05,0.0005645897390234623,0.0033723894171798514,0.0028077996781563893,0.12978043522992463,0.3439930724670942,0.21421263723716957,0.8462747434920562,0.6426636670213383,-0.20361107647071797,0.022552458012619077,0.00916710487120758,-0.013385353141411496,4.0898743518891055e-05,2.4188487527713146e-05,-1.671025599117791e-05
pccv1_n07_distractors_r04,7,distractors,4,18,13,L18H13,1.5,8,8,False,False,-2.068430185317993,-3.5106053352355957,-1.4421751499176025,-1.875,-3.375,-1.5,0.5021234504499739,0.38682057206789616,-0.1153028783820777,0.21806944376464452,0.16799403993574644,-0.05007540382889808,7.886254072372913,8.028192772747866,0.14193870037495326,0.8462747434920562,0.902591184295022,0.7164943082621316,0.8372076982034333,0.9738295085344362,0.9674228136441911,-0.006406694890245035,0.19861938819624372,0.1215998986899678,0.09930969409812186,0.02233266902471462,False,1,0.0007717026764946802,0.0008761392148009171,0.0001044365383062369,5.535043038150699e-06,5.545711904550613e-06,1.0668866399913998e-08,2.7831944250103866e-06,3.1598513941187554e-06,3.7665696910836876e-07,9.618462559073794e-07,9.053125817803824e-07,-5.6533674126997004e-08,5.892022643983292e-06,4.057329503004676e-06,-1.8346931409786166e-06,0.0005645897390234623,0.00015225016636753196,-0.00041233957265593034,0.12978043522992463,0.030884971931273826,-0.09889546329865082,0.8462747434920562,0.902591184295022,0.05631644080296583,0.022552458012619077,0.06538348609158867,0.042831028078969595,4.0898743518891055e-05,9.830009556359842e-05,5.7401352044707366e-05
pccv1_n07_distractors_r05,7,distractors,5,18,13,L18H13,1.0,8,8,False,False,-2.2355329990386963,-2.2355329990386963,0.0,-2.0,-2.0,0.0,0.6167303127548968,0.6167303127548968,0.0,0.2678425716519183,0.2678425716519183,0.0,7.936234496955658,7.936234496955658,0.0,0.8179031617854081,0.8179031617854081,0.7072120057250588,0.7072120057250588,0.9660673102889632,0.9660673102889632,0.0,0.0,0.0,0.0,0.0,False,0,0.0026032064767351364,0.0026032064767351364,0.0,2.39747028001183e-05,2.39747028001183e-05,0.0,1.1324847714682234e-05,1.1324847714682234e-05,0.0,5.025370710468106e-06,5.025370710468106e-06,0.0,1.987572672101925e-05,1.987572672101925e-05,0.0,0.0012296676694884589,0.0012296676694884589,0.0,0.11069115606034927,0.11069115606034927,0.0,0.8179031617854081,0.8179031617854081,0.0,0.0671375799096377,0.0671375799096377,0.0,0.000375027450435066,0.000375027450435066,0.0
pccv1_n07_distractors_r05,7,distractors,5,18,13,L18H13,0.5,8,8,False,False,-2.2355329990386963,-1.2880257368087769,0.9475072622299194,-2.0,-0.875,1.125,0.6167303127548968,0.7560925953871288,0.13936228263223205,0.2678425716519183,0.3283668419845381,0.060524270332619756,7.936234496955658,7.718253058293827,-0.2179814386618304,0.8179031617854081,0.6819447591160867,0.7072120057250588,0.3976678895217809,0.9660673102889632,0.9702329525230198,0.004165642234056577,0.3551757648273644,0.22425248820169008,0.1775878824136822,0.028120782364172266,False,1,0.0026032064767351364,0.0019154424803923635,-0.0006877639963427729,2.39747028001183e-05,2.2650998507677747e-05,-1.3237042924405542e-06,1.1324847714682234e-05,1.2124205818601108e-05,7.993581039188737e-07,5.025370710468106e-06,6.9081642389416316e-06,1.8827935284735255e-06,1.987572672101925e-05,4.2317636393772256e-05,2.2441909672753005e-05,0.0012296676694884589,0.0052067124879090826,0.003977044818420624,0.11069115606034927,0.28427686959430576,0.1735857135339565,0.8179031617854081,0.6819447591160867,-0.13595840266932147,0.0671375799096377,0.026441867819720747,-0.04069571208991696,0.000375027450435066,0.00013034749662648416,-0.00024467995380858185
pccv1_n07_distractors_r05,7,distractors,5,18,13,L18H13,1.5,8,8,False,False,-2.2355329990386963,-3.801257371902466,-1.5657243728637695,-2.0,-3.5,-1.5,0.6167303127548968,0.6373462657865197,0.02061595303162289,0.2678425716519183,0.27679596629272873,0.008953394640810408,7.936234496955658,8.152777641132902,0.21654314417724407,0.8179031617854081,0.7752683560657663,0.7072120057250588,0.5792498182778877,0.9660673102889632,0.9543628925371195,-0.011704417751843721,0.26154081188912937,0.1613958769930629,0.13077040594456468,0.03255322849939932,False,1,0.0026032064767351364,0.0031683445747145637,0.0005651380979794273,2.39747028001183e-05,2.5750769606407563e-05,1.7760668062892616e-06,1.1324847714682234e-05,1.2948300115156061e-05,1.6234524004738276e-06,5.025370710468106e-06,5.070627180994958e-06,4.5256470526852034e-08,1.987572672101925e-05,1.561863127748241e-05,-4.257095443536839e-06,0.0012296676694884589,0.0003784047970499178,-0.0008512628724385411,0.11069115606034927,0.023411075803308486,-0.08728008025704079,0.8179031617854081,0.7752683560657663,-0.042634805719641844,0.0671375799096377,0.19601853778787862,0.12888095787824091,0.000375027450435066,0.0016958926431021103,0.0013208651926670443
pccv1_n07_grid_r00,7,grid,0,18,13,L18H13,1.0,6,6,False,False,-3.914621353149414,-3.914621353149414,0.0,-3.875,-3.875,0.0,0.1112583694218921,0.1112583694218921,0.0,0.04831889590548122,0.04831889590548122,0.0,6.014987005463482,6.014987005463482,0.0,0.9782532630123194,0.9782532630123194,0.9579502642657125,0.9579502642657125,0.9825198094779353,0.9825198094779353,0.0,0.0,0.0,0.0,0.0,False,0,0.0010108267866699755,0.0010108267866699755,0.0,9.3093928619927e-06,9.3093928619927e-06,0.0,4.9829589219547035e-06,4.9829589219547035e-06,0.0,2.8392044100695062e-06,2.8392044100695062e-06,0.0,0.00034933238993024174,0.00034933238993024174,0.0,0.9782532630123194,0.9782532630123194,0.0,0.020302998746606935,0.020302998746606935,0.0,5.702694501092832e-05,5.702694501092832e-05,0.0,6.398245906100788e-06,6.398245906100788e-06,0.0,3.022317362254139e-06,3.022317362254139e-06,0.0
pccv1_n07_grid_r00,7,grid,0,18,13,L18H13,0.5,6,6,False,False,-3.914621353149414,-4.405364990234375,-0.49074363708496094,-3.875,-4.375,-0.5,0.1112583694218921,0.07779530155000842,-0.033463067871883675,0.04831889590548122,0.03378607018116815,-0.014532825724313067,6.014987005463482,6.008083483038639,-0.006903522424842379,0.9782532630123194,0.9862976627893871,0.9579502642657125,0.9738820075168141,0.9825198094779353,0.9835684103509266,0.001048600872991301,0.0162406244798913,0.011268342889932524,0.00812031223994565,0.0004971422529118098,False,1,0.0010108267866699755,0.0007937062870553743,-0.00021712049961460122,9.3093928619927e-06,8.283068381814547e-06,-1.0263244801781527e-06,4.9829589219547035e-06,4.4336070145705364e-06,-5.49351907384167e-07,2.8392044100695062e-06,3.2436961844672654e-06,4.044917743977592e-07,0.00034933238993024174,0.0004248403610337634,7.550797110352165e-05,0.9782532630123194,0.9862976627893871,0.008044399777067723,0.020302998746606935,0.012415655272573007,-0.007887343474033928,5.702694501092832e-05,4.477784461554115e-05,-1.2249100395387171e-05,6.398245906100788e-06,5.023934930066833e-06,-1.3743109760339547e-06,3.022317362254139e-06,2.3731388241108406e-06,-6.491785381432984e-07
pccv1_n07_grid_r00,7,grid,0,18,13,L18H13,1.5,6,6,False,False,-3.914621353149414,-3.5486204624176025,0.3660008907318115,-3.875,-3.5,0.375,0.1112583694218921,0.14376868355580807,0.032510314133915974,0.04831889590548122,0.06243794593878222,0.014119050033301002,6.014987005463482,6.024092887653692,0.009105882190210579,0.9782532630123194,0.9693454067567032,0.9579502642657125,0.9400737118402077,0.9825198094779353,0.98266576291212,0.0001459534341847757,0.0179615640070304,0.012640866795235777,0.0089807820035152,0.0004198987019748946,False,1,0.0010108267866699755,0.0010016223198356347,-9.204466834340785e-06,9.3093928619927e-06,9.224622653114136e-06,-8.477020887856454e-08,4.9829589219547035e-06,4.357403202988198e-06,-6.255557189665053e-07,2.8392044100695062e-06,2.191039928414188e-06,-6.481644816553183e-07,0.00034933238993024174,0.0002869695992751409,-6.236279065510085e-05,0.9782532630123194,0.9693454067567032,-0.008907856255616187,0.020302998746606935,0.029271694916495453,0.008968696169888518,5.702694501092832e-05,6.816125427532684e-05,1.113430926439852e-05,6.398245906100788e-06,7.18414334578351e-06,7.858974396827222e-07,3.022317362254139e-06,3.1879442849283216e-06,1.6562692267418252e-07
pccv1_n07_grid_r01,7,grid,1,18,13,L18H13,1.0,6,6,False,False,-4.899803161621094,-4.899803161621094,0.0,-4.875,-4.875,0.0,0.056180001099165724,0.056180001099165724,0.0,0.024398664470686292,0.024398664470686292,0.0,6.003465968694609,6.003465968694609,0.0,0.9910519116219928,0.9910519116219928,0.9834851369009776,0.9834851369009776,0.9843097037833104,0.9843097037833104,0.0,0.0,0.0,0.0,0.0,False,0,0.0007038196856473886,0.0007038196856473886,0.0,8.322995241291497e-06,8.322995241291497e-06,0.0,4.454978322410445e-06,4.454978322410445e-06,0.0,2.3845780608745493e-06,2.3845780608745493e-06,0.0,0.0006211186925618841,0.0006211186925618841,0.0,0.9910519116219928,0.9910519116219928,0.0,0.007566774721015191,0.007566774721015191,0.0,3.504111880797505e-05,3.504111880797505e-05,0.0,3.9315045706087344e-06,3.9315045706087344e-06,0.0,2.2401037796839793e-06,2.2401037796839793e-06,0.0
pccv1_n07_grid_r01,7,grid,1,18,13,L18H13,0.5,6,6,False,False,-4.899803161621094,-5.398287773132324,-0.49848461151123047,-4.875,-5.375,-0.5,0.056180001099165724,0.0417114327091998,-0.014468568389965922,0.024398664470686292,0.018115045057884277,-0.0062836194128020155,6.003465968694609,6.000839885987665,-0.0026260827069446435,0.9910519116219928,0.9939163781187432,0.9834851369009776,0.9893136321437477,0.9843097037833104,0.9829613072996608,-0.0013483964836495943,0.006190566320287241,0.004130117595365824,0.0030952831601436205,0.0001956727402870885,False,1,0.0007038196856473886,0.0005851734830310424,-0.00011864620261634626,8.322995241291497e-06,7.841329158053126e-06,-4.81666083238371e-07,4.454978322410445e-06,4.46785467732046e-06,1.2876354910015673e-08,2.3845780608745493e-06,2.8846637887059202e-06,5.00085727831371e-07,0.0006211186925618841,0.0008514223938723965,0.00023030370131051244,0.9910519116219928,0.9939163781187432,0.0028644664967504285,0.007566774721015191,0.004602745974995601,-0.0029640287460195903,3.504111880797505e-05,2.415299419054748e-05,-1.0888124617427568e-05,3.9315045706087344e-06,3.0707086189184508e-06,-8.607959516902837e-07,2.2401037796839793e-06,1.8624789244178775e-06,-3.776248552661018e-07
pccv1_n07_grid_r01,7,grid,1,18,13,L18H13,1.5,6,6,False,False,-4.899803161621094,-4.527413368225098,0.3723897933959961,-4.875,-4.5,0.375,0.056180001099165724,0.07194490505079969,0.015764903951633963,0.024398664470686292,0.031245275264615693,0.006846610793929401,6.003465968694609,6.006747588453992,0.0032816197593827923,0.9910519116219928,0.9876701501155006,0.9834851369009776,0.9766981258369423,0.9843097037833104,0.9851054227333407,0.0007957189500302775,0.006914059430582109,0.004799950501465461,0.0034570297152910546,0.00016042540174344817,False,1,0.0007038196856473886,0.0007466556225390424,4.283593689165374e-05,8.322995241291497e-06,8.829550124844605e-06,5.065548835531086e-07,4.454978322410445e-06,4.726117613004351e-06,2.711392905939063e-07,2.3845780608745493e-06,1.970138933395165e-06,-4.144391274793842e-07,0.0006211186925618841,0.000546264922890448,-7.485376967143612e-05,0.9910519116219928,0.9876701501155006,-0.0033817615064921647,0.007566774721015191,0.010972024278558356,0.0034052495575431644,3.504111880797505e-05,4.2123427762442346e-05,7.0823089544673e-06,3.9315045706087344e-06,4.726117613004351e-06,7.946130423956165e-07,2.2401037796839793e-06,2.5297084648854695e-06,2.896046852014902e-07
pccv1_n07_grid_r02,7,grid,2,18,13,L18H13,1.0,6,6,False,False,-4.894365310668945,-4.894365310668945,0.0,-4.875,-4.875,0.0,0.051880188498880965,0.051880188498880965,0.0,0.02253127958516455,0.02253127958516455,0.0,6.004483464491565,6.004483464491565,0.0,0.991600738801317,0.991600738801317,0.9840297737330779,0.9840297737330779,0.9891288453917468,0.9891288453917468,0.0,0.0,0.0,0.0,0.0,False,0,0.0005838101382319692,0.0005838101382319692,0.0,6.0926055089124315e-06,6.0926055089124315e-06,0.0,3.2611367281031375e-06,3.2611367281031375e-06,0.0,1.3594440429248365e-06,1.3594440429248365e-06,0.0,0.00020175938503365375,0.00020175938503365375,0.0,0.991600738801317,0.991600738801317,0.0,0.007570965068239202,0.007570965068239202,0.0,2.730516351917433e-05,2.730516351917433e-05,0.0,3.2611367281031375e-06,3.2611367281031375e-06,0.0,1.4471206509023813e-06,1.4471206509023813e-06,0.0
pccv1_n07_grid_r02,7,grid,2,18,13,L18H13,0.5,6,6,False,False,-4.894365310668945,-5.389983177185059,-0.4956178665161133,-4.875,-5.375,-0.5,0.051880188498880965,0.03635155065284513,-0.015528637846035837,0.02253127958516455,0.015787277857157188,-0.006744001728007362,6.004483464491565,6.001809866572406,-0.0026735979191592207,0.991600738801317,0.9946163098915137,0.9840297737330779,0.9900103225893594,0.9891288453917468,0.9904608566752131,0.0013320112834662723,0.006086444774687974,0.00422966775407674,0.003043222387343987,0.00018539889212052424,False,1,0.0005838101382319692,0.0005167774530779015,-6.703268515406767e-05,6.0926055089124315e-06,5.0663078802663485e-06,-1.026297628646083e-06,3.2611367281031375e-06,2.886695214974695e-06,-3.744415131284427e-07,1.3594440429248365e-06,1.4515215100668905e-06,9.207746714205403e-08,0.00020175938503365375,0.0002293186047138703,2.7559219680216534e-05,0.991600738801317,0.9946163098915137,0.003015571090196678,0.007570965068239202,0.004605987302154319,-0.0029649777660848836,2.730516351917433e-05,1.8823617352372435e-05,-8.481546166801895e-06,3.2611367281031375e-06,2.2481604939107697e-06,-1.0129762341923678e-06,1.4471206509023813e-06,1.1304460886850823e-06,-3.16674562217299e-07
pccv1_n07_grid_r02,7,grid,2,18,13,L18H13,1.5,6,6,False,False,-4.894365310668945,-4.2753071784973145,0.6190581321716309,-4.875,-4.25,0.625,0.051880188498880965,0.08116919655755978,0.02928900805867881,0.02253127958516455,0.035251334165468634,0.012720054580304084,6.004483464491565,6.010880512619954,0.006397048128389038,0.991600738801317,0.9851268275922894,0.9840297737330779,0.9710747480934826,0.9891288453917468,0.9897307109712301,0.0006018655794832739,0.01305852753721921,0.009160823495213428,0.006529263768609605,0.0005015649601318234,False,1,0.0005838101382319692,0.0006174052842099184,3.359514597794922e-05,6.0926055089124315e-06,6.443202317795944e-06,3.505968088835129e-07,3.2611367281031375e-06,3.4487976768603262e-06,1.8766094875718872e-07,1.3594440429248365e-06,1.1196606752124494e-06,-2.3978336771238703e-07,0.00020175938503365375,0.00014664660881940397,-5.511277621424979e-05,0.991600738801317,0.9851268275922894,-0.006473911209027627,0.007570965068239202,0.014052079498806798,0.006481114430567596,2.730516351917433e-05,3.946939931725951e-05,1.2164235798085184e-05,3.2611367281031375e-06,4.713947516164739e-06,1.4528107880616018e-06,1.4471206509023813e-06,1.846008371189233e-06,3.9888772028685177e-07
pccv1_n07_grid_r03,7,grid,3,18,13,L18H13,1.0,6,6,False,False,-5.146322250366211,-5.146322250366211,0.0,-5.125,-5.125,0.0,0.047584227691084086,0.047584227691084086,0.0,0.02066556751186573,0.02066556751186573,0.0,6.001852761848192,6.001852761848192,0.0,0.9927529431548929,0.9927529431548929,0.9868498183736165,0.9868498183736165,0.9860496084725128,0.9860496084725128,0.0,0.0,0.0,0.0,0.0,False,0,0.0007050277146766679,0.0007050277146766679,0.0,6.099684897135231e-06,6.099684897135231e-06,0.0,3.264926051556314e-06,3.264926051556314e-06,0.0,1.8602987881933357e-06,1.8602987881933357e-06,0.0,0.0005844885045911409,0.0005844885045911409,0.0,0.9927529431548929,0.9927529431548929,0.0,0.005903124781276379,0.005903124781276379,0.0,3.5101263031846136e-05,3.5101263031846136e-05,0.0,5.382953028463878e-06,5.382953028463878e-06,0.0,2.7067187654459472e-06,2.7067187654459472e-06,0.0
pccv1_n07_grid_r03,7,grid,3,18,13,L18H13,0.5,6,6,False,False,-5.146322250366211,-5.644992351531982,-0.4986701011657715,-5.125,-5.625,-0.5,0.047584227691084086,0.03712865134008245,-0.010455576351001639,0.02066556751186573,0.01612476839750758,-0.0045407991143581496,6.001852761848192,5.999399737030299,-0.0024530248178926684,0.9927529431548929,0.9947948340031326,0.9868498183736165,0.991207043626918,0.9860496084725128,0.9853350838100141,-0.0007145246624986612,0.00473124012637517,0.003104184903227944,0.002365620063187585,0.00016137206128930828,False,1,0.0007050277146766679,0.0006636744863661281,-4.1353228310539794e-05,6.099684897135231e-06,6.112230708109133e-06,1.2545810973901791e-08,3.264926051556314e-06,3.482644078273512e-06,2.1771802671719805e-07,1.8602987881933357e-06,2.712285935318402e-06,8.519871471250662e-07,0.0005844885045911409,0.0009071354685542553,0.0003226469639631144,0.9927529431548929,0.9947948340031326,0.0020418908482396914,0.005903124781276379,0.003587790376214586,-0.0023153344050617928,3.5101263031846136e-05,2.7393117559917394e-05,-7.708145471928741e-06,5.382953028463878e-06,4.4718035137802415e-06,-9.111495146836364e-07,2.7067187654459472e-06,2.393583936842252e-06,-3.1313482860369535e-07
pccv1_n07_grid_r03,7,grid,3,18,13,L18H13,1.5,6,6,False,False,-5.146322250366211,-4.773918628692627,0.372403621673584,-5.125,-4.75,0.375,0.047584227691084086,0.060540760174633244,0.012956532483549159,0.02066556751186573,0.026292518074071364,0.005626950562205635,6.001852761848192,6.004217281054366,0.002364519206174087,0.9927529431548929,0.9901128721971366,0.9868498183736165,0.9815467174102006,0.9860496084725128,0.9861148730830109,6.526461049816135e-05,0.005541585694784389,0.0037533075279411565,0.0027707928473921944,0.00013020261748847024,False,1,0.0007050277146766679,0.0007967765120063282,9.174879732966031e-05,6.099684897135231e-06,6.893467526884341e-06,7.937826297491095e-07,3.264926051556314e-06,3.466253154234693e-06,2.013271026783793e-07,1.8602987881933357e-06,1.6373420533935107e-06,-2.2295673479982504e-07,0.0005844885045911409,0.0004539895716902179,-0.00013049893290092296,0.9927529431548929,0.9901128721971366,-0.002640070957756313,0.005903124781276379,0.00856615478693596,0.0026630300056595816,3.5101263031846136e-05,4.7850148815321886e-05,1.274888578347575e-05,5.382953028463878e-06,6.893467526884341e-06,1.510514498420463e-06,2.7067187654459472e-06,3.466253154234693e-06,7.59534388788746e-07
pccv1_n07_grid_r04,7,grid,4,18,13,L18H13,1.0,6,6,False,False,-2.716221570968628,-2.716221570968628,0.0,-2.625,-2.625,0.0,0.2589692313328224,0.2589692313328224,0.0,0.11246890815057146,0.11246890815057146,0.0,6.061298150710946,6.061298150710946,0.0,0.931070888517188,0.931070888517188,0.8636243395713383,0.8636243395713383,0.9803930121777285,0.9803930121777285,0.0,0.0,0.0,0.0,0.0,False,0,0.0012353266347835186,0.0012353266347835186,0.0,1.2110716183980274e-05,1.2110716183980274e-05,0.0,6.089650529149014e-06,6.089650529149014e-06,0.0,2.1045269092993787e-06,2.1045269092993787e-06,0.0,0.00012231390055253183,0.00012231390055253183,0.0,0.931070888517188,0.931070888517188,0.0,0.06744654894584973,0.06744654894584973,0.0,9.525816153082974e-05,9.525816153082974e-05,0.0,6.482399245025336e-06,6.482399245025336e-06,0.0,2.876547227851616e-06,2.876547227851616e-06,0.0
pccv1_n07_grid_r04,7,grid,4,18,13,L18H13,0.5,6,6,False,False,-2.716221570968628,-3.3088011741638184,-0.5925796031951904,-2.625,-3.25,-0.625,0.2589692313328224,0.17068769248790688,-0.08828153884491552,0.11246890815057146,0.07412872297629708,-0.038340185174274385,6.061298150710946,6.031574864515029,-0.029723286195916465,0.931070888517188,0.9613270089218028,0.8636243395713383,0.9240523156836211,0.9803930121777285,0.980825743040441,0.00043273086271256034,0.06061356057685881,0.042729250095195556,0.030306780288429404,0.0023295814073835373,False,1,0.0012353266347835186,0.0011255982036626744,-0.00010972843112084423,1.2110716183980274e-05,1.1746671336036787e-05,-3.6404484794348626e-07,6.089650529149014e-06,5.906597283805399e-06,-1.8305324534361554e-07,2.1045269092993787e-06,2.4622360731547108e-06,3.5770916385533204e-07,0.00012231390055253183,0.00017261607520340048,5.0302174650868644e-05,0.931070888517188,0.9613270089218028,0.030256120404614784,0.06744654894584973,0.03727469323818166,-0.030171855707668067,9.525816153082974e-05,7.195708573826682e-05,-2.3301075792562926e-05,6.482399245025336e-06,5.548734645185387e-06,-9.336645998399493e-07,2.876547227851616e-06,2.4622360731547108e-06,-4.1431115469690526e-07
pccv1_n07_grid_r04,7,grid,4,18,13,L18H13,1.5,6,6,False,False,-2.716221570968628,-2.0412650108337402,0.6749565601348877,-2.625,-1.875,0.75,0.2589692313328224,0.40663916472542927,0.14766993339260687,0.11246890815057146,0.17660114536600136,0.06413223721542989,6.061298150710946,6.12454688524113,0.06324873453018398,0.931070888517188,0.8653274393125722,0.8636243395713383,0.7326251785467858,0.9803930121777285,0.9786143583162357,-0.001778653861492785,0.13154308762750871,0.09263209018931721,0.06577154381375436,0.006041573146675286,False,1,0.0012353266347835186,0.001670474934412287,0.0004351482996287684,1.2110716183980274e-05,1.5384542273346724e-05,3.27382608936645e-06,6.089650529149014e-06,7.735833667667581e-06,1.6461831385185672e-06,2.1045269092993787e-06,2.08207138602902e-06,-2.245552327035885e-08,0.00012231390055253183,9.42417469373669e-05,-2.8072153615164925e-05,0.931070888517188,0.8653274393125722,-0.06574344920461583,0.06744654894584973,0.13270226076578637,0.06525571181993664,9.525816153082974e-05,0.00016539941684249972,7.014125531166998e-05,6.482399245025336e-06,1.0573630963577693e-05,4.091231718552357e-06,2.876547227851616e-06,4.4077451588122104e-06,1.5311979309605944e-06
pccv1_n07_grid_r05,7,grid,5,18,13,L18H13,1.0,6,6,False,False,-5.7660231590271,-5.7660231590271,0.0,-5.75,-5.75,0.0,0.031228065109943255,0.031228065109943255,0.0,0.013562176357763819,0.013562176357763819,0.0,6.000009642681775,6.000009642681775,0.0,0.9956916563452771,0.9956916563452771,0.9925225880622165,0.9925225880622165,0.9883626007397197,0.9883626007397197,0.0,0.0,0.0,0.0,0.0,False,0,0.000517336175869822,0.000517336175869822,0.0,6.1177409750224785e-06,6.1177409750224785e-06,0.0,3.485783733720419e-06,3.485783733720419e-06,0.0,2.5502538587178376e-06,2.5502538587178376e-06,0.0,0.0005862186874023964,0.0005862186874023964,0.0,0.9956916563452771,0.9956916563452771,0.0,0.003169068283060651,0.003169068283060651,0.0,1.8843968828580464e-05,1.8843968828580464e-05,0.0,3.0761933480880354e-06,3.0761933480880354e-06,0.0,1.6465676458982173e-06,1.6465676458982173e-06,0.0
pccv1_n07_grid_r05,7,grid,5,18,13,L18H13,0.5,6,6,False,False,-5.7660231590271,-6.017114639282227,-0.25109148025512695,-5.75,-6.0,-0.25,0.031228065109943255,0.028958046560400855,-0.0022700185495424,0.013562176357763819,0.012576319827879531,-0.0009858565298842877,6.000009642681775,5.99891671523121,-0.0010929274505651065,0.9956916563452771,0.9961411706031799,0.9925225880622165,0.9936719835082802,0.9883626007397197,0.9868390783111636,-0.0015235224285561344,0.0014020297893245113,0.0008599017555288472,0.0007010148946622557,3.0532522836498507e-05,False,1,0.000517336175869822,0.0005509501119213854,3.3613936051563346e-05,6.1177409750224785e-06,6.935438377351331e-06,8.176974023288524e-07,3.485783733720419e-06,4.206556014411218e-06,7.207722806907992e-07,2.5502538587178376e-06,3.487357423203792e-06,9.371035644859543e-07,0.0005862186874023964,0.0008016276827285528,0.0002154089953261564,0.9956916563452771,0.9961411706031799,0.0004495142579027389,0.003169068283060651,0.0024691870948996063,-0.0006998811881610448,1.8843968828580464e-05,1.771026232744941e-05,-1.1337065011310534e-06,3.0761933480880354e-06,3.077582124182742e-06,1.3887760947068016e-09,1.6465676458982173e-06,1.647311004174563e-06,7.433582763457667e-10
pccv1_n07_grid_r05,7,grid,5,18,13,L18H13,1.5,6,6,False,False,-5.7660231590271,-5.144445896148682,0.621577262878418,-5.75,-5.125,0.625,0.031228065109943255,0.04618272336360512,0.014954658253661865,0.013562176357763819,0.020056901916078087,0.006494725558314268,6.000009642681775,6.002342913473862,0.0023332707920875606,0.9956916563452771,0.9929394598138868,0.9925225880622165,0.9870352259640154,0.9883626007397197,0.9877157846863156,-0.000646816053404109,0.0057081441498984245,0.0038829318813530926,0.0028540720749492122,0.00021583719704144824,False,1,0.000517336175869822,0.0006223016694083521,0.00010496549353853008,6.1177409750224785e-06,7.359006772266298e-06,1.241265797243819e-06,3.485783733720419e-06,3.938992477404182e-06,4.532087436837629e-07,2.5502538587178376e-06,2.244370260369211e-06,-3.058835983486268e-07,0.0005862186874023964,0.0004846490274418672,-0.00010156965996052918,0.9956916563452771,0.9929394598138868,-0.0027521965313903607,0.003169068283060651,0.005904233849871359,0.002735165566810708,1.8843968828580464e-05,2.910543638880532e-05,1.0261467560224857e-05,3.0761933480880354e-06,4.4634632324124146e-06,1.3872698843243792e-06,1.6465676458982173e-06,2.244370260369211e-06,5.978026144709935e-07
pccv1_n07_random_sparse_r00,7,random_sparse,0,18,13,L18H13,1.0,6,6,False,False,-5.264620780944824,-5.264620780944824,0.0,-5.25,-5.25,0.0,0.039709914475533195,0.039709914475533195,0.0,0.017245796733574126,0.017245796733574126,0.0,6.0037612091471875,6.0037612091471875,0.0,0.9940132434677424,0.9940132434677424,0.9887971406836155,0.9887971406836155,0.9914211895174958,0.9914211895174958,0.0,0.0,0.0,0.0,0.0,False,0,0.0002022502534233619,0.0002022502534233619,0.0,6.920623100205037e-06,6.920623100205037e-06,0.0,1.3763302472234519e-05,1.3763302472234519e-05,0.0,7.84209336025588e-06,7.84209336025588e-06,0.0,0.0004851731361358873,0.0004851731361358873,0.0,0.9940132434677424,0.9940132434677424,0.0,0.005216102784126944,0.005216102784126944,0.0,4.239395617173196e-05,4.239395617173196e-05,0.0,7.84209336025588e-06,7.84209336025588e-06,0.0,4.468290106610212e-06,4.468290106610212e-06,0.0
pccv1_n07_random_sparse_r00,7,random_sparse,0,18,13,L18H13,0.5,6,6,False,False,-5.264620780944824,-5.763418674468994,-0.4987978935241699,-5.25,-5.75,-0.5,0.039709914475533195,0.030189465493973777,-0.009520448981559418,0.017245796733574126,0.013111118275641438,-0.004134678457932688,6.0037612091471875,6.0013921049349745,-0.0023691042122129247,0.9940132434677424,0.9958314062000924,0.9887971406836155,0.9926618931238775,0.9914211895174958,0.9908011589718626,-0.0006200305456331989,0.004114997494287803,0.002746602586036538,0.0020574987471439015,0.0001375126816699561,False,1,0.0002022502534233619,0.00021568807167985924,1.343781825649735e-05,6.920623100205037e-06,7.856437436640098e-06,9.358143364350614e-07,1.3763302472234519e-05,1.3788477110292435e-05,2.5174638057916615e-08,7.84209336025588e-06,1.073847677085789e-05,2.8963834106020097e-06,0.0004851731361358873,0.0007072139602883668,0.00022204082415247945,0.9940132434677424,0.9958314062000924,0.001818162732349915,0.005216102784126944,0.003169513076214872,-0.002046589707912072,4.239395617173196e-05,3.3076837081311364e-05,-9.317119090420596e-06,7.84209336025588e-06,6.513215400137227e-06,-1.3288779601186538e-06,4.468290106610212e-06,4.205247925406053e-06,-2.6304218120415895e-07
pccv1_n07_random_sparse_r00,7,random_sparse,0,18,13,L18H13,1.5,6,6,False,False,-5.264620780944824,-4.768442153930664,0.49617862701416016,-5.25,-4.75,0.5,0.039709914475533195,0.055061151431389795,0.0153512369558566,0.017245796733574126,0.02391275423389192,0.006666957500317795,6.0037612091471875,6.0073579116698355,0.0035967025226479876,0.9940132434677424,0.9908342330632937,0.9887971406836155,0.9822618372820122,0.9914211895174958,0.9908084042776863,-0.0006127852398094547,0.006748301345859895,0.00462686252950022,0.0033741506729299477,0.00022023316202497521,False,1,0.0002022502534233619,0.00020160342536130083,-6.468280620610658e-07,6.920623100205037e-06,6.898489861050125e-06,-2.213323915491147e-08,1.3763302472234519e-05,1.288807579529407e-05,-8.752266769404483e-07,7.84209336025588e-06,6.087895934887971e-06,-1.7541974253679091e-06,0.0004851731361358873,0.0002933312530583141,-0.00019184188307757325,0.9940132434677424,0.9908342330632937,-0.00317901040444879,0.005216102784126944,0.00857239578128141,0.003356292997154465,4.239395617173196e-05,5.7760348429458e-05,1.5366392257726038e-05,7.84209336025588e-06,9.429117678886061e-06,1.5870243186301804e-06,4.468290106610212e-06,5.372549305795984e-06,9.04259199185772e-07
pccv1_n07_random_sparse_r01,7,random_sparse,1,18,13,L18H13,1.0,7,7,True,True,-0.33291447162628174,-0.33291447162628174,0.0,1.0,1.0,0.0,0.5904613878829001,0.5904613878829001,0.0,0.2564341225344791,0.2564341225344791,0.0,6.726816923814069,6.726816923814069,0.0,0.730315949942718,0.730315949942718,0.4616477263991998,0.4616477263991998,0.981536183692242,0.981536183692242,0.0,0.0,0.0,0.0,0.0,False,0,0.0007546337465425164,0.0007546337465425164,0.0,1.0112097988043661e-05,1.0112097988043661e-05,0.0,1.4713015756381515e-05,1.4713015756381515e-05,0.0,6.133297463766914e-06,6.133297463766914e-06,0.0,3.31562928318218e-05,3.31562928318218e-05,0.0,0.26866822354351816,0.26866822354351816,0.0,0.730315949942718,0.730315949942718,0.0,0.00019080129145643135,0.00019080129145643135,0.0,2.5567387680349495e-06,2.5567387680349495e-06,0.0,3.720032956912368e-06,3.720032956912368e-06,0.0
pccv1_n07_random_sparse_r01,7,random_sparse,1,18,13,L18H13,0.5,7,7,True,True,-0.33291447162628174,-0.5957767367362976,-0.26286226511001587,1.0,0.25,-0.75,0.5904613878829001,0.6933073927636564,0.10284600488075624,0.2564341225344791,0.30109957493998646,0.044665452405507344,6.726816923814069,6.558034382279148,-0.16878254153492112,0.730315949942718,0.5616261741552107,0.4616477263991998,0.12423126992973538,0.981536183692242,0.9813187579418354,-0.00021742575040661904,0.3375048965339252,0.23858947287775867,0.1687524482669626,0.015704083718380165,False,1,0.0007546337465425164,0.0007451546174216906,-9.479129120825748e-06,1.0112097988043661e-05,1.0629059761273845e-05,5.169617732301842e-07,1.4713015756381515e-05,1.6462609804253818e-05,1.7495940478723027e-06,6.133297463766914e-06,8.811800040975633e-06,2.6785025772087193e-06,3.31562928318218e-05,5.3978819438977865e-05,2.0822526607156066e-05,0.26866822354351816,0.4373949042254753,0.16872668068195712,0.730315949942718,0.5616261741552107,-0.16868977578750732,0.00019080129145643135,0.00013783974427805608,-5.296154717837528e-05,2.5567387680349495e-06,2.3716638067602645e-06,-1.85074961274685e-07,3.720032956912368e-06,3.6733047620842656e-06,-4.672819482810251e-08
pccv1_n07_random_sparse_r01,7,random_sparse,1,18,13,L18H13,1.5,7,7,True,True,-0.33291447162628174,-0.14308080077171326,0.18983367085456848,1.0,2.0,1.0,0.5904613878829001,0.3725289104996956,-0.21793247738320454,0.2564341225344791,0.16178725017944817,-0.09464687235503094,6.726816923814069,6.8777317490161565,0.15091482520208732,0.730315949942718,0.8800586841305513,0.4616477263991998,0.7609556928489025,0.981536183692242,0.9848025294384115,0.0032663457461694634,0.29959336901824285,0.21164283508020232,0.14979668450912142,0.018300577622263333,False,1,0.0007546337465425164,0.0005515562735460344,-0.000203077472996482,1.0112097988043661e-05,6.943068826104317e-06,-3.169029161939344e-06,1.4713015756381515e-05,1.0102105533085056e-05,-4.6109102232964595e-06,6.133297463766914e-06,3.2796734868305e-06,-2.853623976936414e-06,3.31562928318218e-05,1.5646447129641657e-05,-1.750984570218014e-05,0.26866822354351816,0.11910299128164883,-0.14956523226186932,0.730315949942718,0.8800586841305513,0.14974273418783335,0.00019080129145643135,0.000244751612744397,5.395032128796567e-05,2.5567387680349495e-06,2.5542122797621185e-06,-2.5264882728309293e-09,3.720032956912368e-06,3.4911942537908826e-06,-2.2883870312148542e-07
pccv1_n07_random_sparse_r02,7,random_sparse,2,18,13,L18H13,1.0,6,6,False,False,-4.766676425933838,-4.766676425933838,0.0,-4.75,-4.75,0.0,0.05909038651271148,0.05909038651271148,0.0,0.025662628796000928,0.025662628796000928,0.0,6.006250931070735,6.006250931070735,0.0,0.9903123763482967,0.9903123763482967,0.9817444955122532,0.9817444955122532,0.9930827067355494,0.9930827067355494,0.0,0.0,0.0,0.0,0.0,False,0,0.00033221279221418094,0.00033221279221418094,0.0,7.3395365771567085e-06,7.3395365771567085e-06,0.0,1.3712059539698952e-05,1.3712059539698952e-05,0.0,5.3697196690733875e-06,5.3697196690733875e-06,0.0,0.000703294486636364,0.000703294486636364,0.0,0.9903123763482967,0.9903123763482967,0.0,0.008567880836043556,0.008567880836043556,0.0,4.7859790446685696e-05,4.7859790446685696e-05,0.0,6.894856535578319e-06,6.894856535578319e-06,0.0,3.059574041057832e-06,3.059574041057832e-06,0.0
pccv1_n07_random_sparse_r02,7,random_sparse,2,18,13,L18H13,0.5,6,6,False,False,-4.766676425933838,-5.511781215667725,-0.7451047897338867,-4.75,-5.5,-0.75,0.05909038651271148,0.03833569314361247,-0.020754693369099006,0.025662628796000928,0.01664897999220722,-0.009013648803793708,6.006250931070735,6.001374833936717,-0.0048760971340175985,0.9903123763482967,0.9945076780725329,0.9817444955122532,0.9904433524984528,0.9930827067355494,0.9937459579421102,0.0006632512065607443,0.009045298949434122,0.0061634442737258256,0.004522649474717061,0.0004288705259613032,False,1,0.00033221279221418094,0.00033362015915543717,1.4073669412562246e-06,7.3395365771567085e-06,6.924065504589425e-06,-4.1547107256728314e-07,1.3712059539698952e-05,1.3770148510819208e-05,5.808897112025606e-08,5.3697196690733875e-06,6.924065504589425e-06,1.554345835516038e-06,0.000703294486636364,0.0010276224353692927,0.0003243279487329286,0.9903123763482967,0.9945076780725329,0.004195301724236211,0.008567880836043556,0.0040643255740800445,-0.004503555261963511,4.7859790446685696e-05,3.103150869422324e-05,-1.6828281752462455e-05,6.894856535578319e-06,5.392467637011946e-06,-1.5023888985663724e-06,3.059574041057832e-06,2.711503011075948e-06,-3.480710299818839e-07
pccv1_n07_random_sparse_r02,7,random_sparse,2,18,13,L18H13,1.5,6,6,False,False,-4.766676425933838,-4.1492390632629395,0.6174373626708984,-4.75,-4.125,0.625,0.05909038651271148,0.0894340054975024,0.030343618984790918,0.025662628796000928,0.03884069508207037,0.013178066286069445,6.006250931070735,6.013926081825541,0.007675150754805848,0.9903123763482967,0.9832505010267993,0.9817444955122532,0.9673577368746413,0.9930827067355494,0.9926794037849049,-0.00040330295064450183,0.014695815635412005,0.01017854284729824,0.007347907817706003,0.0005818644486725842,False,1,0.00033221279221418094,0.0003298437969609115,-2.3689952532694345e-06,7.3395365771567085e-06,6.845689607670774e-06,-4.938469694859342e-07,1.3712059539698952e-05,1.2014559426047311e-05,-1.6975001136516404e-06,5.3697196690733875e-06,3.6642335985994644e-06,-1.705486070473923e-06,0.000703294486636364,0.0004235278188346012,-0.00027976666780176287,0.9903123763482967,0.9832505010267993,-0.0070618753214973795,0.008567880836043556,0.015892764152158054,0.007324883316114498,4.7859790446685696e-05,6.913901582416173e-05,2.127922537747603e-05,6.894856535578319e-06,8.257477882919333e-06,1.3626213473410145e-06,3.059574041057832e-06,3.442228907724367e-06,3.82654866666535e-07
pccv1_n07_random_sparse_r03,7,random_sparse,3,18,13,L18H13,1.0,6,6,False,False,-6.526176929473877,-6.526176929473877,0.0,-6.5,-6.5,0.0,0.06711500022404394,0.06711500022404394,0.0,0.02914767425023779,0.02914767425023779,0.0,5.989430757984121,5.989430757984121,0.0,0.9891779528495307,0.9891779528495307,0.9806198866998297,0.9806198866998297,0.9848205314251572,0.9848205314251572,0.0,0.0,0.0,0.0,0.0,False,0,0.0007024888481214392,0.0007024888481214392,0.0,7.803946181934894e-06,7.803946181934894e-06,0.0,1.2866532065555112e-05,1.2866532065555112e-05,0.0,1.0020465248067662e-05,1.0020465248067662e-05,0.0,0.008558066149700973,0.008558066149700973,0.0,0.9891779528495307,0.9891779528495307,0.0,0.0014871689031433055,0.0014871689031433055,0.0,3.0865205891095605e-05,3.0865205891095605e-05,0.0,8.843029543876292e-06,8.843029543876292e-06,0.0,3.924070573062623e-06,3.924070573062623e-06,0.0
pccv1_n07_random_sparse_r03,7,random_sparse,3,18,13,L18H13,0.5,6,6,False,False,-6.526176929473877,-6.785111904144287,-0.25893497467041016,-6.5,-6.75,-0.25,0.06711500022404394,0.0971723327523094,0.03005733252826545,0.02914767425023779,0.04220140790799459,0.013053733657756802,5.989430757984121,5.981776086037692,-0.007654671946429659,0.9891779528495307,0.9821951442349506,0.9806198866998297,0.9663194383365862,0.9848205314251572,0.9829994176270702,-0.0018211137980870262,0.014654082774878967,0.010120335684232238,0.0073270413874394836,0.0005737637973900159,False,1,0.0007024888481214392,0.0006975298362811753,-4.959011840263922e-06,7.803946181934894e-06,8.780604797449136e-06,9.76658615514242e-07,1.2866532065555112e-05,1.5410441340691044e-05,2.543909275135931e-06,1.0020465248067662e-05,1.5410441340691044e-05,5.389976092623382e-06,0.008558066149700973,0.015875705898364425,0.0073176397486634515,0.9891779528495307,0.9821951442349506,-0.006982808614580116,0.0014871689031433055,0.0011500322780247517,-0.00033713662511855374,3.0865205891095605e-05,2.879049473699244e-05,-2.0747111541031663e-06,8.843029543876292e-06,8.780604797449136e-06,-6.24247464271564e-08,3.924070573062623e-06,4.4151653658405634e-06,4.910947927779405e-07
pccv1_n07_random_sparse_r03,7,random_sparse,3,18,13,L18H13,1.5,6,6,False,False,-6.526176929473877,-6.1477227210998535,0.37845420837402344,-6.5,-6.125,0.375,0.06711500022404394,0.053577063232939086,-0.013537936991104858,0.02914767425023779,0.023268222918647042,-0.005879451331590749,5.989430757984121,5.994269645035662,0.004838887051541008,0.9891779528495307,0.9920018037069935,0.9806198866998297,0.98679625599002,0.9848205314251572,0.9854150623759779,0.0005945309508206265,0.007027514226661961,0.00443886160583841,0.0035137571133309806,0.0002445056523496246,False,1,0.0007024888481214392,0.0005486606927887974,-0.00015382815533264177,7.803946181934894e-06,6.488167961605806e-06,-1.315778220329088e-06,1.2866532065555112e-05,1.0697180526174583e-05,-2.169351539380529e-06,1.0020465248067662e-05,6.095069736860375e-06,-3.925395511207287e-06,0.008558066149700973,0.005205547716973569,-0.0033525184327274048,0.9891779528495307,0.9920018037069935,0.0028238508574628396,0.0014871689031433055,0.0021699951348304503,0.0006828262316871448,3.0865205891095605e-05,3.733682871423141e-05,6.471622823135804e-06,8.843029543876292e-06,9.440228680737322e-06,5.971991368610295e-07,3.924070573062623e-06,3.935272794079141e-06,1.1202221016518311e-08
pccv1_n07_random_sparse_r04,7,random_sparse,4,18,13,L18H13,1.0,6,6,False,False,-6.133352279663086,-6.133352279663086,0.0,-6.125,-6.125,0.0,0.022243072194860953,0.022243072194860953,0.0,0.009660043514803764,0.009660043514803764,0.0,6.000858530137871,6.000858530137871,0.0,0.9970721900347503,0.9970721900347503,0.9948911034748622,0.9948911034748622,0.9945943937616448,0.9945943937616448,0.0,0.0,0.0,0.0,0.0,False,0,0.0001579973804689707,0.0001579973804689707,0.0,2.253711592018548e-06,2.253711592018548e-06,0.0,6.941920418337413e-06,6.941920418337413e-06,0.0,3.71574223978443e-06,3.71574223978443e-06,0.0,0.000551465044217291,0.000551465044217291,0.0,0.9970721900347503,0.9970721900347503,0.0,0.002181086559888174,0.002181086559888174,0.0,1.88700961277754e-05,1.88700961277754e-05,0.0,3.490616798101296e-06,3.490616798101296e-06,0.0,1.9888934992753666e-06,1.9888934992753666e-06,0.0
pccv1_n07_random_sparse_r04,7,random_sparse,4,18,13,L18H13,0.5,6,6,False,False,-6.133352279663086,-6.507429122924805,-0.37407684326171875,-6.125,-6.5,-0.375,0.022243072194860953,0.020896862229532465,-0.0013462099653284883,0.009660043514803764,0.009075391955378433,-0.000584651559425331,6.000858530137871,5.999577689496814,-0.0012808406410576012,0.9970721900347503,0.9973534861514992,0.9948911034748622,0.9958540258311662,0.9945943937616448,0.9952323105412688,0.0006379167796239926,0.0013730241904673774,0.0008209429891983767,0.0006865120952336887,5.5523212587911274e-05,False,1,0.0001579973804689707,0.00020292988715432564,4.493250668535494e-05,2.253711592018548e-06,2.7192620433541267e-06,4.6555045133557855e-07,6.941920418337413e-06,7.391720599267936e-06,4.49800180930523e-07,3.71574223978443e-06,5.080250319695232e-06,1.3645080799108022e-06,0.000551465044217291,0.0009094686573044781,0.0003580036130871871,0.9970721900347503,0.9973534861514992,0.0002812961167488748,0.002181086559888174,0.0014994603203329784,-0.0006816262395551956,1.88700961277754e-05,1.4700191720447416e-05,-4.169904407327985e-06,3.490616798101296e-06,2.8946393774961244e-06,-5.959774206051717e-07,1.9888934992753666e-06,1.8689196486205233e-06,-1.199738506548432e-07
pccv1_n07_random_sparse_r04,7,random_sparse,4,18,13,L18H13,1.5,6,6,False,False,-6.133352279663086,-5.634012222290039,0.4993400573730469,-6.125,-5.625,0.5,0.022243072194860953,0.029056981701026118,0.006813909506165165,0.009660043514803764,0.012619286813519405,0.002959243298715641,6.000858530137871,6.002558274414069,0.0016997442761974568,0.9970721900347503,0.9958484867291718,0.9948911034748622,0.9922568962878773,0.9945943937616448,0.995159548185029,0.0005651544233842287,0.0028359601675063554,0.001875439124668215,0.0014179800837531777,9.596908045737209e-05,False,1,0.0001579973804689707,0.0001392610742171784,-1.873630625179231e-05,2.253711592018548e-06,1.9864525370523382e-06,-2.6725905496620994e-07,6.941920418337413e-06,5.74799100450435e-06,-1.1939294138330624e-06,3.71574223978443e-06,2.5506555466190497e-06,-1.1650866931653802e-06,0.000551465044217291,0.0003785508474562425,-0.00017291419676104846,0.9970721900347503,0.9958484867291718,-0.0012237033055785274,0.002181086559888174,0.0035915904412944814,0.0014105038814063073,1.88700961277754e-05,2.576070846128866e-05,6.890612333513257e-06,3.490616798101296e-06,3.95053259198279e-06,4.599157938814941e-07,1.9888934992753666e-06,2.114567718595538e-06,1.2567421932017135e-07
pccv1_n07_random_sparse_r05,7,random_sparse,5,18,13,L18H13,1.0,6,6,False,False,-4.641765117645264,-4.641765117645264,0.0,-4.625,-4.625,0.0,0.05919562454704598,0.05919562454704598,0.0,0.025708333093598747,0.025708333093598747,0.0,6.008121879799402,6.008121879799402,0.0,0.9898228261313844,0.9898228261313844,0.98011894459741,0.98011894459741,0.9934857108290771,0.9934857108290771,0.0,0.0,0.0,0.0,0.0,False,0,0.00029303183136617937,0.00029303183136617937,0.0,3.6887263747983985e-06,3.6887263747983985e-06,0.0,6.891448137790725e-06,6.891448137790725e-06,0.0,2.8727829892291375e-06,2.8727829892291375e-06,0.0,0.0001384184360258285,0.0001384184360258285,0.0,0.9898228261313844,0.9898228261313844,0.0,0.00970388153397434,0.00970388153397434,0.0,2.405351747445138e-05,2.405351747445138e-05,0.0,2.6987298667101963e-06,2.6987298667101963e-06,0.0,1.6368624064419227e-06,1.6368624064419227e-06,0.0
pccv1_n07_random_sparse_r05,7,random_sparse,5,18,13,L18H13,0.5,6,6,False,False,-4.641765117645264,-5.2614593505859375,-0.6196942329406738,-4.625,-5.25,-0.625,0.05919562454704598,0.037369778906859365,-0.021825845640186615,0.025708333093598747,0.016229488769193556,-0.00947884432440519,6.008121879799402,6.003728896332197,-0.0043929834672056245,0.9898228261313844,0.994287413669155,0.98011894459741,0.9890698721718516,0.9934857108290771,0.9942858605406855,0.0008001497116083556,0.009057744659398306,0.006329693583938486,0.004528872329699153,0.00034885115425641955,False,1,0.00029303183136617937,0.00025976609523840975,-3.326573612776962e-05,3.6887263747983985e-06,3.0718549347329977e-06,-6.168714400654008e-07,6.891448137790725e-06,5.391273308709621e-06,-1.500174829081104e-06,2.8727829892291375e-06,3.2699725566227585e-06,3.97189567393621e-07,0.0001384184360258285,0.00020230603838707463,6.388760236124614e-05,0.9898228261313844,0.994287413669155,0.00446458753777057,0.00970388153397434,0.0052175414973033634,-0.004486340036670976,2.405351747445138e-05,1.7677304627715916e-05,-6.376212846735464e-06,2.6987298667101963e-06,2.111252962643131e-06,-5.874769040670655e-07,1.6368624064419227e-06,1.4510415260403008e-06,-1.8582088040162186e-07
pccv1_n07_random_sparse_r05,7,random_sparse,5,18,13,L18H13,1.5,6,6,False,False,-4.641765117645264,-4.026035308837891,0.615729808807373,-4.625,-4.0,0.625,0.05919562454704598,0.09436176557491212,0.03516614102786614,0.025708333093598747,0.040980794091832556,0.01527246099823381,6.008121879799402,6.0164881921906295,0.008366312391227204,0.9898228261313844,0.9815794158920748,0.98011894459741,0.9636011617699809,0.9934857108290771,0.9925846721228027,-0.0009010387062744485,0.01658182063715237,0.01167995022752855,0.008290910318576185,0.000639565242267817,False,1,0.00029303183136617937,0.00029059141320713505,-2.440418159044321e-06,3.6887263747983985e-06,3.893927164399716e-06,2.0520078960131712e-07,6.891448137790725e-06,6.420000542502846e-06,-4.7144759528787877e-07,2.8727829892291375e-06,2.361786211896303e-06,-5.109967773328343e-07,0.0001384184360258285,9.434121929084613e-05,-4.407721673498237e-05,0.9898228261313844,0.9815794158920748,-0.008243410239309634,0.00970388153397434,0.017978254122093865,0.008274372588119526,2.405351747445138e-05,3.932727121251518e-05,1.52737537380638e-05,2.6987298667101963e-06,3.4363786614727653e-06,7.376487947625691e-07,1.6368624064419227e-06,1.9579895405790206e-06,3.2112713413709794e-07
pccv1_n07_row_r00,7,row,0,18,13,L18H13,1.0,6,6,False,False,-7.7522382736206055,-7.7522382736206055,0.0,-7.75,-7.75,0.0,0.008291074665132951,0.008291074665132951,0.0,0.003600767976115092,0.003600767976115092,0.0,5.99924880170712,5.99924880170712,0.0,0.9990873060186446,0.9990873060186446,0.9986569566141932,0.9986569566141932,0.9986758344272886,0.9986758344272886,0.0,0.0,0.0,0.0,0.0,False,0,0.00017939632190704986,0.00017939632190704986,0.0,3.056231252950211e-07,3.056231252950211e-07,0.0,4.4467902341303856e-07,4.4467902341303856e-07,0.0,1.4436614213354435e-07,1.4436614213354435e-07,0.0,0.0002957745318135205,0.0002957745318135205,0.0,0.9990873060186446,0.9990873060186446,0.0,0.00043034940445139036,0.00043034940445139036,0.0,5.089081931612836e-06,5.089081931612836e-06,0.0,8.843498357987711e-07,8.843498357987711e-07,0.0,3.056231252950211e-07,3.056231252950211e-07,0.0
pccv1_n07_row_r00,7,row,0,18,13,L18H13,0.5,6,6,False,False,-7.7522382736206055,-8.00223445892334,-0.24999618530273438,-7.75,-8.0,-0.25,0.008291074665132951,0.009040079292795966,0.0007490046276630146,0.003600767976115092,0.003926056552829139,0.00032528857671404714,5.99924880170712,5.998959146299063,-0.0002896554080571434,0.9990873060186446,0.9989914230579685,0.9986569566141932,0.9985038200960532,0.9986758344272886,0.998775863627344,0.00010002920005547367,0.00038413597537150846,0.00023464929705354796,0.00019206798768575423,1.4864406392282304e-05,False,1,0.00017939632190704986,0.00017937910514293404,-1.7216764115822285e-08,3.056231252950211e-07,3.923901992877621e-07,8.676707399274098e-08,4.4467902341303856e-07,5.038389891446546e-07,5.9159965731616066e-08,1.4436614213354435e-07,2.3799668643877803e-07,9.363054430523368e-08,0.0002957745318135205,0.00048760296191528203,0.0001918284301017615,0.9990873060186446,0.9989914230579685,-9.588296067608582e-05,0.00043034940445139036,0.0003351242880310961,-9.522511642029425e-05,5.089081931612836e-06,4.218592206629858e-06,-8.704897249829775e-07,8.843498357987711e-07,8.30690058410843e-07,-5.365977738792807e-08,3.056231252950211e-07,2.8707880244441415e-07,-1.8544322850606964e-08
pccv1_n07_row_r00,7,row,0,18,13,L18H13,1.5,6,6,False,False,-7.7522382736206055,-7.377235412597656,0.3750028610229492,-7.75,-7.375,0.375,0.008291074665132951,0.008812921379199928,0.0005218467140669768,0.003600767976115092,0.003827403124433724,0.00022663514831863189,5.99924880170712,5.999564815172607,0.0003160134654871527,0.9990873060186446,0.9990065811226622,0.9986569566141932,0.9983804770263469,0.9986758344272886,0.998759277046851,8.344261956239052e-05,0.0003946345226896664,0.00024163150354858064,0.0001973172613448332,1.6375702250684715e-05,False,1,0.00017939632190704986,0.00017938182692814428,-1.4494978905577136e-08,3.056231252950211e-07,2.533499980693672e-07,-5.227312722565391e-08,4.4467902341303856e-07,3.686220720844672e-07,-7.605695132857134e-08,1.4436614213354435e-07,8.755541649816766e-08,-5.6810725635376685e-08,0.0002957745318135205,0.00017938182692814428,-0.00011639270488537624,0.9990873060186446,0.9990065811226622,-8.072489598243138e-05,0.00043034940445139036,0.0006261040963152873,0.00019575469186389693,5.089081931612836e-06,6.5339825682291875e-06,1.4449006366163517e-06,8.843498357987711e-07,1.0020186801161275e-06,1.1766884431735636e-07,3.056231252950211e-07,3.055984313620178e-07,-2.4693933003297358e-11
pccv1_n07_row_r01,7,row,1,18,13,L18H13,1.0,6,6,False,False,-7.753121852874756,-7.753121852874756,0.0,-7.75,-7.75,0.0,0.017069619223252796,0.017069619223252796,0.0,0.0074132414368483605,0.0074132414368483605,0.0,5.9979294425396485,5.9979294425396485,0.0,0.997857680404108,0.997857680404108,0.9963574620583748,0.9963574620583748,0.9990233215540627,0.9990233215540627,0.0,0.0,0.0,0.0,0.0,False,0,0.0002030324747365685,0.0002030324747365685,0.0,4.4413173518893455e-07,4.4413173518893455e-07,0.0,4.1722315364650057e-07,4.1722315364650057e-07,0.0,2.0979297671408223e-07,2.0979297671408223e-07,0.0,0.0015002183457332246,0.0015002183457332246,0.0,0.997857680404108,0.997857680404108,0.0,0.00042981975239022793,0.00042981975239022793,0.0,6.526468206052291e-06,6.526468206052291e-06,0.0,1.2072752252060656e-06,1.2072752252060656e-06,0.0,4.4413173518893455e-07,4.4413173518893455e-07,0.0
pccv1_n07_row_r01,7,row,1,18,13,L18H13,0.5,6,6,False,False,-7.753121852874756,-7.879203796386719,-0.1260819435119629,-7.75,-7.875,-0.125,0.017069619223252796,0.023201570789650572,0.006131951566397776,0.0074132414368483605,0.010076314165432915,0.0026630727285845545,5.9979294425396485,5.996618783167706,-0.0013106593719429682,0.997857680404108,0.9968803244045469,0.9963574620583748,0.9944093051305533,0.9990233215540627,0.9989212163145567,-0.00010210523950604511,0.002057270558775515,0.0013796970214785787,0.0010286352793877575,6.265794461719372e-05,False,1,0.0002030324747365685,0.0002604435153563502,5.741104061978173e-05,4.4413173518893455e-07,6.064615228194499e-07,1.623297876305153e-07,4.1722315364650057e-07,5.352004154249014e-07,1.179772617784008e-07,2.0979297671408223e-07,3.246154610461409e-07,1.1482248433205868e-07,0.0015002183457332246,0.002471019273993636,0.0009708009282604114,0.997857680404108,0.9968803244045469,-0.0009773559995611691,0.00042981975239022793,0.0003789430788364733,-5.0876673553754647e-05,6.526468206052291e-06,6.1250444039962505e-06,-4.0142380205604037e-07,1.2072752252060656e-06,1.2060927542909759e-06,-1.1824709150897429e-09,4.4413173518893455e-07,4.7231270887446416e-07,2.8180973685529613e-08
pccv1_n07_row_r01,7,row,1,18,13,L18H13,1.5,6,6,False,False,-7.753121852874756,-7.377859115600586,0.3752627372741699,-7.75,-7.375,0.375,0.017069619223252796,0.015076601104096287,-0.0019930181191565085,0.0074132414368483605,0.006547684665365491,-0.0008655567714828697,5.9979294425396485,5.998430116443573,0.0005006739039243868,0.997857680404108,0.9981928017695897,0.9963574620583748,0.9972825677555097,0.9990233215540627,0.9989500594164582,-7.326213760450173e-05,0.001180319166386839,0.0007085568436624565,0.0005901595831934195,4.745858689753017e-05,False,1,0.0002030324747365685,0.0002607864112992324,5.775393656266392e-05,4.4413173518893455e-07,3.9207651174323525e-07,-5.20552234456993e-08,4.1722315364650057e-07,3.683217967539363e-07,-4.890135689256427e-08,2.0979297671408223e-07,1.3549801676109967e-07,-7.429495995298256e-08,0.0015002183457332246,0.0009102340140800231,-0.0005899843316532015,0.997857680404108,0.9981928017695897,0.00033512136548163873,0.00042981975239022793,0.0006255940790680706,0.00019577432667784267,6.526468206052291e-06,7.875067253333375e-06,1.3485990472810842e-06,1.2072752252060656e-06,1.368481491549206e-06,1.6120626634314036e-07,4.4413173518893455e-07,4.442808927656844e-07,1.4915757674983977e-10
pccv1_n07_row_r02,7,row,2,18,13,L18H13,1.0,6,6,False,False,-6.379052639007568,-6.379052639007568,0.0,-6.375,-6.375,0.0,0.016306314958441852,0.016306314958441852,0.0,0.007081742606627749,0.007081742606627749,0.0,6.000150121573503,6.000150121573503,0.0,0.9979037722781287,0.9979037722781287,0.9962037236573695,0.9962037236573695,0.9980477218937267,0.9980477218937267,0.0,0.0,0.0,0.0,0.0,False,0,0.0002954241528867963,0.0002954241528867963,0.0,5.032904350161522e-07,5.032904350161522e-07,0.0,4.441522500022079e-07,4.441522500022079e-07,0.0,8.215990497738743e-08,8.215990497738743e-08,0.0,9.00992760915344e-05,9.00992760915344e-05,0.0,0.9979037722781287,0.9979037722781287,0.0,0.001700048620759084,0.001700048620759084,0.0,8.380538143904617e-06,8.380538143904617e-06,0.0,9.402703206332311e-07,9.402703206332311e-07,0.0,3.0526107957740507e-07,3.0526107957740507e-07,0.0
pccv1_n07_row_r02,7,row,2,18,13,L18H13,0.5,6,6,False,False,-6.379052639007568,-6.753365516662598,-0.3743128776550293,-6.375,-6.75,-0.375,0.016306314958441852,0.012826388299400734,-0.003479926659041118,0.007081742606627749,0.005570429661178173,-0.0015113129454495762,6.000150121573503,5.999754413417497,-0.0003957081560059805,0.9979037722781287,0.9984380525186981,0.9962037236573695,0.9972690017503816,0.9980477218937267,0.9981993402807348,0.00015161838700805674,0.0011350636692090388,0.0007547911381535034,0.0005675318346045194,2.663699192550268e-05,False,1,0.0002954241528867963,0.00026085048515612163,-3.457366773067466e-05,5.032904350161522e-07,5.706081194527125e-07,6.731768443656032e-08,4.441522500022079e-07,4.7305074609645886e-07,2.8898496094250942e-08,8.215990497738743e-08,1.196059594381624e-07,3.7446054460774965e-08,9.00992760915344e-05,0.0001232170444540184,3.3117768362484005e-05,0.9979037722781287,0.9984380525186981,0.0005342802405694513,0.001700048620759084,0.0011690507683165719,-0.000530997852442512,8.380538143904617e-06,6.530264118262956e-06,-1.8502740256416613e-06,9.402703206332311e-07,8.302299149151339e-07,-1.100404057180972e-07,3.0526107957740507e-07,3.054245171427936e-07,1.634375653885067e-10
pccv1_n07_row_r02,7,row,2,18,13,L18H13,1.5,6,6,False,False,-6.379052639007568,-5.880180358886719,0.4988722801208496,-6.375,-5.875,0.5,0.016306314958441852,0.022743103364375135,0.006436788405933282,0.007081742606627749,0.009877204292503402,0.002795461685875653,6.000150121573503,6.001289185356668,0.001139063783164751,0.9979037722781287,0.9968336742527415,0.9962037236573695,0.9940337736155929,0.9980477218937267,0.9979930830731334,-5.4638820593311266e-05,0.0022049074659176546,0.0015348658904552027,0.0011024537329588273,6.985331073336682e-05,False,1,0.0002954241528867963,0.0002951073560057362,-3.1679688106009624e-07,5.032904350161522e-07,4.7229060646254053e-07,-3.099982855361169e-08,4.441522500022079e-07,4.436759651550091e-07,-4.762848471988416e-10,8.215990497738743e-08,6.39175829955995e-08,-1.824232198178792e-08,9.00992760915344e-05,5.8110083836169985e-05,-3.198919225536442e-05,0.9979037722781287,0.9968336742527415,-0.0010700980253871561,0.001700048620759084,0.0027999006371486365,0.0010998520163895526,8.380538143904617e-06,1.0749284656745537e-05,2.36874651284092e-06,9.402703206332311e-07,1.1329662674157258e-06,1.9269594678249474e-07,3.0526107957740507e-07,3.455351890926825e-07,4.027410951527741e-08
pccv1_n07_row_r03,7,row,3,18,13,L18H13,1.0,6,6,False,False,-8.267593383789062,-8.267593383789062,0.0,-8.25,-8.25,0.0,0.08056270110947251,0.08056270110947251,0.0,0.034987936539064894,0.034987936539064894,0.0,5.98381646322902,5.98381646322902,0.0,0.9851979929795521,0.9851979929795521,0.9711448983610151,0.9711448983610151,0.9973229559882952,0.9973229559882952,0.0,0.0,0.0,0.0,0.0,False,0,0.0004808704543021342,0.0004808704543021342,0.0,6.79157586670487e-07,6.79157586670487e-07,0.0,5.289284603278609e-07,5.289284603278609e-07,0.0,2.8311500325944083e-07,2.8311500325944083e-07,0.0,0.014053094618536937,0.014053094618536937,0.0,0.9851979929795521,0.9851979929795521,0.0,0.00025739140630233617,0.00025739140630233617,0.0,6.85924864009238e-06,6.85924864009238e-06,0.0,1.530505247561712e-06,1.530505247561712e-06,0.0,7.695863687242613e-07,7.695863687242613e-07,0.0
pccv1_n07_row_r03,7,row,3,18,13,L18H13,0.5,6,6,False,False,-8.267593383789062,-8.398942947387695,-0.1313495635986328,-8.25,-8.375,-0.125,0.08056270110947251,0.1056752020621367,0.02511250095266418,0.034987936539064894,0.0458941571295971,0.010906220590532208,5.98381646322902,5.9775344327931705,-0.006282030435849073,0.9851979929795521,0.9789665716725209,0.9711448983610151,0.9586487686769719,0.9973229559882952,0.9973181487781062,-4.80721018902841e-06,0.012532287674583139,0.008836186728925147,0.0062661438372915695,0.000292582340735232,False,1,0.0004808704543021342,0.0004778289272017818,-3.04152710035242e-06,6.79157586670487e-07,1.0452465342647541e-06,3.660889475942671e-07,5.289284603278609e-07,7.18386736693586e-07,1.894582763657251e-07,2.8311500325944083e-07,5.255829641930035e-07,2.4246796093356264e-07,0.014053094618536937,0.020317802995548993,0.006264708377012056,0.9851979929795521,0.9789665716725209,-0.0062314213070312485,0.00025739140630233617,0.00022571040314224293,-3.168100316009324e-05,6.85924864009238e-06,7.255449020135362e-06,3.962003800429825e-07,1.530505247561712e-06,1.6189095018115716e-06,8.840425424985952e-08,7.695863687242613e-07,9.224268289259286e-07,1.5284046020166728e-07
pccv1_n07_row_r03,7,row,3,18,13,L18H13,1.5,6,6,False,False,-8.267593383789062,-8.134060859680176,0.13353252410888672,-8.25,-8.125,0.125,0.08056270110947251,0.042763592384800736,-0.03779910872467178,0.034987936539064894,0.01857199219907888,-0.016415944339986013,5.98381646322902,5.992265220347565,0.008448757118545203,0.9851979929795521,0.9933613189746863,0.9711448983610151,0.987454576658551,0.9973229559882952,0.9976024958559435,0.00027953986764828187,0.01640014161583948,0.011532870455205171,0.00820007080791974,0.0008658069534713576,False,1,0.0004808704543021342,0.0004278829782447723,-5.298747605736193e-05,6.79157586670487e-07,4.7064543653852535e-07,-2.0851215013196167e-07,5.289284603278609e-07,3.901787712291633e-07,-1.3874968909869758e-07,2.8311500325944083e-07,1.5279620222317987e-07,-1.3031880103626096e-07,0.014053094618536937,0.005906742316135292,-0.008146352302401644,0.9851979929795521,0.9933613189746863,0.00816332599513414,0.00025739140630233617,0.00029407938352478283,3.668797722244666e-05,6.85924864009238e-06,6.916084203227674e-06,5.6835563135294425e-08,1.530505247561712e-06,1.3618577263108247e-06,-1.6864752125088743e-07,7.695863687242613e-07,6.847850694927899e-07,-8.480129923147141e-08
pccv1_n07_row_r04,7,row,4,18,13,L18H13,1.0,6,6,False,False,-8.50466537475586,-8.50466537475586,0.0,-8.5,-8.5,0.0,0.020563889937594955,0.020563889937594955,0.0,0.008930783926363295,0.008930783926363295,0.0,5.996356150737918,5.996356150737918,0.0,0.9972755192543044,0.9972755192543044,0.9950939879135543,0.9950939879135543,0.9980646215187079,0.9980646215187079,0.0,0.0,0.0,0.0,0.0,False,0,0.000334548666431891,0.000334548666431891,0.0,3.6798332993313585e-07,3.6798332993313585e-07,0.0,3.6798332993313585e-07,3.6798332993313585e-07,0.0,1.6329161281250757e-07,1.6329161281250757e-07,0.0,0.0021815313407500155,0.0021815313407500155,0.0,0.9972755192543044,0.9972755192543044,0.0,0.00020291402335691658,0.00020291402335691658,0.0,3.716499977265457e-06,3.716499977265457e-06,0.0,5.029735770720852e-07,5.029735770720852e-07,0.0,3.6798332993313585e-07,3.6798332993313585e-07,0.0
pccv1_n07_row_r04,7,row,4,18,13,L18H13,0.5,6,6,False,False,-8.50466537475586,-8.631672859191895,-0.12700748443603516,-8.5,-8.625,-0.125,0.020563889937594955,0.031258940394685394,0.01069505045709044,0.008930783926363295,0.013575585323554523,0.004644801397191228,5.996356150737918,5.994446233462696,-0.0019099172752214955,0.9972755192543044,0.9954137281541734,0.9950939879135543,0.9913456997604979,0.9980646215187079,0.9979258943252205,-0.00013872719348739793,0.003774073507089152,0.002650607940183498,0.001887036753544576,0.00014546782326820142,False,1,0.000334548666431891,0.00033392410509683557,-6.245613350554366e-07,3.6798332993313585e-07,5.688797157386283e-07,2.008963858054924e-07,3.6798332993313585e-07,5.020345870825444e-07,1.3405125714940858e-07,1.6329161281250757e-07,3.4504298928408555e-07,1.8175137647157798e-07,0.0021815313407500155,0.00406802839367551,0.0018864970529254947,0.9972755192543044,0.9954137281541734,-0.0018617911001309606,0.00020291402335691658,0.00017873669351105764,-2.4177329845858942e-05,3.716499977265457e-06,3.273676734514889e-06,-4.428232427505678e-07,5.029735770720852e-07,5.020345870825444e-07,-9.389899895407804e-10,3.6798332993313585e-07,3.909849295488151e-07,2.300159961567925e-08
pccv1_n07_row_r04,7,row,4,18,13,L18H13,1.5,6,6,False,False,-8.50466537475586,-8.378691673278809,0.12597370147705078,-8.5,-8.375,0.125,0.020563889937594955,0.014309511797784252,-0.006254378139810703,0.008930783926363295,0.006214542012507181,-0.0027162419138561135,5.996356150737918,5.997395652011859,0.0010395012739410348,0.9972755192543044,0.9982606089717344,0.9950939879135543,0.9970917659684508,0.9980646215187079,0.9980514212638525,-1.3200254855405547e-05,0.002025883116144952,0.0014130399458555003,0.001012941558072476,7.829702799277033e-05,False,1,0.000334548666431891,0.00033487912721721983,3.3046078532883005e-07,3.6798332993313585e-07,2.694882880734166e-07,-9.849504185971928e-08,3.6798332993313585e-07,3.053702367500193e-07,-6.261309318311656e-08,1.6329161281250757e-07,9.313266028597255e-08,-7.015895252653501e-08,0.0021815313407500155,0.0011688430032835912,-0.0010126883374664242,0.9972755192543044,0.9982606089717344,0.0009850897174300544,0.00020291402335691658,0.00023015883382727323,2.724481047035665e-05,3.716499977265457e-06,3.960101484903829e-06,2.4360150763837247e-07,5.029735770720852e-07,5.359414561051903e-07,3.296787903310511e-08,3.6798332993313585e-07,3.460298113859349e-07,-2.1953518547200977e-08
pccv1_n07_row_r05,7,row,5,18,13,L18H13,1.0,6,6,False,False,-8.5297269821167,-8.5297269821167,0.0,-8.5,-8.5,0.0,0.1264555244427895,0.1264555244427895,0.0,0.05491893647168526,0.05491893647168526,0.0,5.971897670785406,5.971897670785406,0.0,0.9733766218376151,0.9733766218376151,0.9474370134973316,0.9474370134973316,0.997260666532668,0.997260666532668,0.0,0.0,0.0,0.0,0.0,False,0,0.0004751004992758298,0.0004751004992758298,0.0,7.142847112144952e-07,7.142847112144952e-07,0.0,6.71008388282848e-07,6.71008388282848e-07,0.0,4.0698716041790667e-07,4.0698716041790667e-07,0.0,0.02593960834028349,0.02593960834028349,0.0,0.9733766218376151,0.9733766218376151,0.0,0.0001980513536783901,0.0001980513536783901,0.0,6.776944651952768e-06,6.776944651952768e-06,0.0,1.3344595241821231e-06,1.3344595241821231e-06,0.0,7.142847112144952e-07,7.142847112144952e-07,0.0
pccv1_n07_row_r05,7,row,5,18,13,L18H13,0.5,6,6,False,False,-8.5297269821167,-8.745999336242676,-0.21627235412597656,-8.5,-8.6875,-0.1875,0.1264555244427895,0.2139914597620904,0.0875359353193009,0.05491893647168526,0.0929353101490976,0.03801637367741234,5.971897670785406,5.944492031779834,-0.027405639005571913,0.9733766218376151,0.9459987239307388,0.9474370134973316,0.8926291279510669,0.997260666532668,0.9970191415025624,-0.00024152503010554938,0.05486148428306435,0.03875506645661474,0.027430742141532176,0.002520224360935577,False,1,0.0004751004992758298,0.0004617374775298138,-1.3363021746015972e-05,7.142847112144952e-07,9.488509992390446e-07,2.345662880245494e-07,6.71008388282848e-07,7.866251071837369e-07,1.1561671890088897e-07,4.0698716041790667e-07,7.866251071837369e-07,3.7963794676583027e-07,0.02593960834028349,0.05336959597967192,0.02742998763938843,0.9733766218376151,0.9459987239307388,-0.02737789790687628,0.0001980513536783901,0.0001595722023525222,-3.847915132586789e-05,6.776944651952768e-06,5.812417045807968e-06,-9.645276061447997e-07,1.3344595241821231e-06,1.2969255462805953e-06,-3.753397790152784e-08,7.142847112144952e-07,7.389659012254531e-07,2.4681190010957862e-08
pccv1_n07_row_r05,7,row,5,18,13,L18H13,1.5,6,6,False,False,-8.5297269821167,-8.267294883728027,0.2624320983886719,-8.5,-8.25,0.25,0.1264555244427895,0.07939478031738652,-0.047060744125402995,0.05491893647168526,0.03448071498376187,-0.02043822148792339,5.971897670785406,5.984566649568481,0.012668978783074714,0.9733766218376151,0.9853464169544032,0.9474370134973316,0.9712912051815713,0.997260666532668,0.9974706462922285,0.00020997975956049686,0.024059399467966147,0.016868292708869317,0.012029699733983074,0.000923118678756325,False,1,0.0004751004992758298,0.00033054689842584823,-0.00014455360084998154,7.142847112144952e-07,4.6684804983935014e-07,-2.474366613751451e-07,6.71008388282848e-07,4.969571622105968e-07,-1.7405122607225112e-07,4.0698716041790667e-07,2.2052340395647924e-07,-1.8646375646142743e-07,0.02593960834028349,0.014055211772831916,-0.011884396567451572,0.9733766218376151,0.9853464169544032,0.011969795116788084,0.0001980513536783901,0.00025743018333587475,5.9378829657484654e-05,6.776944651952768e-06,7.302732189488087e-06,5.25787537535319e-07,1.3344595241821231e-06,1.2690245705298481e-06,-6.543495365227497e-08,7.142847112144952e-07,6.381056272834192e-07,-7.617908393107603e-08
pccv1_n08_dense_r00,8,dense,0,18,13,L18H13,1.0,7,7,False,False,-7.958497047424316,-7.958497047424316,0.0,-7.75,-7.75,0.0,0.4808667266253314,0.4808667266253314,0.0,0.20883776590426092,0.20883776590426092,0.0,6.816471733417324,6.816471733417324,0.0,0.8170401977106154,0.8170401977106154,0.6347338875477411,0.6347338875477411,0.9935908174331871,0.9935908174331871,0.0,0.0,0.0,0.0,0.0,False,0,0.0002418804447768389,0.0002418804447768389,0.0,4.7159179025155025e-06,4.7159179025155025e-06,0.0,8.276693676652276e-06,8.276693676652276e-06,0.0,4.7159179025155025e-06,4.7159179025155025e-06,0.0,3.4846181939638416e-05,3.4846181939638416e-05,0.0,0.18230631016287438,0.18230631016287438,0.0,0.8170401977106154,0.8170401977106154,0.0,0.00035193397051433255,0.00035193397051433255,0.0,3.450239242309607e-06,3.450239242309607e-06,0.0,3.672760555379531e-06,3.672760555379531e-06,0.0
pccv1_n08_dense_r00,8,dense,0,18,13,L18H13,0.5,7,7,False,False,-7.958497047424316,-8.311628341674805,-0.3531312942504883,-7.75,-7.875,-0.125,0.4808667266253314,0.6530927666341801,0.17222604000884872,0.20883776590426092,0.28363458472015257,0.07479681881589165,6.816471733417324,6.649208984943569,-0.167262748473755,0.8170401977106154,0.6508663535226696,0.6347338875477411,0.30248269936117933,0.9935908174331871,0.9928481455401652,-0.0007426718930219067,0.33255740155423474,0.23493716173180113,0.16627870077711737,0.0179448319944158,False,1,0.0002418804447768389,0.00040791532087444937,0.00016603487609761046,4.7159179025155025e-06,6.193866981784709e-06,1.4779490792692063e-06,8.276693676652276e-06,1.1571666949592203e-05,3.2949732729399273e-06,4.7159179025155025e-06,7.471229714318547e-06,2.7553118118030443e-06,3.4846181939638416e-05,6.255584050823955e-05,2.770965856860113e-05,0.18230631016287438,0.3483836541614903,0.16607734399861593,0.8170401977106154,0.6508663535226696,-0.16617384418794579,0.00035193397051433255,0.00024741314867687033,-0.00010452082183746221,3.450239242309607e-06,3.1144719081929145e-06,-3.3576733411669246e-07,3.672760555379531e-06,3.7567702266341773e-06,8.400967125464647e-08
pccv1_n08_dense_r00,8,dense,0,18,13,L18H13,1.5,7,7,False,False,-7.958497047424316,-7.710422515869141,0.24807453155517578,-7.75,-7.625,0.125,0.4808667266253314,0.2741577870711987,-0.20670893955413272,0.20883776590426092,0.11906521409582826,-0.08977255180843266,6.816471733417324,6.923704090745309,0.10723235732798475,0.8170401977106154,0.9235588331330528,0.6347338875477411,0.8477485075862365,0.9935908174331871,0.9941154260013718,0.0005246085681847035,0.21323497225097857,0.15062414698148968,0.10661748612548928,0.01296152470348317,False,1,0.0002418804447768389,0.00014634835652062054,-9.553208825621837e-05,4.7159179025155025e-06,2.680463649991412e-06,-2.0354542525240905e-06,8.276693676652276e-06,4.704360211730227e-06,-3.5723334649220487e-06,4.7159179025155025e-06,2.3655008686080204e-06,-2.350417033907482e-06,3.4846181939638416e-05,1.747881862021384e-05,-1.7367363319424576e-05,0.18230631016287438,0.07581032554681622,-0.10649598461605816,0.8170401977106154,0.9235588331330528,0.10651863542243734,0.00035193397051433255,0.0004507846735662784,9.885070305194586e-05,3.450239242309607e-06,3.441783455096567e-06,-8.455787213040037e-09,3.672760555379531e-06,3.037363238489627e-06,-6.353973168899037e-07
pccv1_n08_dense_r01,8,dense,1,18,13,L18H13,1.0,7,7,False,False,-8.032536506652832,-8.032536506652832,0.0,-8.0,-8.0,0.0,0.12592706024716985,0.12592706024716985,0.0,0.0546894273876442,0.0546894273876442,0.0,6.972808757035581,6.972808757035581,0.0,0.9734550393035659,0.9734550393035659,0.9475133412085994,0.9475133412085994,0.9943827312897611,0.9943827312897611,0.0,0.0,0.0,0.0,0.0,False,0,0.0002543234591664877,0.0002543234591664877,0.0,3.2014598795756017e-06,3.2014598795756017e-06,0.0,4.658096639027121e-06,4.658096639027121e-06,0.0,1.824136853447307e-06,1.824136853447307e-06,0.0,9.263731322968576e-06,9.263731322968576e-06,0.0,0.025941698094966482,0.025941698094966482,0.0,0.9734550393035659,0.9734550393035659,0.0,0.0003265577856297172,0.0003265577856297172,0.0,1.824136853447307e-06,1.824136853447307e-06,0.0,1.6097951230576584e-06,1.6097951230576584e-06,0.0
pccv1_n08_dense_r01,8,dense,1,18,13,L18H13,0.5,7,7,False,False,-8.032536506652832,-8.186344146728516,-0.1538076400756836,-8.0,-8.125,-0.125,0.12592706024716985,0.21454014728515922,0.08861308703798937,0.0546894273876442,0.09317360211265555,0.038484174725011346,6.972808757035581,6.94466250833381,-0.028146248701770737,0.9734550393035659,0.9459549347211093,0.9475133412085994,0.8925878091595966,0.9943827312897611,0.9942326154485954,-0.00015011584116564336,0.05509323478958172,0.03883842396149417,0.02754661739479086,0.0025257897294218004,False,1,0.0002543234591664877,0.0003595848635270118,0.00010526140436052412,3.2014598795756017e-06,4.818439927530576e-06,1.6169800479549747e-06,4.658096639027121e-06,7.462945751907813e-06,2.8048491128806924e-06,1.824136853447307e-06,3.3116621026901145e-06,1.4875252492428075e-06,9.263731322968576e-06,1.9057299598167297e-05,9.79356827519872e-06,0.025941698094966482,0.0533671255615127,0.027425427466546217,0.9734550393035659,0.9459549347211093,-0.027500104582456664,0.0003265577856297172,0.00028004497329546106,-4.651281233425614e-05,1.824136853447307e-06,1.8869281874251216e-06,6.279133397781448e-08,1.6097951230576584e-06,1.7726049878581136e-06,1.6280986480045518e-07
pccv1_n08_dense_r01,8,dense,1,18,13,L18H13,1.5,7,7,False,False,-8.032536506652832,-7.767579555511475,0.2649569511413574,-8.0,-7.75,0.25,0.12592706024716985,0.06610235511153383,-0.05982470513563602,0.0546894273876442,0.02870788806574835,-0.02598153932189585,6.972808757035581,6.988351785178883,0.015543028143301996,0.9734550393035659,0.9884013174200438,0.9475133412085994,0.9774211706064304,0.9943827312897611,0.9941044675296098,-0.0002782637601512761,0.030091482886189406,0.021148404415533145,0.015045741443094703,0.0015957842112919846,False,1,0.0002543234591664877,0.000177477543599107,-7.68459155673807e-05,3.2014598795756017e-06,2.23411256366334e-06,-9.673473159122615e-07,4.658096639027121e-06,3.053669816868112e-06,-1.6044268221590088e-06,1.824136853447307e-06,1.1233823457515418e-06,-7.007545076957653e-07,9.263731322968576e-06,5.359357432913482e-06,-3.904373890055094e-06,0.025941698094966482,0.0109801468136134,-0.014961551281353081,0.9734550393035659,0.9884013174200438,0.014946278116477862,0.0003265577856297172,0.0004257464945738662,9.918870894414899e-05,1.824136853447307e-06,2.0987545261010452e-06,2.7461767265373816e-07,1.6097951230576584e-06,1.4424514846032759e-06,-1.6734363845438254e-07
pccv1_n08_dense_r02,8,dense,2,18,13,L18H13,1.0,7,7,False,False,-6.88942289352417,-6.88942289352417,0.0,-6.875,-6.875,0.0,0.05163353513913907,0.05163353513913907,0.0,0.02242415939208575,0.02242415939208575,0.0,6.992283871712966,6.992283871712966,0.0,0.9919254441432079,0.9919254441432079,0.9852419030735267,0.9852419030735267,0.9937044211294506,0.9937044211294506,0.0,0.0,0.0,0.0,0.0,False,0,0.00033275391617564677,0.00033275391617564677,0.0,6.0946005674852695e-06,6.0946005674852695e-06,0.0,6.0946005674852695e-06,6.0946005674852695e-06,0.0,2.704462607840211e-06,2.704462607840211e-06,0.0,9.439502016993967e-06,9.439502016993967e-06,0.0,0.006683541069681247,0.006683541069681247,0.0,0.9919254441432079,0.9919254441432079,0.0,0.0010249542191476853,0.0010249542191476853,0.0,6.0946005674852695e-06,6.0946005674852695e-06,0.0,2.878885460396449e-06,2.878885460396449e-06,0.0
pccv1_n08_dense_r02,8,dense,2,18,13,L18H13,0.5,7,7,False,False,-6.88942289352417,-7.269896984100342,-0.3804740905761719,-6.875,-7.25,-0.375,0.05163353513913907,0.07690678027933576,0.025273245140196687,0.02242415939208575,0.033400190296261345,0.010976030904175597,6.992283871712966,6.985632422832918,-0.006651448880048427,0.9919254441432079,0.9864119447379485,0.9852419030735267,0.9739948508679512,0.9937044211294506,0.993803689759261,9.926862981046725e-05,0.011677729219397897,0.007961539447594777,0.0058388646096989485,0.0004597455456488989,False,1,0.00033275391617564677,0.00042488958713062864,9.213567095498187e-05,6.0946005674852695e-06,7.782124245467951e-06,1.6875236779826816e-06,6.0946005674852695e-06,8.818302050325853e-06,2.7237014828405836e-06,2.704462607840211e-06,4.434120734989733e-06,1.729658127149522e-06,9.439502016993967e-06,1.6474757156937552e-05,7.035255139943586e-06,0.006683541069681247,0.01241709386999724,0.0057335528003159926,0.9919254441432079,0.9864119447379485,-0.00551349940525947,0.0010249542191476853,0.0007005245000012628,-0.0003244297191464224,6.0946005674852695e-06,5.348570560129407e-06,-7.460300073558625e-07,2.878885460396449e-06,2.6894301746387895e-06,-1.8945528575765948e-07
pccv1_n08_dense_r02,8,dense,2,18,13,L18H13,1.5,7,7,False,False,-6.88942289352417,-6.6370344161987305,0.25238847732543945,-6.875,-6.625,0.25,0.05163353513913907,0.03956132092147723,-0.012072214217661838,0.02242415939208575,0.01718126337300123,-0.005242896019084519,6.992283871712966,6.995445371793066,0.003161500080099522,0.9919254441432079,0.9942935024457307,0.9852419030735267,0.990230052158485,0.9937044211294506,0.9937085394140013,4.1182845507137245e-06,0.005327064652038826,0.003544100368387041,0.002663532326019413,0.00017207606663567664,False,1,0.00033275391617564677,0.0002943553515288316,-3.839856464681518e-05,6.0946005674852695e-06,5.739015707767472e-06,-3.555848597177976e-07,6.0946005674852695e-06,5.064663585989133e-06,-1.0299369814961363e-06,2.704462607840211e-06,1.9833507574984386e-06,-7.211118503417725e-07,9.439502016993967e-06,6.503156771382928e-06,-2.9363452456110384e-06,0.006683541069681247,0.004063450287245613,-0.002620090782435634,0.9919254441432079,0.9942935024457307,0.0023680583025227353,0.0010249542191476853,0.0013192091617422836,0.0002942549425945984,6.0946005674852695e-06,6.922574348611284e-06,8.279737811260148e-07,2.878885460396449e-06,3.2699925811468875e-06,3.911071207504385e-07
pccv1_n08_dense_r03,8,dense,3,18,13,L18H13,1.0,7,7,False,False,-8.510944366455078,-8.510944366455078,0.0,-8.375,-8.375,0.0,0.3739961903588973,0.3739961903588973,0.0,0.16242448172570723,0.16242448172570723,0.0,6.876193494462829,6.876193494462829,0.0,0.8798691886742912,0.8798691886742912,0.7607918428138873,0.7607918428138873,0.9920689339792261,0.9920689339792261,0.0,0.0,0.0,0.0,0.0,False,0,0.0008023368451991702,0.0008023368451991702,0.0,6.125917408358524e-06,6.125917408358524e-06,0.0,1.0099930333712902e-05,1.0099930333712902e-05,0.0,4.481816917591403e-06,4.481816917591403e-06,0.0,2.2760544355451932e-05,2.2760544355451932e-05,0.0,0.11907734586040382,0.11907734586040382,0.0,0.8798691886742912,0.8798691886742912,0.0,0.00020286252363941362,0.00020286252363941362,0.0,2.398943725670552e-06,2.398943725670552e-06,0.0,2.398943725670552e-06,2.398943725670552e-06,0.0
pccv1_n08_dense_r03,8,dense,3,18,13,L18H13,0.5,7,7,False,False,-8.510944366455078,-8.606063842773438,-0.09511947631835938,-8.375,-8.3125,0.0625,0.3739961903588973,0.5685602087105405,0.19456401835164316,0.16242448172570723,0.24692256127274886,0.08449807954704164,6.876193494462829,6.747571569680721,-0.12862192478210766,0.8798691886742912,0.7537455217396001,0.7607918428138873,0.5090401783465323,0.9920689339792261,0.9891958606924618,-0.0028730732867643383,0.25228307583984444,0.17801630806473073,0.12614153791992222,0.013539751752379817,False,1,0.0008023368451991702,0.0012840957918331221,0.000481758946633952,6.125917408358524e-06,9.804192356687475e-06,3.6782749483289505e-06,1.0099930333712902e-05,1.616438048050626e-05,6.064450146793357e-06,4.481816917591403e-06,7.172900357351765e-06,2.691083439760362e-06,2.2760544355451932e-05,4.127719159113893e-05,1.8516647235686996e-05,0.11907734586040382,0.24470534339306782,0.12562799753266402,0.8798691886742912,0.7537455217396001,-0.12612366693469113,0.00020286252363941362,0.00018499153840825764,-1.787098523115598e-05,2.398943725670552e-06,2.6387625750410065e-06,2.398188493704544e-07,2.398943725670552e-06,2.9901097299183514e-06,5.911660042477994e-07
pccv1_n08_dense_r03,8,dense,3,18,13,L18H13,1.5,7,7,False,False,-8.510944366455078,-8.321383476257324,0.1895608901977539,-8.375,-8.25,0.125,0.3739961903588973,0.2358759698829706,-0.1381202204759267,0.16242448172570723,0.10243963213375173,-0.05998484959195549,6.876193494462829,6.935610062733521,0.059416568270692416,0.8798691886742912,0.9389408609464504,0.7607918428138873,0.8789163799065591,0.9920689339792261,0.9916542729483808,-0.00041466103084530914,0.11822856619159543,0.08352668667982338,0.059114283095797714,0.00544183260152114,False,1,0.0008023368451991702,0.0007555967053584329,-4.674013984073727e-05,6.125917408358524e-06,5.0911705533887185e-06,-1.0347468549698057e-06,1.0099930333712902e-05,6.958805077358495e-06,-3.1411252563544075e-06,4.481816917591403e-06,2.900861539096721e-06,-1.580955378494682e-06,2.2760544355451932e-05,1.3839236400862337e-05,-8.921307954589595e-06,0.11907734586040382,0.06002448103989119,-0.05905286482051263,0.8798691886742912,0.9389408609464504,0.05907167227215915,0.00020286252363941362,0.00024530633472245525,4.244381108304163e-05,2.398943725670552e-06,2.4048986837207937e-06,5.9549580502416626e-09,2.398943725670552e-06,2.5600013230796383e-06,1.6105759740908627e-07
pccv1_n08_dense_r04,8,dense,4,18,13,L18H13,1.0,7,7,False,False,-6.771451950073242,-6.771451950073242,0.0,-6.75,-6.75,0.0,0.08667126767561054,0.08667126767561054,0.0,0.03764085329107733,0.03764085329107733,0.0,6.984782135945911,6.984782135945911,0.0,0.9843861133016167,0.9843861133016167,0.9703445995247119,0.9703445995247119,0.9943016654501662,0.9943016654501662,0.0,0.0,0.0,0.0,0.0,False,0,0.0003741936673905154,0.0003741936673905154,0.0,8.800191570618144e-06,8.800191570618144e-06,0.0,7.295615057608151e-06,7.295615057608151e-06,0.0,3.0412648277114713e-06,3.0412648277114713e-06,0.0,1.45090630287141e-05,1.45090630287141e-05,0.0,0.014041513776904905,0.014041513776904905,0.0,0.9843861133016167,0.9843861133016167,0.0,0.001152597639054695,0.001152597639054695,0.0,8.26701491669972e-06,8.26701491669972e-06,0.0,3.668465631685664e-06,3.668465631685664e-06,0.0
pccv1_n08_dense_r04,8,dense,4,18,13,L18H13,0.5,7,7,False,False,-6.771451950073242,-7.03682279586792,-0.26537084579467773,-6.75,-7.0,-0.25,0.08667126767561054,0.1437138691493241,0.05704260147371357,0.03764085329107733,0.06241414034451743,0.024773287053440098,6.984782135945911,6.968973292696554,-0.015808843249356386,0.9843861133016167,0.9693618355117078,0.9703445995247119,0.9400896444897984,0.9943016654501662,0.9943105953011582,8.929850991989952e-06,0.030587102515169984,0.02139571713228025,0.015293551257584992,0.001407709340903217,False,1,0.0003741936673905154,0.00041754537976542474,4.3351712374909345e-05,8.800191570618144e-06,9.819726124674068e-06,1.0195345540559236e-06,7.295615057608151e-06,9.819726124674068e-06,2.5241110670659167e-06,3.0412648277114713e-06,4.937668382512334e-06,1.8964035548008626e-06,1.45090630287141e-05,2.8414319687234366e-05,1.3905256658520266e-05,0.014041513776904905,0.02927219102190948,0.015230677245004575,0.9843861133016167,0.9693618355117078,-0.01502427778990889,0.001152597639054695,0.0008839435758999498,-0.0002686540631547452,8.26701491669972e-06,7.647610395442895e-06,-6.194045212568256e-07,3.668465631685664e-06,3.845460002847523e-06,1.7699437116185886e-07
pccv1_n08_dense_r04,8,dense,4,18,13,L18H13,1.5,7,7,False,False,-6.771451950073242,-6.389634132385254,0.3818178176879883,-6.75,-6.375,0.375,0.08667126767561054,0.055409278451841716,-0.03126198922376882,0.03764085329107733,0.02406394387787561,-0.013576909413201721,6.984782135945911,6.993414270350916,0.008632134405005765,0.9843861133016167,0.9913383360103563,0.9703445995247119,0.9846587508441569,0.9943016654501662,0.9940829124486754,-0.00021875300149076793,0.014980528036929851,0.010140626569962286,0.007490264018464926,0.0007061089585033368,False,1,0.0003741936673905154,0.0002589956234639014,-0.00011519804392661398,8.800191570618144e-06,6.0909932504426625e-06,-2.7091983201754816e-06,7.295615057608151e-06,5.049610763257251e-06,-2.2460042943509002e-06,3.0412648277114713e-06,1.745098783894864e-06,-1.2961660438166072e-06,1.45090630287141e-05,7.82099014644186e-06,-6.68807288227224e-06,0.014041513776904905,0.00667958516619936,-0.007361928610705545,0.9843861133016167,0.9913383360103563,0.006952222708739519,0.001152597639054695,0.0016888636135652267,0.0005362659745105317,8.26701491669972e-06,1.0042350131695731e-05,1.7753352149960106e-06,3.668465631685664e-06,3.4705433396542066e-06,-1.9792229203145734e-07
pccv1_n08_dense_r05,8,dense,5,18,13,L18H13,1.0,7,7,False,False,-8.79589557647705,-8.79589557647705,0.0,-8.3125,-8.3125,0.0,0.6701213734176353,0.6701213734176353,0.0,0.29103001468070744,0.29103001468070744,0.0,6.618862716127176,6.618862716127176,0.0,0.6219120197308152,0.6219120197308152,0.24470331212026758,0.24470331212026758,0.9915966262180973,0.9915966262180973,0.0,0.0,0.0,0.0,0.0,False,0,0.000642620221434434,0.000642620221434434,0.0,1.7125248831316547e-05,1.7125248831316547e-05,0.0,1.6087682456069975e-05,1.6087682456069975e-05,0.0,7.138865815319633e-06,7.138865815319633e-06,0.0,3.6254152060393325e-05,3.6254152060393325e-05,0.0,0.37720870761054764,0.37720870761054764,0.0,0.6219120197308152,0.6219120197308152,0.0,0.00015263568136241146,0.00015263568136241146,0.0,3.821159514313372e-06,3.821159514313372e-06,0.0,3.5896471628399785e-06,3.5896471628399785e-06,0.0
pccv1_n08_dense_r05,8,dense,5,18,13,L18H13,0.5,7,6,False,False,-8.79589557647705,-9.233230590820312,-0.4373350143432617,-8.3125,-8.75,-0.4375,0.6701213734176353,0.6698998221447588,-0.00022155127287648568,0.29103001468070744,0.2909337961854386,-9.621849526886272e-05,6.618862716127176,6.37402400392295,-0.24483871220422593,0.6219120197308152,0.6219306715872339,0.24470331212026758,0.24471065105390777,0.9915966262180973,0.9917307909095143,0.00013416469141702692,0.4894943156643172,0.34606793762991295,0.2447471578321586,0.030277815240091856,True,1,0.000642620221434434,0.0006426394943536279,1.927291919383723e-08,1.7125248831316547e-05,1.8230279219160156e-05,1.105030387843609e-06,1.6087682456069975e-05,1.8230279219160156e-05,2.142596763090181e-06,7.138865815319633e-06,9.166760066621153e-06,2.02789425130152e-06,3.6254152060393325e-05,5.615321321133736e-05,1.9899061150944037e-05,0.37720870761054764,0.6219306715872339,0.24472196397668627,0.6219120197308152,0.37722002053332615,-0.24469199919748907,0.00015263568136241146,9.855195834984219e-05,-5.4083723012569266e-05,3.821159514313372e-06,3.1679475101161616e-06,-6.532120041972103e-07,3.5896471628399785e-06,3.1679475101161616e-06,-4.216996527238169e-07
pccv1_n08_dense_r05,8,dense,5,18,13,L18H13,1.5,7,7,False,False,-8.79589557647705,-8.608956336975098,0.18693923950195312,-8.3125,-8.375,-0.0625,0.6701213734176353,0.5098296236007772,-0.16029174981685812,0.29103001468070744,0.22141619224062942,-0.06961382244007802,6.618862716127176,6.794973036520066,0.17611032039288954,0.6219120197308152,0.7975379521258907,0.24470331212026758,0.5958887786714353,0.9915966262180973,0.9922993480890909,0.0007027218709936278,0.35131480724783587,0.24832564334392926,0.17565740362391793,0.01897248882423635,False,1,0.000642620221434434,0.0005663910277297426,-7.622919370469142e-05,1.7125248831316547e-05,1.41793219325466e-05,-2.945926898769946e-06,1.6087682456069975e-05,1.2513207686222195e-05,-3.5744747698477797e-06,7.138865815319633e-06,4.90024253769998e-06,-2.2386232776196526e-06,3.6254152060393325e-05,2.3377749674294427e-05,-1.2876402386098898e-05,0.37720870761054764,0.20164917345445546,-0.17555953415609218,0.6219120197308152,0.7975379521258907,0.1756259323950755,0.00015263568136241146,0.00018388024464209243,3.124456327968097e-05,3.821159514313372e-06,3.816312725600553e-06,-4.846788712819136e-09,3.5896471628399785e-06,3.816312725600553e-06,2.2666556276057428e-07
pccv1_n08_distractors_r00,8,distractors,0,18,13,L18H13,1.0,8,8,True,True,-0.15365996956825256,-0.15365996956825256,0.0,2.625,2.625,0.0,0.4152751999234341,0.4152751999234341,0.0,0.18035172779801711,0.18035172779801711,0.0,7.966113405043298,7.966113405043298,0.0,0.8943892959904275,0.8943892959904275,0.8295999526948457,0.8295999526948457,0.9588258324731811,0.9588258324731811,0.0,0.0,0.0,0.0,0.0,False,0,0.0011866582156401068,0.0011866582156401068,0.0,2.595804307031485e-06,2.595804307031485e-06,0.0,8.970859640095625e-07,8.970859640095625e-07,0.0,1.6083865063109384e-07,1.6083865063109384e-07,0.0,1.4790447105090953e-06,1.4790447105090953e-06,0.0,0.00018197993131575054,0.00018197993131575054,0.0,0.06478934329558178,0.06478934329558178,0.0,0.8943892959904275,0.8943892959904275,0.0,0.03929672313141751,0.03929672313141751,0.0,0.00015086666198522653,0.00015086666198522653,0.0
pccv1_n08_distractors_r00,8,distractors,0,18,13,L18H13,0.5,8,8,True,True,-0.15365996956825256,-0.27945277094841003,-0.12579280138015747,2.625,1.375,-1.25,0.4152751999234341,0.588879070453635,0.17360387053020088,0.18035172779801711,0.25574693080632993,0.07539520300831282,7.966113405043298,7.804622876346983,-0.16149052869631486,0.8943892959904275,0.7847533897813589,0.8295999526948457,0.5863366599026354,0.9588258324731811,0.9636115859166239,0.004785753443442786,0.26927876411915247,0.1746375006706789,0.13463938205957623,0.022751542328020555,False,1,0.0011866582156401068,0.0013369214096546965,0.00015026319401458964,2.595804307031485e-06,3.1131179936645853e-06,5.173136866331004e-07,8.970859640095625e-07,1.010681437820883e-06,1.135954738113204e-07,1.6083865063109384e-07,2.1185033814950128e-07,5.101168751840744e-08,1.4790447105090953e-06,3.313896854213435e-06,1.8348521437043396e-06,0.00018197993131575054,0.001041195440744004,0.0008592155094282535,0.06478934329558178,0.19841672987872344,0.13362738658314166,0.8943892959904275,0.7847533897813589,-0.1096359062090686,0.03929672313141751,0.014373259703945427,-0.02492346342747208,0.00015086666198522653,7.085423894957638e-05,-8.001242303565015e-05
pccv1_n08_distractors_r00,8,distractors,0,18,13,L18H13,1.5,8,8,True,True,-0.15365996956825256,-0.1866496503353119,-0.032989680767059326,2.625,2.0,-0.625,0.4152751999234341,0.4400248492739111,0.02474964935047702,0.18035172779801711,0.19110036393996968,0.010748636141952567,7.966113405043298,8.097834925273574,0.1317215202302764,0.8943892959904275,0.8684628920351269,0.8295999526948457,0.7509292205610653,0.9588258324731811,0.9554056817588759,-0.0034201507143052368,0.15702000892557275,0.09766883380318772,0.07851000446278637,0.02011396087505112,False,1,0.0011866582156401068,0.0011522595702253132,-3.4398645414793596e-05,2.595804307031485e-06,2.5205575757091013e-06,-7.524673132238364e-08,8.970859640095625e-07,9.272613123923095e-07,3.017534838274696e-08,1.6083865063109384e-07,1.5617628733294027e-07,-4.662363298153571e-09,1.4790447105090953e-06,9.272613123923095e-07,-5.517833981167858e-07,0.00018197993131575054,3.479522404412972e-05,-0.00014718470727162082,0.06478934329558178,0.012387957833275016,-0.052401385462306764,0.8943892959904275,0.8684628920351269,-0.025926403955300548,0.03929672313141751,0.1175336714740617,0.07823694834264419,0.00015086666198522653,0.00042389260677893454,0.000273025944793708
pccv1_n08_distractors_r01,8,distractors,1,18,13,L18H13,1.0,8,8,True,True,-0.6131619215011597,-0.6131619215011597,0.0,0.25,0.25,0.0,0.7277017738661821,0.7277017738661821,0.0,0.31603686486129084,0.31603686486129084,0.0,7.5606212065726375,7.5606212065726375,0.0,0.5583399074629135,0.5583399074629135,0.12350435031078072,0.12350435031078072,0.970082056800635,0.970082056800635,0.0,0.0,0.0,0.0,0.0,False,0,0.0004493145544053284,0.0004493145544053284,0.0,9.828715970319566e-07,9.828715970319566e-07,0.0,8.673811400190764e-07,8.673811400190764e-07,0.0,2.8159742724729134e-07,2.8159742724729134e-07,0.0,5.656035522450123e-06,5.656035522450123e-06,0.0,0.002585626737149225,0.002585626737149225,0.0,0.4348355571521328,0.4348355571521328,0.0,0.5583399074629135,0.5583399074629135,0.0,0.0037620647039593954,0.0037620647039593954,0.0,1.9741503752937794e-05,1.9741503752937794e-05,0.0
pccv1_n08_distractors_r01,8,distractors,1,18,13,L18H13,0.5,8,7,True,False,-0.6131619215011597,-0.9428367614746094,-0.3296748399734497,0.25,-0.375,-0.625,0.7277017738661821,0.739864041234944,0.012162267368761914,0.31603686486129084,0.3213188704669761,0.005282005605685258,7.5606212065726375,7.393554243275405,-0.16706696329723236,0.5583399074629135,0.5856168092635804,0.12350435031078072,0.1831286547769439,0.970082056800635,0.9677832260805985,-0.002298830720036449,0.31550932286957656,0.2169693514222096,0.15775466143478828,0.013148294942000238,True,1,0.0004493145544053284,0.000534013407093038,8.469885268770952e-05,9.828715970319566e-07,8.546364933383635e-07,-1.282351036935931e-07,8.673811400190764e-07,8.546364933383635e-07,-1.2744646680712905e-08,2.8159742724729134e-07,4.297382165368809e-07,1.4814078928958956e-07,5.656035522450123e-06,1.4230975264541195e-05,8.574939742091072e-06,0.002585626737149225,0.009465614127270849,0.006879987390121624,0.4348355571521328,0.5856168092635804,0.1507812521114476,0.5583399074629135,0.4024881544866365,-0.155851752976277,0.0037620647039593954,0.0018638899346373884,-0.001898174769322007,1.9741503752937794e-05,1.514879431410122e-05,-4.5927094388365744e-06
pccv1_n08_distractors_r01,8,distractors,1,18,13,L18H13,1.5,8,8,True,True,-0.6131619215011597,-0.28954485058784485,0.3236170709133148,0.25,1.25,1.0,0.7277017738661821,0.5886617328891904,-0.13904004097699163,0.31603686486129084,0.25565254230138135,-0.0603843225599095,7.5606212065726375,7.785399732083628,0.22477852551099087,0.5583399074629135,0.7689102082518517,0.12350435031078072,0.5486137452329285,0.970082056800635,0.9735912292049136,0.0035091724042786154,0.4330008782531245,0.3006749794786105,0.21650043912656225,0.02724350761763257,False,1,0.0004493145544053284,0.0003753014153443273,-7.40131390610011e-05,9.828715970319566e-07,8.20968512707182e-07,-1.6190308432477462e-07,8.673811400190764e-07,8.20968512707182e-07,-4.641262731189442e-08,2.8159742724729134e-07,2.3521141696178357e-07,-4.638601028550777e-08,5.656035522450123e-06,3.05026806636431e-06,-2.605767456085813e-06,0.002585626737149225,0.000701155352035631,-0.0018844713851135942,0.4348355571521328,0.22029646301892325,-0.21453909413320954,0.5583399074629135,0.7689102082518517,0.21057030078893824,0.0037620647039593954,0.009679151073133857,0.005917086369174462,1.9741503752937794e-05,3.2793472202550325e-05,1.3051968449612531e-05
pccv1_n08_distractors_r02,8,distractors,2,18,13,L18H13,1.0,8,8,True,True,-0.20006568729877472,-0.20006568729877472,0.0,2.5,2.5,0.0,0.5238510322605278,0.5238510322605278,0.0,0.22750561265006955,0.22750561265006955,0.0,7.984671797592639,7.984671797592639,0.0,0.856649794063752,0.856649794063752,0.7863316968968657,0.7863316968968657,0.9556728564903096,0.9556728564903096,0.0,0.0,0.0,0.0,0.0,False,0,0.002123422541676313,0.002123422541676313,0.0,1.262633197243978e-05,1.262633197243978e-05,0.0,4.944542644696584e-06,4.944542644696584e-06,0.0,1.2501761637244164e-06,1.2501761637244164e-06,0.0,5.263438247162572e-06,5.263438247162572e-06,0.0,0.00036899550867866007,0.00036899550867866007,0.0,0.07031809716688626,0.07031809716688626,0.0,0.856649794063752,0.856649794063752,0.0,0.07031809716688626,0.07031809716688626,0.0,0.00019750906309243103,0.00019750906309243103,0.0
pccv1_n08_distractors_r02,8,distractors,2,18,13,L18H13,0.5,8,8,True,True,-0.20006568729877472,-0.3534879982471466,-0.1534223109483719,2.5,1.125,-1.375,0.5238510322605278,0.6955772356475386,0.17172620338701083,0.22750561265006955,0.30208535517924384,0.07457974252917429,7.984671797592639,7.774856228275097,-0.20981556931754142,0.856649794063752,0.7307021477618734,0.7863316968968657,0.49347789258693575,0.9556728564903096,0.9610406085945442,0.005367752104234569,0.3367083998984834,0.21327321273236968,0.1683541999492417,0.03130425445176134,False,1,0.002123422541676313,0.0018112295392595267,-0.0003121930024167863,1.262633197243978e-05,1.1464567557368928e-05,-1.1617644150708516e-06,4.944542644696584e-06,4.779142786705515e-06,-1.6539985799106915e-07,1.2501761637244164e-06,1.5515604975618046e-06,3.013843338373882e-07,5.263438247162572e-06,1.0769964522899952e-05,5.5065262757373806e-06,0.00036899550867866007,0.0018112295392595267,0.0014422340305808665,0.07031809716688626,0.23722425517493764,0.16690615800805136,0.856649794063752,0.7307021477618734,-0.1259476463018786,0.07031809716688626,0.028332396940404524,-0.04198570022648174,0.00019750906309243103,9.017580890100877e-05,-0.00010733325419142226
pccv1_n08_distractors_r02,8,distractors,2,18,13,L18H13,1.5,8,8,True,True,-0.20006568729877472,-0.341534286737442,-0.1414685994386673,2.5,1.25,-1.25,0.5238510322605278,0.6357666414894173,0.11191560922888955,0.22750561265006955,0.2761099441770169,0.04860433152694735,7.984671797592639,8.182074124584267,0.19740232699162785,0.856649794063752,0.7604944213258051,0.7863316968968657,0.5426091216305475,0.9556728564903096,0.9344961498017028,-0.021176706688606828,0.29765988734854715,0.18377160414533394,0.14882994367427357,0.029734670340334765,False,1,0.002123422541676313,0.002742771145099264,0.000619348603422951,1.262633197243978e-05,1.532099415942433e-05,2.6946621869845518e-06,4.944542644696584e-06,6.386740568780256e-06,1.4421979240836725e-06,1.2501761637244164e-06,1.5169838512468788e-06,2.668076875224624e-07,5.263438247162572e-06,4.389538319342027e-06,-8.73899927820545e-07,0.00036899550867866007,0.00012828111351305646,-0.0002407143951656036,0.07031809716688626,0.017885114525652997,-0.052432982641233264,0.856649794063752,0.7604944213258051,-0.09615537273794683,0.07031809716688626,0.2178852996952576,0.14756720252837136,0.00019750906309243103,0.0008364979377731761,0.0006389888746807451
pccv1_n08_distractors_r03,8,distractors,3,18,13,L18H13,1.0,9,9,False,False,-1.1550836563110352,-1.1550836563110352,0.0,-0.625,-0.625,0.0,0.8048954776943317,0.8048954776943317,0.0,0.34956166447153014,0.34956166447153014,0.0,8.641071664555671,8.641071664555671,0.0,0.6286041988267457,0.6286041988267457,0.29213661738970637,0.29213661738970637,0.9362898920087446,0.9362898920087446,0.0,0.0,0.0,0.0,0.0,False,0,0.004235501775097196,0.004235501775097196,0.0,2.6809520928975985e-05,2.6809520928975985e-05,0.0,1.0498759244296397e-05,1.0498759244296397e-05,0.0,3.862277683785273e-06,3.862277683785273e-06,0.0,9.265122514072958e-06,9.265122514072958e-06,0.0,0.00010603371217884496,0.00010603371217884496,0.0,0.006162618719366571,0.006162618719366571,0.0,0.3364675814370393,0.3364675814370393,0.0,0.6286041988267457,0.6286041988267457,0.0,0.024373629849201342,0.024373629849201342,0.0
pccv1_n08_distractors_r03,8,distractors,3,18,13,L18H13,0.5,9,8,False,True,-1.1550836563110352,-0.4185429513454437,0.7365407049655914,-0.625,0.875,1.5,0.8048954776943317,0.7640668653332916,-0.04082861236104007,0.34956166447153014,0.3318300234193635,-0.017731641052166625,8.641071664555671,8.248558288832804,-0.39251337572286715,0.6286041988267457,0.6798778134991114,0.29213661738970637,0.3964625750292635,0.9362898920087446,0.9678281349838471,0.03153824297510255,0.7346516427467396,0.4878988928760189,0.3673258213733698,0.07129005365765143,True,1,0.004235501775097196,0.0019096368555430033,-0.0023258649195541923,2.6809520928975985e-05,1.4580257315878299e-05,-1.2229263613097686e-05,1.0498759244296397e-05,5.709710803293504e-06,-4.7890484410028935e-06,3.862277683785273e-06,2.5336688103023744e-06,-1.3286088734828987e-06,9.265122514072958e-06,1.0020854535216792e-05,7.557320211438341e-07,0.00010603371217884496,0.00031173964708408326,0.0002057059349052383,0.006162618719366571,0.029871746363737826,0.023709127644371254,0.3364675814370393,0.6798778134991114,0.34341023206207205,0.6286041988267457,0.28341523846984784,-0.34518896035689783,0.024373629849201342,0.004580980673211126,-0.019792649175990218
pccv1_n08_distractors_r03,8,distractors,3,18,13,L18H13,1.5,9,9,False,False,-1.1550836563110352,-2.442830801010132,-1.2877471446990967,-0.625,-2.125,-1.5,0.8048954776943317,0.6728407309713503,-0.13205474672298134,0.34956166447153014,0.29221101666060784,-0.057350647810922306,8.641071664555671,8.940931817000017,0.29986015244434583,0.6286041988267457,0.8002522248763935,0.29213661738970637,0.7046757262973594,0.9362898920087446,0.9093706168491735,-0.026919275159571043,0.4911099694572177,0.3042859818193637,0.24555498472860884,0.052950081103332505,False,1,0.004235501775097196,0.006923538335249708,0.0026880365601525125,2.6809520928975985e-05,3.6331394801660495e-05,9.52187387268451e-06,1.0498759244296397e-05,1.5145178614757455e-05,4.646419370461058e-06,3.862277683785273e-06,5.2340336753867295e-06,1.3717559916014563e-06,9.265122514072958e-06,9.778462255105374e-06,5.133397410324158e-07,0.00010603371217884496,5.990034340370173e-05,-4.613336877514323e-05,0.006162618719366571,0.0015448502175380607,-0.00461776850182851,0.3364675814370393,0.09557649857903408,-0.24089108285800523,0.6286041988267457,0.8002522248763935,0.1716480260496478,0.024373629849201342,0.09557649857903408,0.07120286872983274
pccv1_n08_distractors_r04,8,distractors,4,18,13,L18H13,1.0,8,8,True,True,-0.6037819385528564,-0.6037819385528564,0.0,0.25,0.25,0.0,0.7298259243421689,0.7298259243421689,0.0,0.31695937169174404,0.31695937169174404,0.0,7.567147847813266,7.567147847813266,0.0,0.5578699039104452,0.5578699039104452,0.1234003858930211,0.1234003858930211,0.9800492551314903,0.9800492551314903,0.0,0.0,0.0,0.0,0.0,False,0,0.0003496319630415516,0.0003496319630415516,0.0,2.841639195171853e-06,2.841639195171853e-06,0.0,1.7235412957128605e-06,1.7235412957128605e-06,0.0,3.393854038224266e-07,3.393854038224266e-07,0.0,3.0249091775042427e-06,3.0249091775042427e-06,0.0,0.0010769422634808736,0.0010769422634808736,0.0,0.4344695180174241,0.4344695180174241,0.0,0.5578699039104452,0.5578699039104452,0.0,0.006197374831330704,0.006197374831330704,0.0,2.86995392051368e-05,2.86995392051368e-05,0.0
pccv1_n08_distractors_r04,8,distractors,4,18,13,L18H13,0.5,8,7,True,False,-0.6037819385528564,-1.6265897750854492,-1.0228078365325928,0.25,-1.375,-1.625,0.7298259243421689,0.5519978493549806,-0.17782807498718822,0.31695937169174404,0.23972961999733056,-0.07722975169441348,7.567147847813266,7.194017336599214,-0.37313051121405216,0.5578699039104452,0.791699442136805,0.1234003858930211,0.591526475188092,0.9800492551314903,0.982145051346123,0.002095796214632628,0.7247611926994229,0.5055757391401794,0.3623805963497114,0.07204352910635999,True,1,0.0003496319630415516,0.0005281799851152419,0.00017854802207369031,2.841639195171853e-06,3.788374769907659e-06,9.467355747358064e-07,1.7235412957128605e-06,2.1585508775373467e-06,4.350095818244862e-07,3.393854038224266e-07,4.816378029934419e-07,1.4225239917101533e-07,3.0249091775042427e-06,5.867549626214096e-06,2.842640448709853e-06,0.0010769422634808736,0.006044699833733376,0.004967757570252503,0.4344695180174241,0.791699442136805,0.35722992411938087,0.5578699039104452,0.20017296694871303,-0.3576969369617322,0.006197374831330704,0.0015283394627221651,-0.004669035368608539,2.86995392051368e-05,1.4075519834450876e-05,-1.4624019370685924e-05
pccv1_n08_distractors_r04,8,distractors,4,18,13,L18H13,1.5,8,8,True,True,-0.6037819385528564,-0.2224705070257187,0.38131143152713776,0.25,1.625,1.375,0.7298259243421689,0.5470263726874416,-0.18279955165472728,0.31695937169174404,0.23757053511370757,-0.07938883657803647,7.567147847813266,7.858864747418542,0.2917168996052757,0.5578699039104452,0.8168523264795196,0.1234003858930211,0.6560045664779941,0.9800492551314903,0.9800285422235788,-2.0712907911502043e-05,0.5491643275743697,0.37707287403259426,0.27458216378718486,0.0473781830614234,False,1,0.0003496319630415516,0.00024182482648894366,-0.00010780713655260795,2.841639195171853e-06,1.846355334702547e-06,-9.95283860469306e-07,1.7235412957128605e-06,1.2689802263795776e-06,-4.545610693332829e-07,3.393854038224266e-07,2.4987702217740005e-07,-8.950838164502656e-08,3.0249091775042427e-06,1.73449032001492e-06,-1.2904188574893227e-06,0.0010769422634808736,0.0002271734009163159,-0.0008497688625645577,0.4344695180174241,0.16084776000152545,-0.27362175801589866,0.5578699039104452,0.8168523264795196,0.25898242256907433,0.006197374831330704,0.021768377157781144,0.01557100232645044,2.86995392051368e-05,5.743843086527094e-05,2.873889166013414e-05
pccv1_n08_distractors_r05,8,distractors,5,18,13,L18H13,1.0,8,8,True,True,-0.2347317636013031,-0.2347317636013031,0.0,1.625,1.625,0.0,0.562100811709066,0.562100811709066,0.0,0.2441172807985861,0.2441172807985861,0.0,7.85916245129087,7.85916245129087,0.0,0.8138485599146537,0.8138485599146537,0.6535922766193383,0.6535922766193383,0.9716585584583868,0.9716585584583868,0.0,0.0,0.0,0.0,0.0,False,0,0.0005429567047585511,0.0005429567047585511,0.0,7.744861439135422e-06,7.744861439135422e-06,0.0,3.032931317397602e-06,3.032931317397602e-06,0.0,8.163023900239581e-07,8.163023900239581e-07,0.0,6.420715649315825e-06,6.420715649315825e-06,0.0,0.0006971702090710016,0.0006971702090710016,0.0,0.16025628329531535,0.16025628329531535,0.0,0.8138485599146537,0.8138485599146537,0.0,0.02457609701144455,0.02457609701144455,0.0,6.0918053961081766e-05,6.0918053961081766e-05,0.0
pccv1_n08_distractors_r05,8,distractors,5,18,13,L18H13,0.5,8,7,True,False,-0.2347317636013031,-0.7366088032722473,-0.5018770396709442,1.625,0.0,-1.625,0.562100811709066,0.7696108187011695,0.20751000699210354,0.2441172807985861,0.33423773177496185,0.09012045097637575,7.85916245129087,7.499720542733359,-0.35944190855751135,0.8138485599146537,0.49294019426092706,0.6535922766193383,0.0,0.9716585584583868,0.9711820574374315,-0.0004765010209553111,0.6750903652980128,0.46255750846028676,0.3375451826490064,0.06759545830931035,True,1,0.0005429567047585511,0.0006143981285509995,7.14414237924484e-05,7.744861439135422e-06,8.232939632031574e-06,4.880781928961525e-07,3.032931317397602e-06,3.2240654839939796e-06,1.911341665963775e-07,8.163023900239581e-07,1.114207216970927e-06,2.9790482694696883e-07,6.420715649315825e-06,1.6373155531030238e-05,9.952439881714413e-06,0.0006971702090710016,0.005476070911605129,0.004778900702534127,0.16025628329531535,0.49294019426092706,0.3326839109656117,0.8138485599146537,0.49294019426092706,-0.3209083656537266,0.02457609701144455,0.007967636162225929,-0.016608460849218618,6.0918053961081766e-05,3.256190789985838e-05,-2.835614606122339e-05
pccv1_n08_distractors_r05,8,distractors,5,18,13,L18H13,1.5,8,8,True,True,-0.2347317636013031,-0.15489637851715088,0.07983538508415222,1.625,2.625,1.0,0.562100811709066,0.4408586138208841,-0.12124219788818191,0.2441172807985861,0.19146246328192662,-0.052654817516659486,7.85916245129087,8.010318750404311,0.15115629911344097,0.8138485599146537,0.8850806608050521,0.6535922766193383,0.8209656327806194,0.9716585584583868,0.9677128279785165,-0.003945730479870235,0.221683735043902,0.13714536585703177,0.110841867521951,0.020618361874502986,False,1,0.0005429567047585511,0.000521095883364981,-2.1860821393570196e-05,7.744861439135422e-06,6.982688831364077e-06,-7.62172607771345e-07,3.032931317397602e-06,2.910817769028993e-06,-1.2211354836860934e-07,8.163023900239581e-07,6.913798207373804e-07,-1.249225692865777e-07,6.420715649315825e-06,3.978616166551692e-06,-2.4420994827641333e-06,0.0006971702090710016,0.00020406407996384355,-0.000493106129107158,0.16025628329531535,0.04993283403207326,-0.11032344926324208,0.8138485599146537,0.8850806608050521,0.07123210089039844,0.02457609701144455,0.0641150280244327,0.03953893101298815,6.0918053961081766e-05,0.00013175367252551913,7.083561856443736e-05
pccv1_n08_grid_r00,8,grid,0,18,13,L18H13,1.0,7,7,False,False,-6.525615215301514,-6.525615215301514,0.0,-6.5,-6.5,0.0,0.04668831437905413,0.04668831437905413,0.0,0.020276477304187454,0.020276477304187454,0.0,6.992646732062416,6.992646732062416,0.0,0.9931771552205008,0.9931771552205008,0.9885778325266729,0.9885778325266729,0.9814061485274124,0.9814061485274124,0.0,0.0,0.0,0.0,0.0,False,0,0.0007053289792211005,0.0007053289792211005,0.0,6.914801999052013e-06,6.914801999052013e-06,0.0,1.9811239420668337e-06,1.9811239420668337e-06,0.0,3.6647108019340004e-07,3.6647108019340004e-07,0.0,1.7483357425101638e-06,1.7483357425101638e-06,0.0,0.004599322693827873,0.004599322693827873,0.0,0.9931771552205008,0.9931771552205008,0.0,0.0014931814607284709,0.0014931814607284709,0.0,1.0060977542405455e-05,1.0060977542405455e-05,0.0,3.939935415474889e-06,3.939935415474889e-06,0.0
pccv1_n08_grid_r00,8,grid,0,18,13,L18H13,0.5,7,7,False,False,-6.525615215301514,-6.779603004455566,-0.25398778915405273,-6.5,-6.75,-0.25,0.04668831437905413,0.0602385900433281,0.01355027566427397,0.020276477304187454,0.02616128725344956,0.005884809949262104,6.992646732062416,6.988792068116845,-0.003854663945570991,0.9931771552205008,0.9904582293246618,0.9885778325266729,0.9828959874239228,0.9814061485274124,0.9801836644769537,-0.001222484050458661,0.006110707682200403,0.004036220102338974,0.0030553538411002014,0.0001952460665395405,False,1,0.0007053289792211005,0.0007970544322871295,9.1725453066029e-05,6.914801999052013e-06,6.8958720084445996e-06,-1.8929990607413773e-08,1.9811239420668337e-06,1.9757004089532913e-06,-5.423533113542341e-09,3.6647108019340004e-07,4.408383486550661e-07,7.436726846166608e-08,1.7483357425101638e-06,2.3831495970728617e-06,6.348138545626979e-07,0.004599322693827873,0.007562241900738999,0.002962919206911126,0.9931771552205008,0.9904582293246618,-0.0027189258958389972,0.0014931814607284709,0.001159707355961158,-0.00033347410476731293,1.0060977542405455e-05,7.814046698915825e-06,-2.2469308434896297e-06,3.939935415474889e-06,3.2573792887722325e-06,-6.825561267026561e-07
pccv1_n08_grid_r00,8,grid,0,18,13,L18H13,1.5,7,7,False,False,-6.525615215301514,-6.27093505859375,0.25468015670776367,-6.5,-6.25,0.25,0.04668831437905413,0.03867911594193976,-0.008009198437114368,0.020276477304187454,0.016798126618480534,-0.00347835068570692,6.992646732062416,6.9953770880261485,0.0027303559637328334,0.9931771552205008,0.9946384839391436,0.9885778325266729,0.9918447491398036,0.9814061485274124,0.9845612995664226,0.0031551510390102067,0.0037778433316316465,0.002363178151817256,0.0018889216658158233,0.00012632847096931508,False,1,0.0007053289792211005,0.0006233664931889586,-8.196248603214193e-05,6.914801999052013e-06,6.505413115942529e-06,-4.0938888310948437e-07,1.9811239420668337e-06,1.6448260227778052e-06,-3.3629791928902843e-07,3.6647108019340004e-07,2.858279042680109e-07,-8.064317592538915e-08,1.7483357425101638e-06,1.2033804251623875e-06,-5.449553173477764e-07,0.004599322693827873,0.002793734799339924,-0.001805587894487949,0.9931771552205008,0.9946384839391436,0.001461328718642796,0.0014931814607284709,0.0019201039753715776,0.0004269225146431067,1.0060977542405455e-05,1.0725612978946046e-05,6.646354365405906e-07,3.939935415474889e-06,3.94573250891584e-06,5.7970934409513254e-09
pccv1_n08_grid_r01,8,grid,1,18,13,L18H13,1.0,7,7,False,False,-6.929086208343506,-6.929086208343506,0.0,-6.875,-6.875,0.0,0.15135571090245886,0.15135571090245886,0.0,0.06573295004948172,0.06573295004948172,0.0,6.9629798618121,6.9629798618121,0.0,0.9682679316188378,0.9682679316188378,0.9390287736322085,0.9390287736322085,0.978397066317541,0.978397066317541,0.0,0.0,0.0,0.0,0.0,False,0,0.0014557319576990887,0.0014557319576990887,0.0,1.1114650654438008e-05,1.1114650654438008e-05,0.0,2.991467641042424e-06,2.991467641042424e-06,0.0,8.570698288106918e-07,8.570698288106918e-07,0.0,6.332937045783091e-06,6.332937045783091e-06,0.0,0.029239157986629318,0.029239157986629318,0.0,0.9682679316188378,0.9682679316188378,0.0,0.0010005089673199767,0.0010005089673199767,0.0,1.044124801338741e-05,1.044124801338741e-05,0.0,4.93209633039778e-06,4.93209633039778e-06,0.0
pccv1_n08_grid_r01,8,grid,1,18,13,L18H13,0.5,7,7,False,False,-6.929086208343506,-7.1441521644592285,-0.21506595611572266,-6.875,-7.0625,-0.1875,0.15135571090245886,0.22517432711561122,0.07381861621315236,0.06573295004948172,0.09779196773258772,0.032059017683106,6.9629798618121,6.939460849924324,-0.0235190118877755,0.9682679316188378,0.944532426304968,0.9390287736322085,0.8912455531767056,0.978397066317541,0.9757128403621209,-0.002684225955420061,0.04810220363540619,0.0337893219164718,0.024051101817703095,0.0018577655506161566,False,1,0.0014557319576990887,0.001334010766189123,-0.00012172119150996564,1.1114650654438008e-05,1.0842193165084668e-05,-2.7245748935333957e-07,2.991467641042424e-06,2.9181367025990518e-06,-7.333093844337219e-08,8.570698288106918e-07,1.0084810591736972e-06,1.514112303630054e-07,6.332937045783091e-06,9.56820188541109e-06,3.2352648396279998e-06,0.029239157986629318,0.05328687312826238,0.02404771514163306,0.9682679316188378,0.944532426304968,-0.02373550531386981,0.0010005089673199767,0.0008091184300804443,-0.00019139053723953242,1.044124801338741e-05,8.988493838791706e-06,-1.4527541745957046e-06,4.93209633039778e-06,4.245863848963888e-06,-6.862324814338916e-07
pccv1_n08_grid_r01,8,grid,1,18,13,L18H13,1.5,7,7,False,False,-6.929086208343506,-6.659505367279053,0.2695808410644531,-6.875,-6.625,0.25,0.15135571090245886,0.09410927553773381,-0.057246435364725054,0.06573295004948172,0.04087113906195047,-0.02486181098753125,6.9629798618121,6.97941677133348,0.01643690952138055,0.9682679316188378,0.9833302670454357,0.9390287736322085,0.9693038141065009,0.978397066317541,0.9824607047732457,0.004063638455704677,0.03073612820184403,0.021410644206922576,0.015368064100922015,0.001407691712029334,False,1,0.0014557319576990887,0.00130466335555243,-0.00015106860214665879,1.1114650654438008e-05,1.0603671630564323e-05,-5.109790238736845e-07,2.991467641042424e-06,2.3659989490891796e-06,-6.254686919532443e-07,8.570698288106918e-07,5.982182179621632e-07,-2.588516108485286e-07,6.332937045783091e-06,3.6645308588858395e-06,-2.6684061868972513e-06,0.029239157986629318,0.014026452938934796,-0.015212705047694522,0.9682679316188378,0.9833302670454357,0.01506233542659785,0.0010005089673199767,0.00130466335555243,0.0003041543882324532,1.044124801338741e-05,1.2015534105002556e-05,1.5742860916151458e-06,4.93209633039778e-06,4.705350763045977e-06,-2.2674556735180296e-07
pccv1_n08_grid_r02,8,grid,2,18,13,L18H13,1.0,7,7,False,False,-7.590217590332031,-7.590217590332031,0.0,-7.375,-7.375,0.0,0.4631623996047273,0.4631623996047273,0.0,0.20114887437340193,0.20114887437340193,0.0,6.8266265299456785,6.8266265299456785,0.0,0.8336607451511643,0.8336607451511643,0.6695032112714718,0.6695032112714718,0.9672591855871815,0.9672591855871815,0.0,0.0,0.0,0.0,0.0,False,0,0.0016093438336877393,0.0016093438336877393,0.0,1.577745177950161e-05,1.577745177950161e-05,0.0,5.452541434224888e-06,5.452541434224888e-06,0.0,1.3786183723380534e-06,1.3786183723380534e-06,0.0,9.569508236405375e-06,9.569508236405375e-06,0.0,0.16415753387969245,0.16415753387969245,0.0,0.8336607451511643,0.8336607451511643,0.0,0.0005224774464346702,0.0005224774464346702,0.0,1.1543030306835384e-05,1.1543030306835384e-05,0.0,6.178538891474706e-06,6.178538891474706e-06,0.0
pccv1_n08_grid_r02,8,grid,2,18,13,L18H13,0.5,7,7,False,False,-7.590217590332031,-7.792532444000244,-0.2023148536682129,-7.375,-7.4375,-0.0625,0.4631623996047273,0.5973096165007711,0.13414721689604375,0.20114887437340193,0.2594082704340324,0.05825939606063049,6.8266265299456785,6.722370005210074,-0.10425652473560465,0.8336607451511643,0.7295375096218537,0.6695032112714718,0.4611556582685604,0.9672591855871815,0.9610894362087947,-0.0061697493783867685,0.20846335572619878,0.1473240149911484,0.10423167786309939,0.008078558353940574,False,1,0.0016093438336877393,0.001595856822679066,-1.3487011008673317e-05,1.577745177950161e-05,1.564522977610825e-05,-1.3222200339336175e-07,5.452541434224888e-06,6.1267600109753855e-06,6.742185767504973e-07,1.3786183723380534e-06,1.989067754475629e-06,6.104493821375758e-07,9.569508236405375e-06,1.564522977610825e-05,6.075721539702874e-06,0.16415753387969245,0.2683818513532933,0.10422431747360084,0.8336607451511643,0.7295375096218537,-0.10412323552931058,0.0005224774464346702,0.00042951903691862723,-9.295840951604296e-05,1.1543030306835384e-05,1.010131955057007e-05,-1.4417107562653142e-06,6.178538891474706e-06,5.755558387033512e-06,-4.2298050444119365e-07
pccv1_n08_grid_r02,8,grid,2,18,13,L18H13,1.5,7,7,False,False,-7.590217590332031,-7.419607162475586,0.1706104278564453,-7.375,-7.3125,0.0625,0.4631623996047273,0.28476440820151916,-0.17839799140320817,0.20114887437340193,0.12367161112436487,-0.07747726324903706,6.8266265299456785,6.916007232756961,0.0893807028112823,0.8336607451511643,0.9221695755353198,0.6695032112714718,0.8464732871965017,0.9672591855871815,0.9742560374295408,0.0069968518423593196,0.1772045389684524,0.12513685094479546,0.0886022694842262,0.009471741133596757,False,1,0.0016093438336877393,0.0014758426695484137,-0.00013350116413932567,1.577745177950161e-05,1.3592041084091254e-05,-2.1854106954103568e-06,5.452541434224888e-06,4.412689674386284e-06,-1.0398517598386041e-06,1.3786183723380534e-06,9.846041537311343e-07,-3.940142186069191e-07,9.569508236405375e-06,5.666005697867543e-06,-3.903502538537832e-06,0.16415753387969245,0.07569628833881806,-0.0884612455408744,0.8336607451511643,0.9221695755353198,0.08850883038415547,0.0005224774464346702,0.0006152227559556732,9.274530952100299e-05,1.1543030306835384e-05,1.1994934156513099e-05,4.519038496777142e-07,6.178538891474706e-06,6.4204255916064304e-06,2.418867001317244e-07
pccv1_n08_grid_r03,8,grid,3,18,13,L18H13,1.0,7,7,False,False,-7.47441291809082,-7.47441291809082,0.0,-7.375,-7.375,0.0,0.26173553098680263,0.26173553098680263,0.0,0.11367029682558595,0.11367029682558595,0.0,6.925689998680575,6.925689998680575,0.0,0.9307198364113527,0.9307198364113527,0.8632987175947561,0.8632987175947561,0.9727620366176097,0.9727620366176097,0.0,0.0,0.0,0.0,0.0,False,0,0.0012348608657192256,0.0012348608657192256,0.0,1.3718065082485774e-05,1.3718065082485774e-05,0.0,3.9302914497724535e-06,3.9302914497724535e-06,0.0,9.937333015553183e-07,9.937333015553183e-07,0.0,6.479955113290689e-06,6.479955113290689e-06,0.0,0.06742111881659665,0.06742111881659665,0.0,0.9307198364113527,0.9307198364113527,0.0,0.0005833069702545756,0.0005833069702545756,0.0,1.0036350813253794e-05,1.0036350813253794e-05,0.0,5.718540316366244e-06,5.718540316366244e-06,0.0
pccv1_n08_grid_r03,8,grid,3,18,13,L18H13,0.5,7,7,False,False,-7.47441291809082,-7.5513834953308105,-0.07697057723999023,-7.375,-7.375,0.0,0.26173553098680263,0.4069536454450176,0.14521811445821498,0.11367029682558595,0.17673772260718354,0.06306742578159759,6.925689998680575,6.859440810116993,-0.06624918856358164,0.9307198364113527,0.8653213784572932,0.8632987175947561,0.7326200471537672,0.9727620366176097,0.9687691414486608,-0.003992895168948962,0.1308790966540666,0.09240394286484006,0.0654395483270333,0.006020730037148948,False,1,0.0012348608657192256,0.0013848626620091868,0.00015000179628996114,1.3718065082485774e-05,1.6376645298209697e-05,2.6585802157239237e-06,3.9302914497724535e-06,4.9945946252469456e-06,1.064303175474492e-06,9.937333015553183e-07,1.5232652973971889e-06,5.295319958418706e-07,6.479955113290689e-06,1.125549273602211e-05,4.77553762273142e-06,0.06742111881659665,0.132701331303526,0.06528021248692933,0.9307198364113527,0.8653213784572932,-0.06539845795405952,0.0005833069702545756,0.0005423200106174077,-4.0986959637167924e-05,1.0036350813253794e-05,9.932937476602926e-06,-1.034133366508684e-07,5.718540316366244e-06,6.024631120568313e-06,3.060908042020686e-07
pccv1_n08_grid_r03,8,grid,3,18,13,L18H13,1.5,7,7,False,False,-7.47441291809082,-7.372097969055176,0.10231494903564453,-7.375,-7.3125,0.0625,0.26173553098680263,0.1736335881113041,-0.08810194287549852,0.11367029682558595,0.07540810918980144,-0.03826218763578451,6.925689998680575,6.956587742257876,0.030897743577301462,0.9307198364113527,0.9609390249799998,0.8632987175947561,0.923679375511813,0.9727620366176097,0.9804403363215783,0.007678299703968605,0.06055459029297199,0.04269577238572757,0.030277295146485996,0.0023266131589364542,False,1,0.0012348608657192256,0.001125143921172023,-0.00010971694454720254,1.3718065082485774e-05,1.17419304728282e-05,-1.976134609657574e-06,3.9302914497724535e-06,2.9688249547173174e-06,-9.61466495055136e-07,9.937333015553183e-07,6.6243438759873e-07,-3.312989139565883e-07,6.479955113290689e-06,3.8120466995538687e-06,-2.6679084137368202e-06,0.06742111881659665,0.03725964946818682,-0.030161469348409832,0.9307198364113527,0.9609390249799998,0.030219188568647137,0.0005833069702545756,0.0006410876816342223,5.778071137964671e-05,1.0036350813253794e-05,1.0362217272634558e-05,3.2586645938076345e-07,5.718540316366244e-06,5.546495219974529e-06,-1.7204509639171495e-07
pccv1_n08_grid_r04,8,grid,4,18,13,L18H13,1.0,7,7,False,False,-6.806117534637451,-6.806117534637451,0.0,-6.75,-6.75,0.0,0.17619603579775325,0.17619603579775325,0.0,0.07652096608019206,0.07652096608019206,0.0,6.957875834117676,6.957875834117676,0.0,0.9605910493257882,0.9605910493257882,0.9233448923379382,0.9233448923379382,0.9842150143537651,0.9842150143537651,0.0,0.0,0.0,0.0,0.0,False,0,0.0009925764629743928,0.0009925764629743928,0.0,1.3300532212095236e-05,1.3300532212095236e-05,0.0,3.579789681040328e-06,3.579789681040328e-06,0.0,9.634873218704138e-07,9.634873218704138e-07,0.0,6.2827265506482495e-06,6.2827265506482495e-06,0.0,0.03724615698785004,0.03724615698785004,0.0,0.9605910493257882,0.9605910493257882,0.0,0.0011247364835699752,0.0011247364835699752,0.0,1.507147750110121e-05,1.507147750110121e-05,0.0,6.2827265506482495e-06,6.2827265506482495e-06,0.0
pccv1_n08_grid_r04,8,grid,4,18,13,L18H13,0.5,7,7,False,False,-6.806117534637451,-7.027592182159424,-0.22147464752197266,-6.75,-6.9375,-0.1875,0.17619603579775325,0.26271134756875913,0.08651531177100588,0.07652096608019206,0.11409408858247935,0.037573122502287296,6.957875834117676,6.927268647845956,-0.030607186271719655,0.9605910493257882,0.9306078788154754,0.9233448923379382,0.8631948701799221,0.9842150143537651,0.9819892924914484,-0.002225721862316732,0.06041390872783276,0.042533274874222975,0.03020695436391638,0.002330514485815438,False,1,0.0009925764629743928,0.001023612467988265,3.103600501387226e-05,1.3300532212095236e-05,1.5542734345021262e-05,2.2422021329260264e-06,3.579789681040328e-06,4.740266153885057e-06,1.160476472844729e-06,9.634873218704138e-07,1.5389391027940584e-06,5.754517809236446e-07,6.2827265506482495e-06,1.13713073633833e-05,5.088580812735051e-06,0.03724615698785004,0.06741300863555316,0.030166851647703122,0.9605910493257882,0.9306078788154754,-0.02998317051031285,0.0011247364835699752,0.0009033348324466173,-0.0002214016511233579,1.507147750110121e-05,1.2885379348165198e-05,-2.1860981529360123e-06,6.2827265506482495e-06,6.0866222234530586e-06,-1.9610432719519095e-07
pccv1_n08_grid_r04,8,grid,4,18,13,L18H13,1.5,7,7,False,False,-6.806117534637451,-6.6585469245910645,0.14757061004638672,-6.75,-6.625,0.125,0.17619603579775325,0.10678137058078868,-0.06941466521696457,0.07652096608019206,0.04637456001330275,-0.030146406066889307,6.957875834117676,6.978589451996291,0.020713617878615587,0.9605910493257882,0.979922267467403,0.9233448923379382,0.9619743650774404,0.9842150143537651,0.98682288924158,0.002607874887814887,0.039014106169521855,0.027316497172938242,0.019507053084760927,0.001780441128426423,False,1,0.0009925764629743928,0.0007885757959871795,-0.00020400066698721326,1.3300532212095236e-05,1.197389099024039e-05,-1.3266412218548465e-06,3.579789681040328e-06,3.027473758182475e-06,-5.523159228578527e-07,9.634873218704138e-07,6.755207045084244e-07,-2.8796661736198944e-07,6.2827265506482495e-06,3.651830426447921e-06,-2.6308961242003284e-06,0.03724615698785004,0.01794790238996254,-0.0192982545978875,0.9605910493257882,0.979922267467403,0.01933121814161476,0.0011247364835699752,0.0013001416884033477,0.0001754052048333725,1.507147750110121e-05,1.537478036811701e-05,3.03302867015801e-07,6.2827265506482495e-06,6.4091619963667375e-06,1.2643544571848797e-07
pccv1_n08_grid_r05,8,grid,5,18,13,L18H13,1.0,7,7,False,False,-7.483874797821045,-7.483874797821045,0.0,-7.4375,-7.4375,0.0,0.1333537302962027,0.1333537302962027,0.0,0.05791478920885532,0.05791478920885532,0.0,6.968570220724693,6.968570220724693,0.0,0.9724790432210713,0.9724790432210713,0.9465633545407071,0.9465633545407071,0.9817013807283956,0.9817013807283956,0.0,0.0,0.0,0.0,0.0,False,0,0.0010048602989946463,0.0010048602989946463,0.0,1.0486658234272719e-05,1.0486658234272719e-05,0.0,3.404519470100394e-06,3.404519470100394e-06,0.0,9.754111591876753e-07,9.754111591876753e-07,0.0,4.3714895312171875e-06,4.3714895312171875e-06,0.0,0.02591568868036418,0.02591568868036418,0.0,0.9724790432210713,0.9724790432210713,0.0,0.0005725521396211294,0.0005725521396211294,0.0,5.613103666867248e-06,5.613103666867248e-06,0.0,3.0044778871525457e-06,3.0044778871525457e-06,0.0
pccv1_n08_grid_r05,8,grid,5,18,13,L18H13,0.5,7,7,False,False,-7.483874797821045,-7.515608310699463,-0.03173351287841797,-7.4375,-7.4375,0.0,0.1333537302962027,0.22185702883214917,0.08850329853594646,0.05791478920885532,0.09635128339325301,0.038436494184397686,6.968570220724693,6.940535857862933,-0.028034362861760087,0.9724790432210713,0.9449910567573852,0.9465633545407071,0.8916783094695385,0.9817013807283956,0.9787015115175564,-0.002999869210839279,0.05500834031991053,0.03880977738047904,0.027504170159955266,0.0025181829249995374,False,1,0.0010048602989946463,0.0011064707701871383,0.00010161047119249195,1.0486658234272719e-05,1.0847457738134797e-05,3.607995038620775e-07,3.404519470100394e-06,3.990556690835866e-06,5.860372207354722e-07,9.754111591876753e-07,1.4680437653876586e-06,4.926326061999833e-07,4.3714895312171875e-06,7.936169615557603e-06,3.564680084340416e-06,0.02591568868036418,0.05331274728784662,0.02739705860748244,0.9724790432210713,0.9449910567573852,-0.02748798646368611,0.0005725521396211294,0.000556368443351921,-1.6183696269208322e-05,5.613103666867248e-06,5.806225724713405e-06,1.9312205784615687e-07,3.0044778871525457e-06,3.3082876944525547e-06,3.0380980730000897e-07
pccv1_n08_grid_r05,8,grid,5,18,13,L18H13,1.5,7,7,False,False,-7.483874797821045,-7.281764507293701,0.20211029052734375,-7.4375,-7.25,0.1875,0.1333537302962027,0.08712337727458326,-0.046230353021619444,0.05791478920885532,0.037837201995126676,-0.020077587213728647,6.968570220724693,6.98122971517353,0.012659494448836739,0.9724790432210713,0.9843368516542856,0.9465633545407071,0.970296040557041,0.9817013807283956,0.9841496828822756,0.002448302153879922,0.023971147203300694,0.01678236723878404,0.011985573601650347,0.0009185255384243011,False,1,0.0010048602989946463,0.0008975990230542543,-0.00010726127594039205,1.0486658234272719e-05,9.367286373642665e-06,-1.1193718606300543e-06,3.404519470100394e-06,2.8568609335429187e-06,-5.476585365574754e-07,9.754111591876753e-07,7.223275637073622e-07,-2.5308359548031316e-07,4.3714895312171875e-06,2.8568609335429187e-06,-1.5146285976742689e-06,0.02591568868036418,0.014040811097244631,-0.01187487758311955,0.9724790432210713,0.9843368516542856,0.011857808433214378,0.0005725521396211294,0.0006990508220387811,0.00012649868241765175,5.613103666867248e-06,6.438035495969369e-06,8.249318291021205e-07,3.0044778871525457e-06,3.44603207642853e-06,4.415541892759844e-07
pccv1_n08_random_sparse_r00,8,random_sparse,0,18,13,L18H13,1.0,7,7,False,False,-8.087167739868164,-8.087167739868164,0.0,-7.75,-7.75,0.0,0.597230194225491,0.597230194225491,0.0,0.259373777778138,0.259373777778138,0.0,6.721984546185108,6.721984546185108,0.0,0.7295657925065483,0.7295657925065483,0.4611735364614389,0.4611735364614389,0.9783752521234419,0.9783752521234419,0.0,0.0,0.0,0.0,0.0,False,0,0.001595918691238132,0.001595918691238132,0.0,2.7459297885132918e-05,2.7459297885132918e-05,0.0,2.4232745330777532e-05,2.4232745330777532e-05,0.0,8.914728810336317e-06,8.914728810336317e-06,0.0,6.188048301659712e-05,6.188048301659712e-05,0.0,0.2683922560451094,0.2683922560451094,0.0,0.7295657925065483,0.7295657925065483,0.0,0.0003142550229813855,0.0003142550229813855,0.0,5.079459363263567e-06,5.079459363263567e-06,0.0,4.211019716759573e-06,4.211019716759573e-06,0.0
pccv1_n08_random_sparse_r00,8,random_sparse,0,18,13,L18H13,0.5,7,6,False,False,-8.087167739868164,-8.472016334533691,-0.38484859466552734,-7.75,-7.8125,-0.0625,0.597230194225491,0.7091624344448333,0.11193224021934234,0.259373777778138,0.30798533205246764,0.048611554274329616,6.721984546185108,6.456818183480835,-0.26516636270427263,0.7295657925065483,0.5298318216328078,0.4611735364614389,0.06225688015110109,0.9783752521234419,0.9759728575827467,-0.0024023945406952407,0.5241821720929153,0.37012185890836935,0.26209108604645764,0.036290236501386366,True,1,0.001595918691238132,0.002165301555838347,0.0005693828646002148,2.7459297885132918e-05,3.499883997954027e-05,7.539542094407351e-06,2.4232745330777532e-05,3.287836746009866e-05,8.645622129321125e-06,8.914728810336317e-06,1.4589687120276085e-05,5.674958309939768e-06,6.188048301659712e-05,0.00012215795464192233,6.027747162532521e-05,0.2683922560451094,0.5298318216328078,0.26143956558769843,0.7295657925065483,0.46757494148170675,-0.26199085102484154,0.0003142550229813855,0.00021439388717905072,-9.986113580233479e-05,5.079459363263567e-06,4.736577921583967e-06,-3.428814416796004e-07,4.211019716759573e-06,4.180015344648431e-06,-3.1004372111142135e-08
pccv1_n08_random_sparse_r00,8,random_sparse,0,18,13,L18H13,1.5,7,7,False,False,-8.087167739868164,-7.707302093505859,0.3798656463623047,-7.75,-7.5625,0.1875,0.597230194225491,0.37776838781808175,-0.2194618064074092,0.259373777778138,0.1640627262668805,-0.09531105151125752,6.721984546185108,6.875053330197851,0.15306878401274293,0.7295657925065483,0.8794198861636882,0.4611735364614389,0.7604033467858158,0.9783752521234419,0.9838230425800703,0.005447790456628354,0.29999352588398537,0.21158850704234164,0.14999676294199268,0.018314655114968978,False,1,0.001595918691238132,0.001029694822827557,-0.000566223868410575,2.7459297885132918e-05,1.8859518540508655e-05,-8.599779344624263e-06,2.4232745330777532e-05,1.56350900249448e-05,-8.597655305832732e-06,8.914728810336317e-06,4.76843304485433e-06,-4.1462957654819865e-06,6.188048301659712e-05,2.9210193733191988e-05,-3.267028928340513e-05,0.2683922560451094,0.11901653937787243,-0.14937571666723698,0.7295657925065483,0.8794198861636882,0.14985409365713986,0.0003142550229813855,0.0004569243078341425,0.000142669284852757,5.079459363263567e-06,4.76843304485433e-06,-3.1102631840923723e-07,4.211019716759573e-06,3.7136593893561156e-06,-4.973603274034578e-07
pccv1_n08_random_sparse_r01,8,random_sparse,1,18,13,L18H13,1.0,7,7,False,False,-6.273018836975098,-6.273018836975098,0.0,-6.25,-6.25,0.0,0.034333705414719834,0.034333705414719834,0.0,0.01491093880490462,0.01491093880490462,0.0,6.995687839169061,6.995687839169061,0.0,0.9953996144076175,0.9953996144076175,0.9934780411047849,0.9934780411047849,0.9817607358118039,0.9817607358118039,0.0,0.0,0.0,0.0,0.0,False,0,0.0007069073128160387,0.0007069073128160387,0.0,1.662486652656193e-05,1.662486652656193e-05,0.0,7.3772398016188416e-06,7.3772398016188416e-06,0.0,1.5463534681636151e-06,1.5463534681636151e-06,0.0,3.27363031779144e-06,3.27363031779144e-06,0.0,0.0019215733028326522,0.0019215733028326522,0.0,0.9953996144076175,0.9953996144076175,0.0,0.0019215733028326522,0.0019215733028326522,0.0,1.1426092525036923e-05,1.1426092525036923e-05,0.0,1.0083491261990084e-05,1.0083491261990084e-05,0.0
pccv1_n08_random_sparse_r01,8,random_sparse,1,18,13,L18H13,0.5,7,7,False,False,-6.273018836975098,-6.648863792419434,-0.37584495544433594,-6.25,-6.625,-0.375,0.034333705414719834,0.0409539347726012,0.006620229357881369,0.01491093880490462,0.017786067883966406,0.0028751290790617855,6.995687839169061,6.992837542661872,-0.002850296507189043,0.9953996144076175,0.994245317198356,0.9934780411047849,0.9906595086891921,0.9817607358118039,0.9820704160636069,0.00030968025180300174,0.0035230052209394374,0.0021151130372727553,0.0017615026104697187,0.00015778766570497639,False,1,0.0007069073128160387,0.0008001020269113339,9.319471409529516e-05,1.662486652656193e-05,1.76765562001206e-05,1.0516896735586705e-06,7.3772398016188416e-06,7.84392426530055e-06,4.666844636817084e-07,1.5463534681636151e-06,1.9832546407616346e-06,4.3690117259801947e-07,3.27363031779144e-06,5.391045051189422e-06,2.1174147333979816e-06,0.0019215733028326522,0.0035858085091638576,0.0016642352063312054,0.9953996144076175,0.994245317198356,-0.0011542972092615233,0.0019215733028326522,0.0013191452304990026,-0.0006024280723336496,1.1426092525036923e-05,8.888330647198662e-06,-2.5377618778382612e-06,1.0083491261990084e-05,7.84392426530055e-06,-2.2395669966895338e-06
pccv1_n08_random_sparse_r01,8,random_sparse,1,18,13,L18H13,1.5,7,7,False,False,-6.273018836975098,-5.769841194152832,0.5031776428222656,-6.25,-5.75,0.5,0.034333705414719834,0.03343770164760433,-0.0008960037671155024,0.01491093880490462,0.014521809313081831,-0.0003891294918227893,6.995687839169061,6.999311768558433,0.0036239293893727265,0.9953996144076175,0.9953910894413033,0.9934780411047849,0.9922229777968127,0.9817607358118039,0.9848937753521341,0.0031330395403301736,0.002500867508163858,0.0016219768108536937,0.001250433754081929,0.00018065184196394937,False,1,0.0007069073128160387,0.0004858456562018903,-0.0002210616566141484,1.662486652656193e-05,1.2947348182569676e-05,-3.6775183439922526e-06,7.3772398016188416e-06,5.745350928698453e-06,-1.6318888729203884e-06,1.5463534681636151e-06,1.0627830577493705e-06,-4.835704104142446e-07,3.27363031779144e-06,2.113596488983414e-06,-1.160033828808026e-06,0.0019215733028326522,0.0009076791831351869,-0.0010138941196974653,0.9953996144076175,0.9953910894413033,-8.524966314205074e-06,0.0019215733028326522,0.0031681116444906166,0.0012465383416579644,1.1426092525036923e-05,1.4671267564396414e-05,3.2451750393594906e-06,1.0083491261990084e-05,1.0733728646570347e-05,6.502373845802635e-07
pccv1_n08_random_sparse_r02,8,random_sparse,2,18,13,L18H13,1.0,7,7,False,False,-7.56635856628418,-7.56635856628418,0.0,-7.5,-7.5,0.0,0.1997670306689133,0.1997670306689133,0.0,0.08675771908570672,0.08675771908570672,0.0,6.95026440325111,6.95026440325111,0.0,0.9515874900425346,0.9515874900425346,0.9042107386177829,0.9042107386177829,0.9834045068103023,0.9834045068103023,0.0,0.0,0.0,0.0,0.0,False,0,0.0004644653276861462,0.0004644653276861462,0.0,1.0923177535450778e-05,1.0923177535450778e-05,0.0,1.0261375664233167e-05,1.0261375664233167e-05,0.0,2.7618117929668614e-06,2.7618117929668614e-06,0.0,1.0261375664233167e-05,1.0261375664233167e-05,0.0,0.04737675142475172,0.04737675142475172,0.0,0.9515874900425346,0.9515874900425346,0.0,0.0005263081675707332,0.0005263081675707332,0.0,6.223838951186506e-06,6.223838951186506e-06,0.0,4.553457848734922e-06,4.553457848734922e-06,0.0
pccv1_n08_random_sparse_r02,8,random_sparse,2,18,13,L18H13,0.5,7,7,False,False,-7.56635856628418,-7.9156036376953125,-0.3492450714111328,-7.5,-7.75,-0.25,0.1997670306689133,0.4014682554122825,0.20170122474336918,0.08675771908570672,0.1743554479848796,0.08759772889917287,6.95026440325111,6.863201550371651,-0.08706285287945903,0.9515874900425346,0.8660474295965623,0.9042107386177829,0.7332347547446461,0.9834045068103023,0.978447443065761,-0.004957063744541301,0.17138703859260182,0.12089862155883975,0.08569351929630091,0.011572529728502916,False,1,0.0004644653276861462,0.0006969369549299257,0.00023247162724377953,1.0923177535450778e-05,1.6390386183702866e-05,5.467208648252088e-06,1.0261375664233167e-05,1.5397342885527987e-05,5.135967221294819e-06,2.7618117929668614e-06,4.998785358549193e-06,2.236973565582332e-06,1.0261375664233167e-05,2.2403001706375864e-05,1.2141626042142696e-05,0.04737675142475172,0.13281267485191633,0.0854359234271646,0.9515874900425346,0.8660474295965623,-0.08554006044597229,0.0005263081675707332,0.00037304347008346715,-0.00015326469748726604,6.223838951186506e-06,6.02968610984474e-06,-1.941528413417652e-07,4.553457848734922e-06,4.695924264021856e-06,1.4246641528693384e-07
pccv1_n08_random_sparse_r02,8,random_sparse,2,18,13,L18H13,1.5,7,7,False,False,-7.56635856628418,-7.283175468444824,0.28318309783935547,-7.5,-7.25,0.25,0.1997670306689133,0.0993268584425553,-0.100440172226358,0.08675771908570672,0.043137106526387185,-0.04362061255931953,6.95026440325111,6.980568665387049,0.03030426213593973,0.9515874900425346,0.9809530963356338,0.9042107386177829,0.9629863136563647,0.9834045068103023,0.9861519229166333,0.002747416106331002,0.05907227591272505,0.04156112590927219,0.029536137956362524,0.0035533697296592634,False,1,0.0004644653276861462,0.0003502964953034684,-0.00011416883238267781,1.0923177535450778e-05,8.238183950797657e-06,-2.684993584653121e-06,1.0261375664233167e-05,7.270171819501058e-06,-2.9912038447321094e-06,2.7618117929668614e-06,1.5239107999124375e-06,-1.237900993054424e-06,1.0261375664233167e-05,5.318971328274417e-06,-4.94240433595875e-06,0.04737675142475172,0.017966782679269138,-0.029409968745482584,0.9515874900425346,0.9809530963356338,0.029365606293099145,0.0005263081675707332,0.0006966477656733649,0.0001703395981026317,6.223838951186506e-06,6.415904111967496e-06,1.920651607809907e-07,4.553457848734922e-06,4.409582109906173e-06,-1.438757388287492e-07
pccv1_n08_random_sparse_r03,8,random_sparse,3,18,13,L18H13,1.0,6,6,False,False,-8.294553756713867,-8.294553756713867,0.0,-7.8125,-7.8125,0.0,0.6638007786239958,0.6638007786239958,0.0,0.28828501523948336,0.28828501523948336,0.0,6.33778525401539,6.33778525401539,0.0,0.6497493794056197,0.6497493794056197,0.3019635984056403,0.3019635984056403,0.9503881956620717,0.9503881956620717,0.0,0.0,0.0,0.0,0.0,False,0,0.0020680098473162805,0.0020680098473162805,0.0,2.2973514234887557e-05,2.2973514234887557e-05,0.0,1.9045712247653707e-05,1.9045712247653707e-05,0.0,7.006525978378939e-06,7.006525978378939e-06,0.0,7.07634056251589e-05,7.07634056251589e-05,0.0,0.6497493794056197,0.6497493794056197,0.0,0.3477857809999794,0.3477857809999794,0.0,0.00026291794764922227,0.00026291794764922227,0.0,8.996557438921504e-06,8.996557438921504e-06,0.0,5.126083910402693e-06,5.126083910402693e-06,0.0
pccv1_n08_random_sparse_r03,8,random_sparse,3,18,13,L18H13,0.5,6,6,False,False,-8.294553756713867,-8.61923885345459,-0.32468509674072266,-7.8125,-8.3125,-0.5,0.6638007786239958,0.5461127325337973,-0.11768804609019845,0.28828501523948336,0.23717374623653462,-0.05111126900294874,6.33778525401539,6.213316607471465,-0.12446864654392531,0.6497493794056197,0.7756100730784731,0.3019635984056403,0.553394066648408,0.9503881956620717,0.9487278651245106,-0.0016603305375610944,0.2518115614153091,0.17778851993821643,0.12590578070765454,0.009764297124795606,False,1,0.0020680098473162805,0.001806064034229012,-0.0002619458130872685,2.2973514234887557e-05,2.4201271902403927e-05,1.2277576675163701e-06,1.9045712247653707e-05,2.2734990961818987e-05,3.6892787141652808e-06,7.006525978378939e-06,9.477354249716498e-06,2.4708282713375586e-06,7.07634056251589e-05,0.0001084625757732834,3.7699170148124505e-05,0.6497493794056197,0.7756100730784731,0.12586069367285335,0.3477857809999794,0.22221600643006512,-0.1255697745699143,0.00026291794764922227,0.00019035774871681028,-7.256019893241199e-05,8.996557438921504e-06,7.857002636325738e-06,-1.1395548025957668e-06,5.126083910402693e-06,4.7655129923745496e-06,-3.605709180281437e-07
pccv1_n08_random_sparse_r03,8,random_sparse,3,18,13,L18H13,1.5,6,6,False,False,-8.294553756713867,-7.689757823944092,0.6047959327697754,-7.8125,-6.9375,0.875,0.6638007786239958,0.7115415316147995,0.047740752990803714,0.28828501523948336,0.3090185608252956,0.020733545585812252,6.33778525401539,6.48930767573924,0.15152242172384955,0.6497493794056197,0.49867908029669195,0.3019635984056403,0.0,0.9503881956620717,0.9450991963708475,-0.005288999291224172,0.3022425089472973,0.2135206623795615,0.15112125447364866,0.011761057842519088,False,1,0.0020680098473162805,0.0020379874223160495,-3.0022425000230963e-05,2.2973514234887557e-05,2.410014946107431e-05,1.1266352261867547e-06,1.9045712247653707e-05,1.876921527242257e-05,-2.7649697523113534e-07,7.006525978378939e-06,6.093472048572008e-06,-9.130539298069317e-07,7.07634056251589e-05,5.102001680946226e-05,-1.9743388815696637e-05,0.6497493794056197,0.49867908029669195,-0.15107029910892777,0.3477857809999794,0.49867908029669195,0.15089329929671252,0.00026291794764922227,0.0004840644418547495,0.00022114649420552722,8.996557438921504e-06,1.2899880428055808e-05,3.903322989134304e-06,5.126083910402693e-06,6.904808425645315e-06,1.7787245152426221e-06
pccv1_n08_random_sparse_r04,8,random_sparse,4,18,13,L18H13,1.0,7,7,False,False,-7.023550033569336,-7.023550033569336,0.0,-7.0,-7.0,0.0,0.09157472169153824,0.09157472169153824,0.0,0.03977039631246107,0.03977039631246107,0.0,6.98339221922703,6.98339221922703,0.0,0.9829239151207391,0.9829239151207391,0.9670364297381062,0.9670364297381062,0.993693314606162,0.993693314606162,0.0,0.0,0.0,0.0,0.0,False,0,0.000256797284001751,0.000256797284001751,0.0,8.78711984608642e-06,8.78711984608642e-06,0.0,6.428794212824034e-06,6.428794212824034e-06,0.0,2.365021222419908e-06,2.365021222419908e-06,0.0,9.353840386006148e-06,9.353840386006148e-06,0.0,0.01588748538263288,0.01588748538263288,0.0,0.9829239151207391,0.9829239151207391,0.0,0.00089631059171084,0.00089631059171084,0.0,6.039293261666573e-06,6.039293261666573e-06,0.0,2.5175519864891348e-06,2.5175519864891348e-06,0.0
pccv1_n08_random_sparse_r04,8,random_sparse,4,18,13,L18H13,0.5,7,7,False,False,-7.023550033569336,-7.297430038452148,-0.2738800048828125,-7.0,-7.25,-0.25,0.09157472169153824,0.16957652860946887,0.07800180691793063,0.03977039631246107,0.07364615063540124,0.03387575432294017,6.98339221922703,6.960445901777461,-0.022946317449568987,0.9829239151207391,0.9615104051022216,0.9670364297381062,0.9242286008224249,0.993693314606162,0.9918531422331398,-0.001840172373022142,0.043254224230143704,0.030271210124163245,0.021627112115071852,0.002297812858085683,False,1,0.000256797284001751,0.00046930865532866626,0.00021251137132691526,8.78711984608642e-06,1.3313261792625275e-05,4.526141946538855e-06,6.428794212824034e-06,1.036837870933118e-05,3.939584496507145e-06,2.365021222419908e-06,4.0603154420900165e-06,1.6952942196701085e-06,9.353840386006148e-06,1.93706816088343e-05,1.0016841222828154e-05,0.01588748538263288,0.037281804279796764,0.021394318897163884,0.9829239151207391,0.9615104051022216,-0.021413510018517434,0.00089631059171084,0.000682840064309222,-0.00021347052740161804,6.039293261666573e-06,5.907724108882681e-06,-1.315691527838922e-07,2.5175519864891348e-06,2.6215366820178344e-06,1.0398469552869959e-07
pccv1_n08_random_sparse_r04,8,random_sparse,4,18,13,L18H13,1.5,7,7,False,False,-7.023550033569336,-6.639361381530762,0.3841886520385742,-7.0,-6.625,0.375,0.09157472169153824,0.056596104799272635,-0.034978616892265606,0.03977039631246107,0.02457937601154225,-0.01519102030091882,6.98339221922703,6.992637000212812,0.00924478098578252,0.9829239151207391,0.9909136107191557,0.9670364297381062,0.9833478919385643,0.993693314606162,0.9947800976062808,0.001086783000118885,0.016818869914857416,0.011544191276599369,0.008409434957428708,0.0007866149215611973,False,1,0.000256797284001751,0.0001779286514999855,-7.886863250176551e-05,8.78711984608642e-06,6.48105065712778e-06,-2.30606918895864e-06,6.428794212824034e-06,4.741637952749586e-06,-1.6871562600744481e-06,2.365021222419908e-06,1.5393844606801473e-06,-8.256367617397607e-07,9.353840386006148e-06,5.372979711161147e-06,-3.980860674845001e-06,0.01588748538263288,0.007565718780591477,-0.008321766602041404,0.9829239151207391,0.9909136107191557,0.007989695598416668,0.00089631059171084,0.001314724787540474,0.00041841419582963396,6.039293261666573e-06,7.343992526372082e-06,1.3046992647055084e-06,2.5175519864891348e-06,2.538015904108604e-06,2.0463917619469427e-08
pccv1_n08_random_sparse_r05,8,random_sparse,5,18,13,L18H13,1.0,7,7,False,False,-8.263163566589355,-8.263163566589355,0.0,-8.0625,-8.0625,0.0,0.4566109157719002,0.4566109157719002,0.0,0.19830360109652675,0.19830360109652675,0.0,6.830640862435485,6.830640862435485,0.0,0.8344975881767441,0.8344975881767441,0.6701752701350018,0.6701752701350018,0.9804556659453283,0.9804556659453283,0.0,0.0,0.0,0.0,0.0,False,0,0.0008622843873201779,0.0008622843873201779,0.0,8.998745078915819e-06,8.998745078915819e-06,0.0,1.0854558521016452e-05,1.0854558521016452e-05,0.0,3.99316892287425e-06,3.99316892287425e-06,0.0,2.2979100569315077e-05,2.2979100569315077e-05,0.0,0.16432231804174233,0.16432231804174233,0.0,0.8344975881767441,0.8344975881767441,0.0,0.0002629818798612273,0.0002629818798612273,0.0,3.751235048168887e-06,3.751235048168887e-06,0.0,4.250706191922636e-06,4.250706191922636e-06,0.0
pccv1_n08_random_sparse_r05,8,random_sparse,5,18,13,L18H13,0.5,7,7,False,False,-8.263163566589355,-8.518781661987305,-0.2556180953979492,-8.0625,-8.0625,0.0,0.4566109157719002,0.6581687499393447,0.2015578341674445,0.19830360109652675,0.2858390562598186,0.08753545516329184,6.830640862435485,6.644362926802978,-0.18627793563250705,0.8344975881767441,0.6503499400637215,0.6701752701350018,0.3022427021079742,0.9804556659453283,0.9742994318894489,-0.006156234055879395,0.3684113600598031,0.2601680445302945,0.18420568002990154,0.022597554398859458,False,1,0.0008622843873201779,0.0012554707317914539,0.00039318634447127595,8.998745078915819e-06,1.3102012787848626e-05,4.103267708932807e-06,1.0854558521016452e-05,1.4846525522612446e-05,3.9919670015959945e-06,3.99316892287425e-06,5.813982931255738e-06,1.820814008381488e-06,2.2979100569315077e-05,4.0357040543870846e-05,1.737793997455577e-05,0.16432231804174233,0.3481072379557473,0.18378491991400495,0.8344975881767441,0.6503499400637215,-0.18414764811302264,0.0002629818798612273,0.00020494996298224205,-5.803191687898525e-05,3.751235048168887e-06,3.7537895122421833e-06,2.5544640732960637e-09,4.250706191922636e-06,4.527934459625751e-06,2.772282677031151e-07
pccv1_n08_random_sparse_r05,8,random_sparse,5,18,13,L18H13,1.5,7,7,False,False,-8.263163566589355,-7.923834800720215,0.3393287658691406,-8.0625,-7.8125,0.25,0.4566109157719002,0.30088715036870234,-0.15572376540319788,0.19830360109652675,0.1306736290807214,-0.06762997201580537,6.830640862435485,6.91059080462026,0.07994994218477558,0.8344975881767441,0.9138098767204763,0.6701752701350018,0.8288123178016619,0.9804556659453283,0.979021209043367,-0.0014344569019613118,0.15883910784450386,0.11217341200359872,0.07941955392225193,0.007326832101773008,False,1,0.0008622843873201779,0.0007828004547568037,-7.948393256337427e-05,8.998745078915819e-06,7.674305620320155e-06,-1.3244394585956642e-06,1.0854558521016452e-05,8.696127542027835e-06,-2.158430978988617e-06,3.99316892287425e-06,2.4914822548989895e-06,-1.5016866679752602e-06,2.2979100569315077e-05,1.2652790914075383e-05,-1.0326309655239695e-05,0.16432231804174233,0.08499755891881447,-0.07932475912292786,0.8344975881767441,0.9138098767204763,0.07931228854373218,0.0002629818798612273,0.00036976875229757,0.00010678687243634272,3.751235048168887e-06,4.107759789223883e-06,3.565247410549959e-07,4.250706191922636e-06,4.3726875341944165e-06,1.2198134227178083e-07
pccv1_n08_row_r00,8,row,0,18,13,L18H13,1.0,6,6,False,False,-10.358808517456055,-10.358808517456055,0.0,-10.3125,-10.3125,0.0,0.17733929963671818,0.17733929963671818,0.0,0.07701747925681406,0.07701747925681406,0.0,6.040877913157855,6.040877913157855,0.0,0.957628897771234,0.957628897771234,0.9155536204540025,0.9155536204540025,0.9969909859484858,0.9969909859484858,0.0,0.0,0.0,0.0,0.0,False,0,0.00025018874426209866,0.00025018874426209866,0.0,8.476526059318631e-07,8.476526059318631e-07,0.0,6.601525132722519e-07,6.601525132722519e-07,0.0,1.669126946252437e-07,1.669126946252437e-07,0.0,1.0326522752539482e-05,1.0326522752539482e-05,0.0,0.957628897771234,0.957628897771234,0.0,0.04207527731723151,0.04207527731723151,0.0,3.180792937310752e-05,3.180792937310752e-05,0.0,1.3128700387834484e-06,1.3128700387834484e-06,0.0,5.141272942829859e-07,5.141272942829859e-07,0.0
pccv1_n08_row_r00,8,row,0,18,13,L18H13,0.5,6,6,False,False,-10.358808517456055,-10.776127815246582,-0.41731929779052734,-10.3125,-10.75,-0.4375,0.17733929963671818,0.1120153665050831,-0.06532393313163508,0.07701747925681406,0.04864765556152793,-0.028369823695286123,6.040877913157855,6.021866692548604,-0.019011220609250756,0.957628897771234,0.9767607790680018,0.9155536204540025,0.9537895673037631,0.9969909859484858,0.9973891669095281,0.0003981809610422715,0.03828065181342892,0.027036919418281825,0.01914032590671446,0.0014724109674137107,False,1,0.00025018874426209866,0.00022520183589140865,-2.498690837069001e-05,8.476526059318631e-07,9.797058048717165e-07,1.320531989398535e-07,6.601525132722519e-07,7.167680786138969e-07,5.661556534164496e-08,1.669126946252437e-07,2.636842402100088e-07,9.677154558476511e-08,1.0326522752539482e-05,1.848569238924576e-05,8.159169636706279e-06,0.957628897771234,0.9767607790680018,0.019131881296767905,0.04207527731723151,0.022971211764238726,-0.019104065552992787,3.180792937310752e-05,2.0947033734743038e-05,-1.0860895638364483e-05,1.3128700387834484e-06,9.797058048717165e-07,-3.3316423391173187e-07,5.141272942829859e-07,4.347418155826436e-07,-7.938547870034228e-08
pccv1_n08_row_r00,8,row,0,18,13,L18H13,1.5,6,6,False,False,-10.358808517456055,-9.667280197143555,0.6915283203125,-10.3125,-9.5625,0.75,0.17733929963671818,0.3185413250812701,0.1412020254445519,0.07701747925681406,0.1383407397409455,0.061323260484131434,6.040877913157855,6.093712698565702,0.05283478540784703,0.957628897771234,0.9042707713075567,0.9155536204540025,0.8089613332177813,0.9969909859484858,0.9958547561282529,-0.0011362298202328702,0.10672079365650551,0.07537224489082855,0.053360396828252755,0.005683148369127062,False,1,0.00025018874426209866,0.00034373950592895766,9.3550761666859e-05,8.476526059318631e-07,9.069972329060526e-07,5.934462697418953e-08,6.601525132722519e-07,6.635733510054254e-07,3.42083773317354e-09,1.669126946252437e-07,1.3909253058074956e-07,-2.7820164044494144e-08,1.0326522752539482e-05,8.083978341107362e-06,-2.24254441143212e-06,0.957628897771234,0.9042707713075567,-0.05335812646367721,0.04207527731723151,0.09530943808977543,0.05323416077254392,3.180792937310752e-05,6.358541501018371e-05,3.177748563707619e-05,1.3128700387834484e-06,1.9201131571297636e-06,6.072431183463151e-07,5.141272942829859e-07,7.51927116188168e-07,2.3779982190518214e-07
pccv1_n08_row_r01,8,row,1,18,13,L18H13,1.0,6,6,False,False,-9.667290687561035,-9.667290687561035,0.0,-9.5625,-9.5625,0.0,0.3207915509888434,0.3207915509888434,0.0,0.1393180004356403,0.1393180004356403,0.0,6.0921872307149085,6.0921872307149085,0.0,0.9039956687166856,0.9039956687166856,0.8087152262266629,0.8087152262266629,0.9961470019860172,0.9961470019860172,0.0,0.0,0.0,0.0,0.0,False,0,0.0006419945715471836,0.0006419945715471836,0.0,1.3192717081953892e-06,1.3192717081953892e-06,0.0,1.027449839426519e-06,1.027449839426519e-06,0.0,1.4801818341098494e-07,1.4801818341098494e-07,0.0,1.2516901463739322e-05,1.2516901463739322e-05,0.0,0.9039956687166856,0.9039956687166856,0.0,0.09528044249002265,0.09528044249002265,0.0,6.3566070679961e-05,6.3566070679961e-05,0.0,2.4647240355907385e-06,2.4647240355907385e-06,0.0,8.51785834354361e-07,8.51785834354361e-07,0.0
pccv1_n08_row_r01,8,row,1,18,13,L18H13,0.5,6,6,False,False,-9.667290687561035,-10.239822387695312,-0.5725317001342773,-9.5625,-10.1875,-0.625,0.3207915509888434,0.195480234804409,-0.1253113161844344,0.1393180004356403,0.0848959872967068,-0.054422013138933495,6.0921872307149085,6.0451305958964054,-0.047056634818503085,0.9039956687166856,0.9520758476913083,0.8087152262266629,0.904674782370909,0.9961470019860172,0.996793176270458,0.0006461742844408036,0.09617141843973608,0.06785403894113992,0.04808570921986804,0.004416504348943537,False,1,0.0006419945715471836,0.00046470369273165086,-0.00017729087881553275,1.3192717081953892e-06,1.2261755083686606e-06,-9.30961998267286e-08,1.027449839426519e-06,8.970891657541058e-07,-1.303606736724131e-07,1.4801818341098494e-07,1.766473304361739e-07,2.8629147025188975e-08,1.2516901463739322e-05,1.8018517562145715e-05,5.5016160984063926e-06,0.9039956687166856,0.9520758476913083,0.04808017897462269,0.09528044249002265,0.047401065320399186,-0.04787937716962347,6.3566070679961e-05,3.5834101022165754e-05,-2.7731969657795243e-05,2.4647240355907385e-06,1.5744405180653727e-06,-8.902835175253658e-07,8.51785834354361e-07,6.563244542244083e-07,-1.954613801299527e-07
pccv1_n08_row_r01,8,row,1,18,13,L18H13,1.5,6,6,False,False,-9.667290687561035,-9.168539047241211,0.4987516403198242,-9.5625,-8.9375,0.625,0.3207915509888434,0.5103526881889354,0.18956113720009204,0.1393180004356403,0.22164335630494553,0.08232535586930523,6.0921872307149085,6.197711238328024,0.10552400761311542,0.9039956687166856,0.7974347916215411,0.8087152262266629,0.5958117012273084,0.9961470019860172,0.9953269364614172,-0.000820065524600011,0.21313316301149332,0.1505457210888739,0.10656658150574666,0.011415258301093544,False,1,0.0006419945715471836,0.0008239874871580089,0.0001819929156108253,1.3192717081953892e-06,1.163759071114194e-06,-1.5551263708119513e-07,1.027449839426519e-06,9.063364758901851e-07,-1.2111336353633382e-07,1.4801818341098494e-07,1.0824645556396298e-07,-3.977172784702196e-08,1.2516901463739322e-05,7.128888590076371e-06,-5.388012873662951e-06,0.9039956687166856,0.7974347916215411,-0.1065608770951445,0.09528044249002265,0.20162309039423268,0.10634264790421002,6.3566070679961e-05,0.00010475825310665971,4.1192182426698715e-05,2.4647240355907385e-06,2.97176289572231e-06,5.070388601315717e-07,8.51785834354361e-07,1.0932504733723506e-06,2.414646390179896e-07
pccv1_n08_row_r02,8,row,2,18,13,L18H13,1.0,6,6,False,False,-9.006721496582031,-9.006721496582031,0.0,-8.75,-8.75,0.0,0.5351623353536018,0.5351623353536018,0.0,0.23241804916652678,0.23241804916652678,0.0,6.220674361502013,6.220674361502013,0.0,0.7768608016613795,0.7768608016613795,0.5542864554927416,0.5542864554927416,0.9957812528094934,0.9957812528094934,0.0,0.0,0.0,0.0,0.0,False,0,0.0004296695671794252,0.0004296695671794252,0.0,1.0005165982507714e-06,1.0005165982507714e-06,0.0,9.39898361958477e-07,9.39898361958477e-07,0.0,1.7386371476566127e-07,1.7386371476566127e-07,0.0,5.408741628899654e-06,5.408741628899654e-06,0.0,0.7768608016613795,0.7768608016613795,0.0,0.22257434616863797,0.22257434616863797,0.0,0.00012310239206174701,0.00012310239206174701,0.0,3.4921460625282585e-06,3.4921460625282585e-06,0.0,1.0650443748932922e-06,1.0650443748932922e-06,0.0
pccv1_n08_row_r02,8,row,2,18,13,L18H13,0.5,6,6,False,False,-9.006721496582031,-9.56891918182373,-0.5621976852416992,-8.75,-9.4375,-0.6875,0.5351623353536018,0.3691429714104787,-0.1660193639431231,0.23241804916652678,0.16031675551694072,-0.07210129364958606,6.220674361502013,6.117613042052944,-0.10306131944906927,0.7768608016613795,0.8804266639791835,0.5542864554927416,0.7612738720404946,0.9957812528094934,0.9959381908379328,0.00015693802843941285,0.20714090542990587,0.14636228189665296,0.10357045271495294,0.00957503018454432,False,1,0.0004296695671794252,0.00033467567025889547,-9.499389692052974e-05,1.0005165982507714e-06,1.2848756129301866e-06,2.8435901467941525e-07,9.39898361958477e-07,1.065199296359014e-06,1.25300934400537e-07,1.7386371476566127e-07,2.6932455954291344e-07,9.546084477725218e-08,5.408741628899654e-06,9.494017984089052e-06,4.085276355189398e-06,0.7768608016613795,0.8804266639791835,0.10356586231780396,0.22257434616863797,0.11915279193868883,-0.10342155422994914,0.00012310239206174701,7.01518314886905e-05,-5.295056057305652e-05,3.4921460625282585e-06,2.7200816939184255e-06,-7.720643686098329e-07,1.0650443748932922e-06,8.830812333468963e-07,-1.819631415463959e-07
pccv1_n08_row_r02,8,row,2,18,13,L18H13,1.5,6,6,False,False,-9.006721496582031,-8.518514633178711,0.4882068634033203,-8.75,-7.9375,0.8125,0.5351623353536018,0.6909302869571928,0.15576795160359103,0.23241804916652678,0.3000672110053391,0.06764916183881234,6.220674361502013,6.435682031043261,0.21500766954124817,0.7768608016613795,0.5618035975525706,0.5542864554927416,0.12427051584629623,0.9957812528094934,0.9955979995127535,-0.00018325329673984925,0.4301191217318759,0.3040672056297101,0.21505956086593794,0.026502883841690035,False,1,0.0004296695671794252,0.00045210190015731696,2.243233297789175e-05,1.0005165982507714e-06,8.727619831550993e-07,-1.2775461509567203e-07,9.39898361958477e-07,7.235450972764494e-07,-2.1635326468202768e-07,1.7386371476566127e-07,1.1811549018844315e-07,-5.5748224577218115e-08,5.408741628899654e-06,3.4518406042267342e-06,-1.95690102467292e-06,0.7768608016613795,0.5618035975525706,-0.2150572041088089,0.22257434616863797,0.43753308170627436,0.2149587355376364,0.00012310239206174701,0.00020061900207735435,7.751661001560733e-05,3.4921460625282585e-06,4.163714552997883e-06,6.715684904696242e-07,1.0650443748932922e-06,1.2698611924958247e-06,2.048168176025325e-07
pccv1_n08_row_r03,8,row,3,18,13,L18H13,1.0,7,7,False,False,-7.935462951660156,-7.935462951660156,0.0,-7.5,-7.5,0.0,0.6543965862787078,0.6543965862787078,0.0,0.284200826397168,0.284200826397168,0.0,6.6484864103290215,6.6484864103290215,0.0,0.6507241627368812,0.6507241627368812,0.30241661781851426,0.30241661781851426,0.9942234402222567,0.9942234402222567,0.0,0.0,0.0,0.0,0.0,False,0,0.000593383628550324,0.000593383628550324,0.0,1.2980214171289662e-06,1.2980214171289662e-06,0.0,1.1454998801047797e-06,1.1454998801047797e-06,0.0,1.8699771494365266e-07,1.8699771494365266e-07,0.0,5.133774292739155e-06,5.133774292739155e-06,0.0,0.3483075449183669,0.3483075449183669,0.0,0.6507241627368812,0.6507241627368812,0.0,0.00035990536368730433,0.00035990536368730433,0.0,5.464874287955783e-06,5.464874287955783e-06,0.0,1.7741849213880496e-06,1.7741849213880496e-06,0.0
pccv1_n08_row_r03,8,row,3,18,13,L18H13,0.5,7,6,False,False,-7.935462951660156,-8.327312469482422,-0.3918495178222656,-7.5,-7.6875,-0.1875,0.6543965862787078,0.6983227237299406,0.04392613745123286,0.284200826397168,0.3032777055035622,0.019076879106394218,6.6484864103290215,6.465754318811772,-0.18273209151724945,0.6507241627368812,0.5307396192620507,0.30241661781851426,0.06236354918436349,0.9942234402222567,0.993691275881531,-0.0005321643407256715,0.36493099263749773,0.2579385644600466,0.18246549631874887,0.01700181235134591,True,1,0.000593383628550324,0.0006214322041404023,2.804857559007823e-05,1.2980214171289662e-06,1.8580486437490876e-06,5.600272266201213e-07,1.1454998801047797e-06,1.5403764286635948e-06,3.9487654855881503e-07,1.8699771494365266e-07,3.0331810301320217e-07,1.1632038806954951e-07,5.133774292739155e-06,9.435949604421996e-06,4.302175311682841e-06,0.3483075449183669,0.5307396192620507,0.1824320743436838,0.6507241627368812,0.4683760700776872,-0.18234809265919394,0.00035990536368730433,0.0002433563477395467,-0.00011654901594775763,5.464874287955783e-06,4.744693429245789e-06,-7.201808587099942e-07,1.7741849213880496e-06,1.639722172960078e-06,-1.3446274842797157e-07
pccv1_n08_row_r03,8,row,3,18,13,L18H13,1.5,7,7,False,False,-7.935462951660156,-7.686141490936279,0.24932146072387695,-7.5,-7.5,0.0,0.6543965862787078,0.45483214329058447,-0.19956444298812331,0.284200826397168,0.19753109002332997,-0.08666973637383801,6.6484864103290215,6.833331698787422,0.18484528845840043,0.6507241627368812,0.834702973746266,0.30241661781851426,0.6703402128879663,0.9942234402222567,0.9945526115602448,0.00032917133798804343,0.368161133628385,0.26016132340570125,0.1840805668141925,0.0225922914223462,False,1,0.000593383628550324,0.00046166116849497723,-0.00013172246005534682,1.2980214171289662e-06,8.372196818786971e-07,-4.6080173525026916e-07,1.1454998801047797e-06,7.864951056013908e-07,-3.5900477450338896e-07,1.8699771494365266e-07,1.0316570680958425e-07,-8.383200813406841e-08,5.133774292739155e-06,2.42257547586497e-06,-2.711198816874185e-06,0.3483075449183669,0.16436276085829965,-0.18394478406006726,0.6507241627368812,0.834702973746266,0.18397881100938485,0.00035990536368730433,0.00046166116849497723,0.0001017558048076729,5.464874287955783e-06,5.1285923226516e-06,-3.3628196530418327e-07,1.7741849213880496e-06,1.6650101516239317e-06,-1.0917476976411796e-07
pccv1_n08_row_r04,8,row,4,18,13,L18H13,1.0,7,7,False,False,-6.88532018661499,-6.88532018661499,0.0,-6.875,-6.875,0.0,0.04229017407816991,0.04229017407816991,0.0,0.018366389240877128,0.018366389240877128,0.0,6.994871944179993,6.994871944179993,0.0,0.9935976700633591,0.9935976700633591,0.9883837480083179,0.9883837480083179,0.9961102281166312,0.9961102281166312,0.0,0.0,0.0,0.0,0.0,False,0,0.0001574468034301629,0.0001574468034301629,0.0,2.519782877800398e-07,2.519782877800398e-07,0.0,1.9624088784008678e-07,1.9624088784008678e-07,0.0,3.305235846270047e-08,3.305235846270047e-08,0.0,5.678418371347405e-07,5.678418371347405e-07,0.0,0.005213922055041231,0.005213922055041231,0.0,0.9935976700633591,0.9935976700633591,0.0,0.0010266821262422629,0.0010266821262422629,0.0,2.5448905551674543e-06,2.5448905551674543e-06,0.0,6.849480008387059e-07,6.849480008387059e-07,0.0
pccv1_n08_row_r04,8,row,4,18,13,L18H13,0.5,7,7,False,False,-6.88532018661499,-7.144308090209961,-0.2589879035949707,-6.875,-7.125,-0.25,0.04229017407816991,0.08230360370259879,0.04001342962442888,0.018366389240877128,0.035744000928790695,0.017377611687913568,6.994871944179993,6.985542218989839,-0.009329725190153404,0.9935976700633591,0.9849514907195176,0.9883837480083179,0.9709019122668769,0.9961102281166312,0.9958632390319693,-0.0002469890846619194,0.017760476984260667,0.012364540882432206,0.008880238492130333,0.0010704797909977227,False,1,0.0001574468034301629,0.00020040647337130288,4.295966994113999e-05,2.519782877800398e-07,4.383873805260799e-07,1.8640909274604013e-07,1.9624088784008678e-07,3.6343590349895163e-07,1.6719501565886485e-07,3.305235846270047e-08,7.156477258732838e-08,3.8512414124627915e-08,5.678418371347405e-07,1.3503281958494717e-06,7.824863587147312e-07,0.005213922055041231,0.014049578452640708,0.008835656397599477,0.9935976700633591,0.9849514907195176,-0.008646179343841487,0.0010266821262422629,0.0007926229779534425,-0.00023405914828882035,2.5448905551674543e-06,2.858644813045895e-06,3.1375425787844077e-07,6.849480008387059e-07,8.190154514571502e-07,1.3406745061844427e-07
pccv1_n08_row_r04,8,row,4,18,13,L18H13,1.5,7,7,False,False,-6.88532018661499,-6.383829116821289,0.5014910697937012,-6.875,-6.375,0.5,0.04229017407816991,0.03131978292126786,-0.01097039115690205,0.018366389240877128,0.013602008897114338,-0.004764380343762789,6.994871944179993,6.998345102344075,0.003473158164082335,0.9935976700633591,0.9956825833761423,0.9883837480083179,0.9932145330053299,0.9961102281166312,0.9955077672639447,-0.0006024608526864483,0.0055106364893812,0.0035121362730702486,0.0027553182446906,0.00029312141241387,False,1,0.0001574468034301629,0.00014821794536803005,-9.228858062132835e-06,2.519782877800398e-07,2.22836668168905e-07,-2.914161961113478e-08,1.9624088784008678e-07,1.6303078913476755e-07,-3.321009870531923e-08,3.305235846270047e-08,2.9229809837353445e-08,-3.822548625347023e-09,5.678418371347405e-07,4.163137044742224e-07,-1.5152813266051813e-07,0.005213922055041231,0.002468050370812396,-0.0027458716842288355,0.9935976700633591,0.9956825833761423,0.0020849133127832653,0.0010266821262422629,0.001696264559375443,0.0006695824331331801,2.5448905551674543e-06,3.2745609347827964e-06,7.296703796153421e-07,6.849480008387059e-07,7.777763954075989e-07,9.282839456889302e-08
pccv1_n08_row_r05,8,row,5,18,13,L18H13,1.0,6,6,False,False,-8.514081954956055,-8.514081954956055,0.0,-7.875,-7.875,0.0,0.7005468075726203,0.7005468075726203,0.0,0.3042436128437282,0.3042436128437282,0.0,6.463489788879551,6.463489788879551,0.0,0.5305497376988348,0.5305497376988348,0.0623412375125435,0.0623412375125435,0.9947736519028751,0.9947736519028751,0.0,0.0,0.0,0.0,0.0,False,0,0.001024201935615242,0.001024201935615242,0.0,2.8767724507778845e-06,2.8767724507778845e-06,0.0,1.539825331527447e-06,1.539825331527447e-06,0.0,1.3454843797990867e-07,1.3454843797990867e-07,0.0,5.048892886752817e-06,5.048892886752817e-06,0.0,0.5305497376988348,0.5305497376988348,0.0,0.46820850018629134,0.46820850018629134,0.0,0.0002016773188893754,0.0002016773188893754,0.0,4.742995930561636e-06,4.742995930561636e-06,0.0,1.539825331527447e-06,1.539825331527447e-06,0.0
pccv1_n08_row_r05,8,row,5,18,13,L18H13,0.5,6,6,False,False,-8.514081954956055,-9.0687255859375,-0.5546436309814453,-7.875,-8.75,-0.875,0.7005468075726203,0.5899060446022283,-0.11064076297039205,0.3042436128437282,0.2561929400121213,-0.04805067283160691,6.463489788879551,6.264621858313749,-0.1988679305658021,0.5305497376988348,0.7303370227149008,0.0623412375125435,0.4616610469317281,0.9947736519028751,0.9955340435858773,0.0007603916830021262,0.39957936776884373,0.28236186627653875,0.19978968388442186,0.021634817822579637,False,1,0.001024201935615242,0.0008551367362061783,-0.00016906519940906362,2.8767724507778845e-06,2.897248175616847e-06,2.0475724838962506e-08,1.539825331527447e-06,1.4568278719188492e-06,-8.299745960859771e-08,1.3454843797990867e-07,1.6345155725266446e-07,2.890311927275579e-08,5.048892886752817e-06,7.398382398647228e-06,2.3494895118944108e-06,0.5305497376988348,0.7303370227149008,0.1997872850160659,0.46820850018629134,0.26867597578317265,-0.1995325244031187,0.0002016773188893754,0.0001157301724004957,-8.59471464888797e-05,4.742995930561636e-06,3.0841046290540106e-06,-1.6588913015076252e-06,1.539825331527447e-06,1.134578687450648e-06,-4.0524664407679895e-07
pccv1_n08_row_r05,8,row,5,18,13,L18H13,1.5,6,7,False,False,-8.514081954956055,-8.142558097839355,0.3715238571166992,-7.875,-7.75,0.125,0.7005468075726203,0.6360985726667854,-0.06444823490583496,0.3042436128437282,0.2762541000557195,-0.027989512788008708,6.463489788879551,6.675053132998926,0.21156334411937472,0.5305497376988348,0.6784325110604699,0.0623412375125435,0.3579636845434054,0.9947736519028751,0.9954227880685949,0.0006491361657197103,0.42062969678652035,0.29720058045785835,0.21031484839326017,0.02280208574479616,True,1,0.001024201935615242,0.0007943628012828872,-0.00022983913433235472,2.8767724507778845e-06,1.8497311153168534e-06,-1.0270413354610311e-06,1.539825331527447e-06,1.0539450198779174e-06,-4.858803116495296e-07,1.3454843797990867e-07,7.634752116741566e-08,-5.8200916812493e-08,5.048892886752817e-06,2.528282669384798e-06,-2.5206102173680195e-06,0.5305497376988348,0.3204688265170645,-0.21008091118177036,0.46820850018629134,0.6784325110604699,0.21022401087417852,0.0002016773188893754,0.00029222974342333003,9.055242453395463e-05,4.742995930561636e-06,5.028090478301085e-06,2.8509454773944944e-07,1.539825331527447e-06,1.5334809554019795e-06,-6.344376125467478e-09
pccv1_n09_dense_r00,9,dense,0,18,13,L18H13,1.0,7,7,False,False,-7.766340255737305,-7.766340255737305,0.0,-7.5,-7.5,0.0,0.5419162300230731,0.5419162300230731,0.0,0.23535122835283395,0.23535122835283395,0.0,7.220926641555786,7.220926641555786,0.0,0.7761921175480113,0.7761921175480113,0.5538093525854375,0.5538093525854375,0.9870991289716358,0.9870991289716358,0.0,0.0,0.0,0.0,0.0,False,0,0.00026038344750987127,0.00026038344750987127,0.0,5.7526196518427936e-06,5.7526196518427936e-06,0.0,4.769089197194473e-06,4.769089197194473e-06,0.0,1.8676021637448937e-06,1.8676021637448937e-06,0.0,7.3865098455035335e-06,7.3865098455035335e-06,0.0,0.0007077955937976027,0.0007077955937976027,0.0,0.7761921175480113,0.7761921175480113,0.0,0.22238276496257378,0.22238276496257378,0.0,0.0004292997284477551,0.0004292997284477551,0.0,7.862898801280725e-06,7.862898801280725e-06,0.0
pccv1_n09_dense_r00,9,dense,0,18,13,L18H13,0.5,7,7,False,False,-7.766340255737305,-8.61351490020752,-0.8471746444702148,-7.5,-8.5,-1.0,0.5419162300230731,0.3258647030843723,-0.21605152693870078,0.23535122835283395,0.14152124239658445,-0.0938299859562495,7.220926641555786,7.092890314804646,-0.12803632675113974,0.7761921175480113,0.9034408540382423,0.5538093525854375,0.808218888585103,0.9870991289716358,0.9881009591229031,0.0010018301512673133,0.2548178517623103,0.17989492884454847,0.12740892588115516,0.015532746014471584,False,1,0.00026038344750987127,0.0003030706430501584,4.268719554028711e-05,5.7526196518427936e-06,5.908936841114925e-06,1.5631718927213144e-07,4.769089197194473e-06,5.214618459851925e-06,4.455292626574516e-07,1.8676021637448937e-06,2.042073929850717e-06,1.7447176610582348e-07,7.3865098455035335e-06,8.076559066435521e-06,6.900492209319874e-07,0.0007077955937976027,0.0008238314217426432,0.00011603582794504055,0.7761921175480113,0.9034408540382423,0.12724873649023094,0.22238276496257378,0.0952219654531392,-0.1271607995094346,0.0004292997284477551,0.0001838216370687446,-0.0002454780913790105,7.862898801280725e-06,5.214618459851925e-06,-2.6482803414288005e-06
pccv1_n09_dense_r00,9,dense,0,18,13,L18H13,1.5,7,7,False,False,-7.766340255737305,-6.717055320739746,1.0492849349975586,-7.5,-6.125,1.375,0.5419162300230731,0.7004514636690018,0.1585352336459287,0.23535122835283395,0.30420220551250354,0.06885097715966959,7.220926641555786,7.437743632165421,0.21681699060963489,0.7761921175480113,0.5610445965674475,0.5538093525854375,0.12410262542273898,0.9870991289716358,0.985998769400112,-0.001100359571523768,0.43072591495370327,0.3038499118635868,0.21536295747685164,0.026576957219911226,False,1,0.00026038344750987127,0.00017680645789960238,-8.35769896102689e-05,5.7526196518427936e-06,3.906163444768929e-06,-1.8464562070738648e-06,4.769089197194473e-06,3.906163444768929e-06,-8.629257524255443e-07,1.8676021637448937e-06,1.733349521353257e-06,-1.3425264239163678e-07,7.3865098455035335e-06,6.440174758221818e-06,-9.463350872817152e-07,0.0007077955937976027,0.0005797260568091597,-0.00012806953698844294,0.7761921175480113,0.5610445965674475,-0.21514752098056378,0.22238276496257378,0.43694197114470856,0.21455920618213478,0.0004292997284477551,0.0012272800718957915,0.0007979803434480364,7.862898801280725e-06,1.3633850070144118e-05,5.770951268863393e-06
pccv1_n09_dense_r01,9,dense,1,18,13,L18H13,1.0,7,7,False,False,-12.398733139038086,-12.398733139038086,0.0,-12.375,-12.375,0.0,0.09844717555520634,0.09844717555520634,0.0,0.04275506510258681,0.04275506510258681,0.0,6.981150802993468,6.981150802993468,0.0,0.9810554135353582,0.9810554135353582,0.9630867568512068,0.9630867568512068,0.9954039234883112,0.9954039234883112,0.0,0.0,0.0,0.0,0.0,False,0,0.0002563091219732385,0.0002563091219732385,0.0,3.4345441990869118e-06,3.4345441990869118e-06,0.0,3.0309746174840895e-06,3.0309746174840895e-06,0.0,1.431731031506475e-06,1.431731031506475e-06,0.0,9.336059085417377e-06,9.336059085417377e-06,0.0,0.017968656684151398,0.017968656684151398,0.0,0.9810554135353582,0.9810554135353582,0.0,0.0006967204287281472,0.0006967204287281472,0.0,4.142851105911987e-06,4.142851105911987e-06,0.0,1.5240697496993938e-06,1.5240697496993938e-06,0.0
pccv1_n09_dense_r01,9,dense,1,18,13,L18H13,0.5,7,7,False,False,-12.398733139038086,-12.735905647277832,-0.3371725082397461,-12.375,-12.6875,-0.3125,0.09844717555520634,0.1816525848493535,0.08320540929414717,0.04275506510258681,0.07889071522353647,0.03613565012094966,6.981150802993468,6.956108359318478,-0.02504244367499009,0.9810554135353582,0.9571389190034308,0.9630867568512068,0.9150851698507971,0.9954039234883112,0.9954115826670886,7.659178777430498e-06,0.04840431486374429,0.03394381985849622,0.024202157431872144,0.002583079863724255,False,1,0.0002563091219732385,0.0003638362198170792,0.00010752709784384067,3.4345441990869118e-06,4.580022088006875e-06,1.1454778889199635e-06,3.0309746174840895e-06,4.041855306435099e-06,1.0108806889510098e-06,1.431731031506475e-06,2.1634492451895123e-06,7.317182136830372e-07,9.336059085417377e-06,1.5985847839894476e-05,6.649788754477099e-06,0.017968656684151398,0.04205374915263367,0.024085092468482273,0.9810554135353582,0.9571389190034308,-0.023916494531927346,0.0006967204287281472,0.00041228044965540504,-0.0002844399790727422,4.142851105911987e-06,2.9570845121288364e-06,-1.185766593783151e-06,1.5240697496993938e-06,1.4869154714271731e-06,-3.715427827222071e-08
pccv1_n09_dense_r01,9,dense,1,18,13,L18H13,1.5,7,7,False,False,-12.398733139038086,-12.265569686889648,0.1331634521484375,-12.375,-12.25,0.125,0.09844717555520634,0.06458887846427828,-0.03385829709092805,0.04275506510258681,0.028050593509355834,-0.014704471593230975,6.981150802993468,6.990240561092071,0.009089758098602907,0.9810554135353582,0.9890869956782231,0.9630867568512068,0.9793903279721764,0.9954039234883112,0.995414210799197,1.0287310885814804e-05,0.016714946034935167,0.011534476484173509,0.008357473017467584,0.0006555834350812945,False,1,0.0002563091219732385,0.0001776006641280017,-7.87084578452368e-05,3.4345441990869118e-06,2.3798502606493243e-06,-1.0546939384375875e-06,3.0309746174840895e-06,1.9729651629875058e-06,-1.0580094544965837e-06,1.431731031506475e-06,8.22454242598309e-07,-6.092767889081661e-07,9.336059085417377e-06,5.363075350731675e-06,-3.972983734685702e-06,0.017968656684151398,0.009696667706046694,-0.008271988978104704,0.9810554135353582,0.9890869956782231,0.008031582142864924,0.0006967204287281472,0.0010220212570513935,0.0003253008283232463,4.142851105911987e-06,4.732897385348495e-06,5.900462794365075e-07,1.5240697496993938e-06,1.4434521486089175e-06,-8.061760109047638e-08
pccv1_n09_dense_r02,9,dense,2,18,13,L18H13,1.0,7,7,False,False,-11.72242546081543,-11.72242546081543,0.0,-11.6875,-11.6875,0.0,0.11748340310487568,0.11748340310487568,0.0,0.05102239368366286,0.05102239368366286,0.0,6.973892980205924,6.973892980205924,0.0,0.9773789327867197,0.9773789327867197,0.9570940801850281,0.9570940801850281,0.988027679474726,0.988027679474726,0.0,0.0,0.0,0.0,0.0,False,0,0.001144393074190597,0.001144393074190597,0.0,1.2713058699571815e-05,1.2713058699571815e-05,0.0,8.737548944856008e-06,8.737548944856008e-06,0.0,1.949610695370465e-06,1.949610695370465e-06,0.0,1.1942813410692262e-05,1.1942813410692262e-05,0.0,0.02028485260169165,0.02028485260169165,0.0,0.9773789327867197,0.9773789327867197,0.0,0.001144393074190597,0.001144393074190597,0.0,8.208167615769834e-06,8.208167615769834e-06,0.0,3.877263840981631e-06,3.877263840981631e-06,0.0
pccv1_n09_dense_r02,9,dense,2,18,13,L18H13,0.5,7,7,False,False,-11.72242546081543,-11.87747859954834,-0.15505313873291016,-11.6875,-11.8125,-0.125,0.11748340310487568,0.20827383238989966,0.09079042928502398,0.05102239368366286,0.09045217613177617,0.03942978244811331,6.973892980205924,6.944711590016271,-0.02918139018965249,0.9773789327867197,0.9504219909164157,0.9570940801850281,0.9031032662763387,0.988027679474726,0.9859698383195337,-0.0020578411551923637,0.054675540410258384,0.03818025817177665,0.027337770205129192,0.0029020623668841606,False,1,0.001144393074190597,0.0014289016710115135,0.0002845085968209164,1.2713058699571815e-05,1.689742706921176e-05,4.1843683696399444e-06,8.737548944856008e-06,1.16134204638216e-05,2.8758715189655922e-06,1.949610695370465e-06,3.125709714094369e-06,1.176099018723904e-06,1.1942813410692262e-05,2.3096044426415777e-05,1.1153231015723515e-05,0.02028485260169165,0.04731872464007695,0.0270338720383853,0.9773789327867197,0.9504219909164157,-0.026956941870304063,0.001144393074190597,0.000764835949638795,-0.0003795571245518021,8.208167615769834e-06,7.0438955754419125e-06,-1.1642720403279214e-06,3.877263840981631e-06,3.770325608049633e-06,-1.0693823293199794e-07
pccv1_n09_dense_r02,9,dense,2,18,13,L18H13,1.5,7,7,False,False,-11.72242546081543,-11.647168159484863,0.0752573013305664,-11.6875,-11.625,0.0625,0.11748340310487568,0.06732412466979064,-0.05015927843508504,0.05102239368366286,0.02923849584305666,-0.021783897840606203,6.973892980205924,6.988100693715236,0.014207713509311937,0.9773789327867197,0.9891254702839106,0.9570940801850281,0.9805678581973709,0.988027679474726,0.9888286101140693,0.000800930639343278,0.024179737629086265,0.01660566797924332,0.012089868814543133,0.0012727226909199564,False,1,0.001144393074190597,0.0007959819170924951,-0.00034841115709810196,1.2713058699571815e-05,8.842560361484003e-06,-3.870498338087811e-06,8.737548944856008e-06,5.7091860672418345e-06,-3.028362877614174e-06,1.949610695370465e-06,1.0560932310496715e-06,-8.935174643207934e-07,1.1942813410692262e-05,5.7091860672418345e-06,-6.233627343450427e-06,0.02028485260169165,0.00855761208653975,-0.0117272405151519,0.9773789327867197,0.9891254702839106,0.011746537497190901,0.001144393074190597,0.0014870899987972043,0.0003426969246066072,8.208167615769834e-06,8.842560361484003e-06,6.343927457141695e-07,3.877263840981631e-06,3.6861275714173428e-06,-1.9113626956428818e-07
pccv1_n09_dense_r03,9,dense,3,18,13,L18H13,1.0,7,7,False,False,-11.262808799743652,-11.262808799743652,0.0,-11.25,-11.25,0.0,0.04301294780928192,0.04301294780928192,0.0,0.018680285883963702,0.018680285883963702,0.0,7.002951692452236,7.002951692452236,0.0,0.9935266167660757,0.9935266167660757,0.9883130675645193,0.9883130675645193,0.9937055551085905,0.9937055551085905,0.0,0.0,0.0,0.0,0.0,False,0,0.00020215124028205673,0.00020215124028205673,0.0,5.0607572766681814e-06,5.0607572766681814e-06,0.0,3.94132173000349e-06,3.94132173000349e-06,0.0,1.5434437660129025e-06,1.5434437660129025e-06,0.0,5.0607572766681814e-06,5.0607572766681814e-06,0.0,0.0010266087070379618,0.0010266087070379618,0.0,0.9935266167660757,0.9935266167660757,0.0,0.005213549201556414,0.005213549201556414,0.0,1.2923096431515117e-05,1.2923096431515117e-05,0.0,2.544708567154984e-06,2.544708567154984e-06,0.0
pccv1_n09_dense_r03,9,dense,3,18,13,L18H13,0.5,7,7,False,False,-11.262808799743652,-11.760972023010254,-0.49816322326660156,-11.25,-11.75,-0.5,0.04301294780928192,0.03497647198322755,-0.008036475826054372,0.018680285883963702,0.01519008877875941,-0.003490197105204292,7.002951692452236,6.998222220861192,-0.004729471591044643,0.9935266167660757,0.9952021273648218,0.9883130675645193,0.9927352679253932,0.9937055551085905,0.993856335410328,0.00015078030173754087,0.0055046418621055105,0.0033440974398226764,0.0027523209310527552,0.0003345714871849481,False,1,0.00020215124028205673,0.00037830514754466296,0.00017615390726260623,5.0607572766681814e-06,6.5090996144978645e-06,1.448342337829683e-06,3.94132173000349e-06,5.0692918768607156e-06,1.1279701468572253e-06,1.5434437660129025e-06,2.249484634372811e-06,7.060408683599087e-07,5.0607572766681814e-06,7.851472851501767e-06,2.7907155748335856e-06,0.0010266087070379618,0.0019211920631540358,0.0008945833561160739,0.9935266167660757,0.9952021273648218,0.001675510598746155,0.005213549201556414,0.0024668594394285427,-0.0027466897621278717,1.2923096431515117e-05,7.851472851501767e-06,-5.0716235800133495e-06,2.544708567154984e-06,1.9851632222456475e-06,-5.595453449093365e-07
pccv1_n09_dense_r03,9,dense,3,18,13,L18H13,1.5,7,7,False,False,-11.262808799743652,-10.70532512664795,0.5574836730957031,-11.25,-10.6875,0.5625,0.04301294780928192,0.06260606702028398,0.019593119211002062,0.018680285883963702,0.02718946944057449,0.008509183556610789,7.002951692452236,7.007938281453362,0.004986589001125807,0.9935266167660757,0.9893814465032803,0.9883130675645193,0.9796818921029198,0.9937055551085905,0.9928754292715212,-0.0008301258370693176,0.008992754688586757,0.00611656241483394,0.004496377344293379,0.000361237462551672,False,1,0.00020215124028205673,0.0001776535357786368,-2.4497704503419936e-05,5.0607572766681814e-06,4.734306367112603e-06,-3.264509095555781e-07,3.94132173000349e-06,3.253838008628329e-06,-6.874837213751614e-07,1.5434437660129025e-06,1.1970201082765885e-06,-3.46423657736314e-07,5.0607572766681814e-06,3.6870815060072335e-06,-1.373675770660948e-06,0.0010266087070379618,0.0007026333641026242,-0.0003239753429353377,0.9935266167660757,0.9893814465032803,-0.004145170262795372,0.005213549201556414,0.009699554400360568,0.004486005198804154,1.2923096431515117e-05,2.2586112479184594e-05,9.663016047669477e-06,2.544708567154984e-06,3.253838008628329e-06,7.09129441473345e-07
pccv1_n09_dense_r04,9,dense,4,18,13,L18H13,1.0,7,7,False,False,-12.454475402832031,-12.454475402832031,0.0,-12.4375,-12.4375,0.0,0.07047692805303826,0.07047692805303826,0.0,0.030607740954927003,0.030607740954927003,0.0,6.988944422666622,6.988944422666622,0.0,0.9878056033282341,0.9878056033282341,0.9768320743004044,0.9768320743004044,0.9953047303364428,0.9953047303364428,0.0,0.0,0.0,0.0,0.0,False,0,0.00017737057705440658,0.00017737057705440658,0.0,3.2486554388149116e-06,3.2486554388149116e-06,0.0,3.051829355802772e-06,3.051829355802772e-06,0.0,1.4415821123543872e-06,1.4415821123543872e-06,0.0,9.400296201766361e-06,9.400296201766361e-06,0.0,0.010973529027829705,0.010973529027829705,0.0,0.9878056033282341,0.9878056033282341,0.0,0.0010206971973619687,0.0010206971973619687,0.0,3.918626460244537e-06,3.918626460244537e-06,0.0,1.7388799509460567e-06,1.7388799509460567e-06,0.0
pccv1_n09_dense_r04,9,dense,4,18,13,L18H13,0.5,7,7,False,False,-12.454475402832031,-12.529349327087402,-0.0748739242553711,-12.4375,-12.5,-0.0625,0.07047692805303826,0.1187699727648905,0.04829304471185224,0.030607740954927003,0.051581143787591446,0.020973402832664443,6.988944422666622,6.976030696018381,-0.01291372664824042,0.9878056033282341,0.9759394710320046,0.9768320743004044,0.952987574581426,0.9953047303364428,0.9950181048118338,-0.0002866255246090077,0.02420348084780624,0.016862807360518546,0.01210174042390312,0.0011136100596215019,False,1,0.00017737057705440658,0.00028892173725350004,0.00011155116019909346,3.2486554388149116e-06,4.387044852490665e-06,1.1383894136757536e-06,3.051829355802772e-06,4.66998493650043e-06,1.618155580697658e-06,1.4415821123543872e-06,2.348215894721036e-06,9.066337823666489e-07,9.400296201766361e-06,1.7351098978494367e-05,7.950802776728005e-06,0.010973529027829705,0.022951896450578647,0.011978367422748942,0.9878056033282341,0.9759394710320046,-0.011866132296229459,0.0010206971973619687,0.0007853707082230079,-0.00023532648913896078,3.918626460244537e-06,3.6369879254782003e-06,-2.8163853476633633e-07,1.7388799509460567e-06,1.9467393524977805e-06,2.0785940155172376e-07
pccv1_n09_dense_r04,9,dense,4,18,13,L18H13,1.5,7,7,False,False,-12.454475402832031,-12.26230525970459,0.1921701431274414,-12.4375,-12.25,0.1875,0.07047692805303826,0.05263793900945406,-0.017838989043584205,0.030607740954927003,0.022860366450565817,-0.007747374504361186,6.988944422666622,6.9941425174215714,0.0051980947549497,0.9878056033282341,0.9917016294883685,0.9768320743004044,0.9850195964699692,0.9953047303364428,0.9960354324704781,0.0007307021340352549,0.008734237685079643,0.005815662824907284,0.0043671188425398215,0.0002920903113427553,False,1,0.00017737057705440658,0.0001080050045308431,-6.936557252356348e-05,3.2486554388149116e-06,1.9781806611630212e-06,-1.2704747776518904e-06,3.051829355802772e-06,1.9781806611630212e-06,-1.0736486946397509e-06,1.4415821123543872e-06,9.344263796125176e-07,-5.071557327418696e-07,9.400296201766361e-06,6.093225402718149e-06,-3.307070799048212e-06,0.010973529027829705,0.00668203301839932,-0.004291496009430385,0.9878056033282341,0.9917016294883685,0.0038960261601344026,0.0010206971973619687,0.0014909630975125361,0.00047026590015056746,3.918626460244537e-06,4.74540871506747e-06,8.267822548229337e-07,1.7388799509460567e-06,1.6399693691255008e-06,-9.891058182055593e-08
pccv1_n09_dense_r05,9,dense,5,18,13,L18H13,1.0,7,7,False,False,-8.393366813659668,-8.393366813659668,0.0,-8.125,-8.125,0.0,0.536144871200399,0.536144871200399,0.0,0.23284475906306296,0.23284475906306296,0.0,7.221500851518195,7.221500851518195,0.0,0.7768012760484148,0.7768012760484148,0.5542439842534272,0.5542439842534272,0.9843281981316068,0.9843281981316068,0.0,0.0,0.0,0.0,0.0,False,0,0.00021603487190469158,0.00021603487190469158,0.0,5.4083271934433415e-06,5.4083271934433415e-06,0.0,7.869069633906214e-06,7.869069633906214e-06,0.0,2.554712872462318e-06,2.554712872462318e-06,0.0,3.956816701180276e-06,3.956816701180276e-06,0.0,0.00016824812741010443,0.00016824812741010443,0.0,0.7768012760484148,0.7768012760484148,0.0,0.2225572917949875,0.2225572917949875,0.0,0.00022996792407557374,0.00022996792407557374,0.0,7.392306806280353e-06,7.392306806280353e-06,0.0
pccv1_n09_dense_r05,9,dense,5,18,13,L18H13,0.5,7,7,False,False,-8.393366813659668,-9.065459251403809,-0.6720924377441406,-8.125,-8.9375,-0.8125,0.536144871200399,0.34490314012802503,-0.19124173107237397,0.23284475906306296,0.14978953054870528,-0.08305522851435768,7.221500851518195,7.105134686663014,-0.11636616485518125,0.7768012760484148,0.8927986478530732,0.5542439842534272,0.7861690552754669,0.9843281981316068,0.9855403947567538,0.001212196625147044,0.23208711742811014,0.1639958403007309,0.11604355871405507,0.012455095995483185,False,1,0.00021603487190469158,0.0002482947022265182,3.22598303218266e-05,5.4083271934433415e-06,5.153192142258827e-06,-2.551350511845148e-07,7.869069633906214e-06,7.497850324864569e-06,-3.7121930904164564e-07,2.554712872462318e-06,2.758304987498295e-06,2.035921150359768e-07,3.956816701180276e-06,4.272146337511003e-06,3.153296363307271e-07,0.00016824812741010443,0.00018165628473357324,1.3408157323468805e-05,0.7768012760484148,0.8927986478530732,0.11599737180465841,0.2225572917949875,0.10662959257760628,-0.11592769921738123,0.00022996792407557374,0.00011728611255459714,-0.0001126818115209766,7.392306806280353e-06,4.840976013625701e-06,-2.5513307926546526e-06
pccv1_n09_dense_r05,9,dense,5,18,13,L18H13,1.5,7,7,False,False,-8.393366813659668,-7.6668500900268555,0.7265167236328125,-8.125,-7.125,1.0,0.536144871200399,0.6834943700646492,0.1473494988642502,0.23284475906306296,0.29683783333101627,0.06399307426795331,7.221500851518195,7.406295712904743,0.184794861386548,0.7768012760484148,0.5921341277082126,0.5542439842534272,0.1851666901281137,0.9843281981316068,0.9823297193761391,-0.0019984787554676586,0.3693667845002918,0.2609772386215311,0.1846833922501459,0.01997462357871068,False,1,0.00021603487190469158,0.00023960421437034963,2.356934246565805e-05,5.4083271934433415e-06,4.6715384747609495e-06,-7.36788718682392e-07,7.869069633906214e-06,6.797048373835789e-06,-1.0720212600704254e-06,2.554712872462318e-06,2.206678525319847e-06,-3.48034347142471e-07,3.956816701180276e-06,3.4177705593606676e-06,-5.390461418196084e-07,0.00016824812741010443,0.000154700107934129,-1.3548019475975438e-05,0.7768012760484148,0.5921341277082126,-0.18466714834020215,0.2225572917949875,0.4069674375800989,0.1844101457851114,0.00022996792407557374,0.0004765098789881421,0.00024654195491256837,7.392306806280353e-06,1.0527474462678733e-05,3.1351676563983796e-06
pccv1_n09_distractors_r00,9,distractors,0,18,13,L18H13,1.0,8,8,False,False,-3.7942962646484375,-3.7942962646484375,0.0,-3.625,-3.625,0.0,0.45363659534192896,0.45363659534192896,0.0,0.1970118701463781,0.1970118701463781,0.0,7.910654132132792,7.910654132132792,0.0,0.8712363581807515,0.8712363581807515,0.7671820138613374,0.7671820138613374,0.9690352332100076,0.9690352332100076,0.0,0.0,0.0,0.0,0.0,False,0,0.0011559393508334438,0.0011559393508334438,0.0,3.916383232679229e-06,3.916383232679229e-06,0.0,1.737884524748052e-06,1.737884524748052e-06,0.0,3.214763122651348e-07,3.214763122651348e-07,0.0,2.375406505804429e-06,2.375406505804429e-06,0.0,0.0002579249324733383,0.0002579249324733383,0.0,0.10405434431941406,0.10405434431941406,0.0,0.8712363581807515,0.8712363581807515,0.0,0.02321766251213072,0.02321766251213072,0.0,6.941955382142032e-05,6.941955382142032e-05,0.0
pccv1_n09_distractors_r00,9,distractors,0,18,13,L18H13,0.5,8,8,False,False,-3.7942962646484375,-4.804141044616699,-1.0098447799682617,-3.625,-4.375,-0.75,0.45363659534192896,0.6939947209956467,0.24035812565371778,0.1970118701463781,0.30139807779839617,0.10438620765201806,7.910654132132792,7.676458268823909,-0.23419586330888276,0.8712363581807515,0.6711462314362007,0.7671820138613374,0.35411919970755934,0.9690352332100076,0.9700839085085136,0.001048675298505941,0.42978394151588184,0.29259833863923757,0.21489197075794092,0.036825357729197816,False,1,0.0011559393508334438,0.001663605182033906,0.0005076658312004622,3.916383232679229e-06,5.294890626351484e-06,1.378507393672255e-06,1.737884524748052e-06,2.501129232310363e-06,7.632447075623109e-07,3.214763122651348e-07,4.925015470364135e-07,1.7102523477127865e-07,2.375406505804429e-06,5.9998971224082244e-06,3.6244906166037956e-06,0.0002579249324733383,0.001663605182033906,0.0014056802495605678,0.10405434431941406,0.31702703172864133,0.21297268740922726,0.8712363581807515,0.6711462314362007,-0.20009012674455084,0.02321766251213072,0.008448484226792423,-0.014769178285338297,6.941955382142032e-05,3.675382576963903e-05,-3.266572805178129e-05
pccv1_n09_distractors_r00,9,distractors,0,18,13,L18H13,1.5,8,8,False,False,-3.7942962646484375,-2.636483907699585,1.1578123569488525,-3.625,-2.5,1.125,0.45363659534192896,0.36632259105782455,-0.08731400428410441,0.1970118701463781,0.15909187989291468,-0.03791999025346343,7.910654132132792,8.049235778020723,0.13858164588793098,0.8712363581807515,0.9056845200797177,0.7671820138613374,0.8313414074952876,0.9690352332100076,0.9632716867414928,-0.005763546468514846,0.17137694113916593,0.10521134601945152,0.08568847056958297,0.02356296728122348,False,1,0.0011559393508334438,0.0009358416759580907,-0.00022009767487535313,3.916383232679229e-06,2.798115941195963e-06,-1.1182672914832666e-06,1.737884524748052e-06,1.49772353584631e-06,-2.4016098890174194e-07,3.214763122651348e-07,2.296833431825799e-07,-9.179296908255493e-08,2.375406505804429e-06,1.2416564222006975e-06,-1.1337500836037313e-06,0.0002579249324733383,4.959779179872127e-05,-0.00020832714067461704,0.10405434431941406,0.01879688253671406,-0.0852574617827,0.8712363581807515,0.9056845200797177,0.034448161898966156,0.02321766251213072,0.07434311258443008,0.05112545007229936,6.941955382142032e-05,0.00018427815213880816,0.00011485859831738784
pccv1_n09_distractors_r01,9,distractors,1,18,13,L18H13,1.0,9,9,True,True,-0.5112350583076477,-0.5112350583076477,0.0,0.625,0.625,0.0,0.7164665040315712,0.7164665040315712,0.0,0.3111574491694253,0.3111574491694253,0.0,8.638674180290565,8.638674180290565,0.0,0.6434372504733454,0.6434372504733454,0.2990301086226512,0.2990301086226512,0.9321101599426811,0.9321101599426811,0.0,0.0,0.0,0.0,0.0,False,0,0.0023205970678964877,0.0023205970678964877,0.0,1.2177375810873192e-05,1.2177375810873192e-05,0.0,5.076285474904813e-06,5.076285474904813e-06,0.0,1.2834859676644386e-06,1.2834859676644386e-06,0.0,3.713889790435187e-06,3.713889790435187e-06,0.0,3.5236405256997976e-05,3.5236405256997976e-05,0.0,0.002629580977678318,0.002629580977678318,0.0,0.3444071418506942,0.3444071418506942,0.0,0.6434372504733454,0.6434372504733454,0.0,0.007147942188084542,0.007147942188084542,0.0
pccv1_n09_distractors_r01,9,distractors,1,18,13,L18H13,0.5,9,8,True,False,-0.5112350583076477,-1.1964435577392578,-0.6852084994316101,0.625,-0.75,-1.375,0.7164665040315712,0.7076883724980297,-0.008778131533541456,0.3111574491694253,0.30734515508298726,-0.0038122940864380173,8.638674180290565,8.301374722729907,-0.3372994575606576,0.6434372504733454,0.6690256548945467,0.2990301086226512,0.3530003125967099,0.9321101599426811,0.9564654568763444,0.02435529693366334,0.6657234154188576,0.46115427124223907,0.3328617077094288,0.05688916769370644,True,1,0.0023205970678964877,0.0012915233427336296,-0.001029073725162858,1.2177375810873192e-05,7.21439031693838e-06,-4.962985493934811e-06,5.076285474904813e-06,3.4078366841403393e-06,-1.6684487907644736e-06,1.2834859676644386e-06,9.763615569223318e-07,-3.0712441074210676e-07,3.713889790435187e-06,4.375748918357071e-06,6.61859127921884e-07,3.5236405256997976e-05,9.355763715168841e-05,5.8321231894690434e-05,0.002629580977678318,0.010813792552232136,0.008184211574553818,0.3444071418506942,0.6690256548945467,0.3246185130438525,0.6434372504733454,0.3160253422978368,-0.32741190817550864,0.007147942188084542,0.0027341549380227505,-0.004413787250061791
pccv1_n09_distractors_r01,9,distractors,1,18,13,L18H13,1.5,9,9,True,True,-0.5112350583076477,-0.2292056679725647,0.282029390335083,0.625,2.0,1.375,0.7164665040315712,0.48061220488715717,-0.23585429914441403,0.3111574491694253,0.20872722851784742,-0.10243022065157786,8.638674180290565,8.880374246226875,0.24170006593631044,0.6434372504733454,0.8599294992949551,0.2990301086226512,0.7435506969443538,0.9321101599426811,0.9246862663698039,-0.007423893572877205,0.4599707557162107,0.31470735330321203,0.22998537785810536,0.03925274824056003,False,1,0.0023205970678964877,0.0027369670967081565,0.00041637002881166887,1.2177375810873192e-05,1.2674672201209901e-05,4.972963903367093e-07,5.076285474904813e-06,5.6243516954463335e-06,5.480662205415206e-07,1.2834859676644386e-06,1.3359006215833417e-06,5.241465391890308e-08,3.713889790435187e-06,3.204658996311568e-06,-5.092307941236192e-07,3.5236405256997976e-05,1.6274601254539077e-05,-1.89618040024589e-05,0.002629580977678318,0.0006920136544625807,-0.0019375673232157372,0.3444071418506942,0.11637880235060129,-0.22802833950009294,0.6434372504733454,0.8599294992949551,0.21649224882160967,0.007147942188084542,0.020223603418503915,0.013075661230419373
pccv1_n09_distractors_r02,9,distractors,2,18,13,L18H13,1.0,9,9,True,True,-0.13634775578975677,-0.13634775578975677,0.0,2.5,2.5,0.0,0.3979104870372578,0.3979104870372578,0.0,0.17281032881171646,0.17281032881171646,0.0,8.943104263956949,8.943104263956949,0.0,0.8976537657711902,0.8976537657711902,0.8239698576431245,0.8239698576431245,0.9720219436898105,0.9720219436898105,0.0,0.0,0.0,0.0,0.0,False,0,0.0011909894502629018,0.0011909894502629018,0.0,5.8710865060198066e-06,5.8710865060198066e-06,0.0,3.1425661501707284e-06,3.1425661501707284e-06,0.0,1.3945052758901157e-06,1.3945052758901157e-06,0.0,2.605278844299615e-06,2.605278844299615e-06,0.0,1.0304077713806829e-05,1.0304077713806829e-05,0.0,0.0003412241905102022,0.0003412241905102022,0.0,0.07368390812806572,0.07368390812806572,0.0,0.8976537657711902,0.8976537657711902,0.0,0.02710679494548071,0.02710679494548071,0.0
pccv1_n09_distractors_r02,9,distractors,2,18,13,L18H13,0.5,9,9,True,True,-0.13634775578975677,-0.3819044828414917,-0.24555672705173492,2.5,0.875,-1.625,0.3979104870372578,0.6711751427871695,0.2732646557499117,0.17281032881171646,0.2914876609030948,0.11867733209137835,8.943104263956949,8.706511580257311,-0.23659268369963726,0.8976537657711902,0.6975210229875796,0.8239698576431245,0.4067510005767579,0.9720219436898105,0.9785515209807727,0.006529577290962152,0.4374491521627374,0.295834476869683,0.2187245760813687,0.04364869855997101,False,1,0.0011909894502629018,0.0009254572435298488,-0.00026553220673305295,5.8710865060198066e-06,7.065953249876825e-06,1.1948667438570181e-06,3.1425661501707284e-06,3.337719978473485e-06,1.9515382830275675e-07,1.3945052758901157e-06,1.6783110036009577e-06,2.8380572771084197e-07,2.605278844299615e-06,3.7821322303774705e-06,1.1768533860778557e-06,1.0304077713806829e-05,2.7946387223832836e-05,1.7642309510026005e-05,0.0003412241905102022,0.0019591929999270103,0.0016179688094168081,0.07368390812806572,0.29077002241082167,0.21708611428275595,0.8976537657711902,0.6975210229875796,-0.2001327427836106,0.02710679494548071,0.008780493854455727,-0.018326301091024982
pccv1_n09_distractors_r02,9,distractors,2,18,13,L18H13,1.5,9,9,True,True,-0.13634775578975677,-0.2316056489944458,-0.09525789320468903,2.5,1.75,-0.75,0.3979104870372578,0.515246389612515,0.11733590257525722,0.17281032881171646,0.22376866382928823,0.05095833501757177,8.943104263956949,9.110800822325949,0.16769655836900021,0.8976537657711902,0.8352671880785996,0.8239698576431245,0.6901195149714168,0.9720219436898105,0.949706750587211,-0.02231519310259955,0.23785405591274247,0.1449196204364226,0.11892702795637124,0.03223782559432084,False,1,0.0011909894502629018,0.002070420360547817,0.0008794309102849154,5.8710865060198066e-06,9.587948433949546e-06,3.7168619279297394e-06,3.1425661501707284e-06,4.821123240546862e-06,1.6785570903761338e-06,1.3945052758901157e-06,2.00974317117336e-06,6.152378952832444e-07,2.605278844299615e-06,3.3135063149578472e-06,7.082274706582324e-07,1.0304077713806829e-05,9.587948433949546e-06,-7.161292798572827e-07,0.0003412241905102022,0.0001499807478768512,-0.00019124344263335096,0.07368390812806572,0.017335417436198364,-0.056348490691867356,0.8976537657711902,0.8352671880785996,-0.062386577692590595,0.02710679494548071,0.14514767310718285,0.11804087816170214
pccv1_n09_distractors_r03,9,distractors,3,18,13,L18H13,1.0,9,9,True,True,-0.5376891493797302,-0.5376891493797302,0.0,0.5,0.5,0.0,0.787742272537641,0.787742272537641,0.0,0.34211212212502495,0.34211212212502495,0.0,8.631656471237319,8.631656471237319,0.0,0.6056702068934018,0.6056702068934018,0.23831265673805963,0.23831265673805963,0.9643803283167927,0.9643803283167927,0.0,0.0,0.0,0.0,0.0,False,0,0.0015013063436789833,0.0015013063436789833,0.0,1.2988844892022039e-05,1.2988844892022039e-05,0.0,6.531201373075237e-06,6.531201373075237e-06,0.0,3.085121077856932e-06,3.085121077856932e-06,0.0,8.92709383816563e-06,8.92709383816563e-06,0.0,9.01604538787604e-05,9.01604538787604e-05,0.0,0.004624349095187529,0.004624349095187529,0.0,0.36735755015534216,0.36735755015534216,0.0,0.6056702068934018,0.6056702068934018,0.0,0.020724894797329665,0.020724894797329665,0.0
pccv1_n09_distractors_r03,9,distractors,3,18,13,L18H13,0.5,9,8,True,False,-0.5376891493797302,-0.8794412016868591,-0.3417520523071289,0.5,-0.25,-0.75,0.787742272537641,0.7996311070716348,0.011888834533993808,0.34211212212502495,0.3472753773593993,0.005163255234374331,8.631656471237319,8.424653313162533,-0.20700315807478553,0.6056702068934018,0.5492133210499129,0.23831265673805963,0.12148555654299387,0.9643803283167927,0.9702778120199582,0.0058974837031655625,0.38046747799332825,0.25484183160734436,0.19023373899666413,0.01904430465033214,True,1,0.0015013063436789833,0.0010602311272921612,-0.00044107521638682206,1.2988844892022039e-05,1.1064504680276785e-05,-1.924340211745254e-06,6.531201373075237e-06,5.922402581020004e-06,-6.087987920552332e-07,3.085121077856932e-06,3.3744832718072872e-06,2.893621939503554e-07,8.92709383816563e-06,1.1778103922825357e-05,2.8510100846597278e-06,9.01604538787604e-05,0.00017307797369444684,8.291751981568645e-05,0.004624349095187529,0.012916259305186589,0.00829191020999906,0.36735755015534216,0.5492133210499129,0.18185577089457078,0.6056702068934018,0.4277277645069191,-0.1779424423864827,0.020724894797329665,0.008877206542538875,-0.01184768825479079
pccv1_n09_distractors_r03,9,distractors,3,18,13,L18H13,1.5,9,9,True,True,-0.5376891493797302,-0.3113185167312622,0.22637063264846802,0.5,1.5,1.0,0.787742272537641,0.6918212717544902,-0.0959210007831508,0.34211212212502495,0.3004541607862651,-0.041657961338759875,8.631656471237319,8.860894212100037,0.2292377408627182,0.6056702068934018,0.7686087221541487,0.23831265673805963,0.5971089348884134,0.9643803283167927,0.952995339070867,-0.01138498924592568,0.3976770286803099,0.25717792750234314,0.19883851434015495,0.027618973757662754,False,1,0.0015013063436789833,0.002446313080902059,0.0009450067372230755,1.2988844892022039e-05,1.4546309301024543e-05,1.5574644090025045e-06,6.531201373075237e-06,6.871189979629524e-06,3.39988606554287e-07,3.085121077856932e-06,3.2457203239062006e-06,1.6059924604926874e-07,8.92709383816563e-06,7.314343659487547e-06,-1.6127501786780824e-06,9.01604538787604e-05,5.404609562681119e-05,-3.611435825194921e-05,0.004624349095187529,0.001681324753070097,-0.0029430243421174314,0.36735755015534216,0.1714997872657352,-0.19585776288960696,0.6056702068934018,0.7686087221541487,0.16293851526074687,0.020724894797329665,0.055677829087253015,0.034952934289923354
pccv1_n09_distractors_r04,9,distractors,4,18,13,L18H13,1.0,9,9,True,True,-0.04387868940830231,-0.04387868940830231,0.0,4.125,4.125,0.0,0.14859036103706866,0.14859036103706866,0.0,0.06453197386241086,0.06453197386241086,0.0,8.995268515929675,8.995268515929675,0.0,0.9718689067367423,0.9718689067367423,0.9561601089222963,0.9561601089222963,0.984772788015789,0.984772788015789,0.0,0.0,0.0,0.0,0.0,False,0,0.00014467302625215844,0.00014467302625215844,0.0,7.591743671234528e-07,7.591743671234528e-07,0.0,8.602572597139274e-07,8.602572597139274e-07,0.0,5.217724032568707e-07,5.217724032568707e-07,0.0,8.081369071553882e-07,8.081369071553882e-07,0.0,1.7108258458732724e-06,1.7108258458732724e-06,0.0,3.893821677536981e-05,3.893821677536981e-05,0.0,0.015708797814446018,0.015708797814446018,0.0,0.9718689067367423,0.9718689067367423,0.0,0.012234024039000934,0.012234024039000934,0.0
pccv1_n09_distractors_r04,9,distractors,4,18,13,L18H13,0.5,9,9,True,True,-0.04387868940830231,-0.07368475198745728,-0.029806062579154968,4.125,2.875,-1.25,0.14859036103706866,0.2405882878703387,0.09199792683327004,0.06453197386241086,0.10448616583263914,0.03995419197022829,8.995268515929675,8.950819471745316,-0.044449044184359465,0.9718689067367423,0.9417298768218829,0.9561601089222963,0.8886011127162246,0.984772788015789,0.9864447571141,0.0016719690983109103,0.07495926687676875,0.04859833300122528,0.037479633438384376,0.0062978481956673035,False,1,0.00014467302625215844,9.634868604642371e-05,-4.8324340205734725e-05,7.591743671234528e-07,8.873407214482502e-07,1.2816635432479746e-07,8.602572597139274e-07,1.0703372197539158e-06,2.1007996003998837e-07,5.217724032568707e-07,6.491923400123285e-07,1.2741993675545782e-07,8.081369071553882e-07,1.2128509648239973e-06,4.0471405766860914e-07,1.7108258458732724e-06,3.0971234379760096e-06,1.3862975921027372e-06,3.893821677536981e-05,9.634868604642371e-05,5.74104692710539e-05,0.015708797814446018,0.05312876410565841,0.037419966291212386,0.9718689067367423,0.9417298768218829,-0.030139029914859394,0.012234024039000934,0.004941744855681649,-0.007292279183319285
pccv1_n09_distractors_r04,9,distractors,4,18,13,L18H13,1.5,9,9,True,True,-0.04387868940830231,-0.05771707743406296,-0.01383838802576065,4.125,3.375,-0.75,0.14859036103706866,0.1820820680279953,0.03349170699092663,0.06453197386241086,0.07907723739809086,0.014545263535680003,8.995268515929675,9.02533334025157,0.0300648243218955,0.9718689067367423,0.961146852188097,0.9561601089222963,0.9282582154850394,0.984772788015789,0.9820736255436486,-0.002699162472140415,0.04146316315125166,0.025326939692223868,0.02073158157562583,0.0036857782404490663,False,1,0.00014467302625215844,0.00022160189097737972,7.692886472522128e-05,7.591743671234528e-07,7.992212108703946e-07,4.0046843746941844e-08,8.602572597139274e-07,8.507665504211571e-07,-9.490709292770313e-09,5.217724032568707e-07,5.160159970883859e-07,-5.756406168484759e-09,8.081369071553882e-07,7.05310243073033e-07,-1.0282666408235516e-07,1.7108258458732724e-06,1.4931417963027005e-06,-2.1768404957057187e-07,3.893821677536981e-05,2.3356667470458625e-05,-1.5581549304911184e-05,0.015708797814446018,0.005715188094599381,-0.009993609719846638,0.9718689067367423,0.961146852188097,-0.010722054548645277,0.012234024039000934,0.03288863670305769,0.020654612664056753
pccv1_n09_distractors_r05,9,distractors,5,18,13,L18H13,1.0,8,8,False,False,-0.7698060274124146,-0.7698060274124146,0.0,0.0,0.0,0.0,0.7461253034480212,0.7461253034480212,0.0,0.32403810209586487,0.32403810209586487,0.0,8.487651681328636,8.487651681328636,0.0,0.49567406078253284,0.49567406078253284,0.0,0.0,0.9342891704018257,0.9342891704018257,0.0,0.0,0.0,0.0,0.0,False,0,0.002025706594393557,0.002025706594393557,0.0,6.447380047998811e-06,6.447380047998811e-06,0.0,2.6876678684437026e-06,2.6876678684437026e-06,0.0,1.0525058599209927e-06,1.0525058599209927e-06,0.0,3.2419462833136035e-06,3.2419462833136035e-06,0.0,2.889515269343198e-05,2.889515269343198e-05,0.0,0.0022954262938043282,0.0022954262938043282,0.0,0.49567406078253284,0.49567406078253284,0.0,0.49567406078253284,0.49567406078253284,0.0,0.004288420893983565,0.004288420893983565,0.0
pccv1_n09_distractors_r05,9,distractors,5,18,13,L18H13,0.5,8,8,False,False,-0.7698060274124146,-1.7664496898651123,-0.9966436624526978,0.0,-1.5,-1.5,0.7461253034480212,0.5465256919859979,-0.19959961146202332,0.32403810209586487,0.23735309224787512,-0.08668500984798974,8.487651681328636,8.163943301998394,-0.32370837933024177,0.49567406078253284,0.8070699149840767,0.0,0.6269882756027,0.9342891704018257,0.9492294937040242,0.014940323302198522,0.6386401496466619,0.44343765064922724,0.31932007482333097,0.05890233867205285,False,1,0.002025706594393557,0.0012133805416601382,-0.0008123260527334187,6.447380047998811e-06,5.278624641213131e-06,-1.1687554067856798e-06,2.6876678684437026e-06,2.2004581290608474e-06,-4.872097393828551e-07,1.0525058599209927e-06,8.617117846069297e-07,-1.9079407531406302e-07,3.2419462833136035e-06,4.376133531510254e-06,1.1341872481966501e-06,2.889515269343198e-05,8.789699162794885e-05,5.900183893451687e-05,0.0022954262938043282,0.010159510889408672,0.007864084595604344,0.49567406078253284,0.8070699149840767,0.3113958542015438,0.49567406078253284,0.18008163938137667,-0.3155924214011562,0.004288420893983565,0.0013749402837635735,-0.002913480610219992
pccv1_n09_distractors_r05,9,distractors,5,18,13,L18H13,1.5,8,9,False,True,-0.7698060274124146,-0.3346354067325592,0.43517062067985535,0.0,1.375,1.375,0.7461253034480212,0.6015808510157823,-0.1445444524322389,0.32403810209586487,0.2612632440148165,-0.06277485808104838,8.487651681328636,8.794273496162251,0.3066218148336155,0.49567406078253284,0.7823776133871051,0.0,0.5845615738516272,0.9342891704018257,0.914646494160138,-0.019642676241687695,0.5989023687779355,0.413599142024508,0.29945118438896773,0.05136957506966325,True,1,0.002025706594393557,0.0028216942588859006,0.0007959876644923437,6.447380047998811e-06,7.925558453084685e-06,1.4781784050858747e-06,2.6876678684437026e-06,3.303864303832957e-06,6.161964353892544e-07,1.0525058599209927e-06,1.2938118511576113e-06,2.413059912366186e-07,3.2419462833136035e-06,3.10369328478383e-06,-1.3825299852977335e-07,2.889515269343198e-05,1.7860521682118045e-05,-1.1034631011313933e-05,0.0022954262938043282,0.0007134360359012848,-0.0015819902579030435,0.49567406078253284,0.19781603953547786,-0.29785802124705496,0.49567406078253284,0.7823776133871051,0.28670355260457225,0.004288420893983565,0.01623772933305481,0.011949308439071243
pccv1_n09_grid_r00,9,grid,0,18,13,L18H13,1.0,8,8,False,False,-5.775979518890381,-5.775979518890381,0.0,-5.625,-5.625,0.0,0.38813030634868867,0.38813030634868867,0.0,0.16856285030665413,0.16856285030665413,0.0,7.883142961720802,7.883142961720802,0.0,0.8777822885535227,0.8777822885535227,0.7589873739120496,0.7589873739120496,0.9795881496219181,0.9795881496219181,0.0,0.0,0.0,0.0,0.0,False,0,0.00014806537200020363,0.00014806537200020363,0.0,8.353276682442175e-06,8.353276682442175e-06,0.0,3.4821637887762356e-06,3.4821637887762356e-06,0.0,1.1304930657721042e-06,1.1304930657721042e-06,0.0,2.7119118854818225e-06,2.7119118854818225e-06,0.0,7.445194464571677e-05,7.445194464571677e-05,0.0,0.1187949146414731,0.1187949146414731,0.0,0.8777822885535227,0.8777822885535227,0.0,0.0031657772433446576,0.0031657772433446576,0.0,1.8824399591100383e-05,1.8824399591100383e-05,0.0
pccv1_n09_grid_r00,9,grid,0,18,13,L18H13,0.5,8,8,False,False,-5.775979518890381,-6.080631256103516,-0.30465173721313477,-5.625,-5.875,-0.25,0.38813030634868867,0.46593489498660434,0.07780458863791567,0.16856285030665413,0.20235295381885335,0.033790103512199215,7.883142961720802,7.836613164057862,-0.04652979766293974,0.8777822885535227,0.8332329517178579,0.7589873739120496,0.6691596553597592,0.9795881496219181,0.977077705728334,-0.0025104438935841245,0.09075137916051126,0.06352527801932288,0.04537568958025563,0.0021454781866708764,False,1,0.00014806537200020363,0.00019211007902172864,4.404470702152501e-05,8.353276682442175e-06,9.564597638410548e-06,1.2113209559683734e-06,3.4821637887762356e-06,4.2442644740525294e-06,7.621006852762938e-07,1.1304930657721042e-06,1.5613776428982503e-06,4.308845771261461e-07,2.7119118854818225e-06,3.987117488960113e-06,1.2752056034782905e-06,7.445194464571677e-05,0.00012403558943232498,4.958364478660821e-05,0.1187949146414731,0.16407329635809875,0.045278381716625654,0.8777822885535227,0.8332329517178579,-0.044549336835664755,0.0031657772433446576,0.0023403798774724763,-0.0008253973658721814,1.8824399591100383e-05,1.7869020872426286e-05,-9.55378718674097e-07
pccv1_n09_grid_r00,9,grid,0,18,13,L18H13,1.5,8,8,False,False,-5.775979518890381,-5.476898193359375,0.29908132553100586,-5.625,-5.375,0.25,0.38813030634868867,0.29720704707301315,-0.09092325927567552,0.16856285030665413,0.1290753805265696,-0.03948746978008452,7.883142961720802,7.927688055262604,0.04454509354180214,0.8777822885535227,0.9199967923734588,0.7589873739120496,0.8444788569374921,0.9795881496219181,0.9816570027389844,0.0020688531170662827,0.08662266944244833,0.060466189699339645,0.043311334721224164,0.0027190289180432908,False,1,0.00014806537200020363,0.0001286538497468535,-1.9411522253350125e-05,8.353276682442175e-06,7.726264220000134e-06,-6.270124624420409e-07,3.4821637887762356e-06,3.4285089646007524e-06,-5.365482417548324e-08,1.1304930657721042e-06,1.0456361565746247e-06,-8.485690919747948e-08,2.7119118854818225e-06,2.2136117608392938e-06,-4.983001246425287e-07,7.445194464571677e-05,6.077177550178165e-05,-1.3680169143935123e-05,0.1187949146414731,0.07551793543596667,-0.043276979205506425,0.8777822885535227,0.9199967923734588,0.04221450381993608,0.0031657772433446576,0.0042604303805927465,0.0010946531372480889,1.8824399591100383e-05,2.1002163631099667e-05,2.177764039999284e-06
pccv1_n09_grid_r01,9,grid,1,18,13,L18H13,1.0,8,8,False,False,-5.088860988616943,-5.088860988616943,0.0,-5.0,-5.0,0.0,0.2485497546054733,0.2485497546054733,0.0,0.10794378690356439,0.10794378690356439,0.0,7.951595457771939,7.951595457771939,0.0,0.940301266434051,0.940301266434051,0.8872530990113291,0.8872530990113291,0.973063500152648,0.973063500152648,0.0,0.0,0.0,0.0,0.0,False,0,0.00023077785914191152,0.00023077785914191152,0.0,6.968887497890112e-06,6.968887497890112e-06,0.0,3.291869363818308e-06,3.291869363818308e-06,0.0,7.818875076493691e-07,7.818875076493691e-07,0.0,2.1253906039424126e-06,2.1253906039424126e-06,0.0,3.767344987864877e-05,3.767344987864877e-05,0.0,0.053048167422721934,0.053048167422721934,0.0,0.940301266434051,0.940301266434051,0.0,0.006335700096405578,0.006335700096405578,0.0,3.324670282758354e-05,3.324670282758354e-05,0.0
pccv1_n09_grid_r01,9,grid,1,18,13,L18H13,0.5,8,8,False,False,-5.088860988616943,-5.510026931762695,-0.42116594314575195,-5.0,-5.375,-0.375,0.2485497546054733,0.3439642662806709,0.0954145116751976,0.10794378690356439,0.1493817828175961,0.0414379959140317,7.951595457771939,7.90723946995682,-0.04435598781511896,0.940301266434051,0.900542074759485,0.8872530990113291,0.8056256383945029,0.973063500152648,0.9701850467719169,-0.0028784533807311163,0.08386280852394724,0.057779200864863614,0.04193140426197362,0.0033322377095498148,False,1,0.00023077785914191152,0.00026660073542701223,3.582287628510071e-05,6.968887497890112e-06,7.1046689483384044e-06,1.3578145044829206e-07,3.291869363818308e-06,3.8028552504421263e-06,5.109858866238183e-07,7.818875076493691e-07,9.61512384425745e-07,1.7962487677637597e-07,2.1253906039424126e-06,2.9616666469515317e-06,8.362760430091191e-07,3.767344987864877e-05,6.332322505007546e-05,2.5649775171426693e-05,0.053048167422721934,0.09491643636498218,0.04186826894226024,0.940301266434051,0.900542074759485,-0.039759191674565986,0.006335700096405578,0.004170337164338596,-0.0021653629320669814,3.324670282758354e-05,2.6397047486931174e-05,-6.849655340652365e-06
pccv1_n09_grid_r01,9,grid,1,18,13,L18H13,1.5,8,8,False,False,-5.088860988616943,-4.821457862854004,0.26740312576293945,-5.0,-4.75,0.25,0.2485497546054733,0.20866113354074478,-0.03988862106472851,0.10794378690356439,0.090620378884423,-0.017323408019141395,7.951595457771939,7.969759032114814,0.018163574342874966,0.940301266434051,0.9544522800912532,0.8872530990113291,0.917444149017534,0.973063500152648,0.9754656953516019,0.0024021951989539048,0.03215124123220601,0.021476229877180616,0.016075620616103004,0.0008087001719545773,False,1,0.00023077785914191152,0.00020672572738880167,-2.4052131753109853e-05,6.968887497890112e-06,6.242576053217333e-06,-7.263114446727794e-07,3.291869363818308e-06,2.9487841304818807e-06,-3.4308523333642735e-07,7.818875076493691e-07,6.579626752775704e-07,-1.2392483237179873e-07,2.1253906039424126e-06,1.4827417774258732e-06,-6.426488265165394e-07,3.767344987864877e-05,2.7977284868458256e-05,-9.696165010190512e-06,0.053048167422721934,0.0370081310737192,-0.016040036349002737,0.940301266434051,0.9544522800912532,0.014151013657202172,0.006335700096405578,0.008257630213273047,0.0019219301168674693,3.324670282758354e-05,3.592354486101376e-05,2.676842033430218e-06
pccv1_n09_grid_r02,9,grid,2,18,13,L18H13,1.0,8,8,False,False,-6.537472248077393,-6.537472248077393,0.0,-6.125,-6.125,0.0,0.6408342682359894,0.6408342682359894,0.0,0.2783107865093985,0.2783107865093985,0.0,7.679754797763186,7.679754797763186,0.0,0.6779452344276905,0.6779452344276905,0.35770658109388326,0.35770658109388326,0.976497214649271,0.976497214649271,0.0,0.0,0.0,0.0,0.0,False,0,0.00016638789651960643,0.00016638789651960643,0.0,7.782065477379755e-06,7.782065477379755e-06,0.0,3.24404753217092e-06,3.24404753217092e-06,0.0,1.0531880355470546e-06,1.0531880355470546e-06,0.0,3.047500628109182e-06,3.047500628109182e-06,0.0,0.000137940411127541,0.000137940411127541,0.0,0.32023865333380724,0.32023865333380724,0.0,0.6779452344276905,0.6779452344276905,0.0,0.0014829991789249868,0.0014829991789249868,0.0,1.3657950256845308e-05,1.3657950256845308e-05,0.0
pccv1_n09_grid_r02,9,grid,2,18,13,L18H13,0.5,8,8,False,False,-6.537472248077393,-6.726431846618652,-0.18895959854125977,-6.125,-6.125,0.0,0.6408342682359894,0.6975495168959998,0.05671524866001032,0.2783107865093985,0.3029419060422118,0.024631119532813273,7.679754797763186,7.562517048683872,-0.11723774907931439,0.6779452344276905,0.5612699302815332,0.35770658109388326,0.12415246906384231,0.976497214649271,0.9764042315231336,-9.298312613736925e-05,0.23386251462805765,0.16514796398203452,0.11693125731402883,0.007285838226981455,False,1,0.00016638789651960643,0.00016616100499922652,-2.2689152037990703e-07,7.782065477379755e-06,7.300605047449683e-06,-4.814604299300717e-07,3.24404753217092e-06,3.670974756151741e-06,4.269272239808208e-07,1.0531880355470546e-06,1.350476141847574e-06,2.972881063005194e-07,3.047500628109182e-06,4.428040795731037e-06,1.3805401676218555e-06,0.000137940411127541,0.00018828508577490273,5.034467464736173e-05,0.32023865333380724,0.43711746121769085,0.1168788078838836,0.6779452344276905,0.5612699302815332,-0.11667530414615734,0.0014829991789249868,0.0012277729873939808,-0.000255226191531006,1.3657950256845308e-05,1.3639325866707151e-05,-1.8624390138156878e-08
pccv1_n09_grid_r02,9,grid,2,18,13,L18H13,1.5,8,8,False,False,-6.537472248077393,-6.181855201721191,0.35561704635620117,-6.125,-5.875,0.25,0.6408342682359894,0.5734876675487497,-0.06734660068723974,0.2783107865093985,0.24906252945598856,-0.029248257053409943,7.679754797763186,7.75632330580786,0.07656850804467386,0.6779452344276905,0.7531112960476394,0.35770658109388326,0.5086118555903287,0.976497214649271,0.9769565159161289,0.0004593012668578922,0.15159982275988157,0.10670879643702183,0.07579991137994078,0.0035649183977874014,False,1,0.00016638789651960643,0.00015323432709030558,-1.3153569429300845e-05,7.782065477379755e-06,6.732646458194258e-06,-1.049419019185497e-06,3.24404753217092e-06,2.8065846003442143e-06,-4.374629318267058e-07,1.0531880355470546e-06,8.559599420348002e-07,-1.9722809351225434e-07,3.047500628109182e-06,2.18577028450422e-06,-8.617303436049617e-07,0.000137940411127541,9.294131750070451e-05,-4.499909362683649e-05,0.32023865333380724,0.2444994404573107,-0.07573921287649654,0.6779452344276905,0.7531112960476394,0.07516606161994888,0.0014829991789249868,0.002115334636170194,0.0006323354572452073,1.3657950256845308e-05,1.5172253003548558e-05,1.5143027467032504e-06
pccv1_n09_grid_r03,9,grid,3,18,13,L18H13,1.0,8,8,False,False,-6.12755012512207,-6.12755012512207,0.0,-5.625,-5.625,0.0,0.6817421905053698,0.6817421905053698,0.0,0.2960768714171175,0.2960768714171175,0.0,7.623489390416963,7.623489390416963,0.0,0.6207563457884543,0.6207563457884543,0.2442485898565795,0.2442485898565795,0.9745946604811024,0.9745946604811024,0.0,0.0,0.0,0.0,0.0,False,0,0.0002511860566519223,0.0002511860566519223,0.0,1.50848952121632e-05,1.50848952121632e-05,0.0,5.549422820780364e-06,5.549422820780364e-06,0.0,1.692478336629932e-06,1.692478336629932e-06,0.0,4.6006331075217346e-06,4.6006331075217346e-06,0.0,0.00019562389761713532,0.00019562389761713532,0.0,0.3765077559318748,0.3765077559318748,0.0,0.6207563457884543,0.6207563457884543,0.0,0.002238796953168473,0.002238796953168473,0.0,2.3363942756319334e-05,2.3363942756319334e-05,0.0
pccv1_n09_grid_r03,9,grid,3,18,13,L18H13,0.5,8,8,False,False,-6.12755012512207,-6.351101875305176,-0.22355175018310547,-5.625,-5.75,-0.125,0.6817421905053698,0.701781984178637,0.020039793673267248,0.2960768714171175,0.3047800432278972,0.008703171810779675,7.623489390416963,7.562888639787441,-0.06060075062952208,0.6207563457884543,0.5608894328618818,0.2442485898565795,0.12406830333257207,0.9745946604811024,0.9773893000694898,0.0027946395883873265,0.12072265303756256,0.08498211354503026,0.06036132651878128,0.001892669058800392,False,1,0.0002511860566519223,0.00021321031559378163,-3.797574105814065e-05,1.50848952121632e-05,1.4509144063098786e-05,-5.757511490644137e-07,5.549422820780364e-06,5.681862453373758e-06,1.324396325933944e-07,1.692478336629932e-06,2.0902403841601382e-06,3.977620475302063e-07,4.6006331075217346e-06,6.048311097949799e-06,1.4476779904280647e-06,0.00019562389761713532,0.00024159893929298347,4.597504167584815e-05,0.3765077559318748,0.4368211295293097,0.06031337359743488,0.6207563457884543,0.5608894328618818,-0.059866912926572535,0.002238796953168473,0.0017851881158779956,-0.0004536088372904773,2.3363942756319334e-05,2.1110680045267382e-05,-2.253262711051952e-06
pccv1_n09_grid_r03,9,grid,3,18,13,L18H13,1.5,8,8,False,False,-6.12755012512207,-5.653639316558838,0.4739108085632324,-5.625,-5.375,0.25,0.6817421905053698,0.5555543433671892,-0.12618784713818054,0.2960768714171175,0.24127418572175469,-0.05480268569536284,7.623489390416963,7.780131448482984,0.15664205806602105,0.6207563457884543,0.7742375604201511,0.2442485898565795,0.5524147854504466,0.9745946604811024,0.9774944077652208,0.002899747284118348,0.3096604029798971,0.21791225347432194,0.15483020148994855,0.014428259717458154,False,1,0.0002511860566519223,0.000190020893344772,-6.116516330715029e-05,1.50848952121632e-05,1.3765067345326694e-05,-1.3198278668365057e-06,5.549422820780364e-06,4.757079983144188e-06,-7.923428376361754e-07,1.692478336629932e-06,1.450827424239274e-06,-2.416509123906579e-07,4.6006331075217346e-06,3.2694900707661396e-06,-1.331143036755595e-06,0.00019562389761713532,0.00011525349779958851,-8.03703998175468e-05,0.3765077559318748,0.22182277496970454,-0.15468498096217026,0.6207563457884543,0.7742375604201511,0.15348121463169684,0.002238796953168473,0.003585431222754756,0.0013466342695862832,2.3363942756319334e-05,2.5716531421688887e-05,2.352588665369553e-06
pccv1_n09_grid_r04,9,grid,4,18,13,L18H13,1.0,8,8,False,False,-6.8553876876831055,-6.8553876876831055,0.0,-6.25,-6.25,0.0,0.6972995852205761,0.6972995852205761,0.0,0.30283336209472245,0.30283336209472245,0.0,7.561215027082248,7.561215027082248,0.0,0.5613000413829415,0.5613000413829415,0.1241591296158947,0.1241591296158947,0.9724972301874004,0.9724972301874004,0.0,0.0,0.0,0.0,0.0,False,0,0.00035178172177491356,0.00035178172177491356,0.0,1.0622887533400434e-05,1.0622887533400434e-05,0.0,4.4282783519909535e-06,4.4282783519909535e-06,0.0,1.1196441086283017e-06,1.1196441086283017e-06,0.0,2.226678191426169e-06,2.226678191426169e-06,0.0,9.468076596538363e-05,9.468076596538363e-05,0.0,0.43714091176704684,0.43714091176704684,0.0,0.5613000413829415,0.5613000413829415,0.0,0.0010835639865524839,0.0010835639865524839,0.0,1.0622887533400434e-05,1.0622887533400434e-05,0.0
pccv1_n09_grid_r04,9,grid,4,18,13,L18H13,0.5,8,7,False,False,-6.8553876876831055,-7.095802307128906,-0.24041461944580078,-6.25,-6.375,-0.125,0.6972995852205761,0.7032408859238535,0.0059413007032773635,0.30283336209472245,0.30541363620548373,0.0025802741107612825,7.561215027082248,7.49914635743979,-0.06206866964245794,0.5613000413829415,0.4993606310746935,0.1241591296158947,0.0,0.9724972301874004,0.9739692931343598,0.0014720629469593405,0.12446751677317575,0.08779431509302012,0.06223375838658787,0.0019476255971804255,True,1,0.00035178172177491356,0.0002940011918584635,-5.778052991645008e-05,1.0622887533400434e-05,8.878066717168647e-06,-1.744820816231787e-06,4.4282783519909535e-06,4.193701770193691e-06,-2.345765817972629e-07,1.1196441086283017e-06,1.201515673761563e-06,8.187156513326125e-08,2.226678191426169e-06,2.707657368203599e-06,4.809791767774301e-07,9.468076596538363e-05,0.00010815699416462955,1.3476228199245922e-05,0.43714091176704684,0.4993606310746935,0.06221971930764664,0.5613000413829415,0.4993606310746935,-0.061939410308248066,0.0010835639865524839,0.0008507206563433138,-0.00023284333020917006,1.0622887533400434e-05,8.878066717168647e-06,-1.744820816231787e-06
pccv1_n09_grid_r04,9,grid,4,18,13,L18H13,1.5,8,8,False,False,-6.8553876876831055,-6.377331733703613,0.4780559539794922,-6.25,-6.0,0.25,0.6972995852205761,0.6210174976992481,-0.07628208752132803,0.30283336209472245,0.2697044724161488,-0.033128889678573636,7.561215027082248,7.706078557263134,0.14486353018088582,0.5613000413829415,0.7042934214529067,0.1241591296158947,0.41070024333976113,0.9724972301874004,0.9735834792582523,0.0010862490708518635,0.28731496717410504,0.2026166446327647,0.14365748358705252,0.011186328702939414,False,1,0.00035178172177491356,0.0002677223243312124,-8.405939744370115e-05,1.0622887533400434e-05,8.605920013855655e-06,-2.0169675195447793e-06,4.4282783519909535e-06,4.065148770109901e-06,-3.6312958188105277e-07,1.1196441086283017e-06,9.655574656213979e-07,-1.5408664300690382e-07,2.226678191426169e-06,1.6946061266016177e-06,-5.320720648245513e-07,9.468076596538363e-05,7.205648606703616e-05,-2.2624279898347466e-05,0.43714091176704684,0.2935931781131456,-0.14354773365390122,0.5613000413829415,0.7042934214529067,0.1429933800699652,0.0010835639865524839,0.0017457688514381897,0.0006622048648857058,1.0622887533400434e-05,1.252153973505093e-05,1.8986522016504957e-06
pccv1_n09_grid_r05,9,grid,5,18,13,L18H13,1.0,8,8,False,False,-7.306813716888428,-7.306813716888428,0.0,-6.75,-6.75,0.0,0.684812984001658,0.684812984001658,0.0,0.29741050008761993,0.29741050008761993,0.0,7.5917074798677415,7.5917074798677415,0.0,0.5920148325057324,0.5920148325057324,0.18512938523930933,0.18512938523930933,0.9679352426312562,0.9679352426312562,0.0,0.0,0.0,0.0,0.0,False,0,0.0002550059730120093,0.0002550059730120093,0.0,6.7956789961490766e-06,6.7956789961490766e-06,0.0,4.121787664729585e-06,4.121787664729585e-06,0.0,1.1809119375841874e-06,1.1809119375841874e-06,0.0,3.0155642747156456e-06,3.0155642747156456e-06,0.0,0.0001282250558016438,0.0001282250558016438,0.0,0.40688544726642306,0.40688544726642306,0.0,0.5920148325057324,0.5920148325057324,0.0,0.0006931781025870626,0.0006931781025870626,0.0,8.197153570509819e-06,8.197153570509819e-06,0.0
pccv1_n09_grid_r05,9,grid,5,18,13,L18H13,0.5,8,7,False,False,-7.306813716888428,-7.543482780456543,-0.23666906356811523,-6.75,-6.875,-0.125,0.684812984001658,0.6998520466468086,0.015039062645150536,0.29741050008761993,0.30394188200740613,0.006531381919786194,7.5917074798677415,7.467416700630837,-0.12429077923690457,0.5920148325057324,0.530654878593359,0.18512938523930933,0.06235359189331513,0.9679352426312562,0.9657604405075517,-0.002174802123704467,0.24771849815450744,0.17499696709284107,0.12385924907725372,0.007720633364977402,True,1,0.0002550059730120093,0.0002934969192926831,3.849094628067385e-05,6.7956789961490766e-06,6.902385957446937e-06,1.0670696129786032e-07,4.121787664729585e-06,4.45651532226219e-06,3.3472765753260437e-07,1.1809119375841874e-06,1.3591603817867814e-06,1.78248444202594e-07,3.0155642747156456e-06,3.932860968217172e-06,9.172966935015268e-07,0.0001282250558016438,0.0001780148800822166,4.978982428057279e-05,0.40688544726642306,0.530654878593359,0.12376943132693596,0.5920148325057324,0.4683012867000439,-0.1237135458056885,0.0006931781025870626,0.0005483244329873664,-0.00014485366959969613,8.197153570509819e-06,7.347551605014708e-06,-8.496019654951108e-07
pccv1_n09_grid_r05,9,grid,5,18,13,L18H13,1.5,8,8,False,False,-7.306813716888428,-7.169386863708496,0.13742685317993164,-6.75,-6.75,0.0,0.684812984001658,0.636685791743528,-0.04812719225813,0.29741050008761993,0.27650912606041717,-0.020901374027202768,7.5917074798677415,7.6783397437833125,0.086632263915571,0.5920148325057324,0.6783980543670679,0.18512938523930933,0.35794550403948455,0.9679352426312562,0.9691209012892728,0.001185658658016564,0.1729744779756127,0.12219950652179036,0.08648723898780634,0.004048389878099274,False,1,0.0002550059730120093,0.0002578787454272253,2.8727724152159987e-06,6.7956789961490766e-06,5.3521026130424355e-06,-1.443576383106641e-06,4.121787664729585e-06,3.0495361451090736e-06,-1.0722515196205117e-06,1.1809119375841874e-06,7.243283230475129e-07,-4.5658361453667453e-07,3.0155642747156456e-06,1.6322990733513772e-06,-1.3832652013642685e-06,0.0001282250558016438,7.864857377212958e-05,-4.957648202951423e-05,0.40688544726642306,0.32045255032758335,-0.08643289693883971,0.5920148325057324,0.6783980543670679,0.08638322186133551,0.0006931781025870626,0.000794322456642783,0.00010114435405572046,8.197153570509819e-06,7.787263352132385e-06,-4.098902183774336e-07
pccv1_n09_random_sparse_r00,9,random_sparse,0,18,13,L18H13,1.0,7,7,False,False,-9.521650314331055,-9.521650314331055,0.0,-9.4375,-9.4375,0.0,0.25645135850388256,0.25645135850388256,0.0,0.11137540987482876,0.11137540987482876,0.0,7.065461214419341,7.065461214419341,0.0,0.9314463440224073,0.9314463440224073,0.8639725971709824,0.8639725971709824,0.9869519153558031,0.9869519153558031,0.0,0.0,0.0,0.0,0.0,False,0,0.00021475414574727007,0.00021475414574727007,0.0,1.372877322289653e-05,1.372877322289653e-05,0.0,1.1381552758676603e-05,1.1381552758676603e-05,0.0,3.063303367866378e-06,3.063303367866378e-06,0.0,7.822419187032242e-06,7.822419187032242e-06,0.0,0.000749565620194718,0.000749565620194718,0.0,0.9314463440224073,0.9314463440224073,0.0,0.06747374685142499,0.06747374685142499,0.0,7.421704684782434e-05,7.421704684782434e-05,0.0,5.376264841456053e-06,5.376264841456053e-06,0.0
pccv1_n09_random_sparse_r00,9,random_sparse,0,18,13,L18H13,0.5,7,7,False,False,-9.521650314331055,-10.169275283813477,-0.6476249694824219,-9.4375,-10.125,-0.6875,0.25645135850388256,0.14370997306245836,-0.1127413854414242,0.11137540987482876,0.06241244829549063,-0.04896296157933813,7.065461214419341,7.0264777980090996,-0.03898341641024139,0.9314463440224073,0.9693548488315062,0.8639725971709824,0.9400828687890577,0.9869519153558031,0.9869357636032419,-1.6151752561199828e-05,0.07647685837801328,0.05381913916398301,0.03823842918900664,0.004079533784074181,False,1,0.00021475414574727007,0.00028697239455162713,7.221824880435706e-05,1.372877322289653e-05,1.618987464475763e-05,2.4611014218610988e-06,1.1381552758676603e-05,1.2608687051165125e-05,1.227134292488522e-06,3.063303367866378e-06,3.6124493222677733e-06,5.491459544013954e-07,7.822419187032242e-06,9.22471250712955e-06,1.4022933200973076e-06,0.000749565620194718,0.0010016320763092325,0.00025206645611451455,0.9314463440224073,0.9693548488315062,0.03790850480909891,0.06747374685142499,0.029271980042448582,-0.038201766808976405,7.421704684782434e-05,3.8837490297733424e-05,-3.537955655009091e-05,5.376264841456053e-06,4.093441361310032e-06,-1.2828234801460211e-06
pccv1_n09_random_sparse_r00,9,random_sparse,0,18,13,L18H13,1.5,7,7,False,False,-9.521650314331055,-8.695980072021484,0.8256702423095703,-9.4375,-8.5,0.9375,0.25645135850388256,0.4576939281157092,0.20124256961182663,0.11137540987482876,0.1987739473812761,0.08739853750644734,7.065461214419341,7.162362381985952,0.09690116756661116,0.9314463440224073,0.834403076901845,0.8639725971709824,0.6700993692335687,0.9869519153558031,0.9851699795613058,-0.001781935794497258,0.19408914934567162,0.13708923676996831,0.09704457467283581,0.01177573290657722,False,1,0.00021475414574727007,0.00021799494407944838,3.240798332178308e-06,1.372877322289653e-05,1.30916139695475e-05,-6.371592533490291e-07,1.1381552758676603e-05,1.0853329184732173e-05,-5.2822357394443e-07,3.063303367866378e-06,2.9211339216265545e-06,-1.4216944623982341e-07,7.822419187032242e-06,8.452581268001149e-06,6.301620809689066e-07,0.000749565620194718,0.0008621867290429992,0.00011262110884828122,0.9314463440224073,0.834403076901845,-0.09704326712056233,0.06747374685142499,0.16430370766827626,0.09682996081685127,7.421704684782434e-05,0.0001697746331546815,9.555758630685716e-05,5.376264841456053e-06,7.940465257652771e-06,2.564200416196718e-06
pccv1_n09_random_sparse_r01,9,random_sparse,1,18,13,L18H13,1.0,8,8,False,False,-4.84710693359375,-4.84710693359375,0.0,-4.75,-4.75,0.0,0.2966215368181764,0.2966215368181764,0.0,0.12882109665379624,0.12882109665379624,0.0,7.9395595416716205,7.9395595416716205,0.0,0.9245104460805248,0.9245104460805248,0.8575391339908242,0.8575391339908242,0.9815561338621137,0.9815561338621137,0.0,0.0,0.0,0.0,0.0,False,0,0.00010068729540078869,0.00010068729540078869,0.0,4.155861007714492e-06,4.155861007714492e-06,0.0,5.012925259894379e-06,5.012925259894379e-06,0.0,1.8441521432441517e-06,1.8441521432441517e-06,0.0,5.012925259894379e-06,5.012925259894379e-06,0.0,0.0003740986859981543,0.0003740986859981543,0.0,0.06697131208970064,0.06697131208970064,0.0,0.9245104460805248,0.9245104460805248,0.0,0.007998582591589793,0.007998582591589793,0.0,2.8847393115204916e-05,2.8847393115204916e-05,0.0
pccv1_n09_random_sparse_r01,9,random_sparse,1,18,13,L18H13,0.5,8,8,False,False,-4.84710693359375,-5.47728157043457,-0.6301746368408203,-4.75,-5.25,-0.5,0.2966215368181764,0.5070309902974193,0.2104094534792429,0.12882109665379624,0.2202007612401104,0.09137966458631416,7.9395595416716205,7.820272983158602,-0.11928655851301873,0.9245104460805248,0.8134688869312218,0.8575391339908242,0.6319594439144933,0.9815561338621137,0.9793815640064167,-0.002174569855696973,0.22956105642503744,0.15957177596889857,0.11478052821251872,0.015788832310869767,False,1,0.00010068729540078869,0.00019964942609987192,9.896213069908323e-05,4.155861007714492e-06,6.831627683141641e-06,2.6757666754271496e-06,5.012925259894379e-06,7.272229814094132e-06,2.259304554199753e-06,1.8441521432441517e-06,2.360947352342613e-06,5.167952090984612e-07,5.012925259894379e-06,7.272229814094132e-06,2.259304554199753e-06,0.0003740986859981543,0.0005098226697969463,0.00013572398379879197,0.06697131208970064,0.18150944301672847,0.11453813092702783,0.9245104460805248,0.8134688869312218,-0.11104155914930303,0.007998582591589793,0.004268692951333188,-0.0037298896402566057,2.8847393115204916e-05,1.976797015603018e-05,-9.079422959174736e-06
pccv1_n09_random_sparse_r01,9,random_sparse,1,18,13,L18H13,1.5,8,8,False,False,-4.84710693359375,-4.30922269821167,0.5378842353820801,-4.75,-4.25,0.5,0.2966215368181764,0.20650353323384438,-0.090118003584332,0.12882109665379624,0.08968334497698338,-0.039137751676812854,7.9395595416716205,7.983775898634729,0.04421635696310844,0.9245104460805248,0.9570488212529292,0.8575391339908242,0.9281484510436766,0.9815561338621137,0.9847948139846494,0.0032386801225356976,0.07638860419668368,0.05039946439757648,0.03819430209834184,0.004405306766774801,False,1,0.00010068729540078869,5.579083920896388e-05,-4.4896456191824806e-05,4.155861007714492e-06,2.451278399118442e-06,-1.7045826085960496e-06,5.012925259894379e-06,3.1475037678457172e-06,-1.8654214920486616e-06,1.8441521432441517e-06,1.3120747776098806e-06,-5.320773656342711e-07,5.012925259894379e-06,3.1475037678457172e-06,-1.8654214920486616e-06,0.0003740986859981543,0.00030160242725442194,-7.249625874373235e-05,0.06697131208970064,0.02890037020925267,-0.038070941880447975,0.9245104460805248,0.9570488212529292,0.03253837517240443,0.007998582591589793,0.0136515682486838,0.005652985657094007,2.8847393115204916e-05,3.178866195859217e-05,2.941268843387254e-06
pccv1_n09_random_sparse_r02,9,random_sparse,2,18,13,L18H13,1.0,8,8,False,False,-6.353485584259033,-6.353485584259033,0.0,-6.125,-6.125,0.0,0.4916726781904103,0.4916726781904103,0.0,0.21353073104068848,0.21353073104068848,0.0,7.818067851462755,7.818067851462755,0.0,0.815723851472041,0.815723851472041,0.6337112578561905,0.6337112578561905,0.9754990008764253,0.9754990008764253,0.0,0.0,0.0,0.0,0.0,False,0,0.00014647154234107135,0.00014647154234107135,0.0,9.3636124295124e-06,9.3636124295124e-06,0.0,9.3636124295124e-06,9.3636124295124e-06,0.0,2.224052893950198e-06,2.224052893950198e-06,0.0,5.0119805651189795e-06,5.0119805651189795e-06,0.0,0.00029129344448119776,0.00029129344448119776,0.0,0.18201259361585048,0.18201259361585048,0.0,0.815723851472041,0.815723851472041,0.0,0.0017843886799850245,0.0017843886799850245,0.0,1.54379869831292e-05,1.54379869831292e-05,0.0
pccv1_n09_random_sparse_r02,9,random_sparse,2,18,13,L18H13,0.5,8,8,False,False,-6.353485584259033,-7.066452503204346,-0.7129669189453125,-6.125,-6.5625,-0.4375,0.4916726781904103,0.6752679509367592,0.1835952727463489,0.21353073104068848,0.29326514489795025,0.07973441385726177,7.818067851462755,7.621231107491462,-0.1968367439712928,0.815723851472041,0.6214827401131906,0.6337112578561905,0.244534403752322,0.9754990008764253,0.9720914994147734,-0.0034075014616519184,0.390301332334515,0.2751915621046772,0.1951506661672575,0.02403134804851338,False,1,0.00014647154234107135,0.00025147998860645287,0.00010500844626538152,9.3636124295124e-06,1.4187530119629981e-05,4.823917690117581e-06,9.3636124295124e-06,1.2520451385899114e-05,3.156838956386714e-06,2.224052893950198e-06,3.3698337749559963e-06,1.1457808810057985e-06,5.0119805651189795e-06,7.594037638989345e-06,2.582057073870365e-06,0.00029129344448119776,0.00038949982585384074,9.820638137264298e-05,0.18201259361585048,0.3769483363608686,0.19493574274501813,0.815723851472041,0.6214827401131906,-0.19424111135885036,0.0017843886799850245,0.0008777514071751168,-0.0009066372728099077,1.54379869831292e-05,1.2520451385899114e-05,-2.9175355972300845e-06
pccv1_n09_random_sparse_r02,9,random_sparse,2,18,13,L18H13,1.5,8,8,False,False,-6.353485584259033,-5.8524017333984375,0.5010838508605957,-6.125,-5.75,0.375,0.4916726781904103,0.29099361214274405,-0.20067906604766622,0.21353073104068848,0.12637692002268883,-0.08715381101799966,7.818067851462755,7.9262168624307066,0.10814901096795193,0.815723851472041,0.921128405534855,0.6337112578561905,0.8455175816340923,0.9754990008764253,0.9799576298825059,0.004458629006080628,0.21311006867608379,0.14977577988685917,0.10655503433804189,0.013000563535062543,False,1,0.00014647154234107135,9.424094290480551e-05,-5.2230599436265836e-05,9.3636124295124e-06,6.0246219180076605e-06,-3.33899051150474e-06,9.3636124295124e-06,6.413176648794241e-06,-2.9504357807181598e-06,2.224052893950198e-06,1.4309731327056294e-06,-7.930797612445685e-07,5.0119805651189795e-06,2.8458298869772386e-06,-2.166150678141741e-06,0.00029129344448119776,0.0001995080776950674,-9.178536678613035e-05,0.18201259361585048,0.07561082390076267,-0.10640176971508782,0.815723851472041,0.921128405534855,0.10540455406281402,0.0017843886799850245,0.0029317498002559054,0.0011473611202708809,1.54379869831292e-05,1.855714194020806e-05,3.119154957078861e-06
pccv1_n09_random_sparse_r03,9,random_sparse,3,18,13,L18H13,1.0,7,7,False,False,-9.28586196899414,-9.28586196899414,0.0,-9.125,-9.125,0.0,0.3976958720121837,0.3976958720121837,0.0,0.17271712269059325,0.17271712269059325,0.0,7.131042129431186,7.131042129431186,0.0,0.8664963644332316,0.8664963644332316,0.7336148431943224,0.7336148431943224,0.9825886558471666,0.9825886558471666,0.0,0.0,0.0,0.0,0.0,False,0,0.0002906771474807445,0.0002906771474807445,0.0,8.245875965859945e-06,8.245875965859945e-06,0.0,7.746283596668518e-06,7.746283596668518e-06,0.0,1.839903624826418e-06,1.839903624826418e-06,0.0,2.677043977847346e-06,2.677043977847346e-06,0.0,0.00021266394407454064,0.00021266394407454064,0.0,0.8664963644332316,0.8664963644332316,0.0,0.13288152123890928,0.13288152123890928,0.0,9.436905313431061e-05,9.436905313431061e-05,0.0,3.895076004323247e-06,3.895076004323247e-06,0.0
pccv1_n09_random_sparse_r03,9,random_sparse,3,18,13,L18H13,0.5,7,7,False,False,-9.28586196899414,-9.952701568603516,-0.666839599609375,-9.125,-9.875,-0.75,0.3976958720121837,0.23285823849072085,-0.16483763352146286,0.17271712269059325,0.10112904804223145,-0.0715880746483618,7.131042129431186,7.058232624718392,-0.07280950471279368,0.8664963644332316,0.9393402742501087,0.7336148431943224,0.8792902595719772,0.9825886558471666,0.9849901662915954,0.0024015104444288227,0.14581955732286403,0.10300811043352208,0.07290977866143201,0.007788033356958443,False,1,0.0002906771474807445,0.00026123831419902596,-2.943883328171854e-05,8.245875965859945e-06,7.410760546830449e-06,-8.351154190294962e-07,7.746283596668518e-06,6.9617652630752604e-06,-7.845183335932578e-07,1.839903624826418e-06,1.873733701266373e-06,3.3830076439954885e-08,2.677043977847346e-06,3.0892646089055483e-06,4.122206310582022e-07,0.00021266394407454064,0.0002780867379219059,6.542279384736527e-05,0.8664963644332316,0.9393402742501087,0.07284390981687705,0.13288152123890928,0.06005001467813157,-0.07283150656077772,9.436905313431061e-05,4.8324229069960036e-05,-4.604482406435057e-05,3.895076004323247e-06,2.726266448623358e-06,-1.168809555699889e-06
pccv1_n09_random_sparse_r03,9,random_sparse,3,18,13,L18H13,1.5,7,7,False,False,-9.28586196899414,-8.262446403503418,1.0234155654907227,-9.125,-7.8125,1.3125,0.3976958720121837,0.6528459850420343,0.2551501130298506,0.17271712269059325,0.28352740883644834,0.11081028614585509,7.131042129431186,7.347293080846051,0.2162509514148656,0.8664963644332316,0.6508967194342751,0.7336148431943224,0.30249681157156055,0.9825886558471666,0.979667019436306,-0.0029216364108606285,0.4313814615524741,0.3048465431428828,0.21569073077623704,0.032713999103617344,False,1,0.0002906771474807445,0.0002324339873884641,-5.824316009228039e-05,8.245875965859945e-06,7.471578281577956e-06,-7.742976842819891e-07,7.746283596668518e-06,7.953453680110755e-06,2.0717008344223707e-07,1.839903624826418e-06,1.6671344585300194e-06,-1.7276916629639866e-07,2.677043977847346e-06,2.425666324175342e-06,-2.5137765367200415e-07,0.00021266394407454064,0.00018101977139054487,-3.164417268399576e-05,0.8664963644332316,0.6508967194342751,-0.21559964499895656,0.13288152123890928,0.3483999078627145,0.21551838662380524,9.436905313431061e-05,0.0002633822132493923,0.0001690131601150817,3.895076004323247e-06,7.018898237547792e-06,3.123822233224545e-06
pccv1_n09_random_sparse_r04,9,random_sparse,4,18,13,L18H13,1.0,7,7,False,False,-8.237724304199219,-8.237724304199219,0.0,-7.9375,-7.9375,0.0,0.5649629806082828,0.5649629806082828,0.0,0.24536030495779104,0.24536030495779104,0.0,7.243762200166566,7.243762200166566,0.0,0.7542080944622593,0.7542080944622593,0.5093525756934475,0.5093525756934475,0.9820262549258132,0.9820262549258132,0.0,0.0,0.0,0.0,0.0,False,0,0.0001851050674935024,0.0001851050674935024,0.0,7.1773023576979906e-06,7.1773023576979906e-06,0.0,9.810209177777756e-06,9.810209177777756e-06,0.0,3.6089742700958356e-06,3.6089742700958356e-06,0.0,8.657479213095841e-06,8.657479213095841e-06,0.0,0.000444043973198275,0.000444043973198275,0.0,0.7542080944622593,0.7542080944622593,0.0,0.24485551876881181,0.24485551876881181,0.0,0.00026932628400536866,0.00026932628400536866,0.0,8.657479213095841e-06,8.657479213095841e-06,0.0
pccv1_n09_random_sparse_r04,9,random_sparse,4,18,13,L18H13,0.5,7,7,False,False,-8.237724304199219,-9.178417205810547,-0.9406929016113281,-7.9375,-9.0625,-1.125,0.5649629806082828,0.3224943571170505,-0.24246862349123227,0.24536030495779104,0.14005751974087172,-0.10530278521691933,7.243762200166566,7.093467672329631,-0.15029452783693564,0.7542080944622593,0.9038577316238673,0.5093525756934475,0.808591827596466,0.9820262549258132,0.9852753032505461,0.0032490483247329394,0.29951531652505636,0.21159418600764507,0.14975765826252818,0.02042657880885485,False,1,0.0001851050674935024,0.00023614056697000938,5.103549947650698e-05,7.1773023576979906e-06,7.590726086989601e-06,4.134237292916107e-07,9.810209177777756e-06,9.746685226809333e-06,-6.35239509684231e-08,3.6089742700958356e-06,3.816856776266168e-06,2.0788250617033241e-07,8.657479213095841e-06,9.156163421195813e-06,4.986842080999714e-07,0.000444043973198275,0.0004999095841984362,5.586561100016127e-05,0.7542080944622593,0.9038577316238673,0.14964963716160795,0.24485551876881181,0.09526590402740129,-0.14958961474141053,0.00026932628400536866,0.00010478674139396275,-0.0001645395426114059,8.657479213095841e-06,5.2170246578269025e-06,-3.440454555268939e-06
pccv1_n09_random_sparse_r04,9,random_sparse,4,18,13,L18H13,1.5,7,8,False,False,-8.237724304199219,-7.277958869934082,0.9597654342651367,-7.9375,-6.625,1.3125,0.5649629806082828,0.7013373181304895,0.13637433752220673,0.24536030495779104,0.304586927216897,0.059226622259105965,7.243762200166566,7.530605074741545,0.2868428745749787,0.7542080944622593,0.5305432578044316,0.5093525756934475,0.062340476104880194,0.9820262549258132,0.9810762613069528,-0.0009499936188603897,0.5722547876616697,0.40424834070677773,0.28612739383083485,0.0438838148457385,True,1,0.0001851050674935024,0.00015706453554019758,-2.804053195330482e-05,7.1773023576979906e-06,6.482827613434744e-06,-6.944747442632466e-07,9.810209177777756e-06,8.860974748131782e-06,-9.49234429645974e-07,3.6089742700958356e-06,3.0622709317724297e-06,-5.467033383234059e-07,8.657479213095841e-06,6.900934072620975e-06,-1.756545140474866e-06,0.000444043973198275,0.00035395039467732057,-9.009357852095441e-05,0.7542080944622593,0.4682027816995514,-0.28600531276270796,0.24485551876881181,0.5305432578044316,0.2856877390356197,0.00026932628400536866,0.000703914412268228,0.0004345881282628593,8.657479213095841e-06,1.3724146165338458e-05,5.066666952242617e-06
pccv1_n09_random_sparse_r05,9,random_sparse,5,18,13,L18H13,1.0,7,7,False,False,-11.215494155883789,-11.215494155883789,0.0,-11.1875,-11.1875,0.0,0.07226462236923395,0.07226462236923395,0.0,0.0313841267317806,0.0313841267317806,0.0,6.9935273157196844,6.9935273157196844,0.0,0.9886152121885758,0.9886152121885758,0.9819539752863596,0.9819539752863596,0.9835924576957495,0.9835924576957495,0.0,0.0,0.0,0.0,0.0,False,0,0.0006195915479708674,0.0006195915479708674,0.0,1.757645930663118e-05,1.757645930663118e-05,0.0,1.0014764632500435e-05,1.0014764632500435e-05,0.0,3.0543306456095764e-06,3.0543306456095764e-06,0.0,1.6511555470658817e-05,1.6511555470658817e-05,0.0,0.006661236902216257,0.006661236902216257,0.0,0.9886152121885758,0.9886152121885758,0.0,0.0040402444128033645,0.0040402444128033645,0.0,1.3688560271627044e-05,1.3688560271627044e-05,0.0,2.869278106637153e-06,2.869278106637153e-06,0.0
pccv1_n09_random_sparse_r05,9,random_sparse,5,18,13,L18H13,0.5,7,7,False,False,-11.215494155883789,-11.532143592834473,-0.3166494369506836,-11.1875,-11.5,-0.3125,0.07226462236923395,0.08603489072799353,0.01377026835875958,0.0313841267317806,0.03736447829431683,0.005980351562536228,6.9935273157196844,6.987430204504275,-0.0060971112154097895,0.9886152121885758,0.9855084098209782,0.9819539752863596,0.9745604003078683,0.9835924576957495,0.9826071167153714,-0.0009853409803781688,0.008766013709120926,0.005445509739924673,0.004383006854560463,0.0003265801978568773,False,1,0.0006195915479708674,0.0006998828326438056,8.029128467293813e-05,1.757645930663118e-05,2.1134630248043368e-05,3.558170941412188e-06,1.0014764632500435e-05,1.2042149322373759e-05,2.027384689873324e-06,3.0543306456095764e-06,4.430059163217922e-06,1.3757285176083452e-06,1.6511555470658817e-05,2.5493230315517554e-05,8.981674844858737e-06,0.006661236902216257,0.010948009513109926,0.004286772610893669,0.9886152121885758,0.9855084098209782,-0.0031068023675976386,0.0040402444128033645,0.0027680903001612335,-0.001272154112642131,1.3688560271627044e-05,9.983292433724221e-06,-3.705267837902823e-06,2.869278106637153e-06,2.5241716237434162e-06,-3.4510648289373696e-07
pccv1_n09_random_sparse_r05,9,random_sparse,5,18,13,L18H13,1.5,7,7,False,False,-11.215494155883789,-10.654905319213867,0.5605888366699219,-11.1875,-10.625,0.5625,0.07226462236923395,0.08330232587650871,0.01103770350727476,0.0313841267317806,0.0361777404578742,0.004793613726093597,6.9935273157196844,7.000973887086691,0.007446571367006882,0.9886152121885758,0.9863455280966362,0.9819539752863596,0.9778119672225831,0.9835924576957495,0.9839726936456827,0.0003802359499331942,0.009008806813608477,0.005453761396287764,0.0045044034068042384,0.0005143712593817667,False,1,0.0006195915479708674,0.000481430560734559,-0.0001381609872363084,1.757645930663118e-05,1.7536106892882085e-05,-4.0352413749095324e-08,1.0014764632500435e-05,9.386401626145775e-06,-6.283630063546591e-07,3.0543306456095764e-06,2.6892490911470533e-06,-3.650815544625231e-07,1.6511555470658817e-05,1.4537943233723273e-05,-1.9736122369355445e-06,0.006661236902216257,0.004567685983799455,-0.0020935509184168014,0.9886152121885758,0.9863455280966362,-0.0022696840919396166,0.0040402444128033645,0.008533560874053157,0.0044933164612497925,1.3688560271627044e-05,2.3969016241670566e-05,1.0280455970043522e-05,2.869278106637153e-06,3.675767691046941e-06,8.064895844097879e-07
pccv1_n09_row_r00,9,row,0,18,13,L18H13,1.0,7,7,False,False,-11.570754051208496,-11.570754051208496,0.0,-11.5625,-11.5625,0.0,0.033645726368038954,0.033645726368038954,0.0,0.014612153301266055,0.014612153301266055,0.0,7.002642246416022,7.002642246416022,0.0,0.9950928611353912,0.9950928611353912,0.9910261440518836,0.9910261440518836,0.996671024673093,0.996671024673093,0.0,0.0,0.0,0.0,0.0,False,0,0.00012280421504077207,0.00012280421504077207,0.0,2.686331296771099e-07,2.686331296771099e-07,0.0,1.43788952738497e-07,1.43788952738497e-07,0.0,2.2050750079879194e-08,2.2050750079879194e-08,0.0,1.9653619612462356e-07,1.9653619612462356e-07,0.0,0.0007066894644984099,0.0007066894644984099,0.0,0.9950928611353912,0.9950928611353912,0.0,0.004066717083507606,0.004066717083507606,0.0,9.46964424115296e-06,9.46964424115296e-06,0.0,8.274482922090164e-07,8.274482922090164e-07,0.0
pccv1_n09_row_r00,9,row,0,18,13,L18H13,0.5,7,7,False,False,-11.570754051208496,-11.819814682006836,-0.24906063079833984,-11.5625,-11.8125,-0.25,0.033645726368038954,0.02986715315205863,-0.0037785732159803243,0.014612153301266055,0.012971139804098376,-0.0016410134971676787,7.002642246416022,7.0002476925853685,-0.0023945538306531233,0.9950928611353912,0.9959022224186735,0.9910261440518836,0.9934336276171064,0.996671024673093,0.9967971507779438,0.0001261261048508544,0.0032006151903888258,0.001958084738165373,0.0016003075951944129,0.00017136277687108002,False,1,0.00012280421504077207,0.00012290409815817727,9.988311740519954e-08,2.686331296771099e-07,3.2429696040035467e-07,5.566383072324478e-08,1.43788952738497e-07,1.847788381485664e-07,4.098988541006938e-08,2.2050750079879194e-08,3.4180648153967006e-08,1.2129898074087812e-08,1.9653619612462356e-07,3.4521231739008206e-07,1.486761212654585e-07,0.0007066894644984099,0.0014972784335577013,0.0007905889690592914,0.9950928611353912,0.9959022224186735,0.0008093612832823505,0.004066717083507606,0.002468594801567151,-0.0015981222819404554,9.46964424115296e-06,7.380964797861664e-06,-2.0886794432912964e-06,8.274482922090164e-07,7.308144816497036e-07,-9.663381055931279e-08
pccv1_n09_row_r00,9,row,0,18,13,L18H13,1.5,7,7,False,False,-11.570754051208496,-11.199566841125488,0.3711872100830078,-11.5625,-11.1875,0.375,0.033645726368038954,0.04849263193614793,0.014846905568108977,0.014612153301266055,0.02106008246283445,0.006447929161568394,7.002642246416022,7.006660652602672,0.004018406186649948,0.9950928611353912,0.9920090651477856,0.9910261440518836,0.9844349824694191,0.996671024673093,0.9959642638070427,-0.00070676086605026,0.007023477541221653,0.00468852055050924,0.0035117387706108264,0.00031391078857297784,False,1,0.00012280421504077207,0.0001080384869703198,-1.476572807045226e-05,2.686331296771099e-07,2.0856334404363733e-07,-6.006978563347256e-08,1.43788952738497e-07,1.1163591346949495e-07,-3.215303926900205e-08,2.2050750079879194e-08,1.7663366463147777e-08,-4.387383616731417e-09,1.9653619612462356e-07,1.2650006265466026e-07,-7.00361334699633e-08,0.0007066894644984099,0.00029367905590562966,-0.0004130104085927803,0.9950928611353912,0.9920090651477856,-0.003083795987605553,0.004066717083507606,0.007574082678366533,0.003507365594858927,9.46964424115296e-06,1.3735552225839783e-05,4.265907984686823e-06,8.274482922090164e-07,9.347160594735269e-07,1.0726776726451058e-07
pccv1_n09_row_r01,9,row,1,18,13,L18H13,1.0,7,7,False,False,-10.526613235473633,-10.526613235473633,0.0,-10.5,-10.5,0.0,0.10419114514910503,0.10419114514910503,0.0,0.04524963940143708,0.04524963940143708,0.0,7.019056330270331,7.019056330270331,0.0,0.9791552969433917,0.9791552969433917,0.9588335770798057,0.9588335770798057,0.9944669658811343,0.9944669658811343,0.0,0.0,0.0,0.0,0.0,False,0,0.00016516509296035203,0.00016516509296035203,0.0,4.358075801699413e-07,4.358075801699413e-07,0.0,2.1913781322854897e-07,2.1913781322854897e-07,0.0,4.889625536026284e-08,4.889625536026284e-08,0.0,3.394072847048044e-07,3.394072847048044e-07,0.0,0.0003284700090372945,0.0003284700090372945,0.0,0.9791552969433917,0.9791552969433917,0.0,0.02032171986358595,0.02032171986358595,0.0,2.6962460239818343e-05,2.6962460239818343e-05,0.0,1.342381851325649e-06,1.342381851325649e-06,0.0
pccv1_n09_row_r01,9,row,1,18,13,L18H13,0.5,7,7,False,False,-10.526613235473633,-11.015582084655762,-0.4889688491821289,-10.5,-11.0,-0.5,0.10419114514910503,0.06235947280454468,-0.04183167234456035,0.04524963940143708,0.02708237493340965,-0.018167264468027428,7.019056330270331,7.007962041964081,-0.011094288306249922,0.9791552969433917,0.989401023921109,0.9588335770798057,0.9797012775904975,0.9944669658811343,0.9950854418270687,0.0006184759459344491,0.021265522622082787,0.014762842437121946,0.010632761311041393,0.0010090410386951127,False,1,0.00016516509296035203,0.00017765705110380382,1.2491958143451786e-05,4.358075801699413e-07,5.654434506177232e-07,1.296358704477819e-07,2.1913781322854897e-07,2.843228225274436e-07,6.518500929889465e-08,4.889625536026284e-08,5.959730122869286e-08,1.070104586843002e-08,3.394072847048044e-07,4.990020937568864e-07,1.5959480905208198e-07,0.0003284700090372945,0.0007026472674833658,0.0003741772584460713,0.9791552969433917,0.989401023921109,0.010245726977717307,0.02032171986358595,0.009699746330611452,-0.0106219735329745,2.6962460239818343e-05,1.652467986309305e-05,-1.0437780376725292e-05,1.342381851325649e-06,9.923841612543357e-07,-3.499976900713133e-07
pccv1_n09_row_r01,9,row,1,18,13,L18H13,1.5,7,7,False,False,-10.526613235473633,-10.102096557617188,0.4245166778564453,-10.5,-10.0625,0.4375,0.10419114514910503,0.14884542443979687,0.04465427929069184,0.04524963940143708,0.06464274649075119,0.01939310708931411,7.019056330270331,7.032121242348648,0.013064912078316837,0.9791552969433917,0.9665648691777238,0.9588335770798057,0.9334908381283005,0.9944669658811343,0.9944259922268692,-4.0973654265030746e-05,0.025533656094449887,0.01792107604002338,0.012766828047224944,0.0008024508236156875,False,1,0.00016516509296035203,0.0001438834638330922,-2.128162912725984e-05,4.358075801699413e-07,3.566514491625725e-07,-7.915613100736884e-08,2.1913781322854897e-07,1.909017641621266e-07,-2.8236049066422373e-08,4.889625536026284e-08,4.5343143390556285e-08,-3.5531119697065563e-09,3.394072847048044e-07,2.4512271727469953e-07,-9.428456743010487e-08,0.0003284700090372945,0.00017355658646694546,-0.00015491342257034903,0.9791552969433917,0.9665648691777238,-0.012590427765667878,0.02032171986358595,0.03307403104942335,0.0127523111858374,2.6962460239818343e-05,4.1223302577040586e-05,1.4260842337222243e-05,1.342381851325649e-06,1.598400901632133e-06,2.560190503064841e-07
pccv1_n09_row_r02,9,row,2,18,13,L18H13,1.0,7,7,False,False,-11.392704963684082,-11.392704963684082,0.0,-11.375,-11.375,0.0,0.06326493746333912,0.06326493746333912,0.0,0.02747561323828249,0.02747561323828249,0.0,7.010204598529912,7.010204598529912,0.0,0.9887383414122651,0.9887383414122651,0.9777544506002889,0.9777544506002889,0.9936405869132336,0.9936405869132336,0.0,0.0,0.0,0.0,0.0,False,0,0.0001076822764717485,0.0001076822764717485,0.0,3.219641763350618e-07,3.219641763350618e-07,0.0,2.355540233676637e-07,2.355540233676637e-07,0.0,3.2890711271585594e-08,3.2890711271585594e-08,0.0,1.9528114427633966e-07,1.9528114427633966e-07,0.0,0.0001566767877729376,0.0001566767877729376,0.0,0.9887383414122651,0.9887383414122651,0.0,0.010983890811976293,0.010983890811976293,0.0,1.1349628439178581e-05,1.1349628439178581e-05,0.0,1.273393019437099e-06,1.273393019437099e-06,0.0
pccv1_n09_row_r02,9,row,2,18,13,L18H13,0.5,7,7,False,False,-11.392704963684082,-11.948816299438477,-0.5561113357543945,-11.375,-11.9375,-0.5625,0.06326493746333912,0.03652504348179926,-0.026739893981539864,0.02747561323828249,0.015862624835421755,-0.011612988402860736,7.010204598529912,7.004286265301582,-0.005918333228329686,0.9887383414122651,0.9943709029217104,0.9777544506002889,0.9891529233130181,0.9936405869132336,0.9943444407369562,0.0007038538237225112,0.011542066385420264,0.008061666502850222,0.005771033192710132,0.000539434535914727,False,1,0.0001076822764717485,0.00010829571181687518,6.134353451266769e-07,3.219641763350618e-07,3.6691155952504913e-07,4.4947383189987344e-08,2.355540233676637e-07,2.68438231389712e-07,3.28842080220483e-08,3.2890711271585594e-08,3.867219385672451e-08,5.781482585138915e-09,1.9528114427633966e-07,2.68438231389712e-07,7.315708711337234e-08,0.0001566767877729376,0.0002943782655318493,0.0001377014777589117,0.9887383414122651,0.9943709029217104,0.005632561509445244,0.010983890811976293,0.005217979608692282,-0.0057659112032840115,1.1349628439178581e-05,6.503663007648415e-06,-4.845965431530166e-06,1.273393019437099e-06,9.973690249085102e-07,-2.760239945285888e-07
pccv1_n09_row_r02,9,row,2,18,13,L18H13,1.5,7,7,False,False,-11.392704963684082,-10.783829689025879,0.6088752746582031,-11.375,-10.75,0.625,0.06326493746333912,0.12253258662093827,0.05926764915759915,0.02747561323828249,0.05321522622280571,0.02573961298452322,7.010204598529912,7.025316494472716,0.015111895942804487,0.9887383414122651,0.9738422211459707,0.9777544506002889,0.9478902050043991,0.9936405869132336,0.9927026776432477,-0.000937909269985937,0.029956661803776437,0.02111740558021989,0.014978330901888218,0.0015958679265582671,False,1,0.0001076822764717485,9.963411030410751e-05,-8.048166167640996e-06,3.219641763350618e-07,2.7985171059889175e-07,-4.211246573617004e-08,2.355540233676637e-07,2.1794873135828905e-07,-1.7605292009374648e-08,3.2890711271585594e-08,3.448449690172113e-08,1.5937856301355384e-09,1.9528114427633966e-07,1.6973864265125476e-07,-2.55425016250849e-08,0.0001566767877729376,8.2599578606103e-05,-7.407720916683461e-05,0.9887383414122651,0.9738422211459707,-0.014896120266294388,0.010983890811976293,0.0259520161415716,0.014968125329595306,1.1349628439178581e-05,2.0884444068409464e-05,9.534815629230883e-06,1.273393019437099e-06,1.9425558974717773e-06,6.691628780346783e-07
pccv1_n09_row_r03,9,row,3,18,13,L18H13,1.0,7,7,False,False,-11.4469575881958,-11.4469575881958,0.0,-11.4375,-11.4375,0.0,0.039012921067422233,0.039012921067422233,0.0,0.016943096342508596,0.016943096342508596,0.0,7.000995613436292,7.000995613436292,0.0,0.9943663854281803,0.9943663854281803,0.9907801402788019,0.9907801402788019,0.9961988986968748,0.9961988986968748,0.0,0.0,0.0,0.0,0.0,False,0,0.0001152796614280362,0.0001152796614280362,0.0,3.2379684376593474e-07,3.2379684376593474e-07,0.0,1.8449388027991167e-07,1.8449388027991167e-07,0.0,3.7482205251109866e-08,3.7482205251109866e-08,0.0,4.1576337723872986e-07,4.1576337723872986e-07,0.0,0.0019195787016756274,0.0019195787016756274,0.0,0.9943663854281803,0.9943663854281803,0.0,0.0035862451493784845,0.0035862451493784845,0.0,1.0722678824107013e-05,1.0722678824107013e-05,0.0,8.268442067947395e-07,8.268442067947395e-07,0.0
pccv1_n09_row_r03,9,row,3,18,13,L18H13,0.5,7,7,False,False,-11.4469575881958,-11.760848045349121,-0.3138904571533203,-11.4375,-11.75,-0.3125,0.039012921067422233,0.04632798248270841,0.007315061415286178,0.016943096342508596,0.020119987149950773,0.0031768908074421773,7.000995613436292,6.9967529676491305,-0.004242645787161159,0.9943663854281803,0.9930796634378701,0.9907801402788019,0.9884807922205648,0.9961988986968748,0.9961039812309949,-9.49174658799734e-05,0.0054071064962597,0.003291491798856819,0.00270355324812985,0.0003722459123259299,False,1,0.0001152796614280362,0.0001388738774588335,2.3594216030797314e-05,3.2379684376593474e-07,4.7051199074136555e-07,1.467151469754308e-07,1.8449388027991167e-07,2.680896511543851e-07,8.359577087447344e-08,3.7482205251109866e-08,6.36768735332052e-08,2.6194668282095334e-08,4.1576337723872986e-07,8.257742605062945e-07,4.100108832675646e-07,0.0019195787016756274,0.004598871217305324,0.0026792925156296967,0.9943663854281803,0.9930796634378701,-0.0012867219903102134,0.0035862451493784845,0.0021723529434183896,-0.0014138922059600948,1.0722678824107013e-05,7.834728044148031e-06,-2.8879507799589815e-06,8.268442067947395e-07,7.757431272547511e-07,-5.11010795399884e-08
pccv1_n09_row_r03,9,row,3,18,13,L18H13,1.5,7,7,False,False,-11.4469575881958,-11.260912895202637,0.18604469299316406,-11.4375,-11.25,0.1875,0.039012921067422233,0.04126905760090776,0.0022561365334855255,0.016943096342508596,0.01792292398942169,0.000979827646913095,7.000995613436292,7.003598859376604,0.0026032459403122488,0.9943663854281803,0.9937420703657985,0.9907801402788019,0.9885273905675134,0.9961988986968748,0.9953753408577768,-0.0008235578390980436,0.003276096992048114,0.0020170805259647913,0.001638048496024057,0.0001688557351369835,False,1,0.0001152796614280362,0.00012263751421653454,7.357852788498351e-06,3.2379684376593474e-07,2.5201490797557756e-07,-7.178193579035718e-08,1.8449388027991167e-07,1.348938596510895e-07,-4.960002062882216e-08,3.7482205251109866e-08,2.202081724563445e-08,-1.5461388005475416e-08,4.1576337723872986e-07,2.2240237569358903e-07,-1.9336100154514083e-07,0.0019195787016756274,0.0009061754723793787,-0.0010134032292962486,0.9943663854281803,0.9937420703657985,-0.0006243150623818083,0.0035862451493784845,0.00521467979828513,0.0016284346489066452,1.0722678824107013e-05,1.2925898900617352e-05,2.203220076510339e-06,8.268442067947395e-07,8.796184592279512e-07,5.277425243321175e-08
pccv1_n09_row_r04,9,row,4,18,13,L18H13,1.0,7,7,False,False,-11.26193618774414,-11.26193618774414,0.0,-11.25,-11.25,0.0,0.04654166773102685,0.04654166773102685,0.0,0.0202127894741596,0.0202127894741596,0.0,7.005220916041398,7.005220916041398,0.0,0.9925909848657133,0.9925909848657133,0.9859029594179181,0.9859029594179181,0.9955104940313273,0.9955104940313273,0.0,0.0,0.0,0.0,0.0,False,0,0.00015728728275976952,0.00015728728275976952,0.0,3.898761945027157e-07,3.898761945027157e-07,0.0,1.9604206209510601e-07,1.9604206209510601e-07,0.0,2.7373605295597545e-08,2.7373605295597545e-08,0.0,1.9604206209510601e-07,1.9604206209510601e-07,0.0,0.0005489865596788709,0.0005489865596788709,0.0,0.9925909848657133,0.9925909848657133,0.0,0.006688025447795221,0.006688025447795221,0.0,1.2910926388892462e-05,1.2910926388892462e-05,0.0,9.955837402318259e-07,9.955837402318259e-07,0.0
pccv1_n09_row_r04,9,row,4,18,13,L18H13,0.5,7,7,False,False,-11.26193618774414,-11.696374893188477,-0.43443870544433594,-11.25,-11.6875,-0.4375,0.04654166773102685,0.03570462923663517,-0.01083703849439168,0.0202127894741596,0.015506323455872169,-0.00470646601828743,7.005220916041398,7.001211162879121,-0.004009753162276475,0.9925909848657133,0.9949029173726857,0.9859029594179181,0.9913147371869748,0.9955104940313273,0.9962424357370985,0.0007319417057711775,0.006209238536633168,0.003943226927570215,0.003104619268316584,0.00032067359521934885,False,1,0.00015728728275976952,0.00017864497222219996,2.135768946243043e-05,3.898761945027157e-07,4.713758316496843e-07,8.149963714696862e-08,1.9604206209510601e-07,2.5230930101813706e-07,5.6267238923031046e-08,2.7373605295597545e-08,3.869288449230349e-08,1.1319279196705942e-08,1.9604206209510601e-07,3.4486592554263014e-07,1.4882386344752413e-07,0.0005489865596788709,0.0013200177215417432,0.0007710311618628723,0.9925909848657133,0.9949029173726857,0.0023119325069723695,0.006688025447795221,0.0035881801857108324,-0.003099845262084389,1.2910926388892462e-05,8.355336536597355e-06,-4.555589852295106e-06,9.955837402318259e-07,7.771673601347973e-07,-2.184163800970286e-07
pccv1_n09_row_r04,9,row,4,18,13,L18H13,1.5,7,7,False,False,-11.26193618774414,-10.708890914916992,0.5530452728271484,-11.25,-10.6875,0.5625,0.04654166773102685,0.08525487940673165,0.0387132116757048,0.0202127894741596,0.03702572368167074,0.01681293420751114,7.005220916041398,7.014991535377247,0.009770619335848885,0.9925909848657133,0.9837270002890521,0.9859029594179181,0.9678265342436474,0.9955104940313273,0.9950282128895367,-0.0004822811417906081,0.018444516112519075,0.01278845035128955,0.009222258056259537,0.0010134893964456344,False,1,0.00015728728275976952,0.00012140155638044889,-3.588572637932064e-05,3.898761945027157e-07,3.0092437212872127e-07,-8.895182237399443e-08,1.9604206209510601e-07,1.5131427688739957e-07,-4.4727785207706444e-08,2.7373605295597545e-08,2.249085940028327e-08,-4.882745895314275e-09,1.9604206209510601e-07,1.2544394153606578e-07,-7.059812055904023e-08,0.0005489865596788709,0.00022680796693375365,-0.0003221785927451172,0.9925909848657133,0.9837270002890521,-0.008863984576661155,0.006688025447795221,0.015900466045404744,0.009212440597609523,1.2910926388892462e-05,2.2457029850180963e-05,9.546103461288502e-06,9.955837402318259e-07,1.2669389288683014e-06,2.713551886364755e-07
pccv1_n09_row_r05,9,row,5,18,13,L18H13,1.0,7,7,False,False,-10.65511703491211,-10.65511703491211,0.0,-10.625,-10.625,0.0,0.101527739892892,0.101527739892892,0.0,0.04409293719559164,0.04409293719559164,0.0,7.01962166950587,7.01962166950587,0.0,0.9794596340656627,0.9794596340656627,0.9591315978866136,0.9591315978866136,0.990680915036581,0.990680915036581,0.0,0.0,0.0,0.0,0.0,False,0,0.00011355148027142663,0.00011355148027142663,0.0,2.996189748985554e-07,2.996189748985554e-07,0.0,1.603744805155962e-07,1.603744805155962e-07,0.0,3.157960761832843e-08,3.157960761832843e-08,0.0,1.248997710102161e-07,1.248997710102161e-07,0.0,7.331434591095247e-05,7.331434591095247e-05,0.0,0.9794596340656627,0.9794596340656627,0.0,0.020328036179049075,0.020328036179049075,0.0,2.3801683292754254e-05,2.3801683292754254e-05,0.0,1.045772978959109e-06,1.045772978959109e-06,0.0
pccv1_n09_row_r05,9,row,5,18,13,L18H13,0.5,7,7,False,False,-10.65511703491211,-11.082228660583496,-0.4271116256713867,-10.625,-11.0625,-0.4375,0.101527739892892,0.06342180188060381,-0.03810593801228819,0.04409293719559164,0.02754373858910751,-0.016549198606484128,7.01962166950587,7.010087584570591,-0.00953408493527963,0.9794596340656627,0.9887220915864714,0.9591315978866136,0.9777383812937536,0.990680915036581,0.9916486588383151,0.0009677438017341444,0.018705676687952384,0.013157330186102977,0.009352838343976192,0.000725822223217143,False,1,0.00011355148027142663,0.0001298874844825163,1.6336004211089675e-05,2.996189748985554e-07,3.648272123560144e-07,6.520823745745904e-08,1.603744805155962e-07,1.952779348482813e-07,3.490345433268509e-08,3.157960761832843e-08,3.845250528139054e-08,6.872897663062104e-09,1.248997710102161e-07,1.952779348482813e-07,7.03781638380652e-08,7.331434591095247e-05,0.0001471818021141048,7.386745620315232e-05,0.9794596340656627,0.9887220915864714,0.009262457520808676,0.020328036179049075,0.010983710292717804,-0.009344325886331271,2.3801683292754254e-05,1.551284781244441e-05,-8.288835480309843e-06,1.045772978959109e-06,8.221508143662991e-07,-2.2362216459280988e-07
pccv1_n09_row_r05,9,row,5,18,13,L18H13,1.5,7,7,False,False,-10.65511703491211,-10.116326332092285,0.5387907028198242,-10.625,-10.0625,0.5625,0.101527739892892,0.17657527907403436,0.07504753918114236,0.04409293719559164,0.07668566934237984,0.032592732146788206,7.01962166950587,7.04145363947136,0.02183196996548986,0.9794596340656627,0.9577231775549606,0.9591315978866136,0.9156437578731295,0.990680915036581,0.9894267232049891,-0.001254191831591811,0.04353774274209373,0.03075056768653413,0.021768871371046866,0.0019997325259871264,False,1,0.00011355148027142663,0.00011103151239648687,-2.5199678749397616e-06,2.996189748985554e-07,2.752196030313496e-07,-2.4399371867205806e-08,1.603744805155962e-07,1.473144378749896e-07,-1.3060042640606603e-08,3.157960761832843e-08,3.2870294115222345e-08,1.2906864968939127e-09,1.248997710102161e-07,1.0124763376259909e-07,-2.3652137247617006e-08,7.331434591095247e-05,4.348056499289902e-05,-2.9833780918053445e-05,0.9794596340656627,0.9577231775549606,-0.021736456510702107,0.020328036179049075,0.04207941968183115,0.021751383502782072,2.3801683292754254e-05,4.084621073283967e-05,1.7044527440085414e-05,1.045772978959109e-06,1.487823117185103e-06,4.4205013822599404e-07
pccv1_n10_dense_r00,10,dense,0,18,13,L18H13,1.0,8,8,False,False,-11.644145011901855,-11.644145011901855,0.0,-11.0,-11.0,0.0,0.7003385222482265,0.7003385222482265,0.0,0.3041531556766825,0.3041531556766825,0.0,7.531162236916776,7.531162236916776,0.0,0.5306008614359985,0.5306008614359985,0.062347244710011684,0.062347244710011684,0.9896539645868643,0.9896539645868643,0.0,0.0,0.0,0.0,0.0,False,0,0.00013862401556179098,0.00013862401556179098,0.0,3.0626034172463605e-06,3.0626034172463605e-06,0.0,3.6942048838626253e-06,3.6942048838626253e-06,0.0,1.199332730473267e-06,1.199332730473267e-06,0.0,2.8770496563784207e-06,2.8770496563784207e-06,0.0,0.0001894765640277227,0.0001894765640277227,0.0,0.4682536167259868,0.4682536167259868,0.0,0.5306008614359985,0.5306008614359985,0.0,0.0007977261309105423,0.0007977261309105423,0.0,8.861936826750644e-06,8.861936826750644e-06,0.0
pccv1_n10_dense_r00,10,dense,0,18,13,L18H13,0.5,8,7,False,False,-11.644145011901855,-11.835570335388184,-0.19142532348632812,-11.0,-11.4375,-0.4375,0.7003385222482265,0.6356057589925398,-0.06473276325568667,0.3041531556766825,0.2760400737963882,-0.02811308188029432,7.531162236916776,7.31975737273414,-0.2114048641826365,0.5306008614359985,0.6785307309455785,0.062347244710011684,0.3580155086399746,0.9896539645868643,0.9898071944451203,0.00015322985825605429,0.4209193139714113,0.29724164496319894,0.21045965698570565,0.022831717116583355,True,1,0.00013862401556179098,0.0002138308003472474,7.520678478545643e-05,3.0626034172463605e-06,4.169036899188643e-06,1.1064334819422826e-06,3.6942048838626253e-06,5.028818418753589e-06,1.3346135348909635e-06,1.199332730473267e-06,1.737913141910004e-06,5.38580411436737e-07,2.8770496563784207e-06,4.4379166782104056e-06,1.5608670218319848e-06,0.0001894765640277227,0.00029227205090617673,0.00010279548687845404,0.4682536167259868,0.6785307309455785,0.21027711421959167,0.5306008614359985,0.32051522230560386,-0.21008563913039463,0.0007977261309105423,0.00042525332480134104,-0.00037247280610920125,8.861936826750644e-06,7.31688762496035e-06,-1.5450492017902941e-06
pccv1_n10_dense_r00,10,dense,0,18,13,L18H13,1.5,8,8,False,False,-11.644145011901855,-11.299674987792969,0.3444700241088867,-11.0,-11.0625,-0.0625,0.7003385222482265,0.517027088365483,-0.1833114338827435,0.3041531556766825,0.2245420114716342,-0.0796111442050483,7.531162236916776,7.799508560857874,0.26834632394109814,0.5306008614359985,0.7966202534815847,0.062347244710011684,0.5952031105814262,0.9896539645868643,0.9902498860611786,0.0005959214743143093,0.5339358050321726,0.376787634881137,0.2669679025160863,0.04085182688853262,False,1,0.00013862401556179098,8.150247389404707e-05,-5.712154166774391e-05,3.0626034172463605e-06,1.916754467676216e-06,-1.1458489495701443e-06,3.6942048838626253e-06,2.619892730334235e-06,-1.0743121535283901e-06,1.199332730473267e-06,9.638046735644828e-07,-2.3552805690878422e-07,2.8770496563784207e-06,1.916754467676216e-06,-9.602951887022046e-07,0.0001894765640277227,0.00011858539978598259,-7.08911642417401e-05,0.4682536167259868,0.20141714290015855,-0.26683647382582826,0.5306008614359985,0.7966202534815847,0.2660193920455862,0.0007977261309105423,0.001742599729055565,0.0009448735981450228,8.861936826750644e-06,1.2498809181801239e-05,3.6368723550505946e-06
pccv1_n10_dense_r01,10,dense,1,18,13,L18H13,1.0,8,8,False,False,-11.537863731384277,-11.537863731384277,0.0,-10.9375,-10.9375,0.0,0.6975769412072983,0.6975769412072983,0.0,0.30295381626927875,0.30295381626927875,0.0,7.559328847417007,7.559328847417007,0.0,0.5613190604874088,0.5613190604874088,0.12416333662690954,0.12416333662690954,0.9773623405785656,0.9773623405785656,0.0,0.0,0.0,0.0,0.0,False,0,0.00048084489674170256,0.00048084489674170256,0.0,9.374982996122506e-06,9.374982996122506e-06,0.0,8.27339345586136e-06,8.27339345586136e-06,0.0,2.3703669114159852e-06,2.3703669114159852e-06,0.0,5.3417042933350535e-06,5.3417042933350535e-06,0.0,0.00035179364155546374,0.00035179364155546374,0.0,0.4371557238604992,0.4371557238604992,0.0,0.5613190604874088,0.5613190604874088,0.0,0.0006572370486863555,0.0006572370486863555,0.0,9.97961745182156e-06,9.97961745182156e-06,0.0
pccv1_n10_dense_r01,10,dense,1,18,13,L18H13,0.5,8,7,False,False,-11.537863731384277,-11.995318412780762,-0.4574546813964844,-10.9375,-11.625,-0.6875,0.6975769412072983,0.6174599152804657,-0.08011702592683256,0.30295381626927875,0.2681594340027556,-0.03479438226652315,7.559328847417007,7.290011943667521,-0.2693169037494858,0.5613190604874088,0.7047800851252863,0.12416333662690954,0.4109840354107684,0.9773623405785656,0.9797590653870429,0.002396724808477302,0.5357606961967339,0.3784065530653546,0.26788034809836697,0.037148047306074586,True,1,0.00048084489674170256,0.0006426762493077254,0.00016183135256602285,9.374982996122506e-06,1.1057855685460828e-05,1.6828726893383218e-06,8.27339345586136e-06,8.611866666927478e-06,3.384732110661174e-07,2.3703669114159852e-06,2.795863761979133e-06,4.2549685056314795e-07,5.3417042933350535e-06,7.139488228770071e-06,1.7977839354350173e-06,0.00035179364155546374,0.0004417044958827936,8.991085432732987e-05,0.4371557238604992,0.7047800851252863,0.2676243612647871,0.5613190604874088,0.29379604971451795,-0.2675230107728908,0.0006572370486863555,0.00030357876441401515,-0.00035365828427234034,9.97961745182156e-06,6.300576247928767e-06,-3.6790412038927934e-06
pccv1_n10_dense_r01,10,dense,1,18,13,L18H13,1.5,8,8,False,False,-11.537863731384277,-11.435885429382324,0.10197830200195312,-10.9375,-11.1875,-0.25,0.6975769412072983,0.5159583374264071,-0.18161860378089123,0.30295381626927875,0.22407785883626463,-0.07887595743301412,7.559328847417007,7.797500886947869,0.23817203953086263,0.5613190604874088,0.7968431883194448,0.12416333662690954,0.5953696786649909,0.9773623405785656,0.9789368524349129,0.0015745118563472715,0.472131899386126,0.33319376757294794,0.236065949693063,0.03259780137823091,False,1,0.00048084489674170256,0.0002511155485502474,-0.00022972934819145518,9.374982996122506e-06,4.89597376133777e-06,-4.479009234784736e-06,8.27339345586136e-06,5.2117369399512865e-06,-3.061656515910074e-06,2.3703669114159852e-06,1.493187633269492e-06,-8.771792781464931e-07,5.3417042933350535e-06,3.364950275409359e-06,-1.9767540179256946e-06,0.00035179364155546374,0.00020818210177599912,-0.00014361153977946462,0.4371557238604992,0.20147350965445388,-0.23568221420604535,0.5613190604874088,0.7968431883194448,0.23552412783203602,0.0006572370486863555,0.0011980052799766617,0.0005407682312903062,9.97961745182156e-06,1.1033247188457763e-05,1.0536297366362029e-06
pccv1_n10_dense_r02,10,dense,2,18,13,L18H13,1.0,7,7,False,False,-11.462589263916016,-11.462589263916016,0.0,-11.0625,-11.0625,0.0,0.6367485692534725,0.6367485692534725,0.0,0.27653638998657365,0.27653638998657365,0.0,7.32042532296429,7.32042532296429,0.0,0.6784135019571259,0.6784135019571259,0.3579536547046787,0.3579536547046787,0.9879817303187792,0.9879817303187792,0.0,0.0,0.0,0.0,0.0,False,0,0.0001564149271841596,0.0001564149271841596,0.0,2.691267482993804e-06,2.691267482993804e-06,0.0,2.691267482993804e-06,2.691267482993804e-06,0.0,9.900619776866346e-07,9.900619776866346e-07,0.0,3.4556558512692877e-06,3.4556558512692877e-06,0.0,0.00033113040344733615,0.00033113040344733615,0.0,0.6784135019571259,0.6784135019571259,0.0,0.3204598472524472,0.3204598472524472,0.0,0.0006186330376233867,0.0006186330376233867,0.0,1.0644169377141844e-05,1.0644169377141844e-05,0.0
pccv1_n10_dense_r02,10,dense,2,18,13,L18H13,0.5,7,7,False,False,-11.462589263916016,-11.966635704040527,-0.5040464401245117,-11.0625,-11.8125,-0.75,0.6367485692534725,0.3995043341767014,-0.23724423507677106,0.27653638998657365,0.1735025278293741,-0.10303386215719956,7.32042532296429,7.13163489840802,-0.18879042455627015,0.6784135019571259,0.8662963456224917,0.3579536547046787,0.7334454982616718,0.9879817303187792,0.9894486524159447,0.0014669220971654795,0.3760384836657145,0.26551322931175003,0.18801924183285726,0.025790543000050462,False,1,0.0001564149271841596,0.00019973317074253774,4.3318243558378145e-05,2.691267482993804e-06,3.228386024374219e-06,5.371185413804153e-07,2.691267482993804e-06,3.032788003101606e-06,3.4152052010780224e-07,9.900619776866346e-07,1.0481034883983038e-06,5.8041510711669175e-08,3.4556558512692877e-06,3.894176879408123e-06,4.385210281388352e-07,0.00033113040344733615,0.00042283512578005454,9.17047223327184e-05,0.6784135019571259,0.8662963456224917,0.18788284366536578,0.3204598472524472,0.1328508473608199,-0.1876089998916273,0.0006186330376233867,0.00021261485351752615,-0.0004060181841058605,1.0644169377141844e-05,6.42041225294882e-06,-4.2237571241930236e-06
pccv1_n10_dense_r02,10,dense,2,18,13,L18H13,1.5,7,8,False,False,-11.462589263916016,-11.037376403808594,0.4252128601074219,-11.0625,-10.5,0.5625,0.6367485692534725,0.6890526226673905,0.052304053413918083,0.27653638998657365,0.29925175176541124,0.022715361778837595,7.32042532296429,7.593766877749845,0.27334155478555466,0.6784135019571259,0.5915950428480621,0.3579536547046787,0.18499811251270315,0.9879817303187792,0.9876340958614378,-0.00034763445734142806,0.5439772526314242,0.38392613467758097,0.2719886263157121,0.03776336729518711,True,1,0.0001564149271841596,9.374493442161356e-05,-6.266999276254603e-05,2.691267482993804e-06,1.6129706943329717e-06,-1.0782967886608321e-06,2.691267482993804e-06,1.7169983665143409e-06,-9.74269116479463e-07,9.900619776866346e-07,8.63360998007934e-07,-1.2670097967870065e-07,3.4556558512692877e-06,2.4982178821918415e-06,-9.574379690774463e-07,0.00033113040344733615,0.00022488240711857456,-0.00010624799632876159,0.6784135019571259,0.40659693033535893,-0.271816571621767,0.3204598472524472,0.5915950428480621,0.2711351955956149,0.0006186330376233867,0.0014664175001646614,0.0008477844625412748,1.0644169377141844e-05,1.629042693294716e-05,5.6462575558053165e-06
pccv1_n10_dense_r03,10,dense,3,18,13,L18H13,1.0,8,8,False,False,-10.888829231262207,-10.888829231262207,0.0,-10.75,-10.75,0.0,0.38975325338584554,0.38975325338584554,0.0,0.1692676872493126,0.1692676872493126,0.0,7.884295411433734,7.884295411433734,0.0,0.8774697712238776,0.8774697712238776,0.7587171512037284,0.7587171512037284,0.9919162498412106,0.9919162498412106,0.0,0.0,0.0,0.0,0.0,False,0,4.2406335997669114e-05,4.2406335997669114e-05,0.0,1.3631494369708822e-06,1.3631494369708822e-06,0.0,2.546698424996861e-06,2.546698424996861e-06,0.0,1.2029751558867386e-06,1.2029751558867386e-06,0.0,2.546698424996861e-06,2.546698424996861e-06,0.0,0.0001227068018500403,0.0001227068018500403,0.0,0.11875262002014922,0.11875262002014922,0.0,0.8774697712238776,0.8774697712238776,0.0,0.0035860183991533417,0.0035860183991533417,0.0,1.8817697529360135e-05,1.8817697529360135e-05,0.0
pccv1_n10_dense_r03,10,dense,3,18,13,L18H13,0.5,8,8,False,False,-10.888829231262207,-11.13644790649414,-0.2476186752319336,-10.75,-10.8125,-0.0625,0.38975325338584554,0.5986033214701861,0.2088500680843406,0.1692676872493126,0.25997011936346015,0.09070243211414755,7.884295411433734,7.732852771832113,-0.15144263960162085,0.8774697712238776,0.7293383243729571,0.7587171512037284,0.4610297491777175,0.9919162498412106,0.9917043133433481,-0.00021193649786255264,0.29934605675168463,0.21050482687706112,0.14967302837584232,0.018362426952125067,False,1,4.2406335997669114e-05,6.186118957093112e-05,1.9454853573262006e-05,1.3631494369708822e-06,2.1167735036385217e-06,7.536240666676395e-07,2.546698424996861e-06,3.715053195290955e-06,1.1683547702940938e-06,1.2029751558867386e-06,1.75486687110908e-06,5.518917152223414e-07,2.546698424996861e-06,4.48120954236802e-06,1.934511117371159e-06,0.0001227068018500403,0.0002159167673591113,9.320996550907102e-05,0.11875262002014922,0.2683085751952396,0.14955595517509038,0.8774697712238776,0.7293383243729571,-0.1481314468509205,0.0035860183991533417,0.002048561251343727,-0.0015374571478096147,1.8817697529360135e-05,1.469332041710697e-05,-4.1243771122531644e-06
pccv1_n10_dense_r03,10,dense,3,18,13,L18H13,1.5,8,8,False,False,-10.888829231262207,-10.563899993896484,0.32492923736572266,-10.75,-10.5,0.25,0.38975325338584554,0.23807228510493708,-0.15168096828090846,0.1692676872493126,0.10339347971517189,-0.06587420753414071,7.884295411433734,7.960881337055513,0.0765859256217789,0.8774697712238776,0.944671837482482,0.7587171512037284,0.897639396124546,0.9919162498412106,0.9930415342367382,0.0011252843955276148,0.14359251174999405,0.09839179562919777,0.07179625587499702,0.00910378607974794,False,1,4.2406335997669114e-05,2.1565458350473103e-05,-2.084087764719601e-05,1.3631494369708822e-06,6.932205227558976e-07,-6.699289142149846e-07,2.546698424996861e-06,1.3786336282880774e-06,-1.1680647967087837e-06,1.2029751558867386e-06,7.855217629950221e-07,-4.174533928917165e-07,2.546698424996861e-06,1.562196563240541e-06,-9.8450186175632e-07,0.0001227068018500403,7.071041567894029e-05,-5.19963861711e-05,0.11875262002014922,0.04703244135793599,-0.07172017866221322,0.8774697712238776,0.944671837482482,0.06720206625860436,0.0035860183991533417,0.008173012804870344,0.004586994405717002,1.8817697529360135e-05,2.6012908204968944e-05,7.195210675608809e-06
pccv1_n10_dense_r04,10,dense,4,18,13,L18H13,1.0,7,7,False,False,-11.26409912109375,-11.26409912109375,0.0,-10.5625,-10.5625,0.0,0.7024569470927574,0.7024569470927574,0.0,0.305073175896989,0.305073175896989,0.0,7.500828666191535,7.500828666191535,0.0,0.4993958769049828,0.4993958769049828,0.0,0.0,0.9927830524815704,0.9927830524815704,0.0,0.0,0.0,0.0,0.0,False,0,5.78963533480404e-05,5.78963533480404e-05,0.0,1.1287991862934233e-06,1.1287991862934233e-06,0.0,1.6423931248849427e-06,1.6423931248849427e-06,0.0,8.258471266345205e-07,8.258471266345205e-07,0.0,2.244885237415733e-06,2.244885237415733e-06,0.0,0.00016752865323022486,0.00016752865323022486,0.0,0.4993958769049828,0.4993958769049828,0.0,0.4993958769049828,0.4993958769049828,0.0,0.000964060836186288,0.000964060836186288,0.0,1.2918422594558336e-05,1.2918422594558336e-05,0.0
pccv1_n10_dense_r04,10,dense,4,18,13,L18H13,0.5,7,7,False,False,-11.26409912109375,-11.726759910583496,-0.4626607894897461,-10.5625,-11.4375,-0.875,0.7024569470927574,0.5635269996576817,-0.1389299474350757,0.305073175896989,0.24473666635482683,-0.06033650954216219,7.500828666191535,7.244983045989956,-0.25584562020157886,0.4993958769049828,0.7543347386625178,0.0,0.5094381045416154,0.9927830524815704,0.9926859651386621,-9.708734290825305e-05,0.5101017539486501,0.3602276985238501,0.25505087697432505,0.035312965120780034,False,1,5.78963533480404e-05,8.215366844667785e-05,2.425731509863745e-05,1.1287991862934233e-06,1.601741538645083e-06,4.7294235235165976e-07,1.6423931248849427e-06,2.1893211069741943e-06,5.469279820892515e-07,8.258471266345205e-07,1.1008597869049212e-06,2.7501266027040075e-07,2.244885237415733e-06,3.185443414489869e-06,9.405581770741359e-07,0.00016752865323022486,0.00025305111374988274,8.552246051965787e-05,0.4993958769049828,0.7543347386625178,0.25493886175753494,0.4993958769049828,0.24489663412090232,-0.25449924278408054,0.000964060836186288,0.00041721075381378933,-0.0005468500823724988,1.2918422594558336e-05,8.134314722497304e-06,-4.784107872061032e-06
pccv1_n10_dense_r04,10,dense,4,18,13,L18H13,1.5,7,8,False,False,-11.26409912109375,-10.98288345336914,0.2812156677246094,-10.5625,-10.625,-0.0625,0.7024569470927574,0.6206690869231765,-0.08178786016958095,0.305073175896989,0.26955315953866527,-0.03552001635832375,7.500828666191535,7.7079355687356905,0.20710690254415542,0.4993958769049828,0.7042697300403811,0.0,0.4106864279773099,0.9927830524815704,0.992736489328081,-4.656315348938733e-05,0.41178427389121114,0.2904016936109455,0.20589213694560557,0.022362373933453635,True,1,5.78963533480404e-05,3.6231057790724076e-05,-2.1665295557316323e-05,1.1287991862934233e-06,7.519516149102287e-07,-3.7684757138319465e-07,1.6423931248849427e-06,1.0940831439026747e-06,-5.48309980982268e-07,8.258471266345205e-07,6.233897842233549e-07,-2.024573424111656e-07,2.244885237415733e-06,1.4048305647406661e-06,-8.40054672675067e-07,0.00016752865323022486,0.00011159951466111119,-5.5929138569113675e-05,0.4993958769049828,0.29358330206307115,-0.20581257484191168,0.4993958769049828,0.7042697300403811,0.20487385313539824,0.000964060836186288,0.0019781487291174724,0.0010140878929311844,1.2918422594558336e-05,1.7114339870764815e-05,4.195917276206478e-06
pccv1_n10_dense_r05,10,dense,5,18,13,L18H13,1.0,7,7,False,False,-11.88889217376709,-11.88889217376709,0.0,-11.1875,-11.1875,0.0,0.7003079126385724,0.7003079126385724,0.0,0.3041398620921165,0.3041398620921165,0.0,7.500057275351559,7.500057275351559,0.0,0.4995684174778314,0.4995684174778314,0.0,0.0,0.9926459198100019,0.9926459198100019,0.0,0.0,0.0,0.0,0.0,False,0,7.916227341951599e-05,7.916227341951599e-05,0.0,2.883485598525569e-06,2.883485598525569e-06,0.0,5.060674827970254e-06,5.060674827970254e-06,0.0,2.109603129723868e-06,2.109603129723868e-06,0.0,3.7024687971598956e-06,3.7024687971598956e-06,0.0,0.0001783949369857628,0.0001783949369857628,0.0,0.4995684174778314,0.4995684174778314,0.0,0.4995684174778314,0.4995684174778314,0.0,0.0005849344792156903,0.0005849344792156903,0.0,6.917122362812918e-06,6.917122362812918e-06,0.0
pccv1_n10_dense_r05,10,dense,5,18,13,L18H13,0.5,7,7,False,False,-11.88889217376709,-12.168624877929688,-0.27973270416259766,-11.1875,-11.8125,-0.625,0.7003079126385724,0.6117684138551002,-0.08853949878347223,0.3041398620921165,0.2656876463399748,-0.038452215752141694,7.500057275351559,7.2937546475048975,-0.20630262784666176,0.4995684174778314,0.7053179253315086,0.0,0.41129767046236054,0.9926459198100019,0.993006309231987,0.000360389421985019,0.41166195285581253,0.29083154907833786,0.20583097642790626,0.022314926427024998,False,1,7.916227341951599e-05,9.863280735497072e-05,1.947053393545473e-05,2.883485598525569e-06,3.5926997452815675e-06,7.092141467559983e-07,5.060674827970254e-06,5.923360489284652e-06,8.626856613143981e-07,2.109603129723868e-06,2.7979973749657215e-06,6.883942452418536e-07,3.7024687971598956e-06,5.22734728468568e-06,1.5248784875257843e-06,0.0001783949369857628,0.0002366078047384555,5.8212867752692704e-05,0.4995684174778314,0.7053179253315086,0.20574950785367724,0.4995684174778314,0.29402025486914807,-0.2055481626086833,0.0005849344792156903,0.0003038104350708671,-0.0002811240441448232,6.917122362812918e-06,5.22734728468568e-06,-1.6897750781272378e-06
pccv1_n10_dense_r05,10,dense,5,18,13,L18H13,1.5,7,8,False,False,-11.88889217376709,-11.60218334197998,0.2867088317871094,-11.1875,-11.3125,-0.125,0.7003079126385724,0.5669824312737698,-0.1333254813648026,0.3041398620921165,0.24623734123828792,-0.057902520853828604,7.500057275351559,7.755735484480414,0.2556782091288543,0.4995684174778314,0.7539145247067492,0.0,0.5091543140834056,0.9926459198100019,0.9928190462076145,0.00017312639761257742,0.5097938650467881,0.3600270400867393,0.25489693252339407,0.035296049271367896,True,1,7.916227341951599e-05,5.301284687811677e-05,-2.6149426541399223e-05,2.883485598525569e-06,2.1881015114343677e-06,-6.953840870912014e-07,5.060674827970254e-06,3.840237747544755e-06,-1.2204370804254994e-06,2.109603129723868e-06,1.6008492634871524e-06,-5.087538662367155e-07,3.7024687971598956e-06,2.479443842835038e-06,-1.2230249543248575e-06,0.0001783949369857628,0.00011946629460904328,-5.892864237671953e-05,0.4995684174778314,0.24476021062334366,-0.2548082068544877,0.4995684174778314,0.7539145247067492,0.2543461072289179,0.0005849344792156903,0.001133464644599185,0.0005485301653834947,6.917122362812918e-06,9.212251455544969e-06,2.295129092732051e-06
pccv1_n10_distractors_r00,10,distractors,0,18,13,L18H13,1.0,9,9,False,False,-2.566056489944458,-2.566056489944458,0.0,-2.375,-2.375,0.0,0.5438242532650202,0.5438242532650202,0.0,0.2361798723181547,0.2361798723181547,0.0,8.989075200352143,8.989075200352143,0.0,0.8485283852996834,0.8485283852996834,0.7696029509602843,0.7696029509602843,0.9735512510906119,0.9735512510906119,0.0,0.0,0.0,0.0,0.0,False,0,0.0023833416025198584,0.0023833416025198584,0.0,1.1037061275518359e-05,1.1037061275518359e-05,0.0,4.600931654628037e-06,4.600931654628037e-06,0.0,2.1733262250936587e-06,2.1733262250936587e-06,0.0,4.897666252211324e-06,4.897666252211324e-06,0.0,1.937064579075467e-05,1.937064579075467e-05,0.0,0.0004693077875360337,0.0004693077875360337,0.0,0.06965145133966359,0.06965145133966359,0.0,0.8485283852996834,0.8485283852996834,0.0,0.07892543433939911,0.07892543433939911,0.0
pccv1_n10_distractors_r00,10,distractors,0,18,13,L18H13,0.5,9,9,False,False,-2.566056489944458,-4.217778205871582,-1.651721715927124,-2.375,-3.75,-1.375,0.5438242532650202,0.7458373619660014,0.20201310870098121,0.2361798723181547,0.32391305069911264,0.08773317838095793,8.989075200352143,8.652726050641602,-0.3363491497105411,0.8485283852996834,0.6384303178997192,0.7696029509602843,0.2967031939308824,0.9735512510906119,0.9811446598303064,0.007593408739694496,0.5491994243651758,0.34965342867696,0.2745997121825879,0.06892032992400593,False,1,0.0023833416025198584,0.0017932193705258088,-0.0005901222319940496,1.1037061275518359e-05,1.0662872144982527e-05,-3.7418913053583125e-07,4.600931654628037e-06,4.444946417931125e-06,-1.559852366969117e-07,2.1733262250936587e-06,2.2350594213245895e-06,6.173319623093073e-08,4.897666252211324e-06,6.884467687896984e-06,1.98680143568566e-06,1.937064579075467e-05,5.415053289209647e-05,3.477988710134181e-05,0.0004693077875360337,0.002956518919217395,0.002487211131681361,0.06965145133966359,0.34172712396883675,0.27207567262917315,0.8485283852996834,0.6384303178997192,-0.21009806739996428,0.07892543433939911,0.015014441963136697,-0.06391099237626241
pccv1_n10_distractors_r00,10,distractors,0,18,13,L18H13,1.5,9,9,False,False,-2.566056489944458,-1.1139826774597168,1.4520738124847412,-2.375,-0.625,1.75,0.5438242532650202,0.7173078184209829,0.17348356515596275,0.2361798723181547,0.31152282736629255,0.07534295504813784,8.989075200352143,9.303776505026846,0.3147013046747027,0.8485283852996834,0.6427667205727432,0.7696029509602843,0.29871848751451,0.9735512510906119,0.9540785037479509,-0.019472747342661023,0.533138807346313,0.34101072181596975,0.2665694036731565,0.06520976183849611,False,1,0.0023833416025198584,0.0038220306300322943,0.0014386890275124358,1.1037061275518359e-05,1.467341185752108e-05,3.636350582002721e-06,4.600931654628037e-06,6.931228976086361e-06,2.330297321458324e-06,2.1733262250936587e-06,3.2740807376925477e-06,1.100754512598889e-06,4.897666252211324e-06,5.746190645951316e-06,8.48524393739992e-07,1.937064579075467e-05,1.5619765615750804e-05,-3.7508801750038647e-06,0.0004693077875360337,0.0001481962099880796,-0.00032111157754795413,0.06965145133966359,0.009168574851169974,-0.06048287648849362,0.8485283852996834,0.6427667205727432,-0.20576166472694024,0.07892543433939911,0.3440482330582332,0.26512279871883404
pccv1_n10_distractors_r01,10,distractors,1,18,13,L18H13,1.0,9,9,False,False,-4.058502197265625,-4.058502197265625,0.0,-3.75,-3.75,0.0,0.624297477495071,0.624297477495071,0.0,0.2711289495422289,0.2711289495422289,0.0,8.788107586438878,8.788107586438878,0.0,0.7619333525169738,0.7619333525169738,0.5436357921330947,0.5436357921330947,0.9640558614309214,0.9640558614309214,0.0,0.0,0.0,0.0,0.0,False,0,0.0012980447424301375,0.0012980447424301375,0.0,2.3539961350106462e-06,2.3539961350106462e-06,0.0,1.1836635911048995e-06,1.1836635911048995e-06,0.0,2.8114474569270714e-07,2.8114474569270714e-07,0.0,7.642306533832253e-07,7.642306533832253e-07,0.0,6.398824918062265e-06,6.398824918062265e-06,0.0,0.0005411055529624964,0.0005411055529624964,0.0,0.21829756038387918,0.21829756038387918,0.0,0.7619333525169738,0.7619333525169738,0.0,0.017918954943711186,0.017918954943711186,0.0
pccv1_n10_distractors_r01,10,distractors,1,18,13,L18H13,0.5,9,8,False,False,-4.058502197265625,-5.389087200164795,-1.33058500289917,-3.75,-4.875,-1.125,0.624297477495071,0.7144643630431606,0.0901668855480896,0.2711289495422289,0.31028793038616626,0.039158980843937374,8.788107586438878,8.374322304407073,-0.41378528203180487,0.7619333525169738,0.6171522513761104,0.5436357921330947,0.24283048920582118,0.9640558614309214,0.9690415828177095,0.0049857213867881,0.8023777498181512,0.5563341963135484,0.4011888749090756,0.08583657957564703,True,1,0.0012980447424301375,0.0009278508827531913,-0.00037019385967694616,2.3539961350106462e-06,2.299912395246275e-06,-5.408373976437103e-08,1.1836635911048995e-06,1.086401689748813e-06,-9.726190135608638e-08,2.8114474569270714e-07,2.924010480491087e-07,1.1256302356401542e-08,7.642306533832253e-07,1.2310543941480538e-06,4.6682374076482857e-07,6.398824918062265e-06,2.3228292341934252e-05,1.6829467423871985e-05,0.0005411055529624964,0.0028579819223398485,0.0023168763693773523,0.21829756038387918,0.6171522513761104,0.39885469099223125,0.7619333525169738,0.37432176217028923,-0.3876115903466846,0.017918954943711186,0.00471201558663815,-0.013206939357073035
pccv1_n10_distractors_r01,10,distractors,1,18,13,L18H13,1.5,9,9,False,False,-4.058502197265625,-2.9074034690856934,1.1510987281799316,-3.75,-2.75,1.0,0.624297477495071,0.42729585036574275,-0.19700162712932828,0.2711289495422289,0.18557222995399963,-0.08555671958822925,8.788107586438878,8.99427803345453,0.20617044701565135,0.7619333525169738,0.8911168902675798,0.5436357921330947,0.8341496933876011,0.9640558614309214,0.95875113160659,-0.005304729824331389,0.3369039639706208,0.21551219646531045,0.1684519819853104,0.0362934596318051,False,1,0.0012980447424301375,0.001518124374633879,0.0002200796322037416,2.3539961350106462e-06,2.4296103332899064e-06,7.56141982792602e-08,1.1836635911048995e-06,1.2216847977426674e-06,3.80212066377679e-08,2.8114474569270714e-07,2.901755738363075e-07,9.030828143600362e-09,7.642306533832253e-07,6.539207500396738e-07,-1.1030990334355143e-07,6.398824918062265e-06,2.753109190722634e-06,-3.645715727339631e-06,0.0005411055529624964,0.0001170651816538436,-0.00042404037130865276,0.21829756038387918,0.05027337479550804,-0.16802418558837115,0.7619333525169738,0.8911168902675798,0.12918353775060598,0.017918954943711186,0.0569671968799787,0.03904824193626751
pccv1_n10_distractors_r02,10,distractors,2,18,13,L18H13,1.0,10,10,True,True,-0.5923691391944885,-0.5923691391944885,0.0,1.0,1.0,0.0,0.6453550991102786,0.6453550991102786,0.0,0.28027415841172015,0.28027415841172015,0.0,9.701857729445692,9.701857729445692,0.0,0.7223993980980586,0.7223993980980586,0.45664351122315855,0.45664351122315855,0.7655261077989053,0.7655261077989053,0.0,0.0,0.0,0.0,0.0,False,0,0.001156129940147187,0.001156129940147187,0.0,2.5542237332587767e-05,2.5542237332587767e-05,0.0,9.396463996180739e-06,9.396463996180739e-06,0.0,4.169655622578918e-06,4.169655622578918e-06,0.0,8.292350371877173e-06,8.292350371877173e-06,0.0,2.5542237332587767e-05,2.5542237332587767e-05,0.0,0.0003111681520471053,0.0003111681520471053,0.0,0.010304473990190981,0.010304473990190981,0.0,0.2657558868749001,0.2657558868749001,0.0,0.7223993980980586,0.7223993980980586,0.0
pccv1_n10_distractors_r02,10,distractors,2,18,13,L18H13,0.5,10,9,True,False,-0.5923691391944885,-1.0524826049804688,-0.4601134657859802,1.0,-0.375,-1.375,0.6453550991102786,0.8889131099979379,0.24355801088765938,0.28027415841172015,0.3860500585635627,0.10577590015184257,9.701857729445692,9.304560865553958,-0.397296863891734,0.7223993980980586,0.5523952750308858,0.45664351122315855,0.17273992484736755,0.7655261077989053,0.9194394139017277,0.1539133061028224,0.6861610145785679,0.45026149859919534,0.34308050728928396,0.06420170135100403,True,1,0.001156129940147187,0.000830492706497059,-0.00032563723365012793,2.5542237332587767e-05,1.8347973766366138e-05,-7.194263566221629e-06,9.396463996180739e-06,6.749842335799059e-06,-2.6466216603816803e-06,4.169655622578918e-06,3.18839975570676e-06,-9.812558668721577e-07,8.292350371877173e-06,8.666969117800945e-06,3.746187459237719e-07,2.5542237332587767e-05,4.134779715738145e-05,1.580555982479368e-05,0.0003111681520471053,0.0010663737435160166,0.0007552055914689113,0.010304473990190981,0.06597420735344964,0.05566973336325866,0.2657558868749001,0.5523952750308858,0.2866393881559857,0.7223993980980586,0.37965535018351826,-0.3427440479145404
pccv1_n10_distractors_r02,10,distractors,2,18,13,L18H13,1.5,10,10,True,True,-0.5923691391944885,-0.9605072140693665,-0.36813807487487793,1.0,2.25,1.25,0.6453550991102786,0.3425060393069008,-0.30284905980337773,0.28027415841172015,0.14874848288952527,-0.13152567552219488,9.701857729445692,9.886655825241396,0.1847980957957045,0.7223993980980586,0.9011351029697184,0.45664351122315855,0.8061561618912343,0.7655261077989053,0.42468516967028336,-0.34084093812862193,0.35807570359687735,0.24733877822680786,0.17903785179843867,0.027410223233244366,False,1,0.001156129940147187,0.00144217904306655,0.00028604910291936294,2.5542237332587767e-05,3.610424589170935e-05,1.0562008559121583e-05,9.396463996180739e-06,1.3282009802558378e-05,3.885545806377639e-06,4.169655622578918e-06,5.536765431684232e-06,1.3671098091053145e-06,8.292350371877173e-06,8.575510057022634e-06,2.8315968514546126e-07,2.5542237332587767e-05,2.0571579208957977e-05,-4.97065812362979e-06,0.0003111681520471053,0.00012601620038259835,-0.00018515195166450693,0.010304473990190981,0.0022336905979566525,-0.008070783392234328,0.2657558868749001,0.09497894107848409,-0.170776945796416,0.7223993980980586,0.9011351029697184,0.1787357048716598
pccv1_n10_distractors_r03,10,distractors,3,18,13,L18H13,1.0,9,9,False,False,-0.8860816955566406,-0.8860816955566406,0.0,-0.125,-0.125,0.0,0.7857066191069781,0.7857066191069781,0.0,0.3412280490730207,0.3412280490730207,0.0,9.41477759816487,9.41477759816487,0.0,0.5207715619412998,0.5207715619412998,0.061192271573960955,0.061192271573960955,0.897055173673607,0.897055173673607,0.0,0.0,0.0,0.0,0.0,False,0,0.0035089311829914326,0.0035089311829914326,0.0,1.8413180944208843e-05,1.8413180944208843e-05,0.0,6.7738307159441995e-06,6.7738307159441995e-06,0.0,3.625770305562107e-06,3.625770305562107e-06,0.0,7.675755797108723e-06,7.675755797108723e-06,0.0,3.035820308396739e-05,3.035820308396739e-05,0.0,0.00034743123614209485,0.00034743123614209485,0.0,0.015725938531381118,0.015725938531381118,0.0,0.5207715619412998,0.5207715619412998,0.0,0.45957929036733886,0.45957929036733886,0.0
pccv1_n10_distractors_r03,10,distractors,3,18,13,L18H13,0.5,9,9,False,False,-0.8860816955566406,-2.275806188583374,-1.3897244930267334,-0.125,-2.0,-1.875,0.7857066191069781,0.666233161475587,-0.11947345763139117,0.3412280490730207,0.28934138568980555,-0.051886663383215126,9.41477759816487,8.994499159417659,-0.4202784387472107,0.5207715619412998,0.7944972597200738,0.061192271573960955,0.686973748045145,0.897055173673607,0.9552707606703734,0.05821558699676643,0.7072122640669014,0.45292241650172715,0.3536061320334507,0.08910984638967423,False,1,0.0035089311829914326,0.00196936181188659,-0.0015395693711048428,1.8413180944208843e-05,1.1710253387013372e-05,-6.702927557195471e-06,6.7738307159441995e-06,4.58580111616548e-06,-2.1880295997787193e-06,3.625770305562107e-06,2.3058856115023907e-06,-1.3198846940597163e-06,7.675755797108723e-06,7.102627712227322e-06,-5.731280848814008e-07,3.035820308396739e-05,4.0872800439455803e-05,1.0514597355488413e-05,0.00034743123614209485,0.001054123416701163,0.0007066921805590682,0.015725938531381118,0.09488916600814327,0.07916322747676216,0.5207715619412998,0.7944972597200738,0.273725697778774,0.45957929036733886,0.10752351167492884,-0.35205577869241
pccv1_n10_distractors_r03,10,distractors,3,18,13,L18H13,1.5,9,10,False,True,-0.8860816955566406,-0.7626280188560486,0.12345367670059204,-0.125,1.875,2.0,0.7857066191069781,0.43595373859715,-0.34975288050982817,0.3412280490730207,0.1893323030378349,-0.15189574603518577,9.41477759816487,9.822020782078255,0.4072431839133852,0.5207715619412998,0.8610607657398557,0.061192271573960955,0.7290128205583514,0.897055173673607,0.5417027836683701,-0.3553523900052369,0.8050347710291508,0.5589984048412658,0.4025173855145754,0.09586863852064402,True,1,0.0035089311829914326,0.004518432211033104,0.0010095010280416717,1.8413180944208843e-05,3.2408487769715615e-05,1.3995306825506772e-05,6.7738307159441995e-06,1.1922416369934504e-05,5.148585653990305e-06,3.625770305562107e-06,5.994967436520745e-06,2.369197130958638e-06,7.675755797108723e-06,1.0521495517791075e-05,2.8457397206823526e-06,3.035820308396739e-05,3.2408487769715615e-05,2.050284685748224e-06,0.00034743123614209485,0.00014524476542371933,-0.00020218647071837552,0.015725938531381118,0.0021343562473196687,-0.01359158228406145,0.5207715619412998,0.13204794518150428,-0.3887236167597955,0.45957929036733886,0.8610607657398557,0.4014814753725168
pccv1_n10_distractors_r04,10,distractors,4,18,13,L18H13,1.0,10,10,True,True,-2.3759043216705322,-2.3759043216705322,0.0,2.0,2.0,0.0,0.575520063739865,0.575520063739865,0.0,0.2499451879068311,0.2499451879068311,0.0,9.527832376719052,9.527832376719052,0.0,0.838081189725517,0.838081189725517,0.7246592345387368,0.7246592345387368,0.11088473095560403,0.11088473095560403,0.0,0.0,0.0,0.0,0.0,False,0,0.036822717603996365,0.036822717603996365,0.0,0.00026411120879557326,0.00026411120879557326,0.0,0.0001100979319182549,0.0001100979319182549,0.0,5.536071683779334e-05,5.536071683779334e-05,0.0,8.05493677060986e-05,8.05493677060986e-05,0.0,0.00014136854290779585,0.00014136854290779585,0.0,0.0011119497221396353,0.0011119497221396353,0.0,0.009910699993401464,0.009910699993401464,0.0,0.1134219551867802,0.1134219551867802,0.0,0.838081189725517,0.838081189725517,0.0
pccv1_n10_distractors_r04,10,distractors,4,18,13,L18H13,0.5,10,10,True,True,-2.3759043216705322,-0.9773377180099487,1.3985666036605835,2.0,0.625,-1.375,0.575520063739865,0.8642324443348078,0.28871238059494286,0.2499451879068311,0.37533138165636626,0.12538619374953516,9.527832376719052,9.485318444800432,-0.042513931918620074,0.838081189725517,0.6144038660269919,0.7246592345387368,0.2855371750097939,0.11088473095560403,0.6124824810949576,0.5015977501393536,0.5020219709169892,0.313638436265016,0.2510109854584946,0.046240472804366925,False,1,0.036822717603996365,0.009930913563475474,-0.02689180404052089,0.00026411120879557326,5.9051370596762006e-05,-0.00020505983819881125,0.0001100979319182549,1.917117316513109e-05,-9.092675875312381e-05,5.536071683779334e-05,1.0923405199434063e-05,-4.443731163835928e-05,8.05493677060986e-05,2.3124848988668888e-05,-5.742451871742972e-05,0.00014136854290779585,9.735925076687764e-05,-4.4009292140918205e-05,0.0011119497221396353,0.0020816325677177464,0.0009696828455781111,0.009910699993401464,0.04450726677590008,0.03459656678249862,0.1134219551867802,0.328866691017198,0.21544473583041782,0.838081189725517,0.6144038660269919,-0.2236773236985251
pccv1_n10_distractors_r04,10,distractors,4,18,13,L18H13,1.5,10,10,True,True,-2.3759043216705322,-5.236540794372559,-2.8606364727020264,2.0,0.875,-1.125,0.575520063739865,0.8713822655795822,0.29586220183971723,0.2499451879068311,0.3784365095695664,0.12849132166273533,9.527832376719052,7.419092159252881,-2.1087402174661714,0.838081189725517,0.6584504977262549,0.7246592345387368,0.3839674933857692,0.11088473095560403,0.008077484959358117,-0.10280724599624591,0.4867317101382609,0.30443926424460654,0.24336585506913044,0.06397371842438457,False,1,0.036822717603996365,0.27448300434048567,0.2376602867364893,0.00026411120879557326,0.00237474329199072,0.002110632083195147,0.0001100979319182549,0.001194095916787601,0.001083997984869346,5.536071683779334e-05,0.0005298768510532989,0.00047451613421550554,8.05493677060986e-05,0.0004977732355619394,0.0004172238678558408,0.00014136854290779585,0.0004977732355619394,0.0003564046926541435,0.0011119497221396353,0.00237474329199072,0.0012627935698510848,0.009910699993401464,0.008823241716647608,-0.0010874582767538554,0.1134219551867802,0.050774250393665725,-0.06264770479311446,0.838081189725517,0.6584504977262549,-0.17963069199926218
pccv1_n10_distractors_r05,10,distractors,5,18,13,L18H13,1.0,10,10,True,True,-0.7261563539505005,-0.7261563539505005,0.0,0.5,0.5,0.0,0.7745275745490874,0.7745275745490874,0.0,0.3363730517085781,0.3363730517085781,0.0,9.536659661296355,9.536659661296355,0.0,0.6079096476309889,0.6079096476309889,0.2391938080076907,0.2391938080076907,0.7957840922279047,0.7957840922279047,0.0,0.0,0.0,0.0,0.0,False,0,0.006753266171096756,0.006753266171096756,0.0,2.1494165883085122e-05,2.1494165883085122e-05,0.0,6.978133987753248e-06,6.978133987753248e-06,0.0,2.908919027722062e-06,2.908919027722062e-06,0.0,5.7850762664117546e-06,5.7850762664117546e-06,0.0,2.59269130742497e-05,2.59269130742497e-05,0.0,0.00035790999494919286,0.00035790999494919286,0.0,0.016200243371427787,0.016200243371427787,0.0,0.3687158396232982,0.3687158396232982,0.0,0.6079096476309889,0.6079096476309889,0.0
pccv1_n10_distractors_r05,10,distractors,5,18,13,L18H13,0.5,10,9,True,False,-0.7261563539505005,-1.8122925758361816,-1.0861362218856812,0.5,-1.375,-1.875,0.7745275745490874,0.8476521406359252,0.07312456608683782,0.3363730517085781,0.36813064725166145,0.03175759554308333,9.536659661296355,9.018226956599122,-0.5184327046972328,0.6079096476309889,0.6968017477146199,0.2391938080076907,0.5206226754664145,0.7957840922279047,0.9267807618878123,0.13099666965990764,0.8687063459142512,0.5523054943062757,0.4343531729571256,0.11161106033020612,True,1,0.006753266171096756,0.004143334646280762,-0.002609931524815994,2.1494165883085122e-05,1.4037835397136671e-05,-7.45633048594845e-06,6.978133987753248e-06,4.281297906128854e-06,-2.696836081624394e-06,2.908919027722062e-06,1.8998144295004386e-06,-1.0091045982216234e-06,5.7850762664117546e-06,4.281297906128854e-06,-1.5037783602829007e-06,2.59269130742497e-05,3.815879287093578e-05,1.2231879796686078e-05,0.00035790999494919286,0.0017271988488525368,0.0013692888539033438,0.016200243371427787,0.12108598750353168,0.10488574413210389,0.3687158396232982,0.6968017477146199,0.3280859080913217,0.6079096476309889,0.17617907224820542,-0.4317305753827835
pccv1_n10_distractors_r05,10,distractors,5,18,13,L18H13,1.5,10,10,True,True,-0.7261563539505005,-0.8781591653823853,-0.15200281143188477,0.5,2.25,1.75,0.7745275745490874,0.3709137023302856,-0.4036138722188018,0.3363730517085781,0.16108577418434833,-0.1752872775242298,9.536659661296355,9.838555029792278,0.3018953684959236,0.6079096476309889,0.8962457725441234,0.2391938080076907,0.8017821631011237,0.7957840922279047,0.4636531323285453,-0.33213095989935937,0.5768960791623214,0.3981801913700016,0.2884480395811607,0.060305413203702966,False,1,0.006753266171096756,0.0068429209166293165,8.965474553256081e-05,2.1494165883085122e-05,3.3732776261380535e-05,1.2238610378295413e-05,6.978133987753248e-06,1.1657735534681199e-05,4.679601546927951e-06,2.908919027722062e-06,5.506724347283788e-06,2.597805319561726e-06,5.7850762664117546e-06,8.5289815152994e-06,2.743905248887646e-06,2.59269130742497e-05,2.4679426320586267e-05,-1.2474867536634344e-06,0.00035790999494919286,0.000142020292746732,-0.00021588970220246087,0.016200243371427787,0.002221571159521768,-0.01397867221190602,0.3687158396232982,0.09446360944299964,-0.27425223018029854,0.6079096476309889,0.8962457725441234,0.28833612491313454
pccv1_n10_grid_r00,10,grid,0,18,13,L18H13,1.0,8,8,False,False,-8.413383483886719,-8.413383483886719,0.0,-8.3125,-8.3125,0.0,0.27696672973583103,0.27696672973583103,0.0,0.1202851223950607,0.1202851223950607,0.0,8.074941484113653,8.074941484113653,0.0,0.9232339370566401,0.9232339370566401,0.8474502806038091,0.8474502806038091,0.9792087294622434,0.9792087294622434,0.0,0.0,0.0,0.0,0.0,False,0,7.830707326079402e-05,7.830707326079402e-05,0.0,7.75345022254706e-06,7.75345022254706e-06,0.0,4.150122842071423e-06,4.150122842071423e-06,0.0,1.2657159548659526e-06,1.2657159548659526e-06,0.0,1.84160584767524e-06,1.84160584767524e-06,0.0,6.842395805741623e-06,6.842395805741623e-06,0.0,0.0006556570970078998,0.0006556570970078998,0.0,0.9232339370566401,0.9232339370566401,0.0,0.07578365645283097,0.07578365645283097,0.0,0.00022658902958739451,0.00022658902958739451,0.0
pccv1_n10_grid_r00,10,grid,0,18,13,L18H13,0.5,8,8,False,False,-8.413383483886719,-8.635449409484863,-0.22206592559814453,-8.3125,-8.5625,-0.25,0.27696672973583103,0.20064723035816762,-0.07631949937766341,0.1202851223950607,0.08713998495372281,-0.03314513744133789,8.074941484113653,8.046122498654634,-0.02881898545901862,0.9232339370566401,0.9514630331426309,0.8474502806038091,0.9040924780620636,0.9792087294622434,0.9770719721061596,-0.0021367573560837627,0.056915653909859316,0.04005288131279373,0.028457826954929658,0.0017688994325507563,False,1,7.830707326079402e-05,9.144668399068379e-05,1.3139610729889767e-05,7.75345022254706e-06,8.505866601402411e-06,7.524163788553522e-07,4.150122842071423e-06,4.552862307858623e-06,4.027394657872001e-07,1.2657159548659526e-06,1.4780979817891324e-06,2.1238202692317982e-07,1.84160584767524e-06,2.4369715827546735e-06,5.953657350794334e-07,6.842395805741623e-06,8.505866601402411e-06,1.6634707956607885e-06,0.0006556570970078998,0.0008676219808145641,0.00021196488380666428,0.9232339370566401,0.9514630331426309,0.02822909608599078,0.07578365645283097,0.04737055508056737,-0.028413101372263605,0.00022658902958739451,0.00018186344692132397,-4.4725582666070546e-05
pccv1_n10_grid_r00,10,grid,0,18,13,L18H13,1.5,8,8,False,False,-8.413383483886719,-8.370121002197266,0.043262481689453125,-8.3125,-8.25,0.0625,0.27696672973583103,0.3215043433044113,0.04453761356858027,0.1202851223950607,0.1396275622050345,0.0193424398099738,8.074941484113653,8.09476206525541,0.01982058114175622,0.9232339370566401,0.9039612834222917,0.8474502806038091,0.8086844651156344,0.9792087294622434,0.9810299603213934,0.0018212308591500914,0.039005480890004725,0.027412857069151513,0.019502740445002362,0.0006183272543862005,False,1,7.830707326079402e-05,6.766315621179288e-05,-1.0643917049001135e-05,7.75345022254706e-06,6.293653913421247e-06,-1.4597963091258124e-06,4.150122842071423e-06,3.3687501843019897e-06,-7.813726577694329e-07,1.2657159548659526e-06,9.651630872261696e-07,-3.00552867639783e-07,1.84160584767524e-06,1.3192215270411627e-06,-5.223843206340774e-07,6.842395805741623e-06,4.9015025961528785e-06,-1.9408932095887444e-06,0.0006556570970078998,0.00044121920276774223,-0.00021443789424015756,0.9232339370566401,0.9039612834222917,-0.01927265363434849,0.07578365645283097,0.09527681830665721,0.01949316185382624,0.00022658902958739451,0.0002361676207634717,9.57859117607719e-06
pccv1_n10_grid_r01,10,grid,1,18,13,L18H13,1.0,8,8,False,False,-8.38223648071289,-8.38223648071289,0.0,-8.25,-8.25,0.0,0.3445402387799501,0.3445402387799501,0.0,0.1496319244957611,0.1496319244957611,0.0,8.106494789107888,8.106494789107888,0.0,0.8928270775977725,0.8928270775977725,0.7861940895713697,0.7861940895713697,0.9813029006760416,0.9813029006760416,0.0,0.0,0.0,0.0,0.0,False,0,4.0534286612983484e-05,4.0534286612983484e-05,0.0,4.547820917437142e-06,4.547820917437142e-06,0.0,4.547820917437142e-06,4.547820917437142e-06,0.0,1.5716848534424088e-06,1.5716848534424088e-06,0.0,2.018083298843201e-06,2.018083298843201e-06,0.0,5.153356237418853e-06,5.153356237418853e-06,0.0,0.00024830260877410474,0.00024830260877410474,0.0,0.8928270775977725,0.8928270775977725,0.0,0.10663298802640278,0.10663298802640278,0.0,0.00023325871421305802,0.00023325871421305802,0.0
pccv1_n10_grid_r01,10,grid,1,18,13,L18H13,0.5,8,8,False,False,-8.38223648071289,-8.64620304107666,-0.26396656036376953,-8.25,-8.5625,-0.3125,0.3445402387799501,0.23267202639608164,-0.11186821238386846,0.1496319244957611,0.101048177157066,-0.048583747338695096,8.106494789107888,8.059625922996227,-0.04686886611166052,0.8928270775977725,0.9393601208731528,0.7861940895713697,0.8793088374428578,0.9813029006760416,0.9790749467614432,-0.0022279539145984018,0.09327082644852445,0.06584215914624436,0.04663541322426223,0.003599136024799145,False,1,4.0534286612983484e-05,5.1441960932475075e-05,1.0907674319491591e-05,4.547820917437142e-06,5.421942792224593e-06,8.741218747874511e-07,4.547820917437142e-06,5.421942792224593e-06,8.741218747874511e-07,1.5716848534424088e-06,1.8737732899941998e-06,3.0208843655179095e-07,2.018083298843201e-06,2.902156844314378e-06,8.840735454711771e-07,5.153356237418853e-06,6.540111406611359e-06,1.3867551691925064e-06,0.00024830260877410474,0.0003354437224357582,8.714111366165344e-05,0.8928270775977725,0.9393601208731528,0.046533043275380326,0.10663298802640278,0.060051283430294956,-0.046581704596107824,0.00023325871421305802,0.00017955008605869156,-5.370862815436646e-05
pccv1_n10_grid_r01,10,grid,1,18,13,L18H13,1.5,8,8,False,False,-8.38223648071289,-8.365933418273926,0.016303062438964844,-8.25,-8.1875,0.0625,0.3445402387799501,0.4236667911633869,0.0791265523834368,0.1496319244957611,0.1839961495679163,0.0343642250721552,8.106494789107888,8.147971760690144,0.04147697158225583,0.8928270775977725,0.851553179209488,0.7861940895713697,0.7035754252004918,0.9813029006760416,0.9824159595132187,0.00111305883717705,0.08269666252798576,0.058420274723798286,0.04134833126399288,0.0019327072433739107,False,1,4.0534286612983484e-05,3.4117731370941096e-05,-6.416555242042388e-06,4.547820917437142e-06,3.5959824303071837e-06,-9.518384871299585e-07,4.547820917437142e-06,3.5959824303071837e-06,-9.518384871299585e-07,1.5716848534424088e-06,1.167444568576502e-06,-4.0424028486590685e-07,2.018083298843201e-06,1.4990284986262839e-06,-5.190548002169171e-07,5.153356237418853e-06,3.827903371427975e-06,-1.3254528659908776e-06,0.00024830260877410474,0.00018443871323299408,-6.386389554111066e-05,0.8928270775977725,0.851553179209488,-0.041273898388284436,0.10663298802640278,0.14797775400899632,0.04134476598259354,0.00023325871421305802,0.00023682399561234609,3.5652813992880644e-06
pccv1_n10_grid_r02,10,grid,2,18,13,L18H13,1.0,8,8,False,False,-9.346903800964355,-9.346903800964355,0.0,-9.25,-9.25,0.0,0.274495630483549,0.274495630483549,0.0,0.11921193762555937,0.11921193762555937,0.0,8.074989546077425,8.074989546077425,0.0,0.9235185173946213,0.9235185173946213,0.8477115011651388,0.8477115011651388,0.9828103501124588,0.9828103501124588,0.0,0.0,0.0,0.0,0.0,False,0,6.10044083589169e-05,6.10044083589169e-05,0.0,3.899881350566151e-06,3.899881350566151e-06,0.0,3.6635994841445023e-06,3.6635994841445023e-06,0.0,8.174595396168677e-07,8.174595396168677e-07,0.0,1.1173347141227988e-06,1.1173347141227988e-06,0.0,4.419144519538199e-06,4.419144519538199e-06,0.0,0.0005107836575130653,0.0005107836575130653,0.0,0.9235185173946213,0.9235185173946213,0.0,0.07580701622948255,0.07580701622948255,0.0,8.876089041608693e-05,8.876089041608693e-05,0.0
pccv1_n10_grid_r02,10,grid,2,18,13,L18H13,0.5,8,8,False,False,-9.346903800964355,-9.45031452178955,-0.10341072082519531,-9.25,-9.375,-0.125,0.274495630483549,0.21694359527790913,-0.057552035205639895,0.11921193762555937,0.09421740631344828,-0.024994531312111087,8.074989546077425,8.052104309250343,-0.022885236827082878,0.9235185173946213,0.9456236311345371,0.8477115011651388,0.8922751964423825,0.9828103501124588,0.9807829683501268,-0.00202738176233197,0.04493427260028788,0.031514244549409556,0.02246713630014394,0.0010697700128517462,False,1,6.10044083589169e-05,6.649321523704981e-05,5.488806878132911e-06,3.899881350566151e-06,5.127406193152395e-06,1.227524842586244e-06,3.6635994841445023e-06,4.816752356198075e-06,1.1531528720535727e-06,8.174595396168677e-07,1.144078965024145e-06,3.266194254072772e-07,1.1173347141227988e-06,1.664625071755408e-06,5.472903576326092e-07,4.419144519538199e-06,6.184832451248894e-06,1.7656879317106956e-06,0.0005107836575130653,0.0008622971354337605,0.0003515134779206952,0.9235185173946213,0.9456236311345371,0.02210511373991575,0.07580701622948255,0.053348434692154535,-0.022458581537328014,8.876089041608693e-05,8.020612760018955e-05,-8.554762815897376e-06
pccv1_n10_grid_r02,10,grid,2,18,13,L18H13,1.5,8,8,False,False,-9.346903800964355,-9.17863655090332,0.16826725006103516,-9.25,-9.0625,0.1875,0.274495630483549,0.32021864195890337,0.04572301147535435,0.11921193762555937,0.1390691892053048,0.01985725157974544,8.074989546077425,8.094635457645317,0.01964591156789197,0.9235185173946213,0.9040968546379812,0.8477115011651388,0.8088057472303174,0.9828103501124588,0.984798801149168,0.0019884510367091934,0.039000289502710686,0.02751065157460735,0.019500144751355343,0.0006092607908771149,False,1,6.10044083589169e-05,5.2704022121257295e-05,-8.300386237659604e-06,3.899881350566151e-06,3.817866557191692e-06,-8.201479337445887e-08,3.6635994841445023e-06,3.586553715904588e-06,-7.704576823991432e-08,8.174595396168677e-07,8.002683050107369e-07,-1.7191234606130835e-08,1.1173347141227988e-06,9.653078371568066e-07,-1.5202687696599223e-07,4.419144519538199e-06,4.0640977950183615e-06,-3.550467245198373e-07,0.0005107836575130653,0.00044128537443327895,-6.949828307978631e-05,0.9235185173946213,0.9040968546379812,-0.019421662756640146,0.07580701622948255,0.09529110740766379,0.019484091178181243,8.876089041608693e-05,0.00010481446359023834,1.6053573174151415e-05
pccv1_n10_grid_r03,10,grid,3,18,13,L18H13,1.0,8,8,False,False,-7.525933265686035,-7.525933265686035,0.0,-7.25,-7.25,0.0,0.5379146076412151,0.5379146076412151,0.0,0.2336133458337325,0.2336133458337325,0.0,8.22275528426651,8.22275528426651,0.0,0.7765989127873967,0.7765989127873967,0.5540995990373991,0.5540995990373991,0.9771627329712373,0.9771627329712373,0.0,0.0,0.0,0.0,0.0,False,0,7.464020449707967e-05,7.464020449707967e-05,0.0,4.771588633529579e-06,4.771588633529579e-06,0.0,3.7161169642874512e-06,3.7161169642874512e-06,0.0,1.0001793123885466e-06,1.0001793123885466e-06,0.0,1.649016906849225e-06,1.649016906849225e-06,0.0,3.955785917174649e-06,3.955785917174649e-06,0.0,0.0002605199121098937,0.0002605199121098937,0.0,0.7765989127873967,0.7765989127873967,0.0,0.22249931374999757,0.22249931374999757,0.0,0.0005515206582645775,0.0005515206582645775,0.0
pccv1_n10_grid_r03,10,grid,3,18,13,L18H13,0.5,8,8,False,False,-7.525933265686035,-7.6875762939453125,-0.16164302825927734,-7.25,-7.5,-0.25,0.5379146076412151,0.42763948124924045,-0.11027512639197468,0.2336133458337325,0.18572146695051422,-0.047891878883218275,8.22275528426651,8.147724597693399,-0.07503068657311118,0.7765989127873967,0.851123876980588,0.5540995990373991,0.7032207245128397,0.9771627329712373,0.9739663464237083,-0.003196386547529073,0.14935387725419244,0.1054446833823774,0.07467693862709622,0.004643630804486638,False,1,7.464020449707967e-05,9.269485443623074e-05,1.805464993915107e-05,4.771588633529579e-06,5.925783788975321e-06,1.154195155445742e-06,3.7161169642874512e-06,4.615005055165816e-06,8.988880908783649e-07,1.0001793123885466e-06,1.3222210858390327e-06,3.2204177345048607e-07,1.649016906849225e-06,2.179974028791033e-06,5.309571219418082e-07,3.955785917174649e-06,5.229485839156729e-06,1.2736999219820799e-06,0.0002605199121098937,0.00039025991401190507,0.00012974000190201136,0.7765989127873967,0.851123876980588,0.07452496419319132,0.22249931374999757,0.1479031524677483,-0.07459616128224927,0.0005515206582645775,0.00047074331341759074,-8.077734484698677e-05
pccv1_n10_grid_r03,10,grid,3,18,13,L18H13,1.5,8,8,False,False,-7.525933265686035,-7.326175689697266,0.19975757598876953,-7.25,-6.875,0.375,0.5379146076412151,0.6543868955621792,0.11647228792096409,0.2336133458337325,0.284196617772454,0.050583271938721475,8.22275528426651,8.34887887095018,0.1261235866836703,0.7765989127873967,0.6507335244774999,0.5540995990373991,0.30242096858047596,0.9771627329712373,0.9787094222478459,0.0015466892766085039,0.25186984809270874,0.17796372409670738,0.12593492404635437,0.009773861182866616,False,1,7.464020449707967e-05,7.544134785825084e-05,8.011433611711683e-07,4.771588633529579e-06,4.256109605124075e-06,-5.154790284055045e-07,3.7161169642874512e-06,3.528438792815143e-06,-1.8767817147230815e-07,1.0001793123885466e-06,9.496664178006052e-07,-5.051289458794141e-08,1.649016906849225e-06,1.3817564846511023e-06,-2.6726042219812267e-07,3.955785917174649e-06,3.3146614933083566e-06,-6.411244238662922e-07,0.0002605199121098937,0.00019264623059288754,-6.787368151700616e-05,0.7765989127873967,0.6507335244774999,-0.1258653883098968,0.22249931374999757,0.3483125558970239,0.12581324214702636,0.0005515206582645775,0.0006724014142314549,0.00012088075596687739
pccv1_n10_grid_r04,10,grid,4,18,13,L18H13,1.0,8,8,False,False,-8.61545181274414,-8.61545181274414,0.0,-8.4375,-8.4375,0.0,0.42523145037278887,0.42523145037278887,0.0,0.18467567242861865,0.18467567242861865,0.0,8.147469350669438,8.147469350669438,0.0,0.8513833682432733,0.8513833682432733,0.7034351229555172,0.7034351229555172,0.9830854529529915,0.9830854529529915,0.0,0.0,0.0,0.0,0.0,False,0,5.2832038559432426e-05,5.2832038559432426e-05,0.0,3.1728105299188176e-06,3.1728105299188176e-06,0.0,4.9141450805636845e-06,4.9141450805636845e-06,0.0,1.0964939788187935e-06,1.0964939788187935e-06,0.0,1.498729572518144e-06,1.498729572518144e-06,0.0,4.9141450805636845e-06,4.9141450805636845e-06,0.0,0.0004155561724544858,0.0004155561724544858,0.0,0.8513833682432733,0.8513833682432733,0.0,0.14794824528775607,0.14794824528775607,0.0,0.00018440193371426741,0.00018440193371426741,0.0
pccv1_n10_grid_r04,10,grid,4,18,13,L18H13,0.5,8,8,False,False,-8.61545181274414,-8.920612335205078,-0.3051605224609375,-8.4375,-8.8125,-0.375,0.42523145037278887,0.29785461777887845,-0.12737683259391042,0.18467567242861865,0.1293566169107691,-0.05531905551784955,8.147469350669438,8.084282852900992,-0.0631864977684451,0.8513833682432733,0.9141858209110012,0.7034351229555172,0.8291532937353333,0.9830854529529915,0.9817775323479054,-0.0013079206050861103,0.12592806752110453,0.08889635963238472,0.06296403376055226,0.004867568066258944,False,1,5.2832038559432426e-05,5.3292155017535074e-05,4.6011645810264794e-07,3.1728105299188176e-06,3.860470761301905e-06,6.876602313830876e-07,4.9141450805636845e-06,5.616951814078864e-06,7.028067335151799e-07,1.0964939788187935e-06,1.4201878263264375e-06,3.23693847507644e-07,1.498729572518144e-06,2.0663610944502517e-06,5.676315219321076e-07,4.9141450805636845e-06,6.364840259074369e-06,1.4506951785106842e-06,0.0004155561724544858,0.0005729446613079446,0.00015738848885345886,0.8513833682432733,0.9141858209110012,0.06280245266772788,0.14794824528775607,0.08503252717566785,-0.06291571811208822,0.00018440193371426741,0.00013608628525023288,-4.831564846403453e-05
pccv1_n10_grid_r04,10,grid,4,18,13,L18H13,1.5,8,8,False,False,-8.61545181274414,-8.716165542602539,-0.10071372985839844,-8.4375,-8.5,-0.0625,0.42523145037278887,0.4798174226236451,0.05458597225085621,0.18467567242861865,0.20838205896648954,0.023706386537870883,8.147469350669438,8.182043962173786,0.034574611504348596,0.8513833682432733,0.8171442931867599,0.7034351229555172,0.6348147561836226,0.9830854529529915,0.9858751580201215,0.002789705067129944,0.06876258343076228,0.04852215032174123,0.03438129171538114,0.0010768865807311901,False,1,5.2832038559432426e-05,3.709829351649423e-05,-1.57337450429382e-05,3.1728105299188176e-06,2.3716145589281422e-06,-8.011959709906754e-07,4.9141450805636845e-06,3.673228485549733e-06,-1.2409165950139515e-06,1.0964939788187935e-06,9.287376055848753e-07,-1.6775637323391814e-07,1.498729572518144e-06,1.0523975810734897e-06,-4.4633199144465436e-07,4.9141450805636845e-06,4.16231317616168e-06,-7.518319044020042e-07,0.0004155561724544858,0.0003106202085980625,-0.00010493596385642329,0.8513833682432733,0.8171442931867599,-0.03423907505651347,0.14794824528775607,0.18232953700313723,0.03438129171538115,0.00018440193371426741,0.00016626301658106567,-1.8138917133201748e-05
pccv1_n10_grid_r05,10,grid,5,18,13,L18H13,1.0,8,8,False,False,-8.58203411102295,-8.58203411102295,0.0,-8.4375,-8.4375,0.0,0.3710317205887699,0.3710317205887699,0.0,0.1611370288627719,0.1611370288627719,0.0,8.118639644087636,8.118639644087636,0.0,0.8802438754439474,0.8802438754439474,0.7611158212434472,0.7611158212434472,0.9831652867641196,0.9831652867641196,0.0,0.0,0.0,0.0,0.0,False,0,6.189592089694929e-05,6.189592089694929e-05,0.0,4.212070277701874e-06,4.212070277701874e-06,0.0,6.523782066080949e-06,6.523782066080949e-06,0.0,1.649470420706161e-06,1.649470420706161e-06,0.0,1.8690948556026738e-06,1.8690948556026738e-06,0.0,5.080726581651031e-06,5.080726581651031e-06,0.0,0.0003561864320274234,0.0003561864320274234,0.0,0.8802438754439474,0.8802438754439474,0.0,0.11912805420050027,0.11912805420050027,0.0,0.00019065285842608087,0.00019065285842608087,0.0
pccv1_n10_grid_r05,10,grid,5,18,13,L18H13,0.5,8,8,False,False,-8.58203411102295,-8.786008834838867,-0.20397472381591797,-8.4375,-8.6875,-0.25,0.3710317205887699,0.27531517137901773,-0.09571654920975214,0.1611370288627719,0.11956785971415548,-0.041569169148616414,8.118639644087636,8.074989205857204,-0.0436504382304328,0.8802438754439474,0.9234362466970619,0.7611158212434472,0.8476359836576753,0.9831652867641196,0.981320968360933,-0.0018443184031866622,0.08672535536595859,0.06117927479827319,0.04336267768297929,0.0026946680441959445,False,1,6.189592089694929e-05,7.357880743417916e-05,1.1682886537229872e-05,4.212070277701874e-06,5.007100684037662e-06,7.95030406335788e-07,6.523782066080949e-06,7.755149247749223e-06,1.2313671816682735e-06,1.649470420706161e-06,2.0872701038815804e-06,4.3779968317541934e-07,1.8690948556026738e-06,2.517728338014035e-06,6.486334824113613e-07,5.080726581651031e-06,6.039716306982712e-06,9.589897253316807e-07,0.0003561864320274234,0.000510738154876124,0.0001545517228487006,0.8802438754439474,0.9234362466970619,0.04319237125311448,0.11912805420050027,0.0758002630393866,-0.04332779116111367,0.00019065285842608087,0.0001557663365604981,-3.488652186558276e-05
pccv1_n10_grid_r05,10,grid,5,18,13,L18H13,1.5,8,8,False,False,-8.58203411102295,-8.405735969543457,0.1762981414794922,-8.4375,-8.1875,0.25,0.3710317205887699,0.48064753566597446,0.10961581507720458,0.1611370288627719,0.20874257248012912,0.04760554361735722,8.118639644087636,8.181924837970133,0.06328519388249632,0.8802438754439474,0.8170665357462751,0.7611158212434472,0.634754348773286,0.9831652867641196,0.98392923432732,0.0007639475632004178,0.12644784060918535,0.08935107337456516,0.06322392030459267,0.003925291482246062,False,1,6.189592089694929e-05,6.510333713845362e-05,3.2074162415043293e-06,4.212070277701874e-06,3.909759290726099e-06,-3.0231098697577464e-07,6.523782066080949e-06,6.055553649842882e-06,-4.682284162380677e-07,1.649470420706161e-06,1.6298301543888946e-06,-1.9640266317266508e-08,1.8690948556026738e-06,1.7349451683242174e-06,-1.341496872784564e-07,5.080726581651031e-06,5.020230302423349e-06,-6.049627922768272e-08,0.0003561864320274234,0.00031059065074324447,-4.5595781284178954e-05,0.8802438754439474,0.8170665357462751,-0.06317733969767236,0.11912805420050027,0.18231218697298912,0.06318413277248885,0.00019065285842608087,0.0002272329742884655,3.6580115862384633e-05
pccv1_n10_random_sparse_r00,10,random_sparse,0,18,13,L18H13,1.0,8,8,False,False,-7.8836798667907715,-7.8836798667907715,0.0,-7.4375,-7.4375,0.0,0.6574561911959749,0.6574561911959749,0.0,0.28552959592954114,0.28552959592954114,0.0,8.347176595619223,8.347176595619223,0.0,0.6504866889395304,0.6504866889395304,0.3023062545851693,0.3023062545851693,0.9839841612088094,0.9839841612088094,0.0,0.0,0.0,0.0,0.0,False,0,0.0001097248769256063,0.0001097248769256063,0.0,2.7469085450972185e-06,2.7469085450972185e-06,0.0,5.462879949150617e-06,5.462879949150617e-06,0.0,2.7469085450972185e-06,2.7469085450972185e-06,0.0,3.996728349857827e-06,3.996728349857827e-06,0.0,0.0001097248769256063,0.0001097248769256063,0.0,0.0007154960754323619,0.0007154960754323619,0.0,0.6504866889395304,0.6504866889395304,0.0,0.34818043435436113,0.34818043435436113,0.0,0.0003829774514356572,0.0003829774514356572,0.0
pccv1_n10_random_sparse_r00,10,random_sparse,0,18,13,L18H13,0.5,8,8,False,False,-7.8836798667907715,-8.594104766845703,-0.7104249000549316,-7.4375,-8.375,-0.9375,0.6574561911959749,0.48702890961959805,-0.17042728157637682,0.28552959592954114,0.211513967975149,-0.07401562795439215,8.347176595619223,8.18028508956635,-0.16689150605287217,0.6504866889395304,0.8163451405259601,0.3023062545851693,0.6341939185840102,0.9839841612088094,0.9839440172538616,-4.014395494778e-05,0.33250035555968543,0.234680419906016,0.16625017777984272,0.017951464277909085,False,1,0.0001097248769256063,0.00012935913271954781,1.963425579394151e-05,2.7469085450972185e-06,3.447304119189757e-06,7.003955740925383e-07,5.462879949150617e-06,7.297942877593658e-06,1.8350629284430412e-06,2.7469085450972185e-06,3.669636133082209e-06,9.227275879849904e-07,3.996728349857827e-06,5.015797896999057e-06,1.01906954714123e-06,0.0001097248769256063,8.352053342036615e-05,-2.6204343505240157e-05,0.0007154960754323619,0.0010831107574138233,0.00036761468198146137,0.6504866889395304,0.8163451405259601,0.16585845158642964,0.34818043435436113,0.1821512219419499,-0.16602921241241123,0.0003829774514356572,0.00018821642750939852,-0.00019476102392625868
pccv1_n10_random_sparse_r00,10,random_sparse,0,18,13,L18H13,1.5,8,8,False,False,-7.8836798667907715,-7.4587602615356445,0.42491960525512695,-7.4375,-6.75,0.6875,0.6574561911959749,0.7030364875466211,0.0455802963506462,0.28552959592954114,0.3053248671181417,0.019795271188600583,8.347176595619223,8.499302437325186,0.15212584170596344,0.6504866889395304,0.4993960211626975,0.3023062545851693,0.0,0.9839841612088094,0.9856988392052699,0.001714677996460523,0.3028346839615686,0.2137631113655707,0.1514173419807843,0.011788499274152032,False,1,0.0001097248769256063,8.423872139266533e-05,-2.548615553294097e-05,2.7469085450972185e-06,1.6423935993139273e-06,-1.1045149457832913e-06,5.462879949150617e-06,3.4769472770321347e-06,-1.985932672118482e-06,2.7469085450972185e-06,1.7483188858318347e-06,-9.985896592653838e-07,3.996728349857827e-06,2.707849262050615e-06,-1.288879087807212e-06,0.0001097248769256063,0.00010161129391637919,-8.113583009227113e-06,0.0007154960754323619,0.00042779952638822053,-0.00028769654904414136,0.6504866889395304,0.4993960211626975,-0.15109066777683294,0.34818043435436113,0.4993960211626975,0.15121558680833636,0.0003829774514356572,0.0005847326238836005,0.00020175517244794332
pccv1_n10_random_sparse_r01,10,random_sparse,1,18,13,L18H13,1.0,8,8,False,False,-8.676414489746094,-8.676414489746094,0.0,-8.375,-8.375,0.0,0.5644948032700874,0.5644948032700874,0.0,0.24515697812326065,0.24515697812326065,0.0,8.244028866281033,8.244028866281033,0.0,0.7542434690882899,0.7542434690882899,0.5093764658598554,0.5093764658598554,0.9808120245420469,0.9808120245420469,0.0,0.0,0.0,0.0,0.0,False,0,5.3035977190053406e-05,5.3035977190053406e-05,0.0,3.6091435418340943e-06,3.6091435418340943e-06,0.0,9.810669306067936e-06,9.810669306067936e-06,0.0,4.933114328121218e-06,4.933114328121218e-06,0.0,5.950471726431869e-06,5.950471726431869e-06,0.0,6.809954271089987e-05,6.809954271089987e-05,0.0,0.000570190490106709,0.000570190490106709,0.0,0.7542434690882899,0.7542434690882899,0.0,0.2448670032284345,0.2448670032284345,0.0,0.00017389827436545995,0.00017389827436545995,0.0
pccv1_n10_random_sparse_r01,10,random_sparse,1,18,13,L18H13,0.5,8,8,False,False,-8.676414489746094,-9.273270606994629,-0.5968561172485352,-8.375,-9.125,-0.75,0.5644948032700874,0.37400519630548046,-0.19048960696460693,0.24515697812326065,0.1624283929586126,-0.08272858516464804,8.244028866281033,8.117860560747323,-0.12616830553371017,0.7542434690882899,0.8798850715738027,0.5093764658598554,0.7608055761966949,0.9808120245420469,0.9798983549744662,-0.000913669567580655,0.25176164229466097,0.17778742812951848,0.12588082114733048,0.013529743532859507,False,1,5.3035977190053406e-05,5.129260436920626e-05,-1.743372820847145e-06,3.6091435418340943e-06,4.481897820808208e-06,8.727542789741136e-07,9.810669306067936e-06,1.2968801356482884e-05,3.1581320504149474e-06,4.933114328121218e-06,6.521122850471968e-06,1.5880085223507505e-06,5.950471726431869e-06,7.389400270271043e-06,1.438928543839174e-06,6.809954271089987e-05,5.460069313448605e-05,-1.3498849576413823e-05,0.000570190490106709,0.0008023513285287954,0.00023216083842208645,0.7542434690882899,0.8798850715738027,0.12564160248551282,0.2448670032284345,0.11907949537710782,-0.12578750785132667,0.00017389827436545995,9.582720075893995e-05,-7.807107360652e-05
pccv1_n10_random_sparse_r01,10,random_sparse,1,18,13,L18H13,1.5,8,8,False,False,-8.676414489746094,-8.320318222045898,0.3560962677001953,-8.375,-7.875,0.5,0.5644948032700874,0.6529904827227684,0.088495679452681,0.24515697812326065,0.28359016338183896,0.038433185258578306,8.244028866281033,8.34807159841936,0.1040427321383266,0.7542434690882899,0.6508805535364062,0.5093764658598554,0.3024892986552783,0.9808120245420469,0.9842360877719329,0.0034240632298860874,0.207201117965077,0.1462915340024115,0.1036005589825385,0.006458820716772713,False,1,5.3035977190053406e-05,3.564402114026821e-05,-1.7391956049785193e-05,3.6091435418340943e-06,2.1405898520321427e-06,-1.4685536898019516e-06,9.810669306067936e-06,5.46618768018576e-06,-4.344481625882177e-06,4.933114328121218e-06,3.1145398569256136e-06,-1.8185744711956041e-06,5.950471726431869e-06,3.5292360208902336e-06,-2.4212357055416357e-06,6.809954271089987e-05,7.088660040823471e-05,2.7870576973348373e-06,0.000570190490106709,0.0003599918609941565,-0.00021019862911255245,0.7542434690882899,0.6508805535364062,-0.1033629155518837,0.2448670032284345,0.3483912548811279,0.10352425165269338,0.00017389827436545995,0.0002474185465132937,7.352027214783377e-05
pccv1_n10_random_sparse_r02,10,random_sparse,2,18,13,L18H13,1.0,8,8,False,False,-11.909651756286621,-11.909651756286621,0.0,-11.875,-11.875,0.0,0.0806406390715898,0.0806406390715898,0.0,0.035021784565943216,0.035021784565943216,0.0,7.992227045475392,7.992227045475392,0.0,0.9865075926916672,0.9865075926916672,0.976836212562699,0.976836212562699,0.9791525544900423,0.9791525544900423,0.0,0.0,0.0,0.0,0.0,False,0,0.00022744905994992912,0.00022744905994992912,0.0,2.863161119557606e-06,2.863161119557606e-06,0.0,3.2443865935077833e-06,3.2443865935077833e-06,0.0,7.239205001928104e-07,7.239205001928104e-07,0.0,8.203093949368463e-07,8.203093949368463e-07,0.0,2.1156058132688234e-05,2.1156058132688234e-05,0.0,0.009671380128968132,0.009671380128968132,0.0,0.9865075926916672,0.9865075926916672,0.0,0.0035579019172013882,0.0035579019172013882,0.0,6.868366472353917e-06,6.868366472353917e-06,0.0
pccv1_n10_random_sparse_r02,10,random_sparse,2,18,13,L18H13,0.5,8,8,False,False,-11.909651756286621,-11.982292175292969,-0.07264041900634766,-11.875,-11.9375,-0.0625,0.0806406390715898,0.11909436715006518,0.03845372807847537,0.035021784565943216,0.051722026479033206,0.01670024191308999,7.992227045475392,7.9801520750789114,-0.012074970396480644,0.9865075926916672,0.9769866518348865,0.976836212562699,0.9567099407646107,0.9791525544900423,0.9787195028867473,-0.0004330516032950982,0.0213152267779674,0.014297352550750394,0.0106576133889837,0.0010266581043496237,False,1,0.00022744905994992912,0.0002717080837655428,4.425902381561368e-05,2.863161119557606e-06,3.6408904051389998e-06,7.777292855813937e-07,3.2443865935077833e-06,4.125669330369108e-06,8.812827368613245e-07,7.239205001928104e-07,9.799323586662808e-07,2.5601185847347034e-07,8.203093949368463e-07,1.182024053409718e-06,3.617146584728718e-07,2.1156058132688234e-05,2.6902743453630416e-05,5.746685320942182e-06,0.009671380128968132,0.02027671107027589,0.010605330941307757,0.9865075926916672,0.9769866518348865,-0.00952094085678068,0.0035579019172013882,0.002421707789809703,-0.0011361941273916854,6.868366472353917e-06,6.38996166102127e-06,-4.784048113326469e-07
pccv1_n10_random_sparse_r02,10,random_sparse,2,18,13,L18H13,1.5,8,8,False,False,-11.909651756286621,-11.659269332885742,0.2503824234008789,-11.875,-11.625,0.25,0.0806406390715898,0.07054617833028856,-0.010094460741301242,0.035021784565943216,0.03063781596820708,-0.004383968597736137,7.992227045475392,7.999472016184701,0.007244970709308518,0.9865075926916672,0.9887311026352844,0.976836212562699,0.9828518925919106,0.9791525544900423,0.9773248875733884,-0.001827666916653925,0.00909357747624016,0.005516647859471937,0.00454678873812008,0.0004907706433875025,False,1,0.00022744905994992912,0.0001667803513797355,-6.066870857019362e-05,2.863161119557606e-06,2.0994547864112337e-06,-7.637063331463724e-07,3.2443865935077833e-06,2.532425870660894e-06,-7.119607228468891e-07,7.239205001928104e-07,5.308252996065567e-07,-1.930952005862537e-07,8.203093949368463e-07,6.015038670979043e-07,-2.1880552783894194e-07,2.1156058132688234e-05,1.9919072413848298e-05,-1.236985718839936e-06,0.009671380128968132,0.005188384652921553,-0.004482995476046579,0.9865075926916672,0.9887311026352844,0.0022235099436171968,0.0035579019172013882,0.00587921004337372,0.0023213081261723315,6.868366472353917e-06,8.839034802955425e-06,1.9706683306015083e-06
pccv1_n10_random_sparse_r03,10,random_sparse,3,18,13,L18H13,1.0,8,8,False,False,-9.080528259277344,-9.080528259277344,0.0,-8.9375,-8.9375,0.0,0.37607557150811055,0.37607557150811055,0.0,0.1633275454845842,0.1633275454845842,0.0,8.117325602318651,8.117325602318651,0.0,0.8796263345067927,0.8796263345067927,0.7605818553839325,0.7605818553839325,0.9853380073818698,0.9853380073818698,0.0,0.0,0.0,0.0,0.0,False,0,0.00010197752811350597,0.00010197752811350597,0.0,3.4894791221191967e-06,3.4894791221191967e-06,0.0,6.939657879483568e-06,6.939657879483568e-06,0.0,2.552957462625412e-06,2.552957462625412e-06,0.0,2.892879799519395e-06,2.892879799519395e-06,0.0,6.584164075524407e-05,6.584164075524407e-05,0.0,0.0010299365489852442,0.0010299365489852442,0.0,0.8796263345067927,0.8796263345067927,0.0,0.11904447912286022,0.11904447912286022,0.0,0.00011555567822939809,0.00011555567822939809,0.0
pccv1_n10_random_sparse_r03,10,random_sparse,3,18,13,L18H13,0.5,8,8,False,False,-9.080528259277344,-9.525347709655762,-0.44481945037841797,-8.9375,-9.4375,-0.5,0.37607557150811055,0.2616554886087702,-0.11442008289934036,0.1633275454845842,0.11363553486248805,-0.04969201062209615,8.117325602318651,8.06478942605641,-0.052536176262240275,0.8796263345067927,0.9307012514512597,0.7605818553839325,0.8632814789246567,0.9853380073818698,0.9840967896516304,-0.0012412177302394412,0.10334838435784409,0.07262278789741337,0.051674192178922045,0.004014484792275397,False,1,0.00010197752811350597,0.000138544782789926,3.6567254676420026e-05,3.4894791221191967e-06,5.046493344228759e-06,1.5570142221095627e-06,6.939657879483568e-06,1.0036150403665381e-05,3.0964925241818134e-06,2.552957462625412e-06,3.6920934020129657e-06,1.1391359393875538e-06,2.892879799519395e-06,4.183689927069229e-06,1.2908101275498336e-06,6.584164075524407e-05,5.77540579697288e-05,-8.087582785515266e-06,0.0010299365489852442,0.001585561075950595,0.0005556245269653509,0.8796263345067927,0.9307012514512597,0.051074916944466975,0.11904447912286022,0.06741977252660303,-0.05162470659625719,0.00011555567822939809,7.415767834998899e-05,-4.13979998794091e-05
pccv1_n10_random_sparse_r03,10,random_sparse,3,18,13,L18H13,1.5,8,8,False,False,-9.080528259277344,-8.39183521270752,0.6886930465698242,-8.9375,-8.0625,0.875,0.37607557150811055,0.5911733909932524,0.21509781948514184,0.1633275454845842,0.25674334155640305,0.09341579607181885,8.117325602318651,8.267628125753227,0.15030252343457562,0.8796263345067927,0.7302729866156686,0.7605818553839325,0.46162056839689625,0.9853380073818698,0.9851135212347799,-0.00022448614708991954,0.2994724233191315,0.2113979756047849,0.14973621165956574,0.018313471606171337,False,1,0.00010197752811350597,8.466257898575708e-05,-1.7314949127748892e-05,3.4894791221191967e-06,3.0838342141305907e-06,-4.0564490798860597e-07,6.939657879483568e-06,6.132936651621367e-06,-8.06721227862201e-07,2.552957462625412e-06,2.4016925008272947e-06,-1.512649617981172e-07,2.892879799519395e-06,2.7214741420546465e-06,-1.714056574647486e-07,6.584164075524407e-05,7.953313263069787e-05,1.3691491875453808e-05,0.0010299365489852442,0.0006659227664264629,-0.0003640137825587813,0.8796263345067927,0.7302729866156686,-0.1493533478911241,0.11904447912286022,0.2686524182187724,0.1496079390959122,0.00011555567822939809,0.0002301367500074621,0.00011458107177806401
pccv1_n10_random_sparse_r04,10,random_sparse,4,18,13,L18H13,1.0,8,8,False,False,-9.079368591308594,-9.079368591308594,0.0,-8.8125,-8.8125,0.0,0.5351650223975276,0.5351650223975276,0.0,0.2324192161348764,0.2324192161348764,0.0,8.222142891981992,8.222142891981992,0.0,0.7768747430259927,0.7768747430259927,0.5542964025895183,0.5542964025895183,0.9857105088726712,0.9857105088726712,0.0,0.0,0.0,0.0,0.0,False,0,3.313315393250921e-05,3.313315393250921e-05,0.0,1.0650634879337852e-06,1.0650634879337852e-06,0.0,3.2806265007010514e-06,3.2806265007010514e-06,0.0,1.2068750437701273e-06,1.2068750437701273e-06,0.0,1.2068750437701273e-06,1.2068750437701273e-06,0.0,1.2189006152938866e-05,1.2189006152938866e-05,0.0,0.00037918886688446236,0.00037918886688446236,0.0,0.7768747430259927,0.7768747430259927,0.0,0.22257834043647443,0.22257834043647443,0.0,0.00011564607048683264,0.00011564607048683264,0.0
pccv1_n10_random_sparse_r04,10,random_sparse,4,18,13,L18H13,0.5,8,8,False,False,-9.079368591308594,-9.346687316894531,-0.2673187255859375,-8.8125,-9.1875,-0.375,0.5351650223975276,0.3985877033037802,-0.13657731909374743,0.2324192161348764,0.17310444009932224,-0.059314776035554156,8.222142891981992,8.13201717602102,-0.09012571596097274,0.7768747430259927,0.8663633788425025,0.5542964025895183,0.7335022516044503,0.9857105088726712,0.9843866670174748,-0.001323841855196406,0.17948844270693579,0.12671799777648068,0.08974422135346789,0.006957951978756566,False,1,3.313315393250921e-05,4.7444457240016596e-05,1.4311303307507385e-05,1.0650634879337852e-06,1.623460051071668e-06,5.583965631378827e-07,3.2806265007010514e-06,4.6976374193058585e-06,1.417010918604807e-06,1.2068750437701273e-06,1.623460051071668e-06,4.1658500730154065e-07,1.2068750437701273e-06,1.7281642286402958e-06,5.212891848701685e-07,1.2189006152938866e-05,1.4469741929053723e-05,2.280735776114857e-06,0.00037918886688446236,0.0006152690830850399,0.00023608021620057757,0.7768747430259927,0.8663633788425025,0.08948863581650979,0.22257834043647443,0.13286112723805216,-0.08971721319842227,0.00011564607048683264,8.863791544122693e-05,-2.7008155045605704e-05
pccv1_n10_random_sparse_r04,10,random_sparse,4,18,13,L18H13,1.5,8,8,False,False,-9.079368591308594,-8.537012100219727,0.5423564910888672,-8.8125,-8.0,0.8125,0.5351650223975276,0.68000945324993,0.1448444308524024,0.2324192161348764,0.2953243531884919,0.06290513705361547,8.222142891981992,8.407085138044216,0.1849422460622243,0.7768747430259927,0.5923963197288687,0.5542964025895183,0.18524868038398834,0.9857105088726712,0.9866568152193054,0.0009463063466341737,0.3693047593281903,0.26095622198031565,0.18465237966409515,0.019974934773137068,False,1,3.313315393250921e-05,2.862931374053633e-05,-4.503840191972881e-06,1.0650634879337852e-06,8.64530364140827e-07,-2.0053312379295816e-07,3.2806265007010514e-06,2.5016015552912325e-06,-7.790249454098189e-07,1.2068750437701273e-06,9.202877821941496e-07,-2.8658726157597763e-07,1.2068750437701273e-06,9.202877821941496e-07,-2.8658726157597763e-07,1.2189006152938866e-05,1.1934473547889647e-05,-2.545326050492188e-07,0.00037918886688446236,0.00021154360530270904,-0.0001676452615817533,0.7768747430259927,0.5923963197288687,-0.18447842329712394,0.22257834043647443,0.4071476393448804,0.18456929890840598,0.00011564607048683264,0.00019872682617602295,8.308075568919031e-05
pccv1_n10_random_sparse_r05,10,random_sparse,5,18,13,L18H13,1.0,8,8,False,False,-11.0049467086792,-11.0049467086792,0.0,-10.9375,-10.9375,0.0,0.22376301532376464,0.22376301532376464,0.0,0.09717904280914376,0.09717904280914376,0.0,7.956984821546006,7.956984821546006,0.0,0.9476011420065549,0.9476011420065549,0.9004228591640085,0.9004228591640085,0.9864676948033093,0.9864676948033093,0.0,0.0,0.0,0.0,0.0,False,0,7.092967948286547e-05,7.092967948286547e-05,0.0,2.2800308108889123e-06,2.2800308108889123e-06,0.0,4.001578692663551e-06,4.001578692663551e-06,0.0,1.2204125489037109e-06,1.2204125489037109e-06,0.0,2.5836133863034726e-06,2.5836133863034726e-06,0.0,0.00015015813264355788,0.00015015813264355788,0.0,0.0471782828425463,0.0471782828425463,0.0,0.9476011420065549,0.9476011420065549,0.0,0.004972554427764689,0.004972554427764689,0.0,1.6847275568948516e-05,1.6847275568948516e-05,0.0
pccv1_n10_random_sparse_r05,10,random_sparse,5,18,13,L18H13,0.5,8,8,False,False,-11.0049467086792,-11.207418441772461,-0.20247173309326172,-10.9375,-11.0625,-0.125,0.22376301532376464,0.38513961109844447,0.16137659577467983,0.09717904280914376,0.16726400786241882,0.07008496505327506,7.956984821546006,7.882323491318168,-0.07466133022783783,0.9476011420065549,0.8783076498614334,0.9004228591640085,0.7594416352985527,0.9864676948033093,0.9849539304096879,-0.0015137643936213863,0.14360425590551776,0.09973466337208971,0.07180212795275888,0.008876557876112311,False,1,7.092967948286547e-05,0.00011538244387682423,4.445276439395876e-05,2.2800308108889123e-06,3.2731479894170735e-06,9.931171785281612e-07,4.001578692663551e-06,5.396508712301287e-06,1.394930019637736e-06,1.2204125489037109e-06,1.7519898685694437e-06,5.315773196657329e-07,2.5836133863034726e-06,4.202805210991901e-06,1.6191918246884282e-06,0.00015015813264355788,0.0002155627843315272,6.540465168796932e-05,0.0471782828425463,0.11886601456288075,0.07168773172033445,0.9476011420065549,0.8783076498614334,-0.06929349214512148,0.004972554427764689,0.0024669854279381408,-0.002505568999826548,1.6847275568948516e-05,1.3780467758077308e-05,-3.0668078108712083e-06
pccv1_n10_random_sparse_r05,10,random_sparse,5,18,13,L18H13,1.5,8,8,False,False,-11.0049467086792,-10.724392890930176,0.28055381774902344,-10.9375,-10.6875,0.25,0.22376301532376464,0.13160054395903825,-0.09216247136472638,0.09717904280914376,0.05715339005687663,-0.04002565275226713,7.956984821546006,7.9921706248817905,0.035185803335784804,0.9476011420065549,0.9756069578781067,0.9004228591640085,0.9598377400942669,0.9864676948033093,0.9878770749178898,0.0014093801145804719,0.06295867973427315,0.042224223760012954,0.03147933986713657,0.004431776448157555,False,1,7.092967948286547e-05,4.160894121373284e-05,-2.9320738269132626e-05,2.2800308108889123e-06,1.256481151627801e-06,-1.0235496592611113e-06,4.001578692663551e-06,2.3474158321184224e-06,-1.654162860545129e-06,1.2204125489037109e-06,8.635660245167216e-07,-3.5684652438698925e-07,2.5836133863034726e-06,1.7174061104146243e-06,-8.662072758888483e-07,0.00015015813264355788,0.00011310482880271063,-3.705330384084724e-05,0.0471782828425463,0.01576921778383975,-0.03140906505870655,0.9476011420065549,0.9756069578781067,0.02800581587155182,0.004972554427764689,0.00844065403760513,0.003468099609840441,1.6847275568948516e-05,2.227166131322533e-05,5.424385744276813e-06
pccv1_n10_row_r00,10,row,0,18,13,L18H13,1.0,7,7,False,False,-12.296069145202637,-12.296069145202637,0.0,-11.9375,-11.9375,0.0,0.6108984375548312,0.6108984375548312,0.0,0.2653098204333814,0.2653098204333814,0.0,7.294132510875454,7.294132510875454,0.0,0.7053803717910876,0.7053803717910876,0.4113340853646777,0.4113340853646777,0.9904946175798486,0.9904946175798486,0.0,0.0,0.0,0.0,0.0,False,0,0.00010500337271674052,0.00010500337271674052,0.0,6.646414682231883e-07,6.646414682231883e-07,0.0,3.7870129319751633e-07,3.7870129319751633e-07,0.0,1.0192607032313163e-07,1.0192607032313163e-07,0.0,2.770637848056075e-07,2.770637848056075e-07,0.0,7.216769230510824e-05,7.216769230510824e-05,0.0,0.7053803717910876,0.7053803717910876,0.0,0.2940462864264099,0.2940462864264099,0.0,0.0003901348586467184,0.0003901348586467184,0.0,4.613526217289338e-06,4.613526217289338e-06,0.0
pccv1_n10_row_r00,10,row,0,18,13,L18H13,0.5,7,7,False,False,-12.296069145202637,-12.562999725341797,-0.26693058013916016,-11.9375,-12.375,-0.4375,0.6108984375548312,0.4516911834859324,-0.1592072540688988,0.2653098204333814,0.19616698851228964,-0.06914283192109177,7.294132510875454,7.164094954770229,-0.1300375561052256,0.7053803717910876,0.8350682203052799,0.4113340853646777,0.6706335381351822,0.9904946175798486,0.9922725836496511,0.0017779660698025168,0.2595411737606774,0.1833524938846367,0.1297705868803387,0.012036255055226737,False,1,0.00010500337271674052,0.000109702120979926,4.698748263185477e-06,6.646414682231883e-07,7.868392575213401e-07,1.2219778929815178e-07,3.7870129319751633e-07,3.95647625468939e-07,1.6946332271422693e-08,1.0192607032313163e-07,1.0648711377833658e-07,4.56104345520495e-09,2.770637848056075e-07,3.95647625468939e-07,1.1858384066333151e-07,7.216769230510824e-05,0.0001499450211826008,7.777732887749257e-05,0.7053803717910876,0.8350682203052799,0.12968784851419235,0.2940462864264099,0.16443468217009766,-0.12961160425631224,0.0003901348586467184,0.000232239391936949,-0.00015789546670976937,4.613526217289338e-06,3.526368900546308e-06,-1.0871573167430297e-06
pccv1_n10_row_r00,10,row,0,18,13,L18H13,1.5,7,7,False,False,-12.296069145202637,-11.830425262451172,0.46564388275146484,-11.9375,-11.1875,0.75,0.6108984375548312,0.6985211024763076,0.08762266492147641,0.2653098204333814,0.30336386029843626,0.038054039865054845,7.294132510875454,7.469416008854997,0.17528349797954235,0.7053803717910876,0.5307124516918356,0.4113340853646777,0.062360356910713954,0.9904946175798486,0.9906532534864425,0.00015863590659392912,0.34943261022238237,0.24676216198462783,0.17471630511119118,0.01628064266349538,False,1,0.00010500337271674052,8.409739835051739e-05,-2.090597436622314e-05,6.646414682231883e-07,4.6976422048673234e-07,-1.94877247736456e-07,3.7870129319751633e-07,3.033025767258061e-07,-7.539871647171021e-08,1.0192607032313163e-07,1.0481856574920688e-07,2.892495426075247e-09,2.770637848056075e-07,2.219009054323877e-07,-5.51628793732198e-08,7.216769230510824e-05,4.5014093575828516e-05,-2.715359872927972e-05,0.7053803717910876,0.5307124516918356,-0.17466792009925203,0.2940462864264099,0.4683520947811216,0.1743058083547117,0.0003901348586467184,0.0007978939000747222,0.00040775904142800377,4.613526217289338e-06,7.348348773436561e-06,2.7348225561472234e-06
pccv1_n10_row_r01,10,row,1,18,13,L18H13,1.0,8,8,False,False,-11.281494140625,-11.281494140625,0.0,-11.1875,-11.1875,0.0,0.2670013290057914,0.2670013290057914,0.0,0.11595720384804983,0.11595720384804983,0.0,7.93375650616607,7.93375650616607,0.0,0.9297966569421072,0.9297966569421072,0.8624424130219617,0.8624424130219617,0.9790180784247866,0.9790180784247866,0.0,0.0,0.0,0.0,0.0,False,0,0.00021437379411246712,0.00021437379411246712,0.0,6.409660374086802e-07,6.409660374086802e-07,0.0,6.409660374086802e-07,6.409660374086802e-07,0.0,3.6521143935130427e-07,3.6521143935130427e-07,0.0,2.8442695495343064e-07,2.8442695495343064e-07,0.0,8.312174046591585e-06,8.312174046591585e-06,0.0,0.0673542439201455,0.0673542439201455,0.0,0.9297966569421072,0.9297966569421072,0.0,0.0026116074521082204,0.0026116074521082204,0.0,1.2874147010881334e-05,1.2874147010881334e-05,0.0
pccv1_n10_row_r01,10,row,1,18,13,L18H13,0.5,8,8,False,False,-11.281494140625,-11.637873649597168,-0.35637950897216797,-11.1875,-11.4375,-0.25,0.2670013290057914,0.45955797590195774,0.19255664689616636,0.11595720384804983,0.19958349304884782,0.08362628920079798,7.93375650616607,7.835536937846476,-0.09821956831959344,0.9297966569421072,0.8340816675497746,0.8624424130219617,0.6698412491354409,0.9790180784247866,0.981228846686065,0.0022107682612784174,0.19381915227210972,0.13619731276571717,0.09690957613605486,0.011840392243344168,False,1,0.00021437379411246712,0.00023196502344048232,1.7591229328015197e-05,6.409660374086802e-07,6.935628606454321e-07,5.25968232367519e-08,6.409660374086802e-07,6.935628606454321e-07,5.25968232367519e-08,3.6521143935130427e-07,3.077666537835493e-07,-5.744478556775497e-08,2.8442695495343064e-07,3.712374475567913e-07,8.681049260336069e-08,8.312174046591585e-06,1.393058244604549e-05,5.6184083994539046e-06,0.0673542439201455,0.1642404184143338,0.09688617449418829,0.9297966569421072,0.8340816675497746,-0.09571498939233258,0.0026116074521082204,0.0014209580401538175,-0.0011906494119544029,1.2874147010881334e-05,8.99426002857153e-06,-3.879886982309804e-06
pccv1_n10_row_r01,10,row,1,18,13,L18H13,1.5,8,8,False,False,-11.281494140625,-11.058874130249023,0.22262001037597656,-11.1875,-11.0,0.1875,0.2670013290057914,0.17238596057962494,-0.09461536842616644,0.11595720384804983,0.07486627143732259,-0.04109093241072724,7.93375650616607,7.9697897340995745,0.03603322793350472,0.9297966569421072,0.9629198418070049,0.8624424130219617,0.929970536735402,0.9790180784247866,0.9791319840060169,0.00011390558123025585,0.06890027881364126,0.04777655198973557,0.03445013940682063,0.0032247818071396905,False,1,0.00021437379411246712,0.00017290208460347638,-4.147170950899074e-05,6.409660374086802e-07,4.856463714556034e-07,-1.553196659530768e-07,6.409660374086802e-07,5.503094345524343e-07,-9.065660285624586e-08,3.6521143935130427e-07,4.856463714556034e-07,1.204349321042991e-07,2.8442695495343064e-07,2.0887390160934794e-07,-7.55530533440827e-08,8.312174046591585e-06,4.904854599804184e-06,-3.407319446787401e-06,0.0673542439201455,0.03294930507160283,-0.03440493884854266,0.9297966569421072,0.9629198418070049,0.033123184864897626,0.0026116074521082204,0.003935233307027205,0.0013236258549189843,1.2874147010881334e-05,1.608239908285128e-05,3.2082520719699448e-06
pccv1_n10_row_r02,10,row,2,18,13,L18H13,1.0,7,7,False,False,-12.522749900817871,-12.522749900817871,0.0,-12.125,-12.125,0.0,0.6327122176646289,0.6327122176646289,0.0,0.2747834247645175,0.2747834247645175,0.0,7.320735904480747,7.320735904480747,0.0,0.6787670725562664,0.6787670725562664,0.35814021037875265,0.35814021037875265,0.9897795417743538,0.9897795417743538,0.0,0.0,0.0,0.0,0.0,False,0,0.00011449524604232739,0.00011449524604232739,0.0,4.679159013656995e-07,4.679159013656995e-07,0.0,3.2159358238445934e-07,3.2159358238445934e-07,0.0,9.213810399260034e-08,9.213810399260034e-08,0.0,3.2159358238445934e-07,3.2159358238445934e-07,0.0,6.128488895524942e-05,6.128488895524942e-05,0.0,0.6787670725562664,0.6787670725562664,0.0,0.3206268621775138,0.3206268621775138,0.0,0.0004254014463987135,0.0004254014463987135,0.0,3.6804436532083292e-06,3.6804436532083292e-06,0.0
pccv1_n10_row_r02,10,row,2,18,13,L18H13,0.5,7,7,False,False,-12.522749900817871,-13.00043773651123,-0.4776878356933594,-12.125,-12.8125,-0.6875,0.6327122176646289,0.4511064408385762,-0.18160577682605272,0.2747834247645175,0.19591303800720936,-0.07887038675730815,7.320735904480747,7.163946361897082,-0.15678954258366495,0.6787670725562664,0.8351277376753724,0.35814021037875265,0.6706813358402262,0.9897795417743538,0.9922632411651193,0.002483699390765537,0.31285276832807624,0.22100012841233677,0.15642638416403812,0.016872772344804148,False,1,0.00011449524604232739,0.00012431764848028256,9.822402437955168e-06,4.679159013656995e-07,6.128347050358717e-07,1.449188036701722e-07,3.2159358238445934e-07,3.9567582425028246e-07,7.408224186582312e-08,9.213810399260034e-08,1.1336302164931546e-07,2.1224917656715123e-08,3.2159358238445934e-07,4.772761481752703e-07,1.55682565790811e-07,6.128488895524942e-05,0.00011678562292063127,5.5500733965381847e-05,0.6787670725562664,0.8351277376753724,0.15636066511910596,0.3206268621775138,0.1644464018351463,-0.1561804603423675,0.0004254014463987135,0.00018088111122433457,-0.00024452033517437894,3.6804436532083292e-06,2.2769571570614487e-06,-1.4034864961468805e-06
pccv1_n10_row_r02,10,row,2,18,13,L18H13,1.5,7,8,False,False,-12.522749900817871,-12.151488304138184,0.3712615966796875,-12.125,-11.5625,0.5625,0.6327122176646289,0.6923337226393351,0.059621504974706196,0.2747834247645175,0.30067671537779966,0.02589329061328216,7.320735904480747,7.562583987241144,0.24184808276039682,0.6787670725562664,0.5616823368855192,0.35814021037875265,0.12424369308170019,0.9897795417743538,0.9879046750551055,-0.0018748667192483026,0.48275393422468493,0.341097135590532,0.24137696711234247,0.029848386772719844,True,1,0.00011449524604232739,9.47452520304835e-05,-1.9749994011843895e-05,4.679159013656995e-07,3.6374279516859145e-07,-1.0417310619710806e-07,3.2159358238445934e-07,2.6611991386207853e-07,-5.547366852238081e-08,9.213810399260034e-08,9.196858130731536e-08,-1.6952268528498556e-10,3.2159358238445934e-07,2.3484999969936364e-07,-8.67435826850957e-08,6.128488895524942e-05,3.274308295230991e-05,-2.854180600293951e-05,0.6787670725562664,0.43743864380381897,-0.24132842875244748,0.3206268621775138,0.5616823368855192,0.24105547470800537,0.0004254014463987135,0.000745229133033217,0.00031982768663450345,3.6804436532083292e-06,5.3451613558723e-06,1.6647177026639705e-06
pccv1_n10_row_r03,10,row,3,18,13,L18H13,1.0,7,7,False,False,-12.66877555847168,-12.66877555847168,0.0,-12.375,-12.375,0.0,0.5602970315222594,0.5602970315222594,0.0,0.2433339090168896,0.2433339090168896,0.0,7.244669180439058,7.244669180439058,0.0,0.7546373477099,0.7546373477099,0.50964247081512,0.50964247081512,0.9878176050655938,0.9878176050655938,0.0,0.0,0.0,0.0,0.0,False,0,0.0001195808340999467,0.0001195808340999467,0.0,2.9641125281282153e-07,2.9641125281282153e-07,0.0,2.6158201249853446e-07,2.6158201249853446e-07,0.0,8.761899897096915e-08,8.761899897096915e-08,0.0,2.3084531580180158e-07,2.3084531580180158e-07,0.0,3.426048258217732e-05,3.426048258217732e-05,0.0,0.7546373477099,0.7546373477099,0.0,0.24499487689477992,0.24499487689477992,0.0,0.00020987089977030828,0.00020987089977030828,0.0,3.1867212874920564e-06,3.1867212874920564e-06,0.0
pccv1_n10_row_r03,10,row,3,18,13,L18H13,0.5,7,7,False,False,-12.66877555847168,-13.261430740356445,-0.5926551818847656,-12.375,-13.125,-0.75,0.5602970315222594,0.3677807533278795,-0.1925162781943799,0.2433339090168896,0.15972515172051907,-0.08360875729637052,7.244669180439058,7.118791545590072,-0.12587763484898673,0.7546373477099,0.8805830482004409,0.50964247081512,0.7614090919588744,0.9878176050655938,0.9907828249007196,0.0029652198351257653,0.2519193400973043,0.17802594257490756,0.12595967004865216,0.01353384027994021,False,1,0.0001195808340999467,9.00927343785591e-05,-2.94880997213876e-05,2.9641125281282153e-07,2.867454248851242e-07,-9.665827927697334e-09,2.6158201249853446e-07,2.377203067347787e-07,-2.386170576375576e-08,8.761899897096915e-08,7.250059732681509e-08,-1.5118401644154053e-08,2.3084531580180158e-07,2.377203067347787e-07,6.8749909329771226e-09,3.426048258217732e-05,4.822316570264949e-05,1.3962683120472169e-05,0.7546373477099,0.8805830482004409,0.12594570049054088,0.24499487689477992,0.11917395624156644,-0.12582092065321349,0.00020987089977030828,0.00010208844259362472,-0.00010778245717668356,3.1867212874920564e-06,1.7565286823182818e-06,-1.4301926051737746e-06
pccv1_n10_row_r03,10,row,3,18,13,L18H13,1.5,7,7,False,False,-12.66877555847168,-12.14598560333252,0.5227899551391602,-12.375,-11.4375,0.9375,0.5602970315222594,0.6987357150619357,0.13843868353967625,0.2433339090168896,0.3034570653601215,0.060123156343231926,7.244669180439058,7.499904169074751,0.25523498863569305,0.7546373477099,0.49966284255033167,0.50964247081512,0.0,0.9878176050655938,0.9854432012547818,-0.002374403810811998,0.5099751422147537,0.36037184296813873,0.25498757110737685,0.03530228776712696,False,1,0.0001195808340999467,0.0001305411933819499,1.0960359282003213e-05,2.9641125281282153e-07,2.520037867122864e-07,-4.440746610053511e-08,2.6158201249853446e-07,2.3673564911598293e-07,-2.4846363382551528e-08,8.761899897096915e-08,1.0181873393323054e-07,1.41997349622614e-08,2.3084531580180158e-07,1.8436990891244481e-07,-4.647540688935676e-08,3.426048258217732e-05,2.1310264009987697e-05,-1.295021857218962e-05,0.7546373477099,0.49966284255033167,-0.2549745051595683,0.24499487689477992,0.49966284255033167,0.2546679656555517,0.00020987089977030828,0.0005163004353272237,0.00030642953555691543,3.1867212874920564e-06,5.3880785387777245e-06,2.201357251285668e-06
pccv1_n10_row_r04,10,row,4,18,13,L18H13,1.0,7,7,False,False,-12.921378135681152,-12.921378135681152,0.0,-12.75,-12.75,0.0,0.42238682874498396,0.42238682874498396,0.0,0.18344026895256035,0.18344026895256035,0.0,7.147418659021815,7.147418659021815,0.0,0.851682310799469,0.851682310799469,0.7036821170848576,0.7036821170848576,0.989222275065714,0.989222275065714,0.0,0.0,0.0,0.0,0.0,False,0,0.00013495870754692897,0.00013495870754692897,0.0,6.24982807032508e-07,6.24982807032508e-07,0.0,3.790712342584805e-07,3.790712342584805e-07,0.0,8.458222520775773e-08,8.458222520775773e-08,0.0,2.0290221035965108e-07,2.0290221035965108e-07,0.0,4.3814677396604424e-05,4.3814677396604424e-05,0.0,0.851682310799469,0.851682310799469,0.0,0.14800019371461134,0.14800019371461134,0.0,0.00013495870754692897,0.00013495870754692897,0.0,2.4718549523198355e-06,2.4718549523198355e-06,0.0
pccv1_n10_row_r04,10,row,4,18,13,L18H13,0.5,7,7,False,False,-12.921378135681152,-13.337865829467773,-0.4164876937866211,-12.75,-13.25,-0.5,0.42238682874498396,0.27145787087838474,-0.1509289578665992,0.18344026895256035,0.11789265539168792,-0.06554761356087244,7.147418659021815,7.0750782996921595,-0.07234035932965543,0.851682310799469,0.9238713357417584,0.7036821170848576,0.8480353584187366,0.989222275065714,0.9913544516742263,0.0021321766085122817,0.14445281429108,0.1020731816569129,0.07222640714554,0.006662653037912093,False,1,0.00013495870754692897,0.00013752807717470214,2.569369627773168e-06,6.24982807032508e-07,7.216811153782868e-07,9.669830834577882e-08,3.790712342584805e-07,4.377217230125414e-07,5.86504887540609e-08,8.458222520775773e-08,9.766891815623501e-08,1.3086692948477277e-08,2.0290221035965108e-07,3.008414473204313e-07,9.79392369607802e-08,4.3814677396604424e-05,7.836113629241417e-05,3.454645889580974e-05,0.851682310799469,0.9238713357417584,0.0721890249422894,0.14800019371461134,0.07583597732302179,-0.07216421639158956,0.00013495870754692897,7.361347505000099e-05,-6.134523249692798e-05,2.4718549523198355e-06,1.6263334987797986e-06,-8.455214535400369e-07
pccv1_n10_row_r04,10,row,4,18,13,L18H13,1.5,7,7,False,False,-12.921378135681152,-12.573908805847168,0.3474693298339844,-12.75,-12.25,0.5,0.42238682874498396,0.5858657534256423,0.16347892468065833,0.18344026895256035,0.2544382638488476,0.07099799489628725,7.147418659021815,7.268681149006032,0.1212624899842174,0.851682310799469,0.7307648260024316,0.7036821170848576,0.4619314701849108,0.989222275065714,0.9898071691929289,0.0005848941272148522,0.2419203720628097,0.17094358139671978,0.12096018603140485,0.011207872748223708,False,1,0.00013495870754692897,0.00010878211878532864,-2.6176588761600333e-05,6.24982807032508e-07,5.037611517564172e-07,-1.212216552760908e-07,3.790712342584805e-07,3.252526453031484e-07,-5.381858895533209e-08,8.458222520775773e-08,8.754056189785074e-08,2.958336690093009e-09,2.0290221035965108e-07,1.635473008770049e-07,-3.935490948264619e-08,4.3814677396604424e-05,2.750442694446641e-05,-1.6310250452138014e-05,0.851682310799469,0.7307648260024316,-0.12091748479703734,0.14800019371461134,0.2688333558175208,0.12083316210290948,0.00013495870754692897,0.000260954737179519,0.00012599602963259005,2.4718549523198355e-06,3.4967954784603646e-06,1.024940526140529e-06
pccv1_n10_row_r05,10,row,5,18,13,L18H13,1.0,8,8,False,False,-12.09277629852295,-12.09277629852295,0.0,-11.5,-11.5,0.0,0.6934194009258366,0.6934194009258366,0.0,0.30114821946674947,0.30114821946674947,0.0,7.562334355148248,7.562334355148248,0.0,0.5615958590563997,0.5615958590563997,0.12422456425361728,0.12422456425361728,0.9843210932066313,0.9843210932066313,0.0,0.0,0.0,0.0,0.0,False,0,0.00015618446211961798,0.00015618446211961798,0.0,5.291611607557697e-07,5.291611607557697e-07,0.0,3.015069409133165e-07,3.015069409133165e-07,0.0,1.256867923362138e-07,1.256867923362138e-07,0.0,1.9466751210846433e-07,1.9466751210846433e-07,0.0,2.549641255606289e-05,2.549641255606289e-05,0.0,0.4373712948027825,0.4373712948027825,0.0,0.5615958590563997,0.5615958590563997,0.0,0.0008443252251193001,0.0008443252251193001,0.0,5.68901861684475e-06,5.68901861684475e-06,0.0
pccv1_n10_row_r05,10,row,5,18,13,L18H13,0.5,8,7,False,False,-12.09277629852295,-12.58975887298584,-0.4969825744628906,-11.5,-12.1875,-0.6875,0.6934194009258366,0.632962303770025,-0.0604570971558116,0.30114821946674947,0.2748920357800917,-0.026256183686657775,7.562334355148248,7.320430860069419,-0.24190349507882836,0.5615958590563997,0.6787448469191641,0.12422456425361728,0.35812848338923087,0.9843210932066313,0.9853597705901649,0.0010386773835335816,0.48280138503814685,0.3410754825895972,0.24140069251907342,0.02985723906996065,True,1,0.00015618446211961798,0.00016658414517470527,1.0399683055087284e-05,5.291611607557697e-07,6.007962370317847e-07,7.163507627601506e-08,3.015069409133165e-07,3.215830520824669e-07,2.0076111169150395e-08,1.256867923362138e-07,9.807728959466355e-08,-2.7609502741550267e-08,1.9466751210846433e-07,2.2102058393715834e-07,2.6353071828694013e-08,2.549641255606289e-05,4.2119067933451685e-05,1.6622655377388794e-05,0.4373712948027825,0.6787448469191641,0.24137355211638167,0.5615958590563997,0.3206163635299333,-0.24097949552646647,0.0008443252251193001,0.0004253875169985515,-0.0004189377081207486,5.68901861684475e-06,3.457343633357281e-06,-2.231674983487469e-06
pccv1_n10_row_r05,10,row,5,18,13,L18H13,1.5,8,8,False,False,-12.09277629852295,-11.799063682556152,0.2937126159667969,-11.5,-11.5,0.0,0.6934194009258366,0.5696654538572135,-0.1237539470686232,0.30114821946674947,0.2474025631410993,-0.053745656325650176,7.562334355148248,7.7560471588906355,0.19371280374238786,0.5615958590563997,0.7535536838046911,0.12422456425361728,0.5089106210705244,0.9843210932066313,0.9840200467251208,-0.00030104648151052515,0.38552767212860123,0.27201585447994564,0.19276383606430061,0.02090037954489978,False,1,0.00015618446211961798,0.0001353082542633635,-2.0876207856254474e-05,5.291611607557697e-07,3.5702678944207053e-07,-1.7213437131369915e-07,3.015069409133165e-07,2.1654769413538248e-07,-8.495924677793404e-08,1.256867923362138e-07,1.2338515685342617e-07,-2.3016354827876463e-09,1.9466751210846433e-07,1.159096281053982e-07,-7.875788400306613e-08,2.549641255606289e-05,1.1106777865010341e-05,-1.438963469105255e-05,0.4373712948027825,0.2446430627341667,-0.19272823206861578,0.5615958590563997,0.7535536838046911,0.19195782474829137,0.0008443252251193001,0.001648391990396756,0.000804066765277456,5.68901861684475e-06,7.633569348534492e-06,1.9445507316897424e-06
